[Wed Sep 02 18:08:59 UTC 2026][INFO] [Action] EE NewBook
[Wed Sep 02 18:09:27 UTC 2026][INFO] [Action] E AutoChapterGroupAction - 0
[Wed Sep 02 18:10:29 UTC 2026][INFO] [Action] E RemoveSectionBreak - 1,0
[Wed Sep 02 18:10:29 UTC 2026][INFO] [Action] EFail RemoveSectionBreak - 4
[Wed Sep 02 18:10:31 UTC 2026][INFO] [Action] E RemoveSectionBreak - 1,0
[Wed Sep 02 18:10:31 UTC 2026][INFO] [Action] EFail RemoveSectionBreak - 4
[Wed Sep 02 18:10:41 UTC 2026][INFO] [Action] E DeleteContent - (r,10,10),F
[Wed Sep 02 18:10:45 UTC 2026][INFO] [Action] U DeleteContent
[Wed Sep 02 18:10:53 UTC 2026][INFO] [Action] E UpdateStyle - (r,1,17),16:22.000000:2,(r,1,17),F
[Wed Sep 02 18:11:04 UTC 2026][INFO] [Action] E UpdateStyle - (c,1,1),47:1.750000:2,(r,1,1),F
[Wed Sep 02 18:11:05 UTC 2026][INFO] [Action] E UpdateStyle - (c,1,1),47:1.500000:2,(r,1,1),F
[Wed Sep 02 18:11:06 UTC 2026][INFO] [Action] E UpdateStyle - (c,1,1),47:1.250000:2,(r,1,1),F
[Wed Sep 02 18:11:06 UTC 2026][INFO] [Action] E UpdateStyle - (c,1,1),47:1.000000:2,(r,1,1),F
[Wed Sep 02 18:11:07 UTC 2026][INFO] [Action] E UpdateStyle - (c,1,1),47:0.750000:2,(r,1,1),F
[Wed Sep 02 18:11:07 UTC 2026][INFO] [Action] E UpdateStyle - (c,1,1),47:0.500000:2,(r,1,1),F
[Wed Sep 02 18:11:08 UTC 2026][INFO] [Action] E UpdateStyle - (c,1,1),47:0.250000:2,(r,1,1),F
[Wed Sep 02 18:11:08 UTC 2026][INFO] [Action] E UpdateStyle - (c,1,1),47:0.000000:2,(r,1,1),F
[Wed Sep 02 18:11:36 UTC 2026][INFO] [Action] E DeleteContent - (c,626,2),B
[Wed Sep 02 18:11:36 UTC 2026][INFO] [Action] E DeleteContent - (c,625,2),B
[Wed Sep 02 18:11:37 UTC 2026][INFO] [Action] E DeleteContent - (c,624,2),B
[Wed Sep 02 18:11:37 UTC 2026][INFO] [Action] E DeleteContent - (c,623,2),B
[Wed Sep 02 18:11:37 UTC 2026][INFO] [Action] E DeleteContent - (c,622,2),B
[Wed Sep 02 18:11:37 UTC 2026][INFO] [Action] E DeleteContent - (c,621,2),B
[Wed Sep 02 18:11:37 UTC 2026][INFO] [Action] E DeleteContent - (c,620,2),B
[Wed Sep 02 18:11:37 UTC 2026][INFO] [Action] E DeleteContent - (c,619,2),B
[Wed Sep 02 18:11:38 UTC 2026][INFO] [Action] E DeleteContent - (c,618,2),B
[Wed Sep 02 18:11:38 UTC 2026][INFO] [Action] E DeleteContent - (c,617,2),B
[Wed Sep 02 18:11:38 UTC 2026][INFO] [Action] E DeleteContent - (c,616,2),B
[Wed Sep 02 18:11:38 UTC 2026][INFO] [Action] E DeleteContent - (c,615,2),B
[Wed Sep 02 18:11:38 UTC 2026][INFO] [Action] E DeleteContent - (c,614,2),B
[Wed Sep 02 18:11:38 UTC 2026][INFO] [Action] E DeleteContent - (c,613,2),B
[Wed Sep 02 18:11:38 UTC 2026][INFO] [Action] E DeleteContent - (c,612,2),B
[Wed Sep 02 18:11:38 UTC 2026][INFO] [Action] E DeleteContent - (c,611,2),B
[Wed Sep 02 18:11:38 UTC 2026][INFO] [Action] E DeleteContent - (c,610,2),B
[Wed Sep 02 18:11:38 UTC 2026][INFO] [Action] E DeleteContent - (c,609,2),B
[Wed Sep 02 18:11:38 UTC 2026][INFO] [Action] E DeleteContent - (c,608,2),B
[Wed Sep 02 18:11:39 UTC 2026][INFO] [Action] E DeleteContent - (c,607,2),B
[Wed Sep 02 18:11:39 UTC 2026][INFO] [Action] E DeleteContent - (c,606,2),B
[Wed Sep 02 18:11:39 UTC 2026][INFO] [Action] E DeleteContent - (c,605,2),B
[Wed Sep 02 18:11:39 UTC 2026][INFO] [Action] E DeleteContent - (c,604,2),B
[Wed Sep 02 18:11:39 UTC 2026][INFO] [Action] E DeleteContent - (c,603,2),B
[Wed Sep 02 18:11:39 UTC 2026][INFO] [Action] E DeleteContent - (c,602,2),B
[Wed Sep 02 18:11:40 UTC 2026][INFO] [Action] E DeleteContent - (c,601,2),B
[Wed Sep 02 18:11:40 UTC 2026][INFO] [Action] E DeleteContent - (c,600,2),B
[Wed Sep 02 18:11:40 UTC 2026][INFO] [Action] E DeleteContent - (c,599,2),B
[Wed Sep 02 18:11:40 UTC 2026][INFO] [Action] E DeleteContent - (c,598,2),B
[Wed Sep 02 18:11:41 UTC 2026][INFO] [Action] E DeleteContent - (c,597,2),B
[Wed Sep 02 18:11:41 UTC 2026][INFO] [Action] E DeleteContent - (c,596,2),B
[Wed Sep 02 18:11:41 UTC 2026][INFO] [Action] E DeleteContent - (c,595,2),B
[Wed Sep 02 18:11:41 UTC 2026][INFO] [Action] E DeleteContent - (c,594,2),B
[Wed Sep 02 18:11:41 UTC 2026][INFO] [Action] E DeleteContent - (c,593,2),B
[Wed Sep 02 18:11:41 UTC 2026][INFO] [Action] E DeleteContent - (c,592,2),B
[Wed Sep 02 18:11:42 UTC 2026][INFO] [Action] E DeleteContent - (c,591,2),B
[Wed Sep 02 18:11:42 UTC 2026][INFO] [Action] E DeleteContent - (c,590,2),B
[Wed Sep 02 18:11:42 UTC 2026][INFO] [Action] E DeleteContent - (c,589,2),B
[Wed Sep 02 18:11:42 UTC 2026][INFO] [Action] E DeleteContent - (c,588,2),B
[Wed Sep 02 18:11:42 UTC 2026][INFO] [Action] E DeleteContent - (c,587,2),B
[Wed Sep 02 18:11:43 UTC 2026][INFO] [Action] E DeleteContent - (c,586,2),B
[Wed Sep 02 18:11:43 UTC 2026][INFO] [Action] E DeleteContent - (c,585,2),B
[Wed Sep 02 18:11:43 UTC 2026][INFO] [Action] E DeleteContent - (c,584,2),B
[Wed Sep 02 18:11:43 UTC 2026][INFO] [Action] E DeleteContent - (c,583,2),B
[Wed Sep 02 18:11:43 UTC 2026][INFO] [Action] E DeleteContent - (c,582,2),B
[Wed Sep 02 18:11:44 UTC 2026][INFO] [Action] E DeleteContent - (c,581,2),B
[Wed Sep 02 18:11:45 UTC 2026][INFO] [Action] E DeleteContent - (c,580,2),B
[Wed Sep 02 18:11:45 UTC 2026][INFO] [Action] E DeleteContent - (c,579,2),B
[Wed Sep 02 18:12:10 UTC 2026][INFO] [Action] E DeleteContent - (c,342,2),B
[Wed Sep 02 18:12:10 UTC 2026][INFO] [Action] E DeleteContent - (c,341,2),B
[Wed Sep 02 18:12:10 UTC 2026][INFO] [Action] E DeleteContent - (c,340,2),B
[Wed Sep 02 18:12:10 UTC 2026][INFO] [Action] E DeleteContent - (c,339,2),B
[Wed Sep 02 18:12:11 UTC 2026][INFO] [Action] E DeleteContent - (c,338,2),B
[Wed Sep 02 18:12:11 UTC 2026][INFO] [Action] E DeleteContent - (c,337,2),B
[Wed Sep 02 18:12:11 UTC 2026][INFO] [Action] E DeleteContent - (c,336,2),B
[Wed Sep 02 18:12:12 UTC 2026][INFO] [Action] E DeleteContent - (c,335,2),B
[Wed Sep 02 18:12:12 UTC 2026][INFO] [Action] E DeleteContent - (c,334,2),B
[Wed Sep 02 18:12:12 UTC 2026][INFO] [Action] E DeleteContent - (c,333,2),B
[Wed Sep 02 18:12:12 UTC 2026][INFO] [Action] E DeleteContent - (c,332,2),B
[Wed Sep 02 18:12:12 UTC 2026][INFO] [Action] E DeleteContent - (c,331,2),B
[Wed Sep 02 18:12:13 UTC 2026][INFO] [Action] E DeleteContent - (c,330,2),B
[Wed Sep 02 18:12:13 UTC 2026][INFO] [Action] E DeleteContent - (c,329,2),B
[Wed Sep 02 18:12:13 UTC 2026][INFO] [Action] E DeleteContent - (c,328,2),B
[Wed Sep 02 18:12:13 UTC 2026][INFO] [Action] E DeleteContent - (c,327,2),B
[Wed Sep 02 18:12:13 UTC 2026][INFO] [Action] E DeleteContent - (c,326,2),B
[Wed Sep 02 18:12:13 UTC 2026][INFO] [Action] E DeleteContent - (c,325,2),B
[Wed Sep 02 18:12:15 UTC 2026][INFO] [Action] E InsertTextContent - (c,324,2),[a]
[Wed Sep 02 18:12:16 UTC 2026][INFO] [Action] E InsertTextContent - (c,325,2),[l]
[Wed Sep 02 18:12:19 UTC 2026][INFO] [Action] U InsertTextContent
[Wed Sep 02 18:12:20 UTC 2026][INFO] [Action] U InsertTextContent
[Wed Sep 02 18:12:21 UTC 2026][INFO] [Action] U DeleteContent
[Wed Sep 02 18:12:21 UTC 2026][INFO] [Action] U DeleteContent
[Wed Sep 02 18:12:21 UTC 2026][INFO] [Action] U DeleteContent
[Wed Sep 02 18:12:21 UTC 2026][INFO] [Action] U DeleteContent
[Wed Sep 02 18:12:21 UTC 2026][INFO] [Action] U DeleteContent
[Wed Sep 02 18:12:21 UTC 2026][INFO] [Action] U DeleteContent
[Wed Sep 02 18:12:21 UTC 2026][INFO] [Action] U DeleteContent
[Wed Sep 02 18:12:21 UTC 2026][INFO] [Action] U DeleteContent
[Wed Sep 02 18:12:21 UTC 2026][INFO] [Action] U DeleteContent
[Wed Sep 02 18:12:21 UTC 2026][INFO] [Action] U DeleteContent
[Wed Sep 02 18:12:21 UTC 2026][INFO] [Action] U DeleteContent
[Wed Sep 02 18:12:21 UTC 2026][INFO] [Action] U DeleteContent
[Wed Sep 02 18:12:21 UTC 2026][INFO] [Action] U DeleteContent
[Wed Sep 02 18:12:21 UTC 2026][INFO] [Action] U DeleteContent
[Wed Sep 02 18:12:21 UTC 2026][INFO] [Action] U DeleteContent
[Wed Sep 02 18:12:21 UTC 2026][INFO] [Action] U DeleteContent
[Wed Sep 02 18:12:21 UTC 2026][INFO] [Action] U DeleteContent
[Wed Sep 02 18:12:21 UTC 2026][INFO] [Action] U DeleteContent
[Wed Sep 02 18:13:06 UTC 2026][INFO] [Action] E DeleteContent - (c,342,2),B
[Wed Sep 02 18:13:07 UTC 2026][INFO] [Action] E DeleteContent - (c,341,2),B
[Wed Sep 02 18:13:07 UTC 2026][INFO] [Action] E DeleteContent - (c,340,2),B
[Wed Sep 02 18:13:08 UTC 2026][INFO] [Action] E DeleteContent - (c,339,2),B
[Wed Sep 02 18:13:08 UTC 2026][INFO] [Action] E DeleteContent - (c,338,2),B
[Wed Sep 02 18:13:09 UTC 2026][INFO] [Action] E DeleteContent - (c,337,2),B
[Wed Sep 02 18:13:10 UTC 2026][INFO] [Action] E DeleteContent - (c,336,2),B
[Wed Sep 02 18:13:10 UTC 2026][INFO] [Action] E DeleteContent - (c,335,2),B
[Wed Sep 02 18:13:11 UTC 2026][INFO] [Action] E DeleteContent - (c,334,2),B
[Wed Sep 02 18:13:11 UTC 2026][INFO] [Action] E DeleteContent - (c,333,2),B
[Wed Sep 02 18:13:12 UTC 2026][INFO] [Action] E DeleteContent - (c,332,2),B
[Wed Sep 02 18:13:12 UTC 2026][INFO] [Action] E DeleteContent - (c,331,2),B
[Wed Sep 02 18:13:13 UTC 2026][INFO] [Action] E DeleteContent - (c,330,2),B
[Wed Sep 02 18:13:13 UTC 2026][INFO] [Action] E DeleteContent - (c,329,2),B
[Wed Sep 02 18:13:14 UTC 2026][INFO] [Action] E DeleteContent - (c,328,2),B
[Wed Sep 02 18:13:14 UTC 2026][INFO] [Action] E DeleteContent - (c,327,2),B
[Wed Sep 02 18:13:36 UTC 2026][INFO] [Action] E DeleteContent - (c,617,2),B
[Wed Sep 02 18:13:41 UTC 2026][INFO] [Action] E InsertTextContent - (c,617,1),[SPACE]
[Wed Sep 02 18:13:56 UTC 2026][INFO] [Action] E DeleteContent - (c,633,2),B
[Wed Sep 02 18:13:56 UTC 2026][INFO] [Action] E DeleteContent - (c,633,1),B
[Wed Sep 02 18:13:57 UTC 2026][INFO] [Action] E DeleteContent - (c,632,1),B
[Wed Sep 02 18:13:58 UTC 2026][INFO] [Action] E DeleteContent - (c,631,1),B
[Wed Sep 02 18:13:58 UTC 2026][INFO] [Action] E DeleteContent - (c,630,1),B
[Wed Sep 02 18:13:58 UTC 2026][INFO] [Action] E DeleteContent - (c,629,1),B
[Wed Sep 02 18:13:59 UTC 2026][INFO] [Action] E DeleteContent - (c,628,1),B
[Wed Sep 02 18:13:59 UTC 2026][INFO] [Action] E DeleteContent - (c,627,1),B
[Wed Sep 02 18:14:14 UTC 2026][INFO] [Action] E UpdateStyle - (r,18,795),16:10.000000:2,(r,18,795),F
[Wed Sep 02 18:14:22 UTC 2026][INFO] [Action] E UpdateStyle - (c,17,2),49:0.250000:2,(r,17,17),F
[Wed Sep 02 18:14:23 UTC 2026][INFO] [Action] E UpdateStyle - (c,17,2),49:0.500000:2,(r,17,17),F
[Wed Sep 02 18:14:29 UTC 2026][INFO] [Action] E UpdateStyle - (c,17,2),49:0.250000:2,(r,17,17),F
[Wed Sep 02 18:14:32 UTC 2026][INFO] [Action] E UpdateStyle - (c,17,2),49:0.500000:2,(r,17,17),F
[Wed Sep 02 18:14:41 UTC 2026][INFO] [Action] E UpdateStyle - (r,1,17),16:20.000000:2,(r,1,17),F
[Wed Sep 02 18:16:13 UTC 2026][INFO] [Action] E DeleteContent - (r,1380,2226),F
[Wed Sep 02 18:16:16 UTC 2026][INFO] [Action] E DeleteContent - (r,1369,1379),B
[Wed Sep 02 18:16:26 UTC 2026][INFO] [Action] E Cut - (r,1,795)
[Wed Sep 02 18:16:41 UTC 2026][INFO] [Action] E Paste - (r,565,572),860
[Wed Sep 02 18:16:51 UTC 2026][INFO] [Action] U Paste
[Wed Sep 02 18:16:51 UTC 2026][INFO] [Action] U Cut
[Wed Sep 02 18:17:12 UTC 2026][INFO] [Action] E InsertSectionBreak - (c,1,2)
[Wed Sep 02 18:17:25 UTC 2026][INFO] [Action] E Cut - (r,799,843)
[Wed Sep 02 18:17:32 UTC 2026][INFO] [Action] E Paste - (c,1,1),46
[Wed Sep 02 18:17:34 UTC 2026][INFO] [Action] E SplitContainer - 46
[Wed Sep 02 18:17:35 UTC 2026][INFO] [Action] E AddTextContainer - (c,46,1),1,0,0
[Wed Sep 02 18:17:45 UTC 2026][INFO] [Action] E Cut - (r,845,1361)
[Wed Sep 02 18:17:49 UTC 2026][INFO] [Action] E AddTextContainer - (c,47,2),0,0,0
[Wed Sep 02 18:17:49 UTC 2026][INFO] [Action] E AddTextContainer - (c,48,1),1,0,0
[Wed Sep 02 18:17:51 UTC 2026][INFO] [Action] E Paste - (c,49,1),533
[Wed Sep 02 18:17:57 UTC 2026][INFO] [Action] E RemoveSectionBreak - 49,1
[Wed Sep 02 18:18:01 UTC 2026][INFO] [Action] U RemoveSectionBreak
[Wed Sep 02 18:18:25 UTC 2026][INFO] [Action] E Cut - (r,51,567)
[Wed Sep 02 18:18:31 UTC 2026][INFO] [Action] E Paste - (c,47,2),533
[Wed Sep 02 18:18:42 UTC 2026][INFO] [Action] E AddTextContainer - (c,49,1),1,0,0
[Wed Sep 02 18:18:45 UTC 2026][INFO] [Action] E RemoveSectionBreak - 49,0
[Wed Sep 02 18:18:56 UTC 2026][INFO] [Action] E AddTextContainer - (c,83,2),0,0,0
[Wed Sep 02 18:19:01 UTC 2026][INFO] [Action] E UpdateStyle - (r,49,83),34:320:3,(r,49,83),F
[Wed Sep 02 18:19:05 UTC 2026][INFO] [Action] E UpdateStyle - (r,49,83),13:361:3,(r,49,83),F
[Wed Sep 02 18:19:16 UTC 2026][INFO] [Action] E UpdateStyle - (r,49,75),19:4278190335:1,(r,49,75),F
[Wed Sep 02 18:19:44 UTC 2026][INFO] [Action] E UpdateStyle - (r,49,83),19:4283760895:1,(r,49,83),F
[Wed Sep 02 18:20:04 UTC 2026][INFO] [Action] E UpdateStyle - (r,85,219),16:10.000000:2,(r,85,219),F
[Wed Sep 02 18:20:07 UTC 2026][INFO] [Action] E UpdateStyle - (r,85,219),13:361:3,(r,85,219),F
[Wed Sep 02 18:20:14 UTC 2026][INFO] [Action] E UpdateStyle - (r,49,83),16:14.000000:2,(r,49,83),F
[Wed Sep 02 18:20:25 UTC 2026][INFO] [Action] E AddTextContainer - (c,219,2),0,0,0
[Wed Sep 02 18:20:25 UTC 2026][INFO] [Action] E AddTextContainer - (c,220,1),1,0,0
[Wed Sep 02 18:20:26 UTC 2026][INFO] [Action] E AddTextContainer - (c,221,1),1,0,0
[Wed Sep 02 18:20:26 UTC 2026][INFO] [Action] E AddTextContainer - (c,222,1),1,0,0
[Wed Sep 02 18:20:26 UTC 2026][INFO] [Action] E AddTextContainer - (c,223,1),1,0,0
[Wed Sep 02 18:20:32 UTC 2026][INFO] [Action] E AddTextContainer - (c,502,2),0,0,0
[Wed Sep 02 18:20:32 UTC 2026][INFO] [Action] E AddTextContainer - (c,503,1),1,0,0
[Wed Sep 02 18:20:33 UTC 2026][INFO] [Action] E AddTextContainer - (c,504,1),1,0,0
[Wed Sep 02 18:20:33 UTC 2026][INFO] [Action] E AddTextContainer - (c,505,1),1,0,0
[Wed Sep 02 18:20:34 UTC 2026][INFO] [Action] E AddTextContainer - (c,506,1),1,0,0
[Wed Sep 02 18:20:58 UTC 2026][INFO] [Action] E RemoveSectionBreak - 579,1
[Wed Sep 02 18:21:02 UTC 2026][INFO] [Action] E AddTextContainer - (c,596,2),0,0,0
[Wed Sep 02 18:21:06 UTC 2026][INFO] [Action] E UpdateStyle - (r,580,596),13:361:3,(r,580,596),F
[Wed Sep 02 18:21:08 UTC 2026][INFO] [Action] E UpdateStyle - (r,580,596),34:320:3,(r,580,596),F
[Wed Sep 02 18:21:23 UTC 2026][INFO] [Action] E UpdateStyle - (r,580,596),11:Bookerly,serif:4,(r,580,596),F
[Wed Sep 02 18:21:25 UTC 2026][INFO] [Action] E UpdateStyle - (r,580,596),11:AmazonEmber,sans-serif:4,(r,580,596),F
[Wed Sep 02 18:21:31 UTC 2026][INFO] [Action] E UpdateStyle - (r,580,596),16:16.000000:2,(r,580,596),F
[Wed Sep 02 18:21:45 UTC 2026][INFO] [Action] E UpdateStyle - (c,596,2),42:1.000000:2,(r,596,596),F
[Wed Sep 02 18:21:56 UTC 2026][INFO] [Action] E UpdateStyle - (r,580,584),42:1.000000:2,(r,580,584),F
[Wed Sep 02 18:22:25 UTC 2026][INFO] [Action] E MergeContainer - 597,0
[Wed Sep 02 18:22:33 UTC 2026][INFO] [Action] E UpdateStyle - (r,580,596),16:14.000000:2,(r,580,596),F
[Wed Sep 02 18:22:37 UTC 2026][INFO] [Action] E UpdateStyle - (r,580,596),49:0.250000:2,(r,580,596),F
[Wed Sep 02 18:22:39 UTC 2026][INFO] [Action] E UpdateStyle - (r,580,596),49:0.500000:2,(r,580,596),F
[Wed Sep 02 18:22:39 UTC 2026][INFO] [Action] E UpdateStyle - (r,580,596),49:0.750000:2,(r,580,596),F
[Wed Sep 02 18:22:40 UTC 2026][INFO] [Action] E UpdateStyle - (r,580,596),49:1.000000:2,(r,580,596),F
[Wed Sep 02 18:22:41 UTC 2026][INFO] [Action] E UpdateStyle - (r,580,596),49:0.750000:2,(r,580,596),F
[Wed Sep 02 18:22:42 UTC 2026][INFO] [Action] E UpdateStyle - (r,580,596),49:0.500000:2,(r,580,596),F
[Wed Sep 02 18:22:43 UTC 2026][INFO] [Action] E UpdateStyle - (r,580,596),49:0.250000:2,(r,580,596),F
[Wed Sep 02 18:22:46 UTC 2026][INFO] [Action] E UpdateStyle - (r,580,596),49:0.500000:2,(r,580,596),F
[Wed Sep 02 18:23:19 UTC 2026][INFO] [Action] E UpdateStyle - (r,738,1325),12:382:3,(r,738,1325),F
[Wed Sep 02 18:23:29 UTC 2026][INFO] [Action] E UpdateStyle - (r,597,737),13:361:3,(r,597,737),F
[Wed Sep 02 18:24:18 UTC 2026][INFO] [Action] E InsertSectionBreak - (c,283078,2)
[Wed Sep 02 18:24:23 UTC 2026][INFO] [Action] E InsertTextContent - (c,283080,1),[A]
[Wed Sep 02 18:24:24 UTC 2026][INFO] [Action] E InsertTextContent - (c,283080,2),[P]
[Wed Sep 02 18:24:24 UTC 2026][INFO] [Action] E InsertTextContent - (c,283081,2),[P]
[Wed Sep 02 18:24:25 UTC 2026][INFO] [Action] E InsertTextContent - (c,283082,2),[E]
[Wed Sep 02 18:24:26 UTC 2026][INFO] [Action] E InsertTextContent - (c,283083,2),[N]
[Wed Sep 02 18:24:26 UTC 2026][INFO] [Action] E InsertTextContent - (c,283084,2),[D]
[Wed Sep 02 18:24:27 UTC 2026][INFO] [Action] E InsertTextContent - (c,283085,2),[I]
[Wed Sep 02 18:24:28 UTC 2026][INFO] [Action] E InsertTextContent - (c,283086,2),[X]
[Wed Sep 02 18:24:34 UTC 2026][INFO] [Action] E UpdateStyle - (r,283080,283087),34:320:3,(r,283080,283087),F
[Wed Sep 02 18:24:39 UTC 2026][INFO] [Action] E UpdateStyle - (r,283080,283087),47:0.250000:2,(r,283080,283087),F
[Wed Sep 02 18:24:42 UTC 2026][INFO] [Action] E UpdateStyle - (r,283080,283087),42:1.250000:2,(r,283080,283087),F
[Wed Sep 02 18:24:42 UTC 2026][INFO] [Action] E UpdateStyle - (r,283080,283087),42:1.500000:2,(r,283080,283087),F
[Wed Sep 02 18:24:43 UTC 2026][INFO] [Action] E UpdateStyle - (r,283080,283087),42:1.750000:2,(r,283080,283087),F
[Wed Sep 02 18:24:43 UTC 2026][INFO] [Action] E UpdateStyle - (r,283080,283087),42:2.000000:2,(r,283080,283087),F
[Wed Sep 02 18:24:43 UTC 2026][INFO] [Action] E UpdateStyle - (r,283080,283087),42:2.250000:2,(r,283080,283087),F
[Wed Sep 02 18:24:43 UTC 2026][INFO] [Action] E UpdateStyle - (r,283080,283087),42:2.500000:2,(r,283080,283087),F
[Wed Sep 02 18:24:43 UTC 2026][INFO] [Action] E UpdateStyle - (r,283080,283087),42:2.750000:2,(r,283080,283087),F
[Wed Sep 02 18:24:44 UTC 2026][INFO] [Action] E UpdateStyle - (r,283080,283087),42:3.000000:2,(r,283080,283087),F
[Wed Sep 02 18:24:44 UTC 2026][INFO] [Action] E UpdateStyle - (r,283080,283087),42:3.250000:2,(r,283080,283087),F
[Wed Sep 02 18:24:44 UTC 2026][INFO] [Action] E UpdateStyle - (r,283080,283087),42:3.500000:2,(r,283080,283087),F
[Wed Sep 02 18:24:45 UTC 2026][INFO] [Action] E UpdateStyle - (r,283080,283087),42:3.750000:2,(r,283080,283087),F
[Wed Sep 02 18:24:45 UTC 2026][INFO] [Action] E UpdateStyle - (r,283080,283087),42:4.000000:2,(r,283080,283087),F
[Wed Sep 02 18:24:45 UTC 2026][INFO] [Action] E UpdateStyle - (r,283080,283087),42:4.250000:2,(r,283080,283087),F
[Wed Sep 02 18:24:45 UTC 2026][INFO] [Action] E UpdateStyle - (r,283080,283087),42:4.500000:2,(r,283080,283087),F
[Wed Sep 02 18:24:45 UTC 2026][INFO] [Action] E UpdateStyle - (r,283080,283087),42:4.750000:2,(r,283080,283087),F
[Wed Sep 02 18:24:45 UTC 2026][INFO] [Action] E UpdateStyle - (r,283080,283087),42:5.000000:2,(r,283080,283087),F
[Wed Sep 02 18:24:46 UTC 2026][INFO] [Action] E UpdateStyle - (r,283080,283087),42:5.250000:2,(r,283080,283087),F
[Wed Sep 02 18:24:46 UTC 2026][INFO] [Action] E UpdateStyle - (r,283080,283087),42:5.500000:2,(r,283080,283087),F
[Wed Sep 02 18:24:46 UTC 2026][INFO] [Action] E UpdateStyle - (r,283080,283087),42:5.750000:2,(r,283080,283087),F
[Wed Sep 02 18:24:46 UTC 2026][INFO] [Action] E UpdateStyle - (r,283080,283087),42:6.000000:2,(r,283080,283087),F
[Wed Sep 02 18:24:49 UTC 2026][INFO] [Action] E UpdateStyle - (r,283080,283087),47:0.500000:2,(r,283080,283087),F
[Wed Sep 02 18:24:49 UTC 2026][INFO] [Action] E UpdateStyle - (r,283080,283087),47:0.750000:2,(r,283080,283087),F
[Wed Sep 02 18:24:50 UTC 2026][INFO] [Action] E UpdateStyle - (r,283080,283087),47:1.000000:2,(r,283080,283087),F
[Wed Sep 02 18:24:50 UTC 2026][INFO] [Action] E UpdateStyle - (r,283080,283087),47:1.250000:2,(r,283080,283087),F
[Wed Sep 02 18:24:50 UTC 2026][INFO] [Action] E UpdateStyle - (r,283080,283087),47:1.500000:2,(r,283080,283087),F
[Wed Sep 02 18:24:55 UTC 2026][INFO] [Action] E UpdateStyle - (r,283080,283087),13:361:3,(r,283080,283087),F
[Wed Sep 02 18:24:59 UTC 2026][INFO] [Action] E UpdateStyle - (r,283080,283087),16:20.000000:2,(r,283080,283087),F
[Wed Sep 02 18:25:04 UTC 2026][INFO] [Action] E UpdateStyle - (r,283080,283087),47:1.250000:2,(r,283080,283087),F
[Wed Sep 02 18:25:04 UTC 2026][INFO] [Action] E UpdateStyle - (r,283080,283087),47:1.000000:2,(r,283080,283087),F
[Wed Sep 02 18:25:04 UTC 2026][INFO] [Action] E UpdateStyle - (r,283080,283087),47:0.750000:2,(r,283080,283087),F
[Wed Sep 02 18:25:04 UTC 2026][INFO] [Action] E UpdateStyle - (r,283080,283087),47:0.500000:2,(r,283080,283087),F
[Wed Sep 02 18:25:05 UTC 2026][INFO] [Action] E UpdateStyle - (r,283080,283087),47:0.250000:2,(r,283080,283087),F
[Wed Sep 02 18:25:05 UTC 2026][INFO] [Action] E UpdateStyle - (r,283080,283087),47:0.000000:2,(r,283080,283087),F
[Wed Sep 02 18:25:07 UTC 2026][INFO] [Action] E UpdateStyle - (r,283080,283087),47:0.250000:2,(r,283080,283087),F
[Wed Sep 02 18:25:08 UTC 2026][INFO] [Action] E UpdateStyle - (r,283080,283087),42:5.750000:2,(r,283080,283087),F
[Wed Sep 02 18:25:08 UTC 2026][INFO] [Action] E UpdateStyle - (r,283080,283087),42:5.500000:2,(r,283080,283087),F
[Wed Sep 02 18:25:08 UTC 2026][INFO] [Action] E UpdateStyle - (r,283080,283087),42:5.250000:2,(r,283080,283087),F
[Wed Sep 02 18:25:09 UTC 2026][INFO] [Action] E UpdateStyle - (r,283080,283087),42:5.000000:2,(r,283080,283087),F
[Wed Sep 02 18:25:09 UTC 2026][INFO] [Action] E UpdateStyle - (r,283080,283087),42:4.750000:2,(r,283080,283087),F
[Wed Sep 02 18:25:09 UTC 2026][INFO] [Action] E UpdateStyle - (r,283080,283087),42:4.500000:2,(r,283080,283087),F
[Wed Sep 02 18:25:09 UTC 2026][INFO] [Action] E UpdateStyle - (r,283080,283087),42:4.250000:2,(r,283080,283087),F
[Wed Sep 02 18:25:09 UTC 2026][INFO] [Action] E UpdateStyle - (r,283080,283087),42:4.000000:2,(r,283080,283087),F
[Wed Sep 02 18:25:10 UTC 2026][INFO] [Action] E UpdateStyle - (r,283080,283087),42:3.750000:2,(r,283080,283087),F
[Wed Sep 02 18:25:10 UTC 2026][INFO] [Action] E UpdateStyle - (r,283080,283087),42:3.500000:2,(r,283080,283087),F
[Wed Sep 02 18:25:10 UTC 2026][INFO] [Action] E UpdateStyle - (r,283080,283087),42:3.250000:2,(r,283080,283087),F
[Wed Sep 02 18:25:10 UTC 2026][INFO] [Action] E UpdateStyle - (r,283080,283087),42:3.000000:2,(r,283080,283087),F
[Wed Sep 02 18:25:10 UTC 2026][INFO] [Action] E UpdateStyle - (r,283080,283087),42:2.750000:2,(r,283080,283087),F
[Wed Sep 02 18:25:11 UTC 2026][INFO] [Action] E UpdateStyle - (r,283080,283087),42:2.500000:2,(r,283080,283087),F
[Wed Sep 02 18:25:11 UTC 2026][INFO] [Action] E UpdateStyle - (r,283080,283087),42:2.250000:2,(r,283080,283087),F
[Wed Sep 02 18:25:11 UTC 2026][INFO] [Action] E UpdateStyle - (r,283080,283087),42:2.000000:2,(r,283080,283087),F
[Wed Sep 02 18:25:11 UTC 2026][INFO] [Action] E UpdateStyle - (r,283080,283087),42:1.750000:2,(r,283080,283087),F
[Wed Sep 02 18:25:12 UTC 2026][INFO] [Action] E UpdateStyle - (r,283080,283087),42:1.500000:2,(r,283080,283087),F
[Wed Sep 02 18:25:12 UTC 2026][INFO] [Action] E UpdateStyle - (r,283080,283087),42:1.250000:2,(r,283080,283087),F
[Wed Sep 02 18:25:12 UTC 2026][INFO] [Action] E UpdateStyle - (r,283080,283087),42:1.000000:2,(r,283080,283087),F
[Wed Sep 02 18:25:16 UTC 2026][INFO] [Action] E UpdateStyle - (r,283080,283087),47:0.500000:2,(r,283080,283087),F
[Wed Sep 02 18:25:17 UTC 2026][INFO] [Action] E UpdateStyle - (r,283080,283087),47:0.750000:2,(r,283080,283087),F
[Wed Sep 02 18:25:18 UTC 2026][INFO] [Action] E UpdateStyle - (r,283080,283087),47:1.000000:2,(r,283080,283087),F
[Wed Sep 02 18:25:18 UTC 2026][INFO] [Action] E UpdateStyle - (r,283080,283087),47:1.250000:2,(r,283080,283087),F
[Wed Sep 02 18:25:18 UTC 2026][INFO] [Action] E UpdateStyle - (r,283080,283087),47:1.500000:2,(r,283080,283087),F
[Wed Sep 02 18:25:18 UTC 2026][INFO] [Action] E UpdateStyle - (r,283080,283087),47:1.750000:2,(r,283080,283087),F
[Wed Sep 02 18:25:19 UTC 2026][INFO] [Action] E UpdateStyle - (r,283080,283087),47:2.000000:2,(r,283080,283087),F
[Wed Sep 02 18:25:19 UTC 2026][INFO] [Action] E UpdateStyle - (r,283080,283087),47:2.250000:2,(r,283080,283087),F
[Wed Sep 02 18:25:19 UTC 2026][INFO] [Action] E UpdateStyle - (r,283080,283087),47:2.500000:2,(r,283080,283087),F
[Wed Sep 02 18:25:19 UTC 2026][INFO] [Action] E UpdateStyle - (r,283080,283087),47:2.750000:2,(r,283080,283087),F
[Wed Sep 02 18:25:20 UTC 2026][INFO] [Action] E UpdateStyle - (r,283080,283087),47:3.000000:2,(r,283080,283087),F
[Wed Sep 02 18:25:20 UTC 2026][INFO] [Action] E UpdateStyle - (r,283080,283087),47:3.250000:2,(r,283080,283087),F
[Wed Sep 02 18:25:20 UTC 2026][INFO] [Action] E UpdateStyle - (r,283080,283087),47:3.500000:2,(r,283080,283087),F
[Wed Sep 02 18:25:20 UTC 2026][INFO] [Action] E UpdateStyle - (r,283080,283087),47:3.750000:2,(r,283080,283087),F
[Wed Sep 02 18:25:21 UTC 2026][INFO] [Action] E UpdateStyle - (r,283080,283087),47:4.000000:2,(r,283080,283087),F
[Wed Sep 02 18:25:21 UTC 2026][INFO] [Action] E UpdateStyle - (r,283080,283087),47:4.250000:2,(r,283080,283087),F
[Wed Sep 02 18:25:21 UTC 2026][INFO] [Action] E UpdateStyle - (r,283080,283087),47:4.500000:2,(r,283080,283087),F
[Wed Sep 02 18:25:21 UTC 2026][INFO] [Action] E UpdateStyle - (r,283080,283087),47:4.750000:2,(r,283080,283087),F
[Wed Sep 02 18:25:25 UTC 2026][INFO] [Action] E UpdateStyle - (r,283080,283087),19:4283760895:1,(r,283080,283087),F
[Wed Sep 02 18:25:47 UTC 2026][INFO] [Action] E UpdateStyle - (r,283080,283087),19:4282122421:1,(r,283080,283087),F
[Wed Sep 02 18:26:29 UTC 2026][INFO] [Action] E InsertSectionBreak - (c,281110,2)
[Wed Sep 02 18:27:12 UTC 2026][INFO] [Action] E Cut - (r,279510,283079)
[Wed Sep 02 18:27:15 UTC 2026][INFO] [Action] E AddTextContainer - (c,279517,2),0,0,0
[Wed Sep 02 18:27:18 UTC 2026][INFO] [Action] E Paste - (c,279518,1),3611
[Wed Sep 02 18:27:32 UTC 2026][INFO] [Action] E AddTextContainer - (c,281155,2),0,0,0
[Wed Sep 02 18:28:31 UTC 2026][INFO] [Action] E UpdateStyle - (r,281122,282676),16:10.000000:2,(r,281122,282676),F
[Wed Sep 02 18:28:37 UTC 2026][INFO] [Action] E UpdateStyle - (r,282677,283090),16:10.000000:2,(r,282677,283090),F
[Wed Sep 02 18:28:47 UTC 2026][INFO] [Action] E Cut - (r,281122,283090)
[Wed Sep 02 18:29:01 UTC 2026][INFO] [Action] E Paste - (c,279518,2),1988
[Wed Sep 02 18:29:18 UTC 2026][INFO] [Action] E InsertSectionBreak - (c,279518,2)
[Wed Sep 02 18:29:32 UTC 2026][INFO] [Action] E UpdateStyle - (r,281489,282773),16:10.000000:2,(r,281489,282773),F
[Wed Sep 02 18:29:45 UTC 2026][INFO] [Action] E UpdateStyle - (r,282723,283088),16:10.000000:2,(r,282723,283088),F
[Wed Sep 02 18:29:53 UTC 2026][INFO] [Action] E DeleteContent - (r,279501,279501),F
[Wed Sep 02 18:29:54 UTC 2026][INFO] [Action] E DeleteContent - (r,279501,279501),F
[Wed Sep 02 18:29:54 UTC 2026][INFO] [Action] E DeleteContent - (r,279501,279501),F
[Wed Sep 02 18:29:54 UTC 2026][INFO] [Action] E DeleteContent - (r,279501,279501),F
[Wed Sep 02 18:29:54 UTC 2026][INFO] [Action] E DeleteContent - (r,279501,279501),F
[Wed Sep 02 18:29:54 UTC 2026][INFO] [Action] E DeleteContent - (r,279501,279501),F
[Wed Sep 02 18:29:55 UTC 2026][INFO] [Action] E DeleteContent - (r,279501,279501),F
[Wed Sep 02 18:29:55 UTC 2026][INFO] [Action] E DeleteContent - (r,279501,279501),F
[Wed Sep 02 18:30:12 UTC 2026][INFO] [Action] E AddTextContainer - (c,279017,2),0,0,0
[Wed Sep 02 18:30:17 UTC 2026][INFO] [Action] E AddTextContainer - (c,279045,2),0,0,0
[Wed Sep 02 18:30:48 UTC 2026][INFO] [Action] E AddTextContainer - (c,273898,2),0,0,0
[Wed Sep 02 18:37:38 UTC 2026][INFO] [Action] E InsertSectionBreak - (c,35840,2)
[Wed Sep 02 18:37:47 UTC 2026][INFO] [Action] E UpdateStyle - (c,35865,2),49:0.250000:2,(r,35865,35865),F
[Wed Sep 02 18:37:48 UTC 2026][INFO] [Action] E UpdateStyle - (c,35865,2),49:0.500000:2,(r,35865,35865),F
[Wed Sep 02 18:37:55 UTC 2026][INFO] [Action] E UpdateStyle - (c,36000,1),49:0.250000:2,(r,36000,36000),F
[Wed Sep 02 18:38:02 UTC 2026][INFO] [Action] E UpdateStyle - (c,35999,2),49:0.250000:2,(r,35999,35999),F
[Wed Sep 02 18:38:36 UTC 2026][INFO] [Action] E UpdateStyle - (r,35866,35999),48:1.000000:2,(r,35866,35999),F
[Wed Sep 02 18:38:37 UTC 2026][INFO] [Action] E UpdateStyle - (r,35866,35999),48:2.000000:2,(r,35866,35999),F
[Wed Sep 02 18:38:37 UTC 2026][INFO] [Action] E UpdateStyle - (r,35866,35999),48:3.000000:2,(r,35866,35999),F
[Wed Sep 02 18:38:37 UTC 2026][INFO] [Action] E UpdateStyle - (r,35866,35999),48:4.000000:2,(r,35866,35999),F
[Wed Sep 02 18:38:37 UTC 2026][INFO] [Action] E UpdateStyle - (r,35866,35999),48:5.000000:2,(r,35866,35999),F
[Wed Sep 02 18:38:37 UTC 2026][INFO] [Action] E UpdateStyle - (r,35866,35999),48:6.000000:2,(r,35866,35999),F
[Wed Sep 02 18:38:38 UTC 2026][INFO] [Action] E UpdateStyle - (r,35866,35999),48:7.000000:2,(r,35866,35999),F
[Wed Sep 02 18:38:38 UTC 2026][INFO] [Action] E UpdateStyle - (r,35866,35999),48:8.000000:2,(r,35866,35999),F
[Wed Sep 02 18:38:38 UTC 2026][INFO] [Action] E UpdateStyle - (r,35866,35999),48:9.000000:2,(r,35866,35999),F
[Wed Sep 02 18:38:38 UTC 2026][INFO] [Action] E UpdateStyle - (r,35866,35999),48:10.000000:2,(r,35866,35999),F
[Wed Sep 02 18:38:39 UTC 2026][INFO] [Action] E UpdateStyle - (r,35866,35999),48:11.000000:2,(r,35866,35999),F
[Wed Sep 02 18:38:39 UTC 2026][INFO] [Action] E UpdateStyle - (r,35866,35999),48:12.000000:2,(r,35866,35999),F
[Wed Sep 02 18:38:39 UTC 2026][INFO] [Action] E UpdateStyle - (r,35866,35999),48:13.000000:2,(r,35866,35999),F
[Wed Sep 02 18:38:39 UTC 2026][INFO] [Action] E UpdateStyle - (r,35866,35999),48:14.000000:2,(r,35866,35999),F
[Wed Sep 02 18:38:40 UTC 2026][INFO] [Action] E UpdateStyle - (r,35866,35999),48:15.000000:2,(r,35866,35999),F
[Wed Sep 02 18:38:40 UTC 2026][INFO] [Action] E UpdateStyle - (r,35866,35999),48:16.000000:2,(r,35866,35999),F
[Wed Sep 02 18:38:40 UTC 2026][INFO] [Action] E UpdateStyle - (r,35866,35999),48:17.000000:2,(r,35866,35999),F
[Wed Sep 02 18:38:44 UTC 2026][INFO] [Action] E UpdateStyle - (r,35866,35999),36:1.000000:2,(r,35866,35999),F
[Wed Sep 02 18:38:46 UTC 2026][INFO] [Action] E UpdateStyle - (r,35866,35999),36:0.000000:2,(r,35866,35999),F
[Wed Sep 02 18:38:57 UTC 2026][INFO] [Action] E MergeContainer - 36035,1
[Wed Sep 02 18:39:01 UTC 2026][INFO] [Action] U MergeContainer
[Wed Sep 02 18:39:05 UTC 2026][INFO] [Action] E AddTextContainer - (c,36034,2),0,0,0
[Wed Sep 02 18:39:09 UTC 2026][INFO] [Action] E AddTextContainer - (c,36088,1),1,0,0
[Wed Sep 02 18:39:13 UTC 2026][INFO] [Action] E MergeContainer - 36036,1
[Wed Sep 02 18:39:21 UTC 2026][INFO] [Action] E UpdateStyle - (c,36035,1),34:59:3,(r,36035,36035),F
[Wed Sep 02 18:39:28 UTC 2026][INFO] [Action] E UpdateStyle - (c,36035,1),48:1.000000:2,(r,36035,36035),F
[Wed Sep 02 18:39:29 UTC 2026][INFO] [Action] E UpdateStyle - (c,36035,1),48:2.000000:2,(r,36035,36035),F
[Wed Sep 02 18:39:29 UTC 2026][INFO] [Action] E UpdateStyle - (c,36035,1),48:3.000000:2,(r,36035,36035),F
[Wed Sep 02 18:39:29 UTC 2026][INFO] [Action] E UpdateStyle - (c,36035,1),48:4.000000:2,(r,36035,36035),F
[Wed Sep 02 18:39:30 UTC 2026][INFO] [Action] E UpdateStyle - (c,36035,1),48:5.000000:2,(r,36035,36035),F
[Wed Sep 02 18:39:30 UTC 2026][INFO] [Action] E UpdateStyle - (c,36035,1),48:6.000000:2,(r,36035,36035),F
[Wed Sep 02 18:39:30 UTC 2026][INFO] [Action] E UpdateStyle - (c,36035,1),48:7.000000:2,(r,36035,36035),F
[Wed Sep 02 18:39:31 UTC 2026][INFO] [Action] E UpdateStyle - (c,36035,1),48:8.000000:2,(r,36035,36035),F
[Wed Sep 02 18:39:31 UTC 2026][INFO] [Action] E UpdateStyle - (c,36035,1),48:9.000000:2,(r,36035,36035),F
[Wed Sep 02 18:39:31 UTC 2026][INFO] [Action] E UpdateStyle - (c,36035,1),48:10.000000:2,(r,36035,36035),F
[Wed Sep 02 18:39:31 UTC 2026][INFO] [Action] E UpdateStyle - (c,36035,1),48:11.000000:2,(r,36035,36035),F
[Wed Sep 02 18:39:32 UTC 2026][INFO] [Action] E UpdateStyle - (c,36035,1),48:12.000000:2,(r,36035,36035),F
[Wed Sep 02 18:39:32 UTC 2026][INFO] [Action] E UpdateStyle - (c,36035,1),48:13.000000:2,(r,36035,36035),F
[Wed Sep 02 18:39:32 UTC 2026][INFO] [Action] E UpdateStyle - (c,36035,1),48:14.000000:2,(r,36035,36035),F
[Wed Sep 02 18:39:32 UTC 2026][INFO] [Action] E UpdateStyle - (c,36035,1),48:15.000000:2,(r,36035,36035),F
[Wed Sep 02 18:39:33 UTC 2026][INFO] [Action] E UpdateStyle - (c,36035,1),48:16.000000:2,(r,36035,36035),F
[Wed Sep 02 18:39:35 UTC 2026][INFO] [Action] E UpdateStyle - (c,36035,1),48:17.000000:2,(r,36035,36035),F
[Wed Sep 02 18:39:50 UTC 2026][INFO] [Action] E UpdateStyle - (r,36035,36086),13:361:3,(r,36035,36086),F
[Wed Sep 02 18:40:01 UTC 2026][INFO] [Action] E UpdateStyle - (r,36035,36086),16:8.000000:2,(r,36035,36086),F
[Wed Sep 02 18:40:13 UTC 2026][INFO] [Action] E UpdateStyle - (r,35947,35970),11:Bookerly,serif:4,(r,35947,35970),F
[Wed Sep 02 18:40:26 UTC 2026][INFO] [Action] E UpdateStyle - (r,36061,36068),11:Bookerly,serif:4,(r,36061,36068),F
[Wed Sep 02 18:40:34 UTC 2026][INFO] [Action] E AddTextContainer - (c,36172,2),0,0,0
[Wed Sep 02 18:40:46 UTC 2026][INFO] [Action] E UpdateStyle - (r,36174,36245),34:59:3,(r,36174,36245),F
[Wed Sep 02 18:40:51 UTC 2026][INFO] [Action] E UpdateStyle - (r,36174,36245),13:361:3,(r,36174,36245),F
[Wed Sep 02 18:40:54 UTC 2026][INFO] [Action] E UpdateStyle - (r,36174,36245),16:8.000000:2,(r,36174,36245),F
[Wed Sep 02 18:41:00 UTC 2026][INFO] [Action] E MergeContainer - 36174,1
[Wed Sep 02 18:41:03 UTC 2026][INFO] [Action] E AddTextContainer - (c,36173,1),1,0,0
[Wed Sep 02 18:41:03 UTC 2026][INFO] [Action] E AddTextContainer - (c,36174,1),1,0,0
[Wed Sep 02 18:41:08 UTC 2026][INFO] [Action] E UpdateStyle - (c,36175,1),36:1.000000:2,(r,36175,36175),F
[Wed Sep 02 18:41:09 UTC 2026][INFO] [Action] E UpdateStyle - (c,36175,1),36:0.000000:2,(r,36175,36175),F
[Wed Sep 02 18:41:18 UTC 2026][INFO] [Action] E UpdateStyle - (r,36175,36244),48:1.000000:2,(r,36175,36244),F
[Wed Sep 02 18:41:18 UTC 2026][INFO] [Action] E UpdateStyle - (r,36175,36244),48:2.000000:2,(r,36175,36244),F
[Wed Sep 02 18:41:18 UTC 2026][INFO] [Action] E UpdateStyle - (r,36175,36244),48:3.000000:2,(r,36175,36244),F
[Wed Sep 02 18:41:19 UTC 2026][INFO] [Action] E UpdateStyle - (r,36175,36244),48:4.000000:2,(r,36175,36244),F
[Wed Sep 02 18:41:19 UTC 2026][INFO] [Action] E UpdateStyle - (r,36175,36244),48:5.000000:2,(r,36175,36244),F
[Wed Sep 02 18:41:19 UTC 2026][INFO] [Action] E UpdateStyle - (r,36175,36244),48:6.000000:2,(r,36175,36244),F
[Wed Sep 02 18:41:19 UTC 2026][INFO] [Action] E UpdateStyle - (r,36175,36244),48:7.000000:2,(r,36175,36244),F
[Wed Sep 02 18:41:20 UTC 2026][INFO] [Action] E UpdateStyle - (r,36175,36244),48:8.000000:2,(r,36175,36244),F
[Wed Sep 02 18:41:20 UTC 2026][INFO] [Action] E UpdateStyle - (r,36175,36244),48:9.000000:2,(r,36175,36244),F
[Wed Sep 02 18:41:20 UTC 2026][INFO] [Action] E UpdateStyle - (r,36175,36244),48:10.000000:2,(r,36175,36244),F
[Wed Sep 02 18:41:20 UTC 2026][INFO] [Action] E UpdateStyle - (r,36175,36244),48:11.000000:2,(r,36175,36244),F
[Wed Sep 02 18:41:21 UTC 2026][INFO] [Action] E UpdateStyle - (r,36175,36244),48:12.000000:2,(r,36175,36244),F
[Wed Sep 02 18:41:21 UTC 2026][INFO] [Action] E UpdateStyle - (r,36175,36244),48:13.000000:2,(r,36175,36244),F
[Wed Sep 02 18:41:21 UTC 2026][INFO] [Action] E UpdateStyle - (r,36175,36244),48:14.000000:2,(r,36175,36244),F
[Wed Sep 02 18:41:21 UTC 2026][INFO] [Action] E UpdateStyle - (r,36175,36244),48:15.000000:2,(r,36175,36244),F
[Wed Sep 02 18:41:22 UTC 2026][INFO] [Action] E UpdateStyle - (r,36175,36244),48:16.000000:2,(r,36175,36244),F
[Wed Sep 02 18:41:23 UTC 2026][INFO] [Action] E UpdateStyle - (r,36175,36244),48:17.000000:2,(r,36175,36244),F
[Wed Sep 02 18:41:29 UTC 2026][INFO] [Action] E UpdateStyle - (r,36175,36244),16:10.000000:2,(r,36175,36244),F
[Wed Sep 02 18:41:48 UTC 2026][INFO] [Action] E UpdateStyle - (r,35866,35999),16:10.000000:2,(r,35866,35999),F
[Wed Sep 02 18:41:50 UTC 2026][INFO] [Action] E UpdateStyle - (r,35866,35999),11:AmazonEmber,sans-serif:4,(r,35866,35999),F
[Wed Sep 02 18:42:01 UTC 2026][INFO] [Action] E UpdateStyle - (r,36035,36086),16:8.000000:2,(r,36035,36086),F
[Wed Sep 02 18:42:04 UTC 2026][INFO] [Action] E UpdateStyle - (r,36035,36086),11:AmazonEmber,sans-serif:4,(r,36035,36086),F
[Wed Sep 02 18:42:10 UTC 2026][INFO] [Action] E UpdateStyle - (r,36175,36246),16:10.000000:2,(r,36175,36246),F
[Wed Sep 02 18:42:12 UTC 2026][INFO] [Action] E UpdateStyle - (r,36175,36246),11:Bookerly,serif:4,(r,36175,36246),F
[Wed Sep 02 18:42:13 UTC 2026][INFO] [Action] E UpdateStyle - (r,36175,36246),11:AmazonEmber,sans-serif:4,(r,36175,36246),F
[Wed Sep 02 18:42:24 UTC 2026][INFO] [Action] E UpdateStyle - (r,36175,36246),13:350:3,(r,36175,36246),F
[Wed Sep 02 18:42:35 UTC 2026][INFO] [Action] E UpdateStyle - (r,35866,35999),13:350:3,(r,35866,35999),F
[Wed Sep 02 18:42:39 UTC 2026][INFO] [Action] E UpdateStyle - (r,36035,36086),13:350:3,(r,36035,36086),F
[Wed Sep 02 18:42:44 UTC 2026][INFO] [Action] E UpdateStyle - (c,36034,2),50:1.000000:2,(r,36034,36034),F
[Wed Sep 02 18:42:45 UTC 2026][INFO] [Action] E UpdateStyle - (c,36034,2),50:2.000000:2,(r,36034,36034),F
[Wed Sep 02 18:42:51 UTC 2026][INFO] [Action] E UpdateStyle - (c,36034,2),49:0.500000:2,(r,36034,36034),F
[Wed Sep 02 18:42:52 UTC 2026][INFO] [Action] E UpdateStyle - (c,36034,2),49:0.750000:2,(r,36034,36034),F
[Wed Sep 02 18:43:07 UTC 2026][INFO] [Action] E SplitContainer - 36136
[Wed Sep 02 18:44:25 UTC 2026][INFO] [Action] E SaveBook - Save
[Wed Sep 02 18:56:48 UTC 2026][INFO] [Action] E UpdateStyle - (c,490,2),50:1.000000:2,(r,490,490),F
[Wed Sep 02 18:56:52 UTC 2026][INFO] [Action] E UpdateStyle - (c,490,2),50:0.000000:2,(r,490,490),F
[Wed Sep 02 18:56:54 UTC 2026][INFO] [Action] E UpdateStyle - (c,490,2),49:0.250000:2,(r,490,490),F
[Wed Sep 02 18:57:02 UTC 2026][INFO] [Action] E UpdateStyle - (c,234,2),49:0.250000:2,(r,234,234),F
[Wed Sep 02 18:57:11 UTC 2026][INFO] [Action] E UpdateStyle - (r,225,234),13:350:3,(r,225,234),F
[Wed Sep 02 18:57:12 UTC 2026][INFO] [Action] E UpdateStyle - (r,225,234),13:361:3,(r,225,234),F
[Wed Sep 02 18:57:24 UTC 2026][INFO] [Action] E UpdateStyle - (r,235,502),13:350:3,(r,235,502),F
[Wed Sep 02 18:57:41 UTC 2026][INFO] [Action] E UpdateStyle - (r,481,490),13:361:3,(r,481,490),F
[Wed Sep 02 18:58:02 UTC 2026][INFO] [Action] E UpdateStyle - (r,225,234),16:14.000000:2,(r,225,234),F
[Wed Sep 02 18:58:23 UTC 2026][INFO] [Action] E AddTextContainer - (c,37,2),0,0,0
[Wed Sep 02 18:58:28 UTC 2026][INFO] [Action] E UpdateStyle - (r,39,46),16:12.000000:2,(r,39,46),F
[Wed Sep 02 18:58:50 UTC 2026][INFO] [Action] E UpdateStyle - (r,50,84),16:16.000000:2,(r,50,84),F
[Wed Sep 02 18:58:54 UTC 2026][INFO] [Action] E UpdateStyle - (r,50,84),19:4282122421:1,(r,50,84),F
[Wed Sep 02 18:59:19 UTC 2026][INFO] [Action] E UpdateStyle - (r,226,503),19:4278190080:1,(r,226,503),F
[Wed Sep 02 18:59:42 UTC 2026][INFO] [Action] E UpdateStyle - (c,235,2),49:0.500000:2,(r,235,235),F
[Wed Sep 02 18:59:47 UTC 2026][INFO] [Action] E UpdateStyle - (c,491,2),49:0.500000:2,(r,491,491),F
[Wed Sep 02 19:00:02 UTC 2026][INFO] [Action] E MergeContainer - 225,1
[Wed Sep 02 19:00:03 UTC 2026][INFO] [Action] E MergeContainer - 224,1
[Wed Sep 02 19:00:12 UTC 2026][INFO] [Action] E MergeContainer - 505,1
[Wed Sep 02 19:01:52 UTC 2026][INFO] [Action] E InsertTextContent - (r,8293,8327),[S]
[Wed Sep 02 19:01:53 UTC 2026][INFO] [Action] E InsertTextContent - (c,8293,2),[u]
[Wed Sep 02 19:01:54 UTC 2026][INFO] [Action] E InsertTextContent - (c,8294,2),[r]
[Wed Sep 02 19:01:54 UTC 2026][INFO] [Action] E InsertTextContent - (c,8295,2),[p]
[Wed Sep 02 19:01:56 UTC 2026][INFO] [Action] E InsertTextContent - (c,8296,2),[r]
[Wed Sep 02 19:01:56 UTC 2026][INFO] [Action] E InsertTextContent - (c,8297,2),[i]
[Wed Sep 02 19:01:57 UTC 2026][INFO] [Action] E InsertTextContent - (c,8298,2),[s]
[Wed Sep 02 19:01:58 UTC 2026][INFO] [Action] E InsertTextContent - (c,8299,2),[e]
[Wed Sep 02 19:01:59 UTC 2026][INFO] [Action] E InsertTextContent - (c,8300,2),[SPACE]
[Wed Sep 02 19:02:00 UTC 2026][INFO] [Action] E InsertTextContent - (c,8301,2),[i]
[Wed Sep 02 19:02:00 UTC 2026][INFO] [Action] E InsertTextContent - (c,8302,2),[n]
[Wed Sep 02 19:02:01 UTC 2026][INFO] [Action] E InsertTextContent - (c,8303,2),[SPACE]
[Wed Sep 02 19:02:01 UTC 2026][INFO] [Action] E InsertTextContent - (c,8304,2),[t]
[Wed Sep 02 19:02:01 UTC 2026][INFO] [Action] E InsertTextContent - (c,8305,2),[h]
[Wed Sep 02 19:02:02 UTC 2026][INFO] [Action] E InsertTextContent - (c,8306,2),[e]
[Wed Sep 02 19:02:02 UTC 2026][INFO] [Action] E InsertTextContent - (c,8307,2),[SPACE]
[Wed Sep 02 19:02:03 UTC 2026][INFO] [Action] E InsertTextContent - (c,8308,2),[M]
[Wed Sep 02 19:02:03 UTC 2026][INFO] [Action] E InsertTextContent - (c,8309,2),[o]
[Wed Sep 02 19:02:03 UTC 2026][INFO] [Action] E InsertTextContent - (c,8310,2),[r]
[Wed Sep 02 19:02:04 UTC 2026][INFO] [Action] E InsertTextContent - (c,8311,2),[n]
[Wed Sep 02 19:02:05 UTC 2026][INFO] [Action] E InsertTextContent - (c,8312,2),[i]
[Wed Sep 02 19:02:05 UTC 2026][INFO] [Action] E InsertTextContent - (c,8313,2),[n]
[Wed Sep 02 19:02:05 UTC 2026][INFO] [Action] E InsertTextContent - (c,8314,2),[g]
[Wed Sep 02 19:02:11 UTC 2026][INFO] [Action] E Copy - (r,8293,8315)
[Wed Sep 02 19:02:37 UTC 2026][INFO] [Action] U InsertTextContent
[Wed Sep 02 19:02:37 UTC 2026][INFO] [Action] U InsertTextContent
[Wed Sep 02 19:02:37 UTC 2026][INFO] [Action] U InsertTextContent
[Wed Sep 02 19:02:37 UTC 2026][INFO] [Action] U InsertTextContent
[Wed Sep 02 19:02:41 UTC 2026][INFO] [Action] R InsertTextContent
[Wed Sep 02 19:02:41 UTC 2026][INFO] [Action] R InsertTextContent
[Wed Sep 02 19:02:41 UTC 2026][INFO] [Action] R InsertTextContent
[Wed Sep 02 19:02:41 UTC 2026][INFO] [Action] R InsertTextContent
[Wed Sep 02 19:02:51 UTC 2026][INFO] [Action] E Paste - (c,603,1),23
[Wed Sep 02 19:02:57 UTC 2026][INFO] [Action] U Paste
[Wed Sep 02 19:04:01 UTC 2026][INFO] [Action] E InsertTextContent - (c,603,1),[1]
[Wed Sep 02 19:04:02 UTC 2026][INFO] [Action] E InsertTextContent - (c,603,2),[SPACE]
[Wed Sep 02 19:04:04 UTC 2026][INFO] [Action] E InsertTextContent - (c,604,2),[S]
[Wed Sep 02 19:04:05 UTC 2026][INFO] [Action] E InsertTextContent - (c,605,2),[u]
[Wed Sep 02 19:04:05 UTC 2026][INFO] [Action] E InsertTextContent - (c,606,2),[r]
[Wed Sep 02 19:04:06 UTC 2026][INFO] [Action] E InsertTextContent - (c,607,2),[p]
[Wed Sep 02 19:04:07 UTC 2026][INFO] [Action] E InsertTextContent - (c,608,2),[r]
[Wed Sep 02 19:04:07 UTC 2026][INFO] [Action] E InsertTextContent - (c,609,2),[i]
[Wed Sep 02 19:04:08 UTC 2026][INFO] [Action] E InsertTextContent - (c,610,2),[s]
[Wed Sep 02 19:04:08 UTC 2026][INFO] [Action] E InsertTextContent - (c,611,2),[e]
[Wed Sep 02 19:04:09 UTC 2026][INFO] [Action] E InsertTextContent - (c,612,2),[SPACE]
[Wed Sep 02 19:04:10 UTC 2026][INFO] [Action] E InsertTextContent - (c,613,2),[i]
[Wed Sep 02 19:04:10 UTC 2026][INFO] [Action] E InsertTextContent - (c,614,2),[n]
[Wed Sep 02 19:04:10 UTC 2026][INFO] [Action] E InsertTextContent - (c,615,2),[SPACE]
[Wed Sep 02 19:04:11 UTC 2026][INFO] [Action] E InsertTextContent - (c,616,2),[t]
[Wed Sep 02 19:04:11 UTC 2026][INFO] [Action] E InsertTextContent - (c,617,2),[h]
[Wed Sep 02 19:04:11 UTC 2026][INFO] [Action] E InsertTextContent - (c,618,2),[e]
[Wed Sep 02 19:04:11 UTC 2026][INFO] [Action] E InsertTextContent - (c,619,2),[SPACE]
[Wed Sep 02 19:04:12 UTC 2026][INFO] [Action] E InsertTextContent - (c,620,2),[M]
[Wed Sep 02 19:04:13 UTC 2026][INFO] [Action] E InsertTextContent - (c,621,2),[o]
[Wed Sep 02 19:04:13 UTC 2026][INFO] [Action] E InsertTextContent - (c,622,2),[r]
[Wed Sep 02 19:04:14 UTC 2026][INFO] [Action] E InsertTextContent - (c,623,2),[n]
[Wed Sep 02 19:04:14 UTC 2026][INFO] [Action] E InsertTextContent - (c,624,2),[i]
[Wed Sep 02 19:04:14 UTC 2026][INFO] [Action] E InsertTextContent - (c,625,2),[n]
[Wed Sep 02 19:04:15 UTC 2026][INFO] [Action] E InsertTextContent - (c,626,2),[g]
[Wed Sep 02 19:04:17 UTC 2026][INFO] [Action] E DeleteContent - (r,628,628),F
[Wed Sep 02 19:05:27 UTC 2026][INFO] [Action] E SplitContainer - 771
[Wed Sep 02 19:05:30 UTC 2026][INFO] [Action] U SplitContainer
[Wed Sep 02 19:05:35 UTC 2026][INFO] [Action] E Copy - (r,770,770)
[Wed Sep 02 19:06:00 UTC 2026][INFO] [Action] E InsertTextContent - (c,604,1),[SPACE]
[Wed Sep 02 19:06:02 UTC 2026][INFO] [Action] E Paste - (c,604,2),3
[Wed Sep 02 19:06:38 UTC 2026][INFO] [Action] E Copy - (r,36269,36289)
[Wed Sep 02 19:07:01 UTC 2026][INFO] [Action] E Paste - (c,638,2),26
[Wed Sep 02 19:07:05 UTC 2026][INFO] [Action] U Paste
[Wed Sep 02 19:07:30 UTC 2026][INFO] [Action] E Paste - (c,636,2),26
[Wed Sep 02 19:07:41 UTC 2026][INFO] [Action] E InsertTextContent - (c,637,2),[2]
[Wed Sep 02 19:07:41 UTC 2026][INFO] [Action] E InsertTextContent - (c,638,2),[SPACE]
[Wed Sep 02 19:07:46 UTC 2026][INFO] [Action] E DeleteContent - (r,663,663),F
[Wed Sep 02 19:07:47 UTC 2026][INFO] [Action] E DeleteContent - (r,663,663),F
[Wed Sep 02 19:07:58 UTC 2026][INFO] [Action] E UpdateStyle - (r,595,662),16:10.000000:2,(r,595,662),F
[Wed Sep 02 19:08:00 UTC 2026][INFO] [Action] E UpdateStyle - (r,595,662),16:12.000000:2,(r,595,662),F
[Wed Sep 02 19:08:02 UTC 2026][INFO] [Action] E UpdateStyle - (r,595,662),16:8.000000:2,(r,595,662),F
[Wed Sep 02 19:08:10 UTC 2026][INFO] [Action] E UpdateStyle - (r,595,662),16:8.000000:2,(r,595,662),F
[Wed Sep 02 19:08:14 UTC 2026][INFO] [Action] E UpdateStyle - (r,595,662),16:10.000000:2,(r,595,662),F
[Wed Sep 02 19:08:40 UTC 2026][INFO] [Action] E Copy - (r,61233,61250)
[Wed Sep 02 19:09:20 UTC 2026][INFO] [Action] E Paste - (c,671,1),24
[Wed Sep 02 19:09:22 UTC 2026][INFO] [Action] E DeleteContent - (r,693,693),F
[Wed Sep 02 19:10:46 UTC 2026][INFO] [Action] E DeleteContent - (c,857,2),B
[Wed Sep 02 19:10:46 UTC 2026][INFO] [Action] E DeleteContent - (c,856,2),B
[Wed Sep 02 19:10:47 UTC 2026][INFO] [Action] E DeleteContent - (c,855,2),B
[Wed Sep 02 19:10:47 UTC 2026][INFO] [Action] E DeleteContent - (c,854,2),B
[Wed Sep 02 19:10:47 UTC 2026][INFO] [Action] E DeleteContent - (c,853,2),B
[Wed Sep 02 19:10:47 UTC 2026][INFO] [Action] E DeleteContent - (c,852,2),B
[Wed Sep 02 19:10:47 UTC 2026][INFO] [Action] E DeleteContent - (c,851,2),B
[Wed Sep 02 19:10:47 UTC 2026][INFO] [Action] E DeleteContent - (c,850,2),B
[Wed Sep 02 19:10:47 UTC 2026][INFO] [Action] E DeleteContent - (c,849,2),B
[Wed Sep 02 19:10:47 UTC 2026][INFO] [Action] E DeleteContent - (c,848,2),B
[Wed Sep 02 19:10:47 UTC 2026][INFO] [Action] E DeleteContent - (c,847,2),B
[Wed Sep 02 19:10:48 UTC 2026][INFO] [Action] E DeleteContent - (c,846,2),B
[Wed Sep 02 19:10:48 UTC 2026][INFO] [Action] E DeleteContent - (c,845,2),B
[Wed Sep 02 19:10:48 UTC 2026][INFO] [Action] E DeleteContent - (c,844,2),B
[Wed Sep 02 19:10:48 UTC 2026][INFO] [Action] E DeleteContent - (c,843,2),B
[Wed Sep 02 19:10:48 UTC 2026][INFO] [Action] E DeleteContent - (c,842,2),B
[Wed Sep 02 19:10:48 UTC 2026][INFO] [Action] E DeleteContent - (c,841,2),B
[Wed Sep 02 19:10:54 UTC 2026][INFO] [Action] U DeleteContent
[Wed Sep 02 19:10:54 UTC 2026][INFO] [Action] U DeleteContent
[Wed Sep 02 19:10:54 UTC 2026][INFO] [Action] U DeleteContent
[Wed Sep 02 19:10:54 UTC 2026][INFO] [Action] U DeleteContent
[Wed Sep 02 19:10:54 UTC 2026][INFO] [Action] U DeleteContent
[Wed Sep 02 19:10:54 UTC 2026][INFO] [Action] U DeleteContent
[Wed Sep 02 19:10:54 UTC 2026][INFO] [Action] U DeleteContent
[Wed Sep 02 19:10:54 UTC 2026][INFO] [Action] U DeleteContent
[Wed Sep 02 19:10:54 UTC 2026][INFO] [Action] U DeleteContent
[Wed Sep 02 19:10:54 UTC 2026][INFO] [Action] U DeleteContent
[Wed Sep 02 19:10:54 UTC 2026][INFO] [Action] U DeleteContent
[Wed Sep 02 19:10:54 UTC 2026][INFO] [Action] U DeleteContent
[Wed Sep 02 19:10:54 UTC 2026][INFO] [Action] U DeleteContent
[Wed Sep 02 19:10:54 UTC 2026][INFO] [Action] U DeleteContent
[Wed Sep 02 19:10:54 UTC 2026][INFO] [Action] U DeleteContent
[Wed Sep 02 19:10:54 UTC 2026][INFO] [Action] U DeleteContent
[Wed Sep 02 19:10:54 UTC 2026][INFO] [Action] U DeleteContent
[Wed Sep 02 19:12:08 UTC 2026][INFO] [Action] E DeleteContent - (r,283145,283145),F
[Wed Sep 02 19:12:12 UTC 2026][INFO] [Action] E RemoveSectionBreak - 283145,0
[Wed Sep 02 19:14:07 UTC 2026][INFO] [Action] E UpdateStyle - (c,279565,1),47:4.500000:2,(r,279565,279565),F
[Wed Sep 02 19:14:07 UTC 2026][INFO] [Action] E UpdateStyle - (c,279565,1),47:4.250000:2,(r,279565,279565),F
[Wed Sep 02 19:14:07 UTC 2026][INFO] [Action] E UpdateStyle - (c,279565,1),47:4.000000:2,(r,279565,279565),F
[Wed Sep 02 19:14:07 UTC 2026][INFO] [Action] E UpdateStyle - (c,279565,1),47:3.750000:2,(r,279565,279565),F
[Wed Sep 02 19:14:07 UTC 2026][INFO] [Action] E UpdateStyle - (c,279565,1),47:3.500000:2,(r,279565,279565),F
[Wed Sep 02 19:14:08 UTC 2026][INFO] [Action] E UpdateStyle - (c,279565,1),47:3.250000:2,(r,279565,279565),F
[Wed Sep 02 19:14:08 UTC 2026][INFO] [Action] E UpdateStyle - (c,279565,1),47:3.000000:2,(r,279565,279565),F
[Wed Sep 02 19:14:08 UTC 2026][INFO] [Action] E UpdateStyle - (c,279565,1),47:2.750000:2,(r,279565,279565),F
[Wed Sep 02 19:14:08 UTC 2026][INFO] [Action] E UpdateStyle - (c,279565,1),47:2.500000:2,(r,279565,279565),F
[Wed Sep 02 19:14:08 UTC 2026][INFO] [Action] E UpdateStyle - (c,279565,1),47:2.250000:2,(r,279565,279565),F
[Wed Sep 02 19:14:09 UTC 2026][INFO] [Action] E UpdateStyle - (c,279565,1),47:2.000000:2,(r,279565,279565),F
[Wed Sep 02 19:14:09 UTC 2026][INFO] [Action] E UpdateStyle - (c,279565,1),47:1.750000:2,(r,279565,279565),F
[Wed Sep 02 19:14:09 UTC 2026][INFO] [Action] E UpdateStyle - (c,279565,1),47:1.500000:2,(r,279565,279565),F
[Wed Sep 02 19:14:09 UTC 2026][INFO] [Action] E UpdateStyle - (c,279565,1),47:1.250000:2,(r,279565,279565),F
[Wed Sep 02 19:14:10 UTC 2026][INFO] [Action] E UpdateStyle - (c,279565,1),47:1.000000:2,(r,279565,279565),F
[Wed Sep 02 19:14:10 UTC 2026][INFO] [Action] E UpdateStyle - (c,279565,1),47:0.750000:2,(r,279565,279565),F
[Wed Sep 02 19:14:10 UTC 2026][INFO] [Action] E UpdateStyle - (c,279565,1),47:0.500000:2,(r,279565,279565),F
[Wed Sep 02 19:14:10 UTC 2026][INFO] [Action] E UpdateStyle - (c,279565,1),47:0.250000:2,(r,279565,279565),F
[Wed Sep 02 19:14:11 UTC 2026][INFO] [Action] E UpdateStyle - (c,279565,1),47:0.000000:2,(r,279565,279565),F
[Wed Sep 02 19:14:18 UTC 2026][INFO] [Action] E RemoveSectionBreak - 279572,1
[Wed Sep 02 19:14:19 UTC 2026][INFO] [Action] E SplitContainer - 279574
[Wed Sep 02 19:14:22 UTC 2026][INFO] [Action] E InsertTextContent - (c,279574,1),[B]
[Wed Sep 02 19:14:26 UTC 2026][INFO] [Action] E DeleteContent - (c,279573,2),B
[Wed Sep 02 19:14:28 UTC 2026][INFO] [Action] E MergeContainer - 279573,1
[Wed Sep 02 19:14:29 UTC 2026][INFO] [Action] E AddTextContainer - (c,279572,2),0,0,0
[Wed Sep 02 19:15:04 UTC 2026][INFO] [Action] E UpdateStyle - (r,281567,281628),13:361:3,(r,281567,281628),F
[Wed Sep 02 19:15:50 UTC 2026][INFO] [Action] E Cut - (r,281544,283143)
[Wed Sep 02 19:15:56 UTC 2026][INFO] [Action] E Paste - (c,279573,2),1622
[Wed Sep 02 19:16:01 UTC 2026][INFO] [Action] E MergeContainer - 279572,0
[Wed Sep 02 19:16:02 UTC 2026][INFO] [Action] E RemoveSectionBreak - 279572,1
[Wed Sep 02 19:16:04 UTC 2026][INFO] [Action] E SplitContainer - 279574
[Wed Sep 02 19:16:09 UTC 2026][INFO] [Action] E InsertTextContent - (c,279574,1),[T]
[Wed Sep 02 19:16:12 UTC 2026][INFO] [Action] E InsertTextContent - (r,279573,279573),[SPACE]
[Wed Sep 02 19:16:49 UTC 2026][INFO] [Action] E InsertTextContent - (r,279597,279597),[I]
[Wed Sep 02 19:16:50 UTC 2026][INFO] [Action] E InsertTextContent - (c,279597,2),[t]
[Wed Sep 02 19:16:51 UTC 2026][INFO] [Action] E InsertTextContent - (c,279598,2),[']
[Wed Sep 02 19:16:52 UTC 2026][INFO] [Action] E InsertTextContent - (c,279599,2),[s]
[Wed Sep 02 19:16:52 UTC 2026][INFO] [Action] E InsertTextContent - (c,279600,2),[SPACE]
[Wed Sep 02 19:16:53 UTC 2026][INFO] [Action] E InsertTextContent - (c,279601,2),[r]
[Wed Sep 02 19:16:53 UTC 2026][INFO] [Action] E InsertTextContent - (c,279602,2),[a]
[Wed Sep 02 19:16:53 UTC 2026][INFO] [Action] E InsertTextContent - (c,279603,2),[t]
[Wed Sep 02 19:16:54 UTC 2026][INFO] [Action] E InsertTextContent - (c,279604,2),[h]
[Wed Sep 02 19:16:55 UTC 2026][INFO] [Action] E InsertTextContent - (c,279605,2),[e]
[Wed Sep 02 19:16:55 UTC 2026][INFO] [Action] E InsertTextContent - (c,279606,2),[r]
[Wed Sep 02 19:16:55 UTC 2026][INFO] [Action] E InsertTextContent - (c,279607,2),[SPACE]
[Wed Sep 02 19:16:56 UTC 2026][INFO] [Action] E InsertTextContent - (c,279608,2),[d]
[Wed Sep 02 19:16:56 UTC 2026][INFO] [Action] E InsertTextContent - (c,279609,2),[i]
[Wed Sep 02 19:16:56 UTC 2026][INFO] [Action] E InsertTextContent - (c,279610,2),[f]
[Wed Sep 02 19:16:56 UTC 2026][INFO] [Action] E InsertTextContent - (c,279611,2),[f]
[Wed Sep 02 19:16:57 UTC 2026][INFO] [Action] E InsertTextContent - (c,279612,2),[i]
[Wed Sep 02 19:16:57 UTC 2026][INFO] [Action] E InsertTextContent - (c,279613,2),[c]
[Wed Sep 02 19:16:58 UTC 2026][INFO] [Action] E InsertTextContent - (c,279614,2),[u]
[Wed Sep 02 19:16:58 UTC 2026][INFO] [Action] E InsertTextContent - (c,279615,2),[l]
[Wed Sep 02 19:16:59 UTC 2026][INFO] [Action] E InsertTextContent - (c,279616,2),[t]
[Wed Sep 02 19:17:02 UTC 2026][INFO] [Action] E InsertTextContent - (c,279617,2),[SPACE]
[Wed Sep 02 19:17:03 UTC 2026][INFO] [Action] E InsertTextContent - (c,279618,2),[t]
[Wed Sep 02 19:17:03 UTC 2026][INFO] [Action] E InsertTextContent - (c,279619,2),[o]
[Wed Sep 02 19:17:04 UTC 2026][INFO] [Action] E InsertTextContent - (c,279620,2),[SPACE]
[Wed Sep 02 19:17:10 UTC 2026][INFO] [Action] E InsertTextContent - (c,279621,2),[a]
[Wed Sep 02 19:17:11 UTC 2026][INFO] [Action] E InsertTextContent - (c,279622,2),[p]
[Wed Sep 02 19:17:11 UTC 2026][INFO] [Action] E InsertTextContent - (c,279623,2),[p]
[Wed Sep 02 19:17:11 UTC 2026][INFO] [Action] E InsertTextContent - (c,279624,2),[e]
[Wed Sep 02 19:17:12 UTC 2026][INFO] [Action] E InsertTextContent - (c,279625,2),[n]
[Wed Sep 02 19:17:12 UTC 2026][INFO] [Action] E InsertTextContent - (c,279626,2),[d]
[Wed Sep 02 19:17:12 UTC 2026][INFO] [Action] E InsertTextContent - (c,279627,2),[SPACE]
[Wed Sep 02 19:17:12 UTC 2026][INFO] [Action] E InsertTextContent - (c,279628,2),[h]
[Wed Sep 02 19:17:13 UTC 2026][INFO] [Action] E InsertTextContent - (c,279629,2),[e]
[Wed Sep 02 19:17:13 UTC 2026][INFO] [Action] E InsertTextContent - (c,279630,2),[r]
[Wed Sep 02 19:17:15 UTC 2026][INFO] [Action] E InsertTextContent - (c,279631,2),[e]
[Wed Sep 02 19:17:16 UTC 2026][INFO] [Action] E InsertTextContent - (c,279632,2),[SPACE]
[Wed Sep 02 19:17:17 UTC 2026][INFO] [Action] E InsertTextContent - (c,279633,2),[a]
[Wed Sep 02 19:17:31 UTC 2026][INFO] [Action] E InsertTextContent - (r,279636,279636),[c]
[Wed Sep 02 19:17:34 UTC 2026][INFO] [Action] E InsertTextContent - (r,279647,279647),[r]
[Wed Sep 02 19:17:39 UTC 2026][INFO] [Action] E InsertTextContent - (r,279659,279659),[e]
[Wed Sep 02 19:17:42 UTC 2026][INFO] [Action] E InsertTextContent - (r,279674,279674),[w]
[Wed Sep 02 19:17:45 UTC 2026][INFO] [Action] E InsertTextContent - (r,279679,279679),[h]
[Wed Sep 02 19:17:49 UTC 2026][INFO] [Action] E InsertTextContent - (r,279682,279683),[j]
[Wed Sep 02 19:17:52 UTC 2026][INFO] [Action] E InsertTextContent - (r,279687,279687),[h]
[Wed Sep 02 19:17:58 UTC 2026][INFO] [Action] E UpdateStyle - (r,279597,279694),13:350:3,(r,279597,279694),F
[Wed Sep 02 19:18:02 UTC 2026][INFO] [Action] E UpdateStyle - (r,279597,279694),34:59:3,(r,279597,279694),F
[Wed Sep 02 19:18:06 UTC 2026][INFO] [Action] E UpdateStyle - (r,279597,279694),11:Bookerly,serif:4,(r,279597,279694),F
[Wed Sep 02 19:18:26 UTC 2026][INFO] [Action] E Cut - (r,279597,279694)
[Wed Sep 02 19:18:28 UTC 2026][INFO] [Action] E Paste - (c,279597,1),98
[Wed Sep 02 19:18:42 UTC 2026][INFO] [Action] E InsertTextContent - (r,279599,279607),[SPACE]
[Wed Sep 02 19:18:43 UTC 2026][INFO] [Action] E InsertTextContent - (c,279599,2),[m]
[Wed Sep 02 19:18:44 UTC 2026][INFO] [Action] E InsertTextContent - (c,279600,2),[i]
[Wed Sep 02 19:18:44 UTC 2026][INFO] [Action] E InsertTextContent - (c,279601,2),[g]
[Wed Sep 02 19:18:45 UTC 2026][INFO] [Action] E InsertTextContent - (c,279602,2),[h]
[Wed Sep 02 19:18:47 UTC 2026][INFO] [Action] E InsertTextContent - (c,279603,2),[t]
[Wed Sep 02 19:18:49 UTC 2026][INFO] [Action] E InsertTextContent - (c,279605,2),[a]
[Wed Sep 02 19:18:50 UTC 2026][INFO] [Action] E InsertTextContent - (c,279606,2),[p]
[Wed Sep 02 19:18:50 UTC 2026][INFO] [Action] E InsertTextContent - (c,279607,2),[p]
[Wed Sep 02 19:18:51 UTC 2026][INFO] [Action] E InsertTextContent - (c,279608,2),[e]
[Wed Sep 02 19:18:51 UTC 2026][INFO] [Action] E InsertTextContent - (c,279609,2),[a]
[Wed Sep 02 19:18:51 UTC 2026][INFO] [Action] E InsertTextContent - (c,279610,2),[r]
[Wed Sep 02 19:18:52 UTC 2026][INFO] [Action] E InsertTextContent - (c,279611,2),[SPACE]
[Wed Sep 02 19:19:00 UTC 2026][INFO] [Action] E InsertTextContent - (c,279686,1),[SPACE]
[Wed Sep 02 19:19:03 UTC 2026][INFO] [Action] E InsertTextContent - (c,279700,1),[.]
[Wed Sep 02 19:19:04 UTC 2026][INFO] [Action] E InsertTextContent - (c,279700,2),[SPACE]
[Wed Sep 02 19:19:34 UTC 2026][INFO] [Action] E InsertTextContent - (c,279701,2),[I]
[Wed Sep 02 19:19:34 UTC 2026][INFO] [Action] E InsertTextContent - (c,279702,2),[SPACE]
[Wed Sep 02 19:19:35 UTC 2026][INFO] [Action] E InsertTextContent - (c,279703,2),[u]
[Wed Sep 02 19:19:35 UTC 2026][INFO] [Action] E InsertTextContent - (c,279704,2),[n]
[Wed Sep 02 19:19:36 UTC 2026][INFO] [Action] E InsertTextContent - (c,279705,2),[d]
[Wed Sep 02 19:19:36 UTC 2026][INFO] [Action] E InsertTextContent - (c,279706,2),[e]
[Wed Sep 02 19:19:36 UTC 2026][INFO] [Action] E InsertTextContent - (c,279707,2),[r]
[Wed Sep 02 19:19:37 UTC 2026][INFO] [Action] E InsertTextContent - (c,279708,2),[s]
[Wed Sep 02 19:19:37 UTC 2026][INFO] [Action] E InsertTextContent - (c,279709,2),[t]
[Wed Sep 02 19:19:37 UTC 2026][INFO] [Action] E InsertTextContent - (c,279710,2),[a]
[Wed Sep 02 19:19:38 UTC 2026][INFO] [Action] E InsertTextContent - (c,279711,2),[n]
[Wed Sep 02 19:19:38 UTC 2026][INFO] [Action] E InsertTextContent - (c,279712,2),[d]
[Wed Sep 02 19:19:39 UTC 2026][INFO] [Action] E InsertTextContent - (c,279713,2),[.]
[Wed Sep 02 19:19:39 UTC 2026][INFO] [Action] E InsertTextContent - (c,279714,2),[SPACE]
[Wed Sep 02 19:19:46 UTC 2026][INFO] [Action] E UpdateStyle - (r,279573,279596),34:320:3,(r,279573,279596),F
[Wed Sep 02 19:19:54 UTC 2026][INFO] [Action] E UpdateStyle - (c,279596,2),50:1.000000:2,(r,279596,279596),F
[Wed Sep 02 19:19:58 UTC 2026][INFO] [Action] E UpdateStyle - (c,279596,2),50:0.000000:2,(r,279596,279596),F
[Wed Sep 02 19:20:01 UTC 2026][INFO] [Action] E UpdateStyle - (c,279596,2),49:0.250000:2,(r,279596,279596),F
[Wed Sep 02 19:21:04 UTC 2026][INFO] [Action] E Cut - (r,279597,279715)
[Wed Sep 02 19:21:29 UTC 2026][INFO] [Action] E InsertTextContent - (c,280011,2),[SPACE]
[Wed Sep 02 19:21:31 UTC 2026][INFO] [Action] E Paste - (c,280012,2),119
[Wed Sep 02 19:21:58 UTC 2026][INFO] [Action] E DeleteContent - (r,280118,280131),B
[Wed Sep 02 19:21:58 UTC 2026][INFO] [Action] E DeleteContent - (c,280117,2),B
[Wed Sep 02 19:22:24 UTC 2026][INFO] [Action] E InsertTextContent - (r,280029,280047),[u]
[Wed Sep 02 19:22:25 UTC 2026][INFO] [Action] E InsertTextContent - (c,280029,2),[n]
[Wed Sep 02 19:22:26 UTC 2026][INFO] [Action] E InsertTextContent - (c,280030,2),[e]
[Wed Sep 02 19:22:26 UTC 2026][INFO] [Action] E InsertTextContent - (c,280031,2),[x]
[Wed Sep 02 19:22:27 UTC 2026][INFO] [Action] E InsertTextContent - (c,280032,2),[p]
[Wed Sep 02 19:22:27 UTC 2026][INFO] [Action] E InsertTextContent - (c,280033,2),[e]
[Wed Sep 02 19:22:27 UTC 2026][INFO] [Action] E InsertTextContent - (c,280034,2),[c]
[Wed Sep 02 19:22:28 UTC 2026][INFO] [Action] E InsertTextContent - (c,280035,2),[t]
[Wed Sep 02 19:22:28 UTC 2026][INFO] [Action] E InsertTextContent - (c,280036,2),[e]
[Wed Sep 02 19:22:28 UTC 2026][INFO] [Action] E InsertTextContent - (c,280037,2),[d]
[Wed Sep 02 19:22:31 UTC 2026][INFO] [Action] E InsertTextContent - (c,280038,2),[SPACE]
[Wed Sep 02 19:22:32 UTC 2026][INFO] [Action] E InsertTextContent - (c,280039,2),[t]
[Wed Sep 02 19:22:32 UTC 2026][INFO] [Action] E InsertTextContent - (c,280040,2),[o]
[Wed Sep 02 19:22:32 UTC 2026][INFO] [Action] E InsertTextContent - (c,280041,2),[SPACE]
[Wed Sep 02 19:22:33 UTC 2026][INFO] [Action] E InsertTextContent - (c,280042,2),[f]
[Wed Sep 02 19:22:33 UTC 2026][INFO] [Action] E InsertTextContent - (c,280043,2),[i]
[Wed Sep 02 19:22:33 UTC 2026][INFO] [Action] E InsertTextContent - (c,280044,2),[n]
[Wed Sep 02 19:22:34 UTC 2026][INFO] [Action] E InsertTextContent - (c,280045,2),[d]
[Wed Sep 02 19:22:34 UTC 2026][INFO] [Action] E InsertTextContent - (c,280046,2),[SPACE]
[Wed Sep 02 19:22:35 UTC 2026][INFO] [Action] E InsertTextContent - (c,280047,2),[h]
[Wed Sep 02 19:22:35 UTC 2026][INFO] [Action] E InsertTextContent - (c,280048,2),[e]
[Wed Sep 02 19:22:35 UTC 2026][INFO] [Action] E InsertTextContent - (c,280049,2),[r]
[Wed Sep 02 19:22:36 UTC 2026][INFO] [Action] E InsertTextContent - (c,280050,2),[e]
[Wed Sep 02 19:22:44 UTC 2026][INFO] [Action] E InsertTextContent - (c,280120,2),[SPACE]
[Wed Sep 02 19:22:45 UTC 2026][INFO] [Action] E InsertTextContent - (c,280121,2),[B]
[Wed Sep 02 19:22:45 UTC 2026][INFO] [Action] E InsertTextContent - (c,280122,2),[u]
[Wed Sep 02 19:22:46 UTC 2026][INFO] [Action] E InsertTextContent - (c,280123,2),[t]
[Wed Sep 02 19:22:46 UTC 2026][INFO] [Action] E InsertTextContent - (c,280124,2),[SPACE]
[Wed Sep 02 19:22:46 UTC 2026][INFO] [Action] E InsertTextContent - (c,280125,2),[l]
[Wed Sep 02 19:22:46 UTC 2026][INFO] [Action] E InsertTextContent - (c,280126,2),[i]
[Wed Sep 02 19:22:47 UTC 2026][INFO] [Action] E InsertTextContent - (c,280127,2),[f]
[Wed Sep 02 19:22:47 UTC 2026][INFO] [Action] E InsertTextContent - (c,280128,2),[e]
[Wed Sep 02 19:22:48 UTC 2026][INFO] [Action] E InsertTextContent - (c,280129,2),[SPACE]
[Wed Sep 02 19:22:48 UTC 2026][INFO] [Action] E InsertTextContent - (c,280130,2),[i]
[Wed Sep 02 19:22:49 UTC 2026][INFO] [Action] E InsertTextContent - (c,280131,2),[s]
[Wed Sep 02 19:22:49 UTC 2026][INFO] [Action] E InsertTextContent - (c,280132,2),[SPACE]
[Wed Sep 02 19:22:50 UTC 2026][INFO] [Action] E InsertTextContent - (c,280133,2),[f]
[Wed Sep 02 19:22:50 UTC 2026][INFO] [Action] E InsertTextContent - (c,280134,2),[u]
[Wed Sep 02 19:22:51 UTC 2026][INFO] [Action] E InsertTextContent - (c,280135,2),[l]
[Wed Sep 02 19:22:51 UTC 2026][INFO] [Action] E InsertTextContent - (c,280136,2),[l]
[Wed Sep 02 19:22:51 UTC 2026][INFO] [Action] E InsertTextContent - (c,280137,2),[SPACE]
[Wed Sep 02 19:22:52 UTC 2026][INFO] [Action] E InsertTextContent - (c,280138,2),[o]
[Wed Sep 02 19:22:52 UTC 2026][INFO] [Action] E InsertTextContent - (c,280139,2),[f]
[Wed Sep 02 19:22:52 UTC 2026][INFO] [Action] E InsertTextContent - (c,280140,2),[SPACE]
[Wed Sep 02 19:22:53 UTC 2026][INFO] [Action] E InsertTextContent - (c,280141,2),[s]
[Wed Sep 02 19:22:53 UTC 2026][INFO] [Action] E InsertTextContent - (c,280142,2),[u]
[Wed Sep 02 19:22:54 UTC 2026][INFO] [Action] E InsertTextContent - (c,280143,2),[r]
[Wed Sep 02 19:22:54 UTC 2026][INFO] [Action] E InsertTextContent - (c,280144,2),[p]
[Wed Sep 02 19:22:55 UTC 2026][INFO] [Action] E InsertTextContent - (c,280145,2),[r]
[Wed Sep 02 19:22:55 UTC 2026][INFO] [Action] E InsertTextContent - (c,280146,2),[i]
[Wed Sep 02 19:22:55 UTC 2026][INFO] [Action] E InsertTextContent - (c,280147,2),[s]
[Wed Sep 02 19:22:55 UTC 2026][INFO] [Action] E InsertTextContent - (c,280148,2),[e]
[Wed Sep 02 19:22:56 UTC 2026][INFO] [Action] E InsertTextContent - (c,280149,2),[s]
[Wed Sep 02 19:22:57 UTC 2026][INFO] [Action] E InsertTextContent - (c,280150,2),[,]
[Wed Sep 02 19:22:57 UTC 2026][INFO] [Action] E InsertTextContent - (c,280151,2),[SPACE]
[Wed Sep 02 19:22:57 UTC 2026][INFO] [Action] E InsertTextContent - (c,280152,2),[i]
[Wed Sep 02 19:22:58 UTC 2026][INFO] [Action] E InsertTextContent - (c,280153,2),[s]
[Wed Sep 02 19:22:59 UTC 2026][INFO] [Action] E InsertTextContent - (c,280154,2),[n]
[Wed Sep 02 19:22:59 UTC 2026][INFO] [Action] E InsertTextContent - (c,280155,2),[t]
[Wed Sep 02 19:22:59 UTC 2026][INFO] [Action] E InsertTextContent - (c,280156,2),[SPACE]
[Wed Sep 02 19:23:00 UTC 2026][INFO] [Action] E InsertTextContent - (c,280157,2),[i]
[Wed Sep 02 19:23:01 UTC 2026][INFO] [Action] E InsertTextContent - (c,280158,2),[t]
[Wed Sep 02 19:23:02 UTC 2026][INFO] [Action] E InsertTextContent - (c,280159,2),[?]
[Wed Sep 02 19:23:05 UTC 2026][INFO] [Action] E AddTextContainer - (c,280160,2),0,0,0
[Wed Sep 02 19:23:09 UTC 2026][INFO] [Action] E MergeContainer - 280161,1
[Wed Sep 02 19:23:14 UTC 2026][INFO] [Action] E UpdateStyle - (c,280160,2),49:0.250000:2,(r,280160,280160),F
[Wed Sep 02 19:23:18 UTC 2026][INFO] [Action] E UpdateStyle - (c,280437,2),49:0.250000:2,(r,280437,280437),F
[Wed Sep 02 19:23:24 UTC 2026][INFO] [Action] E UpdateStyle - (c,280676,2),49:0.250000:2,(r,280676,280676),F
[Wed Sep 02 19:23:31 UTC 2026][INFO] [Action] E UpdateStyle - (c,280792,2),49:0.250000:2,(r,280792,280792),F
[Wed Sep 02 19:23:35 UTC 2026][INFO] [Action] E UpdateStyle - (c,280894,2),49:0.250000:2,(r,280894,280894),F
[Wed Sep 02 19:23:42 UTC 2026][INFO] [Action] E UpdateStyle - (c,281225,2),49:0.250000:2,(r,281225,281225),F
[Wed Sep 02 19:24:14 UTC 2026][INFO] [Action] E Copy - (r,279565,281260)
[Wed Sep 02 19:24:42 UTC 2026][INFO] [Action] E InsertTextContent - (c,281260,2),[.]
[Wed Sep 02 19:24:47 UTC 2026][INFO] [Action] E DeleteContent - (c,281261,2),B
[Wed Sep 02 19:24:48 UTC 2026][INFO] [Action] E InsertTextContent - (c,281260,2),[,]
[Wed Sep 02 19:24:48 UTC 2026][INFO] [Action] E InsertTextContent - (c,281261,2),[SPACE]
[Wed Sep 02 19:24:48 UTC 2026][INFO] [Action] E InsertTextContent - (c,281262,2),[a]
[Wed Sep 02 19:24:49 UTC 2026][INFO] [Action] E InsertTextContent - (c,281263,2),[l]
[Wed Sep 02 19:24:49 UTC 2026][INFO] [Action] E InsertTextContent - (c,281264,2),[l]
[Wed Sep 02 19:24:49 UTC 2026][INFO] [Action] E InsertTextContent - (c,281265,2),[e]
[Wed Sep 02 19:24:50 UTC 2026][INFO] [Action] E InsertTextContent - (c,281266,2),[g]
[Wed Sep 02 19:24:50 UTC 2026][INFO] [Action] E InsertTextContent - (c,281267,2),[e]
[Wed Sep 02 19:24:50 UTC 2026][INFO] [Action] E InsertTextContent - (c,281268,2),[d]
[Wed Sep 02 19:24:51 UTC 2026][INFO] [Action] E InsertTextContent - (c,281269,2),[l]
[Wed Sep 02 19:24:51 UTC 2026][INFO] [Action] E InsertTextContent - (c,281270,2),[y]
[Wed Sep 02 19:24:52 UTC 2026][INFO] [Action] E InsertTextContent - (c,281271,2),[.]
[Wed Sep 02 19:25:03 UTC 2026][INFO] [Action] E Copy - (r,279565,281272)
[Wed Sep 02 19:31:13 UTC 2026][INFO] [Action] E DeleteContent - (c,280166,2),B
[Wed Sep 02 19:31:13 UTC 2026][INFO] [Action] E DeleteContent - (c,280166,1),B
[Wed Sep 02 19:31:14 UTC 2026][INFO] [Action] E DeleteContent - (c,280165,1),B
[Wed Sep 02 19:31:14 UTC 2026][INFO] [Action] E DeleteContent - (c,280164,1),B
[Wed Sep 02 19:31:14 UTC 2026][INFO] [Action] E DeleteContent - (c,280163,1),B
[Wed Sep 02 19:31:14 UTC 2026][INFO] [Action] E DeleteContent - (c,280162,1),B
[Wed Sep 02 19:31:16 UTC 2026][INFO] [Action] E InsertTextContent - (c,280161,1),[T]
[Wed Sep 02 19:31:41 UTC 2026][INFO] [Action] E InsertTextContent - (c,280253,2),[SPACE]
[Wed Sep 02 19:31:41 UTC 2026][INFO] [Action] E InsertTextContent - (c,280254,2),[a]
[Wed Sep 02 19:31:42 UTC 2026][INFO] [Action] E InsertTextContent - (c,280255,2),[l]
[Wed Sep 02 19:31:42 UTC 2026][INFO] [Action] E InsertTextContent - (c,280256,2),[l]
[Wed Sep 02 19:31:42 UTC 2026][INFO] [Action] E InsertTextContent - (c,280257,2),[e]
[Wed Sep 02 19:31:43 UTC 2026][INFO] [Action] E InsertTextContent - (c,280258,2),[g]
[Wed Sep 02 19:31:43 UTC 2026][INFO] [Action] E InsertTextContent - (c,280259,2),[e]
[Wed Sep 02 19:31:43 UTC 2026][INFO] [Action] E InsertTextContent - (c,280260,2),[d]
[Wed Sep 02 19:31:46 UTC 2026][INFO] [Action] E DeleteContent - (c,280261,2),B
[Wed Sep 02 19:31:46 UTC 2026][INFO] [Action] E DeleteContent - (c,280261,1),B
[Wed Sep 02 19:31:46 UTC 2026][INFO] [Action] E DeleteContent - (c,280260,1),B
[Wed Sep 02 19:31:46 UTC 2026][INFO] [Action] E DeleteContent - (c,280259,1),B
[Wed Sep 02 19:31:46 UTC 2026][INFO] [Action] E DeleteContent - (c,280258,1),B
[Wed Sep 02 19:31:46 UTC 2026][INFO] [Action] E DeleteContent - (c,280257,1),B
[Wed Sep 02 19:31:47 UTC 2026][INFO] [Action] E DeleteContent - (c,280256,1),B
[Wed Sep 02 19:31:48 UTC 2026][INFO] [Action] E DeleteContent - (c,280255,1),B
[Wed Sep 02 19:31:56 UTC 2026][INFO] [Action] E InsertTextContent - (c,280342,2),[,]
[Wed Sep 02 19:31:56 UTC 2026][INFO] [Action] E InsertTextContent - (c,280343,2),[SPACE]
[Wed Sep 02 19:31:57 UTC 2026][INFO] [Action] E InsertTextContent - (c,280344,2),[a]
[Wed Sep 02 19:31:57 UTC 2026][INFO] [Action] E InsertTextContent - (c,280345,2),[l]
[Wed Sep 02 19:31:57 UTC 2026][INFO] [Action] E InsertTextContent - (c,280346,2),[l]
[Wed Sep 02 19:31:58 UTC 2026][INFO] [Action] E InsertTextContent - (c,280347,2),[e]
[Wed Sep 02 19:31:58 UTC 2026][INFO] [Action] E InsertTextContent - (c,280348,2),[g]
[Wed Sep 02 19:31:59 UTC 2026][INFO] [Action] E InsertTextContent - (c,280349,2),[e]
[Wed Sep 02 19:31:59 UTC 2026][INFO] [Action] E InsertTextContent - (c,280350,2),[d]
[Wed Sep 02 19:32:00 UTC 2026][INFO] [Action] E InsertTextContent - (c,280351,2),[l]
[Wed Sep 02 19:32:00 UTC 2026][INFO] [Action] E InsertTextContent - (c,280352,2),[y]
[Wed Sep 02 19:39:09 UTC 2026][INFO] [Action] E DeleteContent - (r,281268,281277),B
[Wed Sep 02 19:39:09 UTC 2026][INFO] [Action] E DeleteContent - (c,281267,2),B
[Wed Sep 02 19:39:22 UTC 2026][INFO] [Action] E Copy - (r,281232,281267)
[Wed Sep 02 19:39:47 UTC 2026][INFO] [Action] E DeleteContent - (r,281232,281267),B
[Wed Sep 02 19:39:48 UTC 2026][INFO] [Action] E MergeContainer - 281232,1
[Wed Sep 02 19:40:57 UTC 2026][INFO] [Action] E InsertTextContent - (c,281231,2),[SPACE]
[Wed Sep 02 19:40:58 UTC 2026][INFO] [Action] E InsertTextContent - (c,281232,2),[P]
[Wed Sep 02 19:40:59 UTC 2026][INFO] [Action] E InsertTextContent - (c,281233,2),[l]
[Wed Sep 02 19:41:00 UTC 2026][INFO] [Action] E InsertTextContent - (c,281234,2),[u]
[Wed Sep 02 19:41:00 UTC 2026][INFO] [Action] E InsertTextContent - (c,281235,2),[s]
[Wed Sep 02 19:41:01 UTC 2026][INFO] [Action] E InsertTextContent - (c,281236,2),[,]
[Wed Sep 02 19:41:02 UTC 2026][INFO] [Action] E InsertTextContent - (c,281237,2),[SPACE]
[Wed Sep 02 19:41:02 UTC 2026][INFO] [Action] E InsertTextContent - (c,281238,2),[i]
[Wed Sep 02 19:41:03 UTC 2026][INFO] [Action] E InsertTextContent - (c,281239,2),[t]
[Wed Sep 02 19:41:04 UTC 2026][INFO] [Action] E InsertTextContent - (c,281240,2),[SPACE]
[Wed Sep 02 19:41:04 UTC 2026][INFO] [Action] E InsertTextContent - (c,281241,2),[s]
[Wed Sep 02 19:41:04 UTC 2026][INFO] [Action] E InsertTextContent - (c,281242,2),[h]
[Wed Sep 02 19:41:05 UTC 2026][INFO] [Action] E InsertTextContent - (c,281243,2),[o]
[Wed Sep 02 19:41:05 UTC 2026][INFO] [Action] E InsertTextContent - (c,281244,2),[u]
[Wed Sep 02 19:41:05 UTC 2026][INFO] [Action] E InsertTextContent - (c,281245,2),[l]
[Wed Sep 02 19:41:06 UTC 2026][INFO] [Action] E InsertTextContent - (c,281246,2),[d]
[Wed Sep 02 19:41:07 UTC 2026][INFO] [Action] E InsertTextContent - (c,281247,2),[n]
[Wed Sep 02 19:41:08 UTC 2026][INFO] [Action] E InsertTextContent - (c,281248,2),[']
[Wed Sep 02 19:41:08 UTC 2026][INFO] [Action] E InsertTextContent - (c,281249,2),[t]
[Wed Sep 02 19:41:08 UTC 2026][INFO] [Action] E InsertTextContent - (c,281250,2),[SPACE]
[Wed Sep 02 19:41:09 UTC 2026][INFO] [Action] E InsertTextContent - (c,281251,2),[b]
[Wed Sep 02 19:41:09 UTC 2026][INFO] [Action] E InsertTextContent - (c,281252,2),[e]
[Wed Sep 02 19:41:10 UTC 2026][INFO] [Action] E InsertTextContent - (c,281253,2),[SPACE]
[Wed Sep 02 19:41:11 UTC 2026][INFO] [Action] E InsertTextContent - (c,281254,2),[r]
[Wed Sep 02 19:41:11 UTC 2026][INFO] [Action] E InsertTextContent - (c,281255,2),[e]
[Wed Sep 02 19:41:12 UTC 2026][INFO] [Action] E InsertTextContent - (c,281256,2),[a]
[Wed Sep 02 19:41:12 UTC 2026][INFO] [Action] E InsertTextContent - (c,281257,2),[l]
[Wed Sep 02 19:41:12 UTC 2026][INFO] [Action] E InsertTextContent - (c,281258,2),[l]
[Wed Sep 02 19:41:13 UTC 2026][INFO] [Action] E InsertTextContent - (c,281259,2),[y]
[Wed Sep 02 19:41:13 UTC 2026][INFO] [Action] E InsertTextContent - (c,281260,2),[SPACE]
[Wed Sep 02 19:41:16 UTC 2026][INFO] [Action] E DeleteContent - (c,281261,2),B
[Wed Sep 02 19:41:16 UTC 2026][INFO] [Action] E DeleteContent - (c,281260,2),B
[Wed Sep 02 19:41:16 UTC 2026][INFO] [Action] E DeleteContent - (c,281259,2),B
[Wed Sep 02 19:41:17 UTC 2026][INFO] [Action] E DeleteContent - (c,281258,2),B
[Wed Sep 02 19:41:17 UTC 2026][INFO] [Action] E DeleteContent - (c,281257,2),B
[Wed Sep 02 19:41:17 UTC 2026][INFO] [Action] E DeleteContent - (c,281256,2),B
[Wed Sep 02 19:41:17 UTC 2026][INFO] [Action] E DeleteContent - (c,281255,2),B
[Wed Sep 02 19:41:17 UTC 2026][INFO] [Action] E DeleteContent - (c,281254,2),B
[Wed Sep 02 19:41:17 UTC 2026][INFO] [Action] E DeleteContent - (c,281253,2),B
[Wed Sep 02 19:41:18 UTC 2026][INFO] [Action] E DeleteContent - (c,281252,2),B
[Wed Sep 02 19:41:18 UTC 2026][INFO] [Action] E DeleteContent - (c,281251,2),B
[Wed Sep 02 19:41:18 UTC 2026][INFO] [Action] E DeleteContent - (c,281250,2),B
[Wed Sep 02 19:41:18 UTC 2026][INFO] [Action] E DeleteContent - (c,281249,2),B
[Wed Sep 02 19:41:19 UTC 2026][INFO] [Action] E DeleteContent - (c,281248,2),B
[Wed Sep 02 19:41:21 UTC 2026][INFO] [Action] E InsertTextContent - (c,281247,2),[SPACE]
[Wed Sep 02 19:41:22 UTC 2026][INFO] [Action] E InsertTextContent - (c,281248,2),[b]
[Wed Sep 02 19:41:22 UTC 2026][INFO] [Action] E InsertTextContent - (c,281249,2),[e]
[Wed Sep 02 19:41:23 UTC 2026][INFO] [Action] E InsertTextContent - (c,281250,2),[SPACE]
[Wed Sep 02 19:41:24 UTC 2026][INFO] [Action] E InsertTextContent - (c,281251,2),[u]
[Wed Sep 02 19:41:24 UTC 2026][INFO] [Action] E InsertTextContent - (c,281252,2),[s]
[Wed Sep 02 19:41:24 UTC 2026][INFO] [Action] E InsertTextContent - (c,281253,2),[e]
[Wed Sep 02 19:41:25 UTC 2026][INFO] [Action] E InsertTextContent - (c,281254,2),[d]
[Wed Sep 02 19:41:25 UTC 2026][INFO] [Action] E InsertTextContent - (c,281255,2),[SPACE]
[Wed Sep 02 19:41:27 UTC 2026][INFO] [Action] E InsertTextContent - (c,281256,2),[a]
[Wed Sep 02 19:41:27 UTC 2026][INFO] [Action] E InsertTextContent - (c,281257,2),[s]
[Wed Sep 02 19:41:27 UTC 2026][INFO] [Action] E InsertTextContent - (c,281258,2),[SPACE]
[Wed Sep 02 19:42:27 UTC 2026][INFO] [Action] E InsertTextContent - (c,281259,2),[f]
[Wed Sep 02 19:42:27 UTC 2026][INFO] [Action] E InsertTextContent - (c,281260,2),[o]
[Wed Sep 02 19:42:27 UTC 2026][INFO] [Action] E InsertTextContent - (c,281261,2),[o]
[Wed Sep 02 19:42:28 UTC 2026][INFO] [Action] E InsertTextContent - (c,281262,2),[d]
[Wed Sep 02 19:42:29 UTC 2026][INFO] [Action] E InsertTextContent - (c,281263,2),[,]
[Wed Sep 02 19:42:29 UTC 2026][INFO] [Action] E InsertTextContent - (c,281264,2),[SPACE]
[Wed Sep 02 19:42:30 UTC 2026][INFO] [Action] E InsertTextContent - (c,281265,2),[o]
[Wed Sep 02 19:42:31 UTC 2026][INFO] [Action] E InsertTextContent - (c,281266,2),[b]
[Wed Sep 02 19:42:32 UTC 2026][INFO] [Action] E InsertTextContent - (c,281267,2),[v]
[Wed Sep 02 19:42:32 UTC 2026][INFO] [Action] E InsertTextContent - (c,281268,2),[i]
[Wed Sep 02 19:42:32 UTC 2026][INFO] [Action] E InsertTextContent - (c,281269,2),[o]
[Wed Sep 02 19:42:33 UTC 2026][INFO] [Action] E InsertTextContent - (c,281270,2),[u]
[Wed Sep 02 19:42:33 UTC 2026][INFO] [Action] E InsertTextContent - (c,281271,2),[s]
[Wed Sep 02 19:42:34 UTC 2026][INFO] [Action] E InsertTextContent - (c,281272,2),[l]
[Wed Sep 02 19:42:34 UTC 2026][INFO] [Action] E InsertTextContent - (c,281273,2),[y]
[Wed Sep 02 19:42:35 UTC 2026][INFO] [Action] E InsertTextContent - (c,281274,2),[.]
[Wed Sep 02 19:42:40 UTC 2026][INFO] [Action] E SplitContainer - 281181
[Wed Sep 02 19:42:49 UTC 2026][INFO] [Action] E Copy - (r,279565,281211)
[Wed Sep 02 19:47:21 UTC 2026][INFO] [Action] E SaveBook - Save
[Wed Sep 02 19:48:45 UTC 2026][INFO] [Action] E UpdateStyle - (r,281277,281310),16:12.000000:2,(r,281277,281310),F
[Wed Sep 02 19:48:46 UTC 2026][INFO] [Action] E UpdateStyle - (r,281277,281310),13:350:3,(r,281277,281310),F
[Wed Sep 02 19:48:54 UTC 2026][INFO] [Action] E UpdateStyle - (c,281277,1),47:0.250000:2,(r,281277,281277),F
[Wed Sep 02 19:48:54 UTC 2026][INFO] [Action] E UpdateStyle - (c,281277,1),47:0.500000:2,(r,281277,281277),F
[Wed Sep 02 19:48:55 UTC 2026][INFO] [Action] E UpdateStyle - (c,281277,1),47:0.750000:2,(r,281277,281277),F
[Wed Sep 02 19:49:00 UTC 2026][INFO] [Action] E UpdateStyle - (c,281310,2),49:0.250000:2,(r,281310,281310),F
[Wed Sep 02 19:49:05 UTC 2026][INFO] [Action] E UpdateStyle - (c,281634,2),49:0.250000:2,(r,281634,281634),F
[Wed Sep 02 19:49:06 UTC 2026][INFO] [Action] E UpdateStyle - (c,281634,2),49:0.500000:2,(r,281634,281634),F
[Wed Sep 02 19:49:11 UTC 2026][INFO] [Action] E UpdateStyle - (c,282306,2),49:0.250000:2,(r,282306,282306),F
[Wed Sep 02 19:49:11 UTC 2026][INFO] [Action] E UpdateStyle - (c,282306,2),49:0.500000:2,(r,282306,282306),F
[Wed Sep 02 19:49:14 UTC 2026][INFO] [Action] E UpdateStyle - (c,282831,2),49:0.250000:2,(r,282831,282831),F
[Wed Sep 02 19:49:15 UTC 2026][INFO] [Action] E UpdateStyle - (c,282831,2),49:0.500000:2,(r,282831,282831),F
[Thu Sep 03 05:12:44 UTC 2026][INFO] [Action] E InsertTextContent - (c,282831,2),[SPACE]
[Thu Sep 03 05:12:44 UTC 2026][INFO] [Action] E InsertTextContent - (c,282832,2),[SPACE]
[Thu Sep 03 05:13:28 UTC 2026][INFO] [Action] E RemoveSectionBreak - 283249,0
[Thu Sep 03 05:13:31 UTC 2026][INFO] [Action] E MergeContainer - 283248,1
[Thu Sep 03 05:13:49 UTC 2026][INFO] [Action] E DeleteContent - (r,283280,283280),F
[Thu Sep 03 05:13:52 UTC 2026][INFO] [Action] U DeleteContent
[Thu Sep 03 05:13:54 UTC 2026][INFO] [Action] E SaveBook - Save
[Thu Sep 03 05:14:06 UTC 2026][INFO] [Action] E UpdateStyle - (r,283300,286158),16:10.000000:2,(r,283300,286158),F
[Thu Sep 03 05:14:17 UTC 2026][INFO] [Action] E UpdateStyle - (c,286710,2),49:0.250000:2,(r,286710,286710),F
[Thu Sep 03 05:14:18 UTC 2026][INFO] [Action] E UpdateStyle - (c,286710,2),49:0.500000:2,(r,286710,286710),F
[Thu Sep 03 05:14:19 UTC 2026][INFO] [Action] E UpdateStyle - (c,286710,2),49:0.750000:2,(r,286710,286710),F
[Thu Sep 03 05:14:28 UTC 2026][INFO] [Action] E UpdateStyle - (r,286745,286768),16:8.000000:2,(r,286745,286768),F
[Thu Sep 03 05:14:40 UTC 2026][INFO] [Action] E UpdateStyle - (c,286745,1),34:61:3,(r,286745,286745),F
[Thu Sep 03 05:14:52 UTC 2026][INFO] [Action] E UpdateStyle - (r,286725,286727),16:10.000000:2,(r,286725,286727),F
[Thu Sep 03 05:14:58 UTC 2026][INFO] [Action] E UpdateStyle - (c,286724,2),49:0.250000:2,(r,286724,286724),F
[Thu Sep 03 05:15:04 UTC 2026][INFO] [Action] E UpdateStyle - (r,286742,286742),49:0.250000:2,(r,286742,286742),F
[Thu Sep 03 05:15:08 UTC 2026][INFO] [Action] E UpdateStyle - (c,286727,2),49:0.250000:2,(r,286727,286727),F
[Thu Sep 03 05:15:22 UTC 2026][INFO] [Action] E UpdateStyle - (r,287166,287177),16:10.000000:2,(r,287166,287177),F
[Thu Sep 03 05:15:28 UTC 2026][INFO] [Action] E UpdateStyle - (c,287141,2),49:0.250000:2,(r,287141,287141),F
[Thu Sep 03 05:15:33 UTC 2026][INFO] [Action] E UpdateStyle - (c,287165,2),49:0.250000:2,(r,287165,287165),F
[Thu Sep 03 05:15:39 UTC 2026][INFO] [Action] E UpdateStyle - (c,287177,2),49:0.250000:2,(r,287177,287177),F
[Thu Sep 03 05:15:40 UTC 2026][INFO] [Action] E UpdateStyle - (c,287177,2),49:0.500000:2,(r,287177,287177),F
[Thu Sep 03 05:16:09 UTC 2026][INFO] [Action] E UpdateStyle - (r,286581,286710),16:10.000000:2,(r,286581,286710),F
[Thu Sep 03 05:16:14 UTC 2026][INFO] [Action] E UpdateStyle - (r,286769,287141),16:10.000000:2,(r,286769,287141),F
[Thu Sep 03 05:16:19 UTC 2026][INFO] [Action] E UpdateStyle - (c,287141,2),49:0.500000:2,(r,287141,287141),F
[Thu Sep 03 05:16:24 UTC 2026][INFO] [Action] E UpdateStyle - (c,287141,2),49:0.750000:2,(r,287141,287141),F
[Thu Sep 03 05:16:28 UTC 2026][INFO] [Action] E UpdateStyle - (r,287169,287177),49:0.750000:2,(r,287169,287177),F
[Thu Sep 03 05:16:30 UTC 2026][INFO] [Action] E UpdateStyle - (r,287169,287177),49:1.000000:2,(r,287169,287177),F
[Thu Sep 03 05:16:38 UTC 2026][INFO] [Action] E UpdateStyle - (r,287178,287625),16:10.000000:2,(r,287178,287625),F
[Thu Sep 03 05:16:53 UTC 2026][INFO] [Action] E UpdateStyle - (c,286580,2),49:0.750000:2,(r,286580,286580),F
[Thu Sep 03 05:16:54 UTC 2026][INFO] [Action] E UpdateStyle - (c,286580,2),49:1.000000:2,(r,286580,286580),F
[Thu Sep 03 05:16:55 UTC 2026][INFO] [Action] E UpdateStyle - (c,286580,2),49:1.250000:2,(r,286580,286580),F
[Thu Sep 03 05:16:56 UTC 2026][INFO] [Action] E UpdateStyle - (c,286580,2),49:1.500000:2,(r,286580,286580),F
[Thu Sep 03 05:17:08 UTC 2026][INFO] [Action] E UpdateStyle - (r,286581,286710),34:59:3,(r,286581,286710),F
[Thu Sep 03 05:17:14 UTC 2026][INFO] [Action] E AddTextContainer - (c,286671,2),0,0,0
[Thu Sep 03 05:17:20 UTC 2026][INFO] [Action] E InsertTextContent - (c,287023,2),[SPACE]
[Thu Sep 03 05:17:22 UTC 2026][INFO] [Action] E MergeContainer - 287024,0
[Thu Sep 03 05:17:26 UTC 2026][INFO] [Action] E AddTextContainer - (c,286946,2),0,0,0
[Thu Sep 03 05:17:34 UTC 2026][INFO] [Action] E SplitContainer - 287339
[Thu Sep 03 05:17:39 UTC 2026][INFO] [Action] E UpdateStyle - (c,287338,2),49:0.250000:2,(r,287338,287338),F
[Thu Sep 03 05:17:39 UTC 2026][INFO] [Action] E UpdateStyle - (c,287338,2),49:0.500000:2,(r,287338,287338),F
[Thu Sep 03 05:17:39 UTC 2026][INFO] [Action] E UpdateStyle - (c,287338,2),49:0.750000:2,(r,287338,287338),F
[Thu Sep 03 05:17:43 UTC 2026][INFO] [Action] E UpdateStyle - (c,287572,2),49:0.250000:2,(r,287572,287572),F
[Thu Sep 03 05:17:44 UTC 2026][INFO] [Action] E UpdateStyle - (c,287572,2),49:0.500000:2,(r,287572,287572),F
[Thu Sep 03 05:17:45 UTC 2026][INFO] [Action] E UpdateStyle - (c,287572,2),49:0.750000:2,(r,287572,287572),F
[Thu Sep 03 05:17:55 UTC 2026][INFO] [Action] E UpdateStyle - (c,287464,2),49:0.250000:2,(r,287464,287464),F
[Thu Sep 03 05:17:55 UTC 2026][INFO] [Action] E UpdateStyle - (c,287464,2),49:0.500000:2,(r,287464,287464),F
[Thu Sep 03 05:17:56 UTC 2026][INFO] [Action] E UpdateStyle - (c,287464,2),49:0.750000:2,(r,287464,287464),F
[Thu Sep 03 05:17:56 UTC 2026][INFO] [Action] E UpdateStyle - (c,287464,2),49:1.000000:2,(r,287464,287464),F
[Thu Sep 03 05:17:57 UTC 2026][INFO] [Action] E UpdateStyle - (c,287464,2),49:1.250000:2,(r,287464,287464),F
[Thu Sep 03 05:17:58 UTC 2026][INFO] [Action] E UpdateStyle - (c,287464,2),49:1.000000:2,(r,287464,287464),F
[Thu Sep 03 05:17:58 UTC 2026][INFO] [Action] E UpdateStyle - (c,287464,2),49:0.750000:2,(r,287464,287464),F
[Thu Sep 03 05:17:58 UTC 2026][INFO] [Action] E UpdateStyle - (c,287464,2),49:0.500000:2,(r,287464,287464),F
[Thu Sep 03 05:18:00 UTC 2026][INFO] [Action] E UpdateStyle - (c,287464,2),49:0.750000:2,(r,287464,287464),F
[Thu Sep 03 05:19:07 UTC 2026][INFO] [Action] E UpdateStyle - (r,286540,286580),13:361:3,(r,286540,286580),F
[Thu Sep 03 05:19:24 UTC 2026][INFO] [Action] E SplitContainer - 287084
[Thu Sep 03 05:19:29 UTC 2026][INFO] [Action] E UpdateStyle - (c,287083,2),49:0.250000:2,(r,287083,287083),F
[Thu Sep 03 05:19:31 UTC 2026][INFO] [Action] E UpdateStyle - (c,287083,2),49:0.500000:2,(r,287083,287083),F
[Thu Sep 03 05:19:32 UTC 2026][INFO] [Action] E UpdateStyle - (c,287083,2),49:0.750000:2,(r,287083,287083),F
[Thu Sep 03 14:38:35 UTC 2026][INFO] [Action] E UpdateStyle - (r,286729,286731),13:361:3,(r,286729,286731),F
[Thu Sep 03 14:38:40 UTC 2026][INFO] [Action] E UpdateStyle - (r,286712,286716),13:361:3,(r,286712,286716),F
[Thu Sep 03 14:38:44 UTC 2026][INFO] [Action] E UpdateStyle - (r,286729,286733),13:361:3,(r,286729,286733),F
[Thu Sep 03 14:38:55 UTC 2026][INFO] [Action] E UpdateStyle - (r,286746,286769),13:361:3,(r,286746,286769),F
[Thu Sep 03 14:39:05 UTC 2026][INFO] [Action] E InsertTextContent - (c,286750,2),[SPACE]
[Thu Sep 03 14:39:05 UTC 2026][INFO] [Action] E InsertTextContent - (c,286751,2),[t]
[Thu Sep 03 14:39:06 UTC 2026][INFO] [Action] E InsertTextContent - (c,286752,2),[h]
[Thu Sep 03 14:39:06 UTC 2026][INFO] [Action] E InsertTextContent - (c,286753,2),[e]
[Thu Sep 03 14:39:06 UTC 2026][INFO] [Action] E InsertTextContent - (c,286754,2),[SPACE]
[Thu Sep 03 14:39:07 UTC 2026][INFO] [Action] E InsertTextContent - (c,286755,2),[c]
[Thu Sep 03 14:39:07 UTC 2026][INFO] [Action] E InsertTextContent - (c,286756,2),[o]
[Thu Sep 03 14:39:07 UTC 2026][INFO] [Action] E InsertTextContent - (c,286757,2),[n]
[Thu Sep 03 14:39:08 UTC 2026][INFO] [Action] E InsertTextContent - (c,286758,2),[s]
[Thu Sep 03 14:39:08 UTC 2026][INFO] [Action] E InsertTextContent - (c,286759,2),[t]
[Thu Sep 03 14:39:08 UTC 2026][INFO] [Action] E InsertTextContent - (c,286760,2),[a]
[Thu Sep 03 14:39:09 UTC 2026][INFO] [Action] E InsertTextContent - (c,286761,2),[n]
[Thu Sep 03 14:39:09 UTC 2026][INFO] [Action] E InsertTextContent - (c,286762,2),[t]
[Thu Sep 03 14:39:09 UTC 2026][INFO] [Action] E InsertTextContent - (c,286763,2),[SPACE]
[Thu Sep 03 14:39:18 UTC 2026][INFO] [Action] E UpdateStyle - (r,286712,286745),34:59:3,(r,286712,286745),F
[Thu Sep 03 14:39:27 UTC 2026][INFO] [Action] E UpdateStyle - (r,286712,286745),48:1.000000:2,(r,286712,286745),F
[Thu Sep 03 14:39:27 UTC 2026][INFO] [Action] E UpdateStyle - (r,286712,286745),48:2.000000:2,(r,286712,286745),F
[Thu Sep 03 14:39:28 UTC 2026][INFO] [Action] E UpdateStyle - (r,286712,286745),48:3.000000:2,(r,286712,286745),F
[Thu Sep 03 14:39:28 UTC 2026][INFO] [Action] E UpdateStyle - (r,286712,286745),48:4.000000:2,(r,286712,286745),F
[Thu Sep 03 14:39:28 UTC 2026][INFO] [Action] E UpdateStyle - (r,286712,286745),48:5.000000:2,(r,286712,286745),F
[Thu Sep 03 14:39:28 UTC 2026][INFO] [Action] E UpdateStyle - (r,286712,286745),48:6.000000:2,(r,286712,286745),F
[Thu Sep 03 14:39:28 UTC 2026][INFO] [Action] E UpdateStyle - (r,286712,286745),48:7.000000:2,(r,286712,286745),F
[Thu Sep 03 14:39:29 UTC 2026][INFO] [Action] E UpdateStyle - (r,286712,286745),48:8.000000:2,(r,286712,286745),F
[Thu Sep 03 14:39:29 UTC 2026][INFO] [Action] E UpdateStyle - (r,286712,286745),48:9.000000:2,(r,286712,286745),F
[Thu Sep 03 14:39:29 UTC 2026][INFO] [Action] E UpdateStyle - (r,286712,286745),48:10.000000:2,(r,286712,286745),F
[Thu Sep 03 14:39:29 UTC 2026][INFO] [Action] E UpdateStyle - (r,286712,286745),48:11.000000:2,(r,286712,286745),F
[Thu Sep 03 14:39:29 UTC 2026][INFO] [Action] E UpdateStyle - (r,286712,286745),48:12.000000:2,(r,286712,286745),F
[Thu Sep 03 14:39:30 UTC 2026][INFO] [Action] E UpdateStyle - (r,286712,286745),48:13.000000:2,(r,286712,286745),F
[Thu Sep 03 14:39:30 UTC 2026][INFO] [Action] E UpdateStyle - (r,286712,286745),48:14.000000:2,(r,286712,286745),F
[Thu Sep 03 14:39:30 UTC 2026][INFO] [Action] E UpdateStyle - (r,286712,286745),48:15.000000:2,(r,286712,286745),F
[Thu Sep 03 14:39:30 UTC 2026][INFO] [Action] E UpdateStyle - (r,286712,286745),48:16.000000:2,(r,286712,286745),F
[Thu Sep 03 14:39:30 UTC 2026][INFO] [Action] E UpdateStyle - (r,286712,286745),48:17.000000:2,(r,286712,286745),F
[Thu Sep 03 14:39:30 UTC 2026][INFO] [Action] E UpdateStyle - (r,286712,286745),48:18.000000:2,(r,286712,286745),F
[Thu Sep 03 14:39:31 UTC 2026][INFO] [Action] E UpdateStyle - (r,286712,286745),48:19.000000:2,(r,286712,286745),F
[Thu Sep 03 14:39:31 UTC 2026][INFO] [Action] E UpdateStyle - (r,286712,286745),48:20.000000:2,(r,286712,286745),F
[Thu Sep 03 14:39:31 UTC 2026][INFO] [Action] E UpdateStyle - (r,286712,286745),48:21.000000:2,(r,286712,286745),F
[Thu Sep 03 14:39:31 UTC 2026][INFO] [Action] E UpdateStyle - (r,286712,286745),48:22.000000:2,(r,286712,286745),F
[Thu Sep 03 14:39:37 UTC 2026][INFO] [Action] E UpdateStyle - (c,286783,2),49:0.250000:2,(r,286783,286783),F
[Thu Sep 03 14:39:38 UTC 2026][INFO] [Action] E UpdateStyle - (c,286783,2),49:0.500000:2,(r,286783,286783),F
[Thu Sep 03 14:40:10 UTC 2026][INFO] [Action] E UpdateStyle - (r,287151,287158),49:0.250000:2,(r,287151,287158),F
[Thu Sep 03 14:40:25 UTC 2026][INFO] [Action] E SplitContainer - 287147
[Thu Sep 03 14:40:38 UTC 2026][INFO] [Action] E UpdateStyle - (c,286580,2),49:1.250000:2,(r,286580,286580),F
[Thu Sep 03 14:40:38 UTC 2026][INFO] [Action] E UpdateStyle - (c,286580,2),49:1.000000:2,(r,286580,286580),F
[Thu Sep 03 14:40:38 UTC 2026][INFO] [Action] E UpdateStyle - (c,286580,2),49:0.750000:2,(r,286580,286580),F
[Thu Sep 03 14:40:39 UTC 2026][INFO] [Action] E UpdateStyle - (c,286580,2),49:0.500000:2,(r,286580,286580),F
[Thu Sep 03 14:40:40 UTC 2026][INFO] [Action] E UpdateStyle - (c,286580,2),49:0.250000:2,(r,286580,286580),F
[Thu Sep 03 14:40:48 UTC 2026][INFO] [Action] E UpdateStyle - (c,287352,2),49:0.500000:2,(r,287352,287352),F
[Thu Sep 03 14:40:51 UTC 2026][INFO] [Action] E UpdateStyle - (c,287352,2),49:0.250000:2,(r,287352,287352),F
[Thu Sep 03 14:40:55 UTC 2026][INFO] [Action] E UpdateStyle - (c,287478,2),49:0.500000:2,(r,287478,287478),F
[Thu Sep 03 14:40:56 UTC 2026][INFO] [Action] E UpdateStyle - (c,287478,2),49:0.250000:2,(r,287478,287478),F
[Thu Sep 03 14:41:06 UTC 2026][INFO] [Action] E UpdateStyle - (c,286580,2),49:0.500000:2,(r,286580,286580),F
[Thu Sep 03 14:41:08 UTC 2026][INFO] [Action] E UpdateStyle - (c,286580,2),49:0.750000:2,(r,286580,286580),F
[Thu Sep 03 14:41:27 UTC 2026][INFO] [Action] E SaveBook - Save
[Thu Sep 03 14:44:02 UTC 2026][INFO] [Action] E UpdateStyle - (c,288061,2),49:1.000000:2,(r,288061,288061),F
[Thu Sep 03 14:44:03 UTC 2026][INFO] [Action] E UpdateStyle - (c,288061,2),49:1.250000:2,(r,288061,288061),F
[Thu Sep 03 14:44:20 UTC 2026][INFO] [Action] E InsertSectionBreak - (c,289204,2)
[Thu Sep 03 14:44:38 UTC 2026][INFO] [Action] E InsertSectionBreak - (c,290762,2)
[Thu Sep 03 14:44:49 UTC 2026][INFO] [Action] E InsertSectionBreak - (c,292009,2)
[Thu Sep 03 14:45:17 UTC 2026][INFO] [Action] E InsertSectionBreak - (c,293592,2)
[Thu Sep 03 14:45:35 UTC 2026][INFO] [Action] E InsertSectionBreak - (c,297622,2)
[Thu Sep 03 14:45:45 UTC 2026][INFO] [Action] E AddTextContainer - (c,300942,1),1,0,0
[Thu Sep 03 14:45:45 UTC 2026][INFO] [Action] E AddTextContainer - (c,300943,1),1,0,0
[Thu Sep 03 14:45:45 UTC 2026][INFO] [Action] E AddTextContainer - (c,300944,1),1,0,0
[Thu Sep 03 14:45:45 UTC 2026][INFO] [Action] E AddTextContainer - (c,300945,1),1,0,0
[Thu Sep 03 14:45:45 UTC 2026][INFO] [Action] E AddTextContainer - (c,300946,1),1,0,0
[Thu Sep 03 14:46:07 UTC 2026][INFO] [Action] E AddTextContainer - (c,314695,1),1,0,0
[Thu Sep 03 14:46:12 UTC 2026][INFO] [Action] E AddTextContainer - (c,315924,1),1,0,0
[Thu Sep 03 14:46:18 UTC 2026][INFO] [Action] E UpdateStyle - (c,315190,2),49:0.250000:2,(r,315190,315190),F
[Thu Sep 03 14:46:18 UTC 2026][INFO] [Action] E UpdateStyle - (c,315190,2),49:0.500000:2,(r,315190,315190),F
[Thu Sep 03 14:46:18 UTC 2026][INFO] [Action] E UpdateStyle - (c,315190,2),49:0.750000:2,(r,315190,315190),F
[Thu Sep 03 14:46:18 UTC 2026][INFO] [Action] E UpdateStyle - (c,315190,2),49:1.000000:2,(r,315190,315190),F
[Thu Sep 03 14:46:19 UTC 2026][INFO] [Action] E UpdateStyle - (c,315190,2),49:1.250000:2,(r,315190,315190),F
[Thu Sep 03 14:46:31 UTC 2026][INFO] [Action] E UpdateStyle - (r,315191,315923),16:8.000000:2,(r,315191,315923),F
[Thu Sep 03 14:46:42 UTC 2026][INFO] [Action] E UpdateStyle - (c,315940,2),34:320:3,(r,315940,315940),F
[Thu Sep 03 14:46:45 UTC 2026][INFO] [Action] E UpdateStyle - (c,315940,2),49:0.250000:2,(r,315940,315940),F
[Thu Sep 03 14:46:46 UTC 2026][INFO] [Action] E UpdateStyle - (c,315940,2),49:0.500000:2,(r,315940,315940),F
[Thu Sep 03 14:46:54 UTC 2026][INFO] [Action] E UpdateStyle - (c,315924,1),49:0.250000:2,(r,315925,315925),F
[Thu Sep 03 14:46:55 UTC 2026][INFO] [Action] E UpdateStyle - (c,315924,1),49:0.250000:2,(r,315925,315925),F
[Thu Sep 03 14:46:56 UTC 2026][INFO] [Action] E UpdateStyle - (c,315924,1),49:0.250000:2,(r,315925,315925),F
[Thu Sep 03 14:46:57 UTC 2026][INFO] [Action] E UpdateStyle - (c,315924,1),49:0.250000:2,(r,315925,315925),F
[Thu Sep 03 14:46:58 UTC 2026][INFO] [Action] E UpdateStyle - (c,315924,1),49:0.250000:2,(r,315925,315925),F
[Thu Sep 03 14:47:01 UTC 2026][INFO] [Action] E UpdateStyle - (c,315924,1),47:0.250000:2,(r,315925,315925),F
[Thu Sep 03 14:47:02 UTC 2026][INFO] [Action] E UpdateStyle - (c,315924,1),47:0.250000:2,(r,315925,315925),F
[Thu Sep 03 14:47:06 UTC 2026][INFO] [Action] E UpdateStyle - (c,315940,2),49:0.500000:2,(r,315940,315940),F
[Thu Sep 03 14:47:07 UTC 2026][INFO] [Action] E UpdateStyle - (c,315940,2),49:0.750000:2,(r,315940,315940),F
[Thu Sep 03 14:47:26 UTC 2026][INFO] [Action] E UpdateStyle - (c,316155,2),49:0.250000:2,(r,316155,316155),F
[Thu Sep 03 14:47:27 UTC 2026][INFO] [Action] E UpdateStyle - (c,316155,2),49:0.500000:2,(r,316155,316155),F
[Thu Sep 03 14:47:32 UTC 2026][INFO] [Action] E InsertTextContent - (c,316219,2),[SPACE]
[Thu Sep 03 14:47:33 UTC 2026][INFO] [Action] E MergeContainer - 316220,0
[Thu Sep 03 14:47:38 UTC 2026][INFO] [Action] E UpdateStyle - (c,316333,2),49:0.250000:2,(r,316333,316333),F
[Thu Sep 03 14:47:39 UTC 2026][INFO] [Action] E UpdateStyle - (c,316333,2),49:0.500000:2,(r,316333,316333),F
[Thu Sep 03 14:47:48 UTC 2026][INFO] [Action] E UpdateStyle - (c,316555,2),49:0.250000:2,(r,316555,316555),F
[Thu Sep 03 14:47:48 UTC 2026][INFO] [Action] E UpdateStyle - (c,316555,2),49:0.500000:2,(r,316555,316555),F
[Thu Sep 03 14:47:57 UTC 2026][INFO] [Action] E UpdateStyle - (c,315940,2),49:1.000000:2,(r,315940,315940),F
[Thu Sep 03 14:48:03 UTC 2026][INFO] [Action] E UpdateStyle - (c,315923,2),49:0.250000:2,(r,315923,315923),F
[Thu Sep 03 14:48:04 UTC 2026][INFO] [Action] E UpdateStyle - (c,315923,2),49:0.500000:2,(r,315923,315923),F
[Thu Sep 03 14:48:13 UTC 2026][INFO] [Action] E SaveBook - Save
[Thu Sep 03 14:48:21 UTC 2026][INFO] [Action] E AddTextContainer - (c,316764,1),1,0,0
[Thu Sep 03 14:48:22 UTC 2026][INFO] [Action] E AddTextContainer - (c,316765,1),1,0,0
[Thu Sep 03 14:48:38 UTC 2026][INFO] [Action] E DeleteContent - (r,316683,316732),F
[Thu Sep 03 14:48:39 UTC 2026][INFO] [Action] E DeleteContent - (r,316684,316713),F
[Thu Sep 03 14:48:40 UTC 2026][INFO] [Action] E DeleteContent - (r,316683,316683),F
[Thu Sep 03 14:48:57 UTC 2026][INFO] [Action] E Cut - (r,316685,317218)
[Thu Sep 03 14:49:00 UTC 2026][INFO] [Action] E MergeContainer - 316685,1
[Thu Sep 03 14:49:01 UTC 2026][INFO] [Action] E MergeContainer - 316684,1
[Thu Sep 03 14:49:01 UTC 2026][INFO] [Action] E RemoveSectionBreak - 316683,0
[Thu Sep 03 14:49:06 UTC 2026][INFO] [Action] E AddTextContainer - (c,321685,2),0,0,0
[Thu Sep 03 14:49:06 UTC 2026][INFO] [Action] E AddTextContainer - (c,321686,1),1,0,0
[Thu Sep 03 14:49:10 UTC 2026][INFO] [Action] E Paste - (c,321686,2),546
[Thu Sep 03 14:49:16 UTC 2026][INFO] [Action] E UpdateStyle - (r,321686,321700),11:Bookerly,serif:4,(r,321686,321700),F
[Thu Sep 03 14:49:18 UTC 2026][INFO] [Action] E UpdateStyle - (r,321686,321700),11:AmazonEmber,sans-serif:4,(r,321686,321700),F
[Thu Sep 03 14:49:32 UTC 2026][INFO] [Action] E UpdateStyle - (r,321686,321700),16:10.000000:2,(r,321686,321700),F
[Thu Sep 03 14:49:37 UTC 2026][INFO] [Action] E UpdateStyle - (r,322221,322258),11:Bookerly,serif:4,(r,322221,322258),F
[Thu Sep 03 14:49:39 UTC 2026][INFO] [Action] E UpdateStyle - (r,322221,322258),11:AmazonEmber,sans-serif:4,(r,322221,322258),F
[Thu Sep 03 14:49:44 UTC 2026][INFO] [Action] E UpdateStyle - (c,322258,2),49:0.250000:2,(r,322258,322258),F
[Thu Sep 03 14:49:45 UTC 2026][INFO] [Action] E UpdateStyle - (c,322258,2),49:0.500000:2,(r,322258,322258),F
[Thu Sep 03 14:49:51 UTC 2026][INFO] [Action] E UpdateStyle - (c,321369,2),49:1.000000:2,(r,321369,321369),F
[Thu Sep 03 14:49:51 UTC 2026][INFO] [Action] E UpdateStyle - (c,321369,2),49:0.750000:2,(r,321369,321369),F
[Thu Sep 03 14:49:52 UTC 2026][INFO] [Action] E UpdateStyle - (c,321369,2),49:0.500000:2,(r,321369,321369),F
[Thu Sep 03 14:50:04 UTC 2026][INFO] [Action] E UpdateStyle - (c,322219,2),49:0.250000:2,(r,322219,322219),F
[Thu Sep 03 14:50:16 UTC 2026][INFO] [Action] E UpdateStyle - (r,321749,322219),16:10.000000:2,(r,321749,322219),F
[Thu Sep 03 14:50:47 UTC 2026][INFO] [Action] E UpdateStyle - (r,321749,322170),16:9.000000:2,(r,321749,322170),F
[Thu Sep 03 14:50:56 UTC 2026][INFO] [Action] E UpdateStyle - (r,321749,322219),16:9.000000:2,(r,321749,322219),F
[Thu Sep 03 14:51:20 UTC 2026][INFO] [Action] E MergeContainer - 323887,0
[Thu Sep 03 14:51:22 UTC 2026][INFO] [Action] U MergeContainer
[Thu Sep 03 14:51:29 UTC 2026][INFO] [Action] E UpdateStyle - (c,323887,2),49:0.250000:2,(r,323887,323887),F
[Thu Sep 03 14:51:29 UTC 2026][INFO] [Action] E UpdateStyle - (c,323887,2),49:0.000000:2,(r,323887,323887),F
[Thu Sep 03 14:51:40 UTC 2026][INFO] [Action] E UpdateStyle - (r,323403,324806),16:9.000000:2,(r,323403,324806),F
[Thu Sep 03 14:51:58 UTC 2026][INFO] [Action] E RemoveSectionBreak - 324858,1
[Thu Sep 03 14:52:02 UTC 2026][INFO] [Action] E AddTextContainer - (c,324859,1),1,0,0
[Thu Sep 03 14:52:08 UTC 2026][INFO] [Action] E UpdateStyle - (r,324860,324918),16:10.000000:2,(r,324860,324918),F
[Thu Sep 03 14:52:10 UTC 2026][INFO] [Action] E UpdateStyle - (r,324860,324918),13:361:3,(r,324860,324918),F
[Thu Sep 03 14:52:13 UTC 2026][INFO] [Action] E UpdateStyle - (r,324860,324918),11:Bookerly,serif:4,(r,324860,324918),F
[Thu Sep 03 14:52:15 UTC 2026][INFO] [Action] E UpdateStyle - (r,324860,324918),11:AmazonEmber,sans-serif:4,(r,324860,324918),F
[Thu Sep 03 14:52:18 UTC 2026][INFO] [Action] E UpdateStyle - (r,324860,324918),34:320:3,(r,324860,324918),F
[Thu Sep 03 14:52:24 UTC 2026][INFO] [Action] E AddTextContainer - (c,324858,2),0,0,0
[Thu Sep 03 14:52:37 UTC 2026][INFO] [Action] E Cut - (r,323403,323870)
[Thu Sep 03 14:52:42 UTC 2026][INFO] [Action] E AddTextContainer - (c,325019,1),1,0,0
[Thu Sep 03 14:52:42 UTC 2026][INFO] [Action] E AddTextContainer - (c,325020,1),1,0,0
[Thu Sep 03 14:52:46 UTC 2026][INFO] [Action] E Paste - (c,325019,1),472
[Thu Sep 03 14:52:50 UTC 2026][INFO] [Action] E RemoveSectionBreak - 325486,1
[Thu Sep 03 14:52:56 UTC 2026][INFO] [Action] E UpdateStyle - (r,325489,325502),13:361:3,(r,325489,325502),F
[Thu Sep 03 14:52:57 UTC 2026][INFO] [Action] E UpdateStyle - (r,325489,325502),11:Bookerly,serif:4,(r,325489,325502),F
[Thu Sep 03 14:52:59 UTC 2026][INFO] [Action] E UpdateStyle - (r,325489,325502),11:AmazonEmber,sans-serif:4,(r,325489,325502),F
[Thu Sep 03 14:53:02 UTC 2026][INFO] [Action] E UpdateStyle - (r,325489,325502),34:320:3,(r,325489,325502),F
[Thu Sep 03 14:53:04 UTC 2026][INFO] [Action] E UpdateStyle - (r,325489,325502),16:10.000000:2,(r,325489,325502),F
[Thu Sep 03 14:53:13 UTC 2026][INFO] [Action] E UpdateStyle - (c,325526,2),47:1.750000:2,(r,325526,325526),F
[Thu Sep 03 14:53:13 UTC 2026][INFO] [Action] E UpdateStyle - (c,325526,2),47:1.500000:2,(r,325526,325526),F
[Thu Sep 03 14:53:13 UTC 2026][INFO] [Action] E UpdateStyle - (c,325526,2),47:1.250000:2,(r,325526,325526),F
[Thu Sep 03 14:53:14 UTC 2026][INFO] [Action] E UpdateStyle - (c,325526,2),47:1.000000:2,(r,325526,325526),F
[Thu Sep 03 14:53:14 UTC 2026][INFO] [Action] E UpdateStyle - (c,325526,2),47:0.750000:2,(r,325526,325526),F
[Thu Sep 03 14:53:19 UTC 2026][INFO] [Action] E UpdateStyle - (c,326288,2),49:0.250000:2,(r,326288,326288),F
[Thu Sep 03 14:53:20 UTC 2026][INFO] [Action] E UpdateStyle - (c,326288,2),49:0.500000:2,(r,326288,326288),F
[Thu Sep 03 14:53:20 UTC 2026][INFO] [Action] E UpdateStyle - (c,326288,2),49:0.750000:2,(r,326288,326288),F
[Thu Sep 03 14:53:20 UTC 2026][INFO] [Action] E UpdateStyle - (c,326288,2),49:1.000000:2,(r,326288,326288),F
[Thu Sep 03 14:53:31 UTC 2026][INFO] [Action] E UpdateStyle - (r,325503,326353),16:9.000000:2,(r,325503,326353),F
[Thu Sep 03 14:53:45 UTC 2026][INFO] [Action] E InsertTextContent - (c,325487,1),[\]
[Thu Sep 03 14:53:47 UTC 2026][INFO] [Action] E DeleteContent - (c,325487,2),B
[Thu Sep 03 14:53:47 UTC 2026][INFO] [Action] E AddTextContainer - (c,325487,2),0,0,0
[Thu Sep 03 14:53:48 UTC 2026][INFO] [Action] E AddTextContainer - (c,325488,1),1,0,0
[Thu Sep 03 14:53:54 UTC 2026][INFO] [Action] E AddTextContainer - (c,326290,2),0,0,0
[Thu Sep 03 14:53:54 UTC 2026][INFO] [Action] E AddTextContainer - (c,326291,1),1,0,0
[Thu Sep 03 14:54:08 UTC 2026][INFO] [Action] E UpdateStyle - (r,324451,325007),16:9.000000:2,(r,324451,325007),F
[Thu Sep 03 14:54:13 UTC 2026][INFO] [Action] E AddTextContainer - (c,325007,2),0,0,0
[Thu Sep 03 14:54:14 UTC 2026][INFO] [Action] E AddTextContainer - (c,325008,1),1,0,0
[Thu Sep 03 14:54:17 UTC 2026][INFO] [Action] E MergeContainer - 325009,1
[Thu Sep 03 14:54:18 UTC 2026][INFO] [Action] E MergeContainer - 325008,1
[Thu Sep 03 14:54:22 UTC 2026][INFO] [Action] E MergeContainer - 325008,1
[Thu Sep 03 14:54:24 UTC 2026][INFO] [Action] E SplitContainer - 325008
[Thu Sep 03 14:54:45 UTC 2026][INFO] [Action] E UpdateStyle - (c,324693,2),49:0.250000:2,(r,324693,324693),F
[Thu Sep 03 14:54:47 UTC 2026][INFO] [Action] E UpdateStyle - (c,324693,2),49:0.500000:2,(r,324693,324693),F
[Thu Sep 03 14:54:54 UTC 2026][INFO] [Action] E UpdateStyle - (c,324846,2),49:0.250000:2,(r,324846,324846),F
[Thu Sep 03 14:54:55 UTC 2026][INFO] [Action] E UpdateStyle - (c,324846,2),49:0.500000:2,(r,324846,324846),F
[Thu Sep 03 14:54:59 UTC 2026][INFO] [Action] E AddTextContainer - (c,324390,1),1,0,0
[Thu Sep 03 14:55:00 UTC 2026][INFO] [Action] E AddTextContainer - (c,324391,1),1,0,0
[Thu Sep 03 14:55:08 UTC 2026][INFO] [Action] E UpdateStyle - (r,324338,324389),16:9.000000:2,(r,324338,324389),F
[Thu Sep 03 14:55:19 UTC 2026][INFO] [Action] E UpdateStyle - (c,324044,2),49:0.250000:2,(r,324044,324044),F
[Thu Sep 03 14:55:22 UTC 2026][INFO] [Action] E UpdateStyle - (c,324044,2),49:0.500000:2,(r,324044,324044),F
[Thu Sep 03 14:55:33 UTC 2026][INFO] [Action] E SplitContainer - 323859
[Thu Sep 03 14:55:42 UTC 2026][INFO] [Action] E AddTextContainer - (c,324234,2),0,0,0
[Thu Sep 03 14:55:46 UTC 2026][INFO] [Action] E MergeContainer - 324392,1
[Thu Sep 03 14:56:00 UTC 2026][INFO] [Action] E InsertTextContent - (r,321686,321700),[F]
[Thu Sep 03 14:56:03 UTC 2026][INFO] [Action] E InsertTextContent - (c,321686,2),[U]
[Thu Sep 03 14:56:03 UTC 2026][INFO] [Action] E InsertTextContent - (c,321687,2),[R]
[Thu Sep 03 14:56:03 UTC 2026][INFO] [Action] E InsertTextContent - (c,321688,2),[T]
[Thu Sep 03 14:56:04 UTC 2026][INFO] [Action] E InsertTextContent - (c,321689,2),[H]
[Thu Sep 03 14:56:04 UTC 2026][INFO] [Action] E InsertTextContent - (c,321690,2),[E]
[Thu Sep 03 14:56:04 UTC 2026][INFO] [Action] E InsertTextContent - (c,321691,2),[R]
[Thu Sep 03 14:56:05 UTC 2026][INFO] [Action] E InsertTextContent - (c,321692,2),[SPACE]
[Thu Sep 03 14:56:06 UTC 2026][INFO] [Action] E InsertTextContent - (c,321693,2),[r]
[Thu Sep 03 14:56:07 UTC 2026][INFO] [Action] E InsertTextContent - (c,321694,2),[E]
[Thu Sep 03 14:56:07 UTC 2026][INFO] [Action] E InsertTextContent - (c,321695,2),[A]
[Thu Sep 03 14:56:07 UTC 2026][INFO] [Action] E InsertTextContent - (c,321696,2),[D]
[Thu Sep 03 14:56:08 UTC 2026][INFO] [Action] E InsertTextContent - (c,321697,2),[I]
[Thu Sep 03 14:56:08 UTC 2026][INFO] [Action] E InsertTextContent - (c,321698,2),[N]
[Thu Sep 03 14:56:09 UTC 2026][INFO] [Action] E InsertTextContent - (c,321699,2),[G]
[Thu Sep 03 14:56:13 UTC 2026][INFO] [Action] E InsertTextContent - (r,321693,321694),[R]
[Thu Sep 03 14:56:15 UTC 2026][INFO] [Action] E InsertTextContent - (c,321692,2),[SPACE]
[Thu Sep 03 14:56:30 UTC 2026][INFO] [Action] E UpdateStyle - (c,322520,2),49:0.250000:2,(r,322520,322520),F
[Thu Sep 03 14:56:30 UTC 2026][INFO] [Action] E UpdateStyle - (c,322520,2),49:0.500000:2,(r,322520,322520),F
[Thu Sep 03 14:56:35 UTC 2026][INFO] [Action] E UpdateStyle - (r,322928,322933),49:0.250000:2,(r,322928,322933),F
[Thu Sep 03 14:56:35 UTC 2026][INFO] [Action] E UpdateStyle - (r,322928,322933),49:0.500000:2,(r,322928,322933),F
[Thu Sep 03 14:56:38 UTC 2026][INFO] [Action] E UpdateStyle - (c,322728,2),49:0.250000:2,(r,322728,322728),F
[Thu Sep 03 14:56:38 UTC 2026][INFO] [Action] E UpdateStyle - (c,322728,2),49:0.500000:2,(r,322728,322728),F
[Thu Sep 03 14:56:47 UTC 2026][INFO] [Action] E UpdateStyle - (c,321369,2),49:0.250000:2,(r,321369,321369),F
[Thu Sep 03 14:56:49 UTC 2026][INFO] [Action] E UpdateStyle - (c,321369,2),49:0.500000:2,(r,321369,321369),F
[Thu Sep 03 14:56:57 UTC 2026][INFO] [Action] E UpdateStyle - (c,322219,2),49:0.000000:2,(r,322219,322219),F
[Thu Sep 03 14:57:24 UTC 2026][INFO] [Action] E RemoveSectionBreak - 319203,1
[Thu Sep 03 14:57:33 UTC 2026][INFO] [Action] E UpdateStyle - (c,319203,2),49:0.250000:2,(r,319203,319203),F
[Thu Sep 03 14:57:38 UTC 2026][INFO] [Action] E UpdateStyle - (c,319393,2),49:0.250000:2,(r,319393,319393),F
[Thu Sep 03 14:57:58 UTC 2026][INFO] [Action] E UpdateStyle - (r,316808,318219),16:10.000000:2,(r,316808,318219),F
[Thu Sep 03 14:58:08 UTC 2026][INFO] [Action] E UpdateStyle - (r,318096,318547),16:10.000000:2,(r,318096,318547),F
[Thu Sep 03 14:58:16 UTC 2026][INFO] [Action] E UpdateStyle - (r,318688,321299),16:10.000000:2,(r,318688,321299),F
[Thu Sep 03 14:58:31 UTC 2026][INFO] [Action] E UpdateStyle - (r,321294,321351),16:10.000000:2,(r,321294,321351),F
[Thu Sep 03 14:58:38 UTC 2026][INFO] [Action] E UpdateStyle - (r,318688,321289),11:Bookerly,serif:4,(r,318688,321289),F
[Thu Sep 03 14:58:41 UTC 2026][INFO] [Action] E UpdateStyle - (r,318688,321289),11:AmazonEmber,sans-serif:4,(r,318688,321289),F
[Thu Sep 03 14:58:56 UTC 2026][INFO] [Action] E UpdateStyle - (r,316808,321351),16:10.000000:2,(r,316808,321351),F
[Thu Sep 03 14:58:58 UTC 2026][INFO] [Action] E UpdateStyle - (r,316808,321351),11:Bookerly,serif:4,(r,316808,321351),F
[Thu Sep 03 14:59:00 UTC 2026][INFO] [Action] E UpdateStyle - (r,316808,321351),11:AmazonEmber,sans-serif:4,(r,316808,321351),F
[Thu Sep 03 14:59:10 UTC 2026][INFO] [Action] E UpdateStyle - (c,316807,2),49:0.250000:2,(r,316807,316807),F
[Thu Sep 03 14:59:10 UTC 2026][INFO] [Action] E UpdateStyle - (c,316807,2),49:0.500000:2,(r,316807,316807),F
[Thu Sep 03 14:59:17 UTC 2026][INFO] [Action] E UpdateStyle - (c,316691,2),49:0.750000:2,(r,316691,316691),F
[Thu Sep 03 14:59:36 UTC 2026][INFO] [Action] E UpdateStyle - (r,316808,321351),16:9.000000:2,(r,316808,321351),F
[Thu Sep 03 14:59:44 UTC 2026][INFO] [Action] E UpdateStyle - (c,316984,2),49:0.250000:2,(r,316984,316984),F
[Thu Sep 03 14:59:50 UTC 2026][INFO] [Action] E UpdateStyle - (c,317174,2),49:0.250000:2,(r,317174,317174),F
[Thu Sep 03 15:00:00 UTC 2026][INFO] [Action] E UpdateStyle - (c,317412,2),50:1.000000:2,(r,317412,317412),F
[Thu Sep 03 15:00:02 UTC 2026][INFO] [Action] E UpdateStyle - (c,317412,2),50:2.000000:2,(r,317412,317412),F
[Thu Sep 03 15:00:06 UTC 2026][INFO] [Action] U UpdateStyle
[Thu Sep 03 15:00:06 UTC 2026][INFO] [Action] U UpdateStyle
[Thu Sep 03 15:00:10 UTC 2026][INFO] [Action] E UpdateStyle - (c,317412,2),49:0.250000:2,(r,317412,317412),F
[Thu Sep 03 15:00:15 UTC 2026][INFO] [Action] E UpdateStyle - (c,317822,2),49:0.250000:2,(r,317822,317822),F
[Thu Sep 03 15:00:19 UTC 2026][INFO] [Action] E UpdateStyle - (c,318095,2),49:0.250000:2,(r,318095,318095),F
[Thu Sep 03 15:00:25 UTC 2026][INFO] [Action] E UpdateStyle - (c,318219,2),49:0.250000:2,(r,318219,318219),F
[Thu Sep 03 15:00:31 UTC 2026][INFO] [Action] E UpdateStyle - (c,318353,2),49:0.250000:2,(r,318353,318353),F
[Thu Sep 03 15:00:35 UTC 2026][INFO] [Action] E UpdateStyle - (c,318537,2),49:0.250000:2,(r,318537,318537),F
[Thu Sep 03 15:00:39 UTC 2026][INFO] [Action] E UpdateStyle - (c,318687,2),49:0.250000:2,(r,318687,318687),F
[Thu Sep 03 15:00:44 UTC 2026][INFO] [Action] E UpdateStyle - (c,319087,2),49:0.250000:2,(r,319087,319087),F
[Thu Sep 03 15:00:57 UTC 2026][INFO] [Action] E UpdateStyle - (c,319630,2),49:0.250000:2,(r,319630,319630),F
[Thu Sep 03 15:01:01 UTC 2026][INFO] [Action] E UpdateStyle - (c,319814,2),49:0.250000:2,(r,319814,319814),F
[Thu Sep 03 15:01:05 UTC 2026][INFO] [Action] E UpdateStyle - (c,320067,2),49:0.250000:2,(r,320067,320067),F
[Thu Sep 03 15:01:09 UTC 2026][INFO] [Action] E UpdateStyle - (c,320309,2),49:0.250000:2,(r,320309,320309),F
[Thu Sep 03 15:01:13 UTC 2026][INFO] [Action] E UpdateStyle - (c,320595,2),49:0.250000:2,(r,320595,320595),F
[Thu Sep 03 15:01:18 UTC 2026][INFO] [Action] E UpdateStyle - (c,320882,2),49:0.250000:2,(r,320882,320882),F
[Thu Sep 03 15:01:21 UTC 2026][INFO] [Action] E UpdateStyle - (c,321028,2),49:0.250000:2,(r,321028,321028),F
[Thu Sep 03 15:01:28 UTC 2026][INFO] [Action] E UpdateStyle - (c,321159,2),49:0.250000:2,(r,321159,321159),F
[Thu Sep 03 15:01:44 UTC 2026][INFO] [Action] E SaveBook - Save
[Thu Sep 03 15:36:41 UTC 2026][INFO] [Action] E UpdateStyle - (r,315146,315190),11:Bookerly,serif:4,(r,315146,315190),F
[Thu Sep 03 15:36:43 UTC 2026][INFO] [Action] E UpdateStyle - (r,315146,315190),11:AmazonEmber,sans-serif:4,(r,315146,315190),F
[Thu Sep 03 15:36:52 UTC 2026][INFO] [Action] E UpdateStyle - (r,315925,316681),11:Bookerly,serif:4,(r,315925,316681),F
[Thu Sep 03 15:36:54 UTC 2026][INFO] [Action] E UpdateStyle - (r,315925,316681),11:AmazonEmber,sans-serif:4,(r,315925,316681),F
[Thu Sep 03 15:36:58 UTC 2026][INFO] [Action] E UpdateStyle - (r,315925,315940),13:361:3,(r,315925,315940),F
[Thu Sep 03 15:37:01 UTC 2026][INFO] [Action] E UpdateStyle - (c,315168,2),34:320:3,(r,315168,315168),F
[Thu Sep 03 15:37:20 UTC 2026][INFO] [Action] E MergeContainer - 314694,0
[Thu Sep 03 15:38:15 UTC 2026][INFO] [Action] E ItemChanged - -1,8355
[Thu Sep 03 15:38:24 UTC 2026][INFO] [Action] E ItemChanged - -1,36305
[Thu Sep 03 15:38:25 UTC 2026][INFO] [Action] E ItemChanged - -1,36305
[Thu Sep 03 15:38:52 UTC 2026][INFO] [Action] U MergeContainer
[Thu Sep 03 15:38:58 UTC 2026][INFO] [Action] E ItemChanged - -1,283249
[Thu Sep 03 15:39:07 UTC 2026][INFO] [Action] E ItemChanged - -1,286540
[Thu Sep 03 15:39:09 UTC 2026][INFO] [Action] E ItemChanged - -1,283249
[Thu Sep 03 15:39:14 UTC 2026][INFO] [Action] E ItemChanged - -1,8355
[Thu Sep 03 15:39:20 UTC 2026][INFO] [Action] E ItemChanged - -1,35898
[Thu Sep 03 15:39:29 UTC 2026][INFO] [Action] E ItemChanged - -1,8355
[Thu Sep 03 15:39:35 UTC 2026][INFO] [Action] U UpdateStyle
[Thu Sep 03 15:39:40 UTC 2026][INFO] [Action] E UpdateStyle - (c,315168,2),34:320:3,(r,315168,315168),F
[Thu Sep 03 15:39:43 UTC 2026][INFO] [Action] E ItemChanged - -1,8355
[Thu Sep 03 15:39:50 UTC 2026][INFO] [Action] E InsertTextContent - (c,8363,2),[SPACE]
[Thu Sep 03 15:39:51 UTC 2026][INFO] [Action] E InsertTextContent - (c,8364,2),[-]
[Thu Sep 03 15:39:51 UTC 2026][INFO] [Action] E InsertTextContent - (c,8365,2),[SPACE]
[Thu Sep 03 15:39:53 UTC 2026][INFO] [Action] E MergeContainer - 8366,0
[Thu Sep 03 15:39:57 UTC 2026][INFO] [Action] E ItemChanged - -1,36308
[Thu Sep 03 15:39:59 UTC 2026][INFO] [Action] E InsertTextContent - (c,36316,2),[SPACE]
[Thu Sep 03 15:40:00 UTC 2026][INFO] [Action] E InsertTextContent - (c,36317,2),[-]
[Thu Sep 03 15:40:01 UTC 2026][INFO] [Action] E InsertTextContent - (c,36318,2),[SPACE]
[Thu Sep 03 15:40:01 UTC 2026][INFO] [Action] E MergeContainer - 36319,0
[Thu Sep 03 15:40:06 UTC 2026][INFO] [Action] E ItemChanged - -1,61251
[Thu Sep 03 15:40:08 UTC 2026][INFO] [Action] E InsertTextContent - (c,61259,2),[SPACE]
[Thu Sep 03 15:40:09 UTC 2026][INFO] [Action] E InsertTextContent - (c,61260,2),[-]
[Thu Sep 03 15:40:09 UTC 2026][INFO] [Action] E InsertTextContent - (c,61261,2),[SPACE]
[Thu Sep 03 15:40:14 UTC 2026][INFO] [Action] E MergeContainer - 61262,0
[Thu Sep 03 15:40:18 UTC 2026][INFO] [Action] E ItemChanged - -1,76447
[Thu Sep 03 15:40:20 UTC 2026][INFO] [Action] E InsertTextContent - (c,76455,2),[SPACE]
[Thu Sep 03 15:40:21 UTC 2026][INFO] [Action] E InsertTextContent - (c,76456,2),[-]
[Thu Sep 03 15:40:21 UTC 2026][INFO] [Action] E InsertTextContent - (c,76457,2),[SPACE]
[Thu Sep 03 15:40:21 UTC 2026][INFO] [Action] E MergeContainer - 76458,0
[Thu Sep 03 15:40:23 UTC 2026][INFO] [Action] E ItemChanged - -1,99759
[Thu Sep 03 15:40:25 UTC 2026][INFO] [Action] E InsertTextContent - (c,99767,2),[SPACE]
[Thu Sep 03 15:40:26 UTC 2026][INFO] [Action] E MergeContainer - 99768,0
[Thu Sep 03 15:40:27 UTC 2026][INFO] [Action] E InsertTextContent - (c,99768,2),[SPACE]
[Thu Sep 03 15:40:29 UTC 2026][INFO] [Action] E InsertTextContent - (c,99769,2),[-]
[Thu Sep 03 15:40:29 UTC 2026][INFO] [Action] E InsertTextContent - (c,99770,2),[SPACE]
[Thu Sep 03 15:40:31 UTC 2026][INFO] [Action] E InsertTextContent - (c,99771,2),[SPACE]
[Thu Sep 03 15:40:34 UTC 2026][INFO] [Action] E ItemChanged - -1,130869
[Thu Sep 03 15:40:37 UTC 2026][INFO] [Action] E InsertTextContent - (c,130877,2),[SPACE]
[Thu Sep 03 15:40:38 UTC 2026][INFO] [Action] E InsertTextContent - (c,130878,2),[-]
[Thu Sep 03 15:40:38 UTC 2026][INFO] [Action] E InsertTextContent - (c,130879,2),[SPACE]
[Thu Sep 03 15:40:40 UTC 2026][INFO] [Action] E MergeContainer - 130880,0
[Thu Sep 03 15:40:43 UTC 2026][INFO] [Action] E ItemChanged - -1,156008
[Thu Sep 03 15:40:45 UTC 2026][INFO] [Action] E InsertTextContent - (c,156016,2),[SPACE]
[Thu Sep 03 15:40:46 UTC 2026][INFO] [Action] E MergeContainer - 156017,0
[Thu Sep 03 15:40:50 UTC 2026][INFO] [Action] E InsertTextContent - (c,156017,2),[-]
[Thu Sep 03 15:40:50 UTC 2026][INFO] [Action] E InsertTextContent - (c,156018,2),[SPACE]
[Thu Sep 03 15:40:56 UTC 2026][INFO] [Action] E InsertTextContent - (c,156049,2),[SPACE]
[Thu Sep 03 15:40:56 UTC 2026][INFO] [Action] E MergeContainer - 156050,0
[Thu Sep 03 15:41:02 UTC 2026][INFO] [Action] E ItemChanged - -1,172776
[Thu Sep 03 15:41:04 UTC 2026][INFO] [Action] E InsertTextContent - (c,172784,2),[SPACE]
[Thu Sep 03 15:41:04 UTC 2026][INFO] [Action] E MergeContainer - 172785,0
[Thu Sep 03 15:41:06 UTC 2026][INFO] [Action] E InsertTextContent - (c,172785,2),[SPACE]
[Thu Sep 03 15:41:08 UTC 2026][INFO] [Action] E InsertTextContent - (c,172786,2),[-]
[Thu Sep 03 15:41:09 UTC 2026][INFO] [Action] E InsertTextContent - (c,172787,2),[SPACE]
[Thu Sep 03 15:41:12 UTC 2026][INFO] [Action] E ItemChanged - -1,181853
[Thu Sep 03 15:41:14 UTC 2026][INFO] [Action] E InsertTextContent - (r,181861,181879),[SPACE]
[Thu Sep 03 15:41:14 UTC 2026][INFO] [Action] E InsertTextContent - (c,181861,2),[-]
[Thu Sep 03 15:41:14 UTC 2026][INFO] [Action] E InsertTextContent - (c,181862,2),[SPACE]
[Thu Sep 03 15:41:18 UTC 2026][INFO] [Action] U InsertTextContent
[Thu Sep 03 15:41:18 UTC 2026][INFO] [Action] U InsertTextContent
[Thu Sep 03 15:41:23 UTC 2026][INFO] [Action] E InsertTextContent - (c,181861,2),[-]
[Thu Sep 03 15:41:23 UTC 2026][INFO] [Action] E InsertTextContent - (c,181862,2),[SPACE]
[Thu Sep 03 15:41:29 UTC 2026][INFO] [Action] E ItemChanged - -1,199412
[Thu Sep 03 15:41:30 UTC 2026][INFO] [Action] E ItemChanged - -1,199412
[Thu Sep 03 15:41:33 UTC 2026][INFO] [Action] E InsertTextContent - (c,199421,2),[SPACE]
[Thu Sep 03 15:41:33 UTC 2026][INFO] [Action] E MergeContainer - 199422,0
[Thu Sep 03 15:41:34 UTC 2026][INFO] [Action] E InsertTextContent - (c,199422,2),[SPACE]
[Thu Sep 03 15:41:36 UTC 2026][INFO] [Action] E InsertTextContent - (c,199423,2),[-]
[Thu Sep 03 15:41:36 UTC 2026][INFO] [Action] E InsertTextContent - (c,199424,2),[SPACE]
[Thu Sep 03 15:41:36 UTC 2026][INFO] [Action] E InsertTextContent - (c,199425,2),[SPACE]
[Thu Sep 03 15:41:40 UTC 2026][INFO] [Action] E ItemChanged - -1,211226
[Thu Sep 03 15:41:43 UTC 2026][INFO] [Action] E InsertTextContent - (c,211235,2),[SPACE]
[Thu Sep 03 15:41:44 UTC 2026][INFO] [Action] E InsertTextContent - (c,211236,2),[-]
[Thu Sep 03 15:41:44 UTC 2026][INFO] [Action] E InsertTextContent - (c,211237,2),[SPACE]
[Thu Sep 03 15:41:46 UTC 2026][INFO] [Action] E MergeContainer - 211238,0
[Thu Sep 03 15:41:48 UTC 2026][INFO] [Action] E ItemChanged - -1,218900
[Thu Sep 03 15:41:51 UTC 2026][INFO] [Action] E InsertTextContent - (c,218909,2),[SPACE]
[Thu Sep 03 15:41:51 UTC 2026][INFO] [Action] E InsertTextContent - (c,218910,2),[-]
[Thu Sep 03 15:41:52 UTC 2026][INFO] [Action] E InsertTextContent - (c,218911,2),[SPACE]
[Thu Sep 03 15:41:54 UTC 2026][INFO] [Action] E MergeContainer - 218912,0
[Thu Sep 03 15:41:59 UTC 2026][INFO] [Action] E ItemChanged - -1,229748
[Thu Sep 03 15:42:01 UTC 2026][INFO] [Action] E InsertTextContent - (c,229757,2),[SPACE]
[Thu Sep 03 15:42:02 UTC 2026][INFO] [Action] E InsertTextContent - (c,229758,2),[-]
[Thu Sep 03 15:42:03 UTC 2026][INFO] [Action] E InsertTextContent - (c,229759,2),[SPACE]
[Thu Sep 03 15:42:04 UTC 2026][INFO] [Action] E MergeContainer - 229760,0
[Thu Sep 03 15:42:07 UTC 2026][INFO] [Action] E ItemChanged - -1,243232
[Thu Sep 03 15:42:08 UTC 2026][INFO] [Action] E InsertTextContent - (c,243241,2),[SPACE]
[Thu Sep 03 15:42:09 UTC 2026][INFO] [Action] E MergeContainer - 243242,0
[Thu Sep 03 15:42:09 UTC 2026][INFO] [Action] E InsertTextContent - (c,243242,2),[SPACE]
[Thu Sep 03 15:42:10 UTC 2026][INFO] [Action] E DeleteContent - (r,243244,243244),F
[Thu Sep 03 15:42:11 UTC 2026][INFO] [Action] E InsertTextContent - (c,243243,2),[SPACE]
[Thu Sep 03 15:42:12 UTC 2026][INFO] [Action] E InsertTextContent - (c,243244,2),[-]
[Thu Sep 03 15:42:12 UTC 2026][INFO] [Action] E InsertTextContent - (c,243245,2),[SPACE]
[Thu Sep 03 15:42:13 UTC 2026][INFO] [Action] E DeleteContent - (r,243247,243247),F
[Thu Sep 03 15:42:17 UTC 2026][INFO] [Action] U DeleteContent
[Thu Sep 03 15:42:18 UTC 2026][INFO] [Action] U InsertTextContent
[Thu Sep 03 15:42:18 UTC 2026][INFO] [Action] U InsertTextContent
[Thu Sep 03 15:42:18 UTC 2026][INFO] [Action] U InsertTextContent
[Thu Sep 03 15:42:19 UTC 2026][INFO] [Action] U DeleteContent
[Thu Sep 03 15:42:23 UTC 2026][INFO] [Action] E InsertTextContent - (c,243241,2),[SPACE]
[Thu Sep 03 15:42:23 UTC 2026][INFO] [Action] E InsertTextContent - (c,243242,2),[-]
[Thu Sep 03 15:42:23 UTC 2026][INFO] [Action] E InsertTextContent - (c,243243,2),[SPACE]
[Thu Sep 03 15:42:27 UTC 2026][INFO] [Action] E DeleteContent - (r,243243,243243),F
[Thu Sep 03 15:42:29 UTC 2026][INFO] [Action] E InsertTextContent - (c,243242,2),[SPACE]
[Thu Sep 03 15:42:30 UTC 2026][INFO] [Action] E InsertTextContent - (c,243243,2),[-]
[Thu Sep 03 15:42:31 UTC 2026][INFO] [Action] E DeleteContent - (r,243245,243245),F
[Thu Sep 03 15:42:34 UTC 2026][INFO] [Action] E ItemChanged - -1,260875
[Thu Sep 03 15:42:35 UTC 2026][INFO] [Action] E ItemChanged - -1,260875
[Thu Sep 03 15:42:37 UTC 2026][INFO] [Action] E InsertTextContent - (c,260884,2),[SPACE]
[Thu Sep 03 15:42:38 UTC 2026][INFO] [Action] E InsertTextContent - (c,260885,2),[-]
[Thu Sep 03 15:42:38 UTC 2026][INFO] [Action] E InsertTextContent - (c,260886,2),[SPACE]
[Thu Sep 03 15:42:39 UTC 2026][INFO] [Action] E MergeContainer - 260887,0
[Thu Sep 03 15:42:44 UTC 2026][INFO] [Action] E ItemChanged - -1,273862
[Thu Sep 03 15:43:15 UTC 2026][INFO] [Action] E Copy - (r,274053,274064)
[Thu Sep 03 15:43:17 UTC 2026][INFO] [Action] E InsertTextContent - (c,273869,2),[SPACE]
[Thu Sep 03 15:43:17 UTC 2026][INFO] [Action] E InsertTextContent - (c,273870,2),[-]
[Thu Sep 03 15:43:18 UTC 2026][INFO] [Action] E InsertTextContent - (c,273871,2),[SPACE]
[Thu Sep 03 15:43:21 UTC 2026][INFO] [Action] E Paste - (c,273872,2),12
[Thu Sep 03 15:43:24 UTC 2026][INFO] [Action] E MergeContainer - 273872,0
[Thu Sep 03 15:43:26 UTC 2026][INFO] [Action] E InsertTextContent - (c,273872,2),[SPACE]
[Thu Sep 03 15:43:27 UTC 2026][INFO] [Action] E InsertTextContent - (c,273869,2),[SPACE]
[Thu Sep 03 15:43:38 UTC 2026][INFO] [Action] E InsertTextContent - (r,273887,273896),[T]
[Thu Sep 03 15:43:51 UTC 2026][INFO] [Action] E UpdateStyle - (r,273887,273972),12:382:3,(r,273887,273972),F
[Thu Sep 03 15:43:58 UTC 2026][INFO] [Action] E UpdateStyle - (r,273971,274001),12:382:3,(r,273971,274001),F
[Thu Sep 03 15:44:12 UTC 2026][INFO] [Action] E UpdateStyle - (c,277222,2),49:0.250000:2,(r,277222,277222),F
[Thu Sep 03 15:44:13 UTC 2026][INFO] [Action] E UpdateStyle - (c,277222,2),49:0.500000:2,(r,277222,277222),F
[Thu Sep 03 15:44:17 UTC 2026][INFO] [Action] E UpdateStyle - (c,277256,2),49:0.250000:2,(r,277256,277256),F
[Thu Sep 03 15:44:18 UTC 2026][INFO] [Action] E UpdateStyle - (c,277256,2),49:0.500000:2,(r,277256,277256),F
[Thu Sep 03 15:44:22 UTC 2026][INFO] [Action] E UpdateStyle - (c,277294,2),49:0.250000:2,(r,277294,277294),F
[Thu Sep 03 15:44:22 UTC 2026][INFO] [Action] E UpdateStyle - (c,277294,2),49:0.500000:2,(r,277294,277294),F
[Thu Sep 03 15:44:31 UTC 2026][INFO] [Action] E UpdateStyle - (c,277324,2),49:0.250000:2,(r,277324,277324),F
[Thu Sep 03 15:44:32 UTC 2026][INFO] [Action] E UpdateStyle - (c,277324,2),49:0.500000:2,(r,277324,277324),F
[Thu Sep 03 15:44:35 UTC 2026][INFO] [Action] E UpdateStyle - (c,277481,2),49:0.250000:2,(r,277481,277481),F
[Thu Sep 03 15:44:35 UTC 2026][INFO] [Action] E UpdateStyle - (c,277481,2),49:0.500000:2,(r,277481,277481),F
[Thu Sep 03 15:44:42 UTC 2026][INFO] [Action] E UpdateStyle - (c,277534,2),49:0.250000:2,(r,277534,277534),F
[Thu Sep 03 15:44:44 UTC 2026][INFO] [Action] E UpdateStyle - (c,277534,2),49:0.500000:2,(r,277534,277534),F
[Thu Sep 03 15:44:47 UTC 2026][INFO] [Action] E UpdateStyle - (c,277704,2),49:0.250000:2,(r,277704,277704),F
[Thu Sep 03 15:44:47 UTC 2026][INFO] [Action] E UpdateStyle - (c,277704,2),49:0.500000:2,(r,277704,277704),F
[Thu Sep 03 15:44:51 UTC 2026][INFO] [Action] E UpdateStyle - (r,277736,277756),49:0.250000:2,(r,277736,277756),F
[Thu Sep 03 15:44:51 UTC 2026][INFO] [Action] E UpdateStyle - (r,277736,277756),49:0.500000:2,(r,277736,277756),F
[Thu Sep 03 15:44:56 UTC 2026][INFO] [Action] E UpdateStyle - (c,278030,2),49:0.250000:2,(r,278030,278030),F
[Thu Sep 03 15:44:57 UTC 2026][INFO] [Action] E UpdateStyle - (c,278030,2),49:0.500000:2,(r,278030,278030),F
[Thu Sep 03 15:45:02 UTC 2026][INFO] [Action] E UpdateStyle - (c,278040,2),49:0.250000:2,(r,278040,278040),F
[Thu Sep 03 15:45:02 UTC 2026][INFO] [Action] E UpdateStyle - (c,278040,2),49:0.500000:2,(r,278040,278040),F
[Thu Sep 03 15:45:17 UTC 2026][INFO] [Action] E InsertSectionBreak - (c,279050,2)
[Thu Sep 03 15:45:38 UTC 2026][INFO] [Action] E ItemChanged - -1,273862
[Thu Sep 03 15:46:00 UTC 2026][INFO] [Action] E ItemChanged - -1,273862
[Thu Sep 03 15:46:42 UTC 2026][INFO] [Action] E UpdateStyle - (r,281320,281353),13:361:3,(r,281320,281353),F
[Thu Sep 03 15:46:54 UTC 2026][INFO] [Action] E UpdateStyle - (r,281320,283290),11:Bookerly,serif:4,(r,281320,283290),F
[Thu Sep 03 15:46:56 UTC 2026][INFO] [Action] E UpdateStyle - (r,281320,283290),11:AmazonEmber,sans-serif:4,(r,281320,283290),F
[Thu Sep 03 15:47:22 UTC 2026][INFO] [Action] E UpdateStyle - (r,286583,286623),16:12.000000:2,(r,286583,286623),F
[Thu Sep 03 15:47:37 UTC 2026][INFO] [Action] E UpdateStyle - (r,286583,286666),16:10.000000:2,(r,286583,286666),F
[Thu Sep 03 15:47:46 UTC 2026][INFO] [Action] E UpdateStyle - (r,286583,286666),16:12.000000:2,(r,286583,286666),F
[Thu Sep 03 15:47:52 UTC 2026][INFO] [Action] E UpdateStyle - (c,286826,2),49:0.250000:2,(r,286826,286826),F
[Thu Sep 03 15:48:08 UTC 2026][INFO] [Action] E UpdateStyle - (c,287039,2),49:0.500000:2,(r,287039,287039),F
[Thu Sep 03 15:48:29 UTC 2026][INFO] [Action] E MergeContainer - 287004,1
[Thu Sep 03 15:48:32 UTC 2026][INFO] [Action] E UpdateStyle - (c,287003,2),49:0.250000:2,(r,287003,287003),F
[Thu Sep 03 15:48:33 UTC 2026][INFO] [Action] E UpdateStyle - (c,287003,2),49:0.500000:2,(r,287003,287003),F
[Thu Sep 03 15:48:45 UTC 2026][INFO] [Action] E DeleteContent - (r,286745,286754),F
[Thu Sep 03 15:48:50 UTC 2026][INFO] [Action] U DeleteContent
[Thu Sep 03 15:48:52 UTC 2026][INFO] [Action] E MergeContainer - 286715,1
[Thu Sep 03 15:48:56 UTC 2026][INFO] [Action] E UpdateStyle - (c,286714,2),49:0.250000:2,(r,286714,286714),F
[Thu Sep 03 15:48:57 UTC 2026][INFO] [Action] E UpdateStyle - (c,286714,2),49:0.500000:2,(r,286714,286714),F
[Thu Sep 03 15:48:57 UTC 2026][INFO] [Action] E UpdateStyle - (c,286714,2),49:0.750000:2,(r,286714,286714),F
[Thu Sep 03 15:49:02 UTC 2026][INFO] [Action] E UpdateStyle - (c,286714,2),49:0.500000:2,(r,286714,286714),F
[Thu Sep 03 15:49:08 UTC 2026][INFO] [Action] E SaveBook - Save
[Thu Sep 03 15:50:30 UTC 2026][INFO] [Action] E ItemChanged - -1,1445
[Thu Sep 03 15:50:38 UTC 2026][INFO] [Action] E DeleteContent - (r,1445,1445),F
[Thu Sep 03 15:50:39 UTC 2026][INFO] [Action] E DeleteContent - (r,1445,1445),F
[Thu Sep 03 15:50:39 UTC 2026][INFO] [Action] E DeleteContent - (r,1445,1445),F
[Thu Sep 03 15:50:39 UTC 2026][INFO] [Action] E DeleteContent - (r,1445,1445),F
[Thu Sep 03 15:50:39 UTC 2026][INFO] [Action] E DeleteContent - (r,1445,1445),F
[Thu Sep 03 15:50:39 UTC 2026][INFO] [Action] E DeleteContent - (r,1445,1445),F
[Thu Sep 03 15:50:40 UTC 2026][INFO] [Action] E DeleteContent - (r,1445,1445),F
[Thu Sep 03 15:50:40 UTC 2026][INFO] [Action] E DeleteContent - (r,1445,1445),F
[Thu Sep 03 15:50:42 UTC 2026][INFO] [Action] E RemoveSectionBreak - 1445,0
[Thu Sep 03 15:50:44 UTC 2026][INFO] [Action] E MergeContainer - 1444,1
[Thu Sep 03 15:51:03 UTC 2026][INFO] [Action] E AddTextContainer - (c,595,1),1,0,0
[Thu Sep 03 15:51:06 UTC 2026][INFO] [Action] E InsertTextContent - (c,595,2),[P]
[Thu Sep 03 15:51:07 UTC 2026][INFO] [Action] E InsertTextContent - (c,595,2),[r]
[Thu Sep 03 15:51:07 UTC 2026][INFO] [Action] E InsertTextContent - (c,596,2),[o]
[Thu Sep 03 15:51:08 UTC 2026][INFO] [Action] E InsertTextContent - (c,597,2),[L]
[Thu Sep 03 15:51:09 UTC 2026][INFO] [Action] E InsertTextContent - (c,598,2),[O]
[Thu Sep 03 15:51:09 UTC 2026][INFO] [Action] E InsertTextContent - (c,599,2),[G]
[Thu Sep 03 15:51:15 UTC 2026][INFO] [Action] E InsertTextContent - (r,596,597),[R]
[Thu Sep 03 15:51:16 UTC 2026][INFO] [Action] E InsertTextContent - (c,596,2),[O]
[Thu Sep 03 15:51:18 UTC 2026][INFO] [Action] E InsertTextContent - (c,600,2),[U]
[Thu Sep 03 15:51:19 UTC 2026][INFO] [Action] E InsertTextContent - (c,601,2),[E]
[Thu Sep 03 15:53:58 UTC 2026][INFO] [Action] E ItemChanged - -1,576
[Thu Sep 03 15:54:00 UTC 2026][INFO] [Action] E ItemChanged - -1,576
[Thu Sep 03 15:54:04 UTC 2026][INFO] [Action] E MergeContainer - 576,0
[Thu Sep 03 15:54:05 UTC 2026][INFO] [Action] E MergeContainer - 576,0
[Thu Sep 03 15:54:14 UTC 2026][INFO] [Action] E ItemChanged - -1,260871
[Thu Sep 03 15:54:17 UTC 2026][INFO] [Action] E ItemChanged - -1,273858
[Thu Sep 03 15:54:19 UTC 2026][INFO] [Action] E ItemChanged - -1,279047
[Thu Sep 03 15:54:32 UTC 2026][INFO] [Action] E ItemChanged - -1,576
[Thu Sep 03 15:54:39 UTC 2026][INFO] [Action] E UpdateStyle - (r,593,1449),16:10.000000:2,(r,593,1449),F
[Thu Sep 03 15:54:42 UTC 2026][INFO] [Action] E UpdateStyle - (r,593,1449),16:8.000000:2,(r,593,1449),F
[Thu Sep 03 15:54:51 UTC 2026][INFO] [Action] E UpdateStyle - (r,593,1449),16:9.000000:2,(r,593,1449),F
[Thu Sep 03 15:55:17 UTC 2026][INFO] [Action] E AddTextContainer - (c,812,2),0,0,0
[Thu Sep 03 15:55:19 UTC 2026][INFO] [Action] E ItemChanged - -1,279048
[Thu Sep 03 15:55:28 UTC 2026][INFO] [Action] E ItemChanged - -1,273859
[Thu Sep 03 15:55:38 UTC 2026][INFO] [Action] E InsertTextContent - (c,279046,2),[SPACE]
[Thu Sep 03 15:55:38 UTC 2026][INFO] [Action] E RemoveSectionBreak - 279047,1
[Thu Sep 03 15:55:55 UTC 2026][INFO] [Action] E InsertSectionBreak - (c,279048,2)
[Thu Sep 03 15:56:03 UTC 2026][INFO] [Action] E ItemChanged - -1,117786
[Thu Sep 03 15:56:05 UTC 2026][INFO] [Action] E ItemChanged - -1,117786
[Thu Sep 03 15:56:10 UTC 2026][INFO] [Action] E DeleteContent - (r,117727,117730),F
[Thu Sep 03 15:56:14 UTC 2026][INFO] [Action] U DeleteContent
[Thu Sep 03 15:56:17 UTC 2026][INFO] [Action] E RemoveSectionBreak - 117784,1
[Thu Sep 03 15:56:21 UTC 2026][INFO] [Action] E UpdateStyle - (c,117784,2),49:0.250000:2,(r,117784,117784),F
[Thu Sep 03 15:56:22 UTC 2026][INFO] [Action] E UpdateStyle - (c,117784,2),49:0.500000:2,(r,117784,117784),F
[Thu Sep 03 15:56:23 UTC 2026][INFO] [Action] E UpdateStyle - (c,117784,2),49:0.750000:2,(r,117784,117784),F
[Thu Sep 03 15:56:57 UTC 2026][INFO] [Action] E ItemChanged - -1,35898
[Thu Sep 03 15:57:11 UTC 2026][INFO] [Action] E RemoveSectionBreak - 35896,1
[Thu Sep 03 15:57:21 UTC 2026][INFO] [Action] E InsertSectionBreak - (c,35897,2)
[Thu Sep 03 15:57:27 UTC 2026][INFO] [Action] E ItemChanged - -1,35898
[Thu Sep 03 15:57:36 UTC 2026][INFO] [Action] U InsertSectionBreak
[Thu Sep 03 15:57:43 UTC 2026][INFO] [Action] E AddTextContainer - (c,35896,2),0,0,0
[Thu Sep 03 15:57:46 UTC 2026][INFO] [Action] E AddTextContainer - (c,35897,1),1,0,0
[Thu Sep 03 15:57:59 UTC 2026][INFO] [Action] E UpdateStyle - (c,35854,2),49:0.250000:2,(r,35854,35854),F
[Thu Sep 03 15:58:00 UTC 2026][INFO] [Action] E UpdateStyle - (c,35854,2),49:0.500000:2,(r,35854,35854),F
[Thu Sep 03 15:58:06 UTC 2026][INFO] [Action] E MergeContainer - 35898,0
[Thu Sep 03 15:58:16 UTC 2026][INFO] [Action] E ItemChanged - -1,181849
[Thu Sep 03 15:59:08 UTC 2026][INFO] [Action] E ItemChanged - -1,296668
[Thu Sep 03 15:59:26 UTC 2026][INFO] [Action] E Copy - (r,50,84)
[Thu Sep 03 16:00:52 UTC 2026][INFO] [Action] E ItemChanged - -1,181849
[Thu Sep 03 16:01:06 UTC 2026][INFO] [Action] E Paste - (r,181856,181862),24
[Thu Sep 03 16:01:15 UTC 2026][INFO] [Action] E MergeContainer - 181856,1
[Thu Sep 03 16:01:17 UTC 2026][INFO] [Action] E InsertTextContent - (c,181855,2),[SPACE]
[Thu Sep 03 16:01:20 UTC 2026][INFO] [Action] E InsertTextContent - (c,181857,2),[SPACE]
[Thu Sep 03 16:01:21 UTC 2026][INFO] [Action] E InsertTextContent - (c,181858,2),[-]
[Thu Sep 03 16:01:21 UTC 2026][INFO] [Action] E InsertTextContent - (c,181859,2),[SPACE]
[Thu Sep 03 16:01:23 UTC 2026][INFO] [Action] E MergeContainer - 181860,0
[Thu Sep 03 16:01:30 UTC 2026][INFO] [Action] E SaveBook - Save
[Thu Sep 03 16:06:14 UTC 2026][INFO] [Action] E SaveBook - Save
[Thu Sep 03 16:06:20 UTC 2026][INFO] [Action] E ItemChanged - -1,576
[Thu Sep 03 16:06:23 UTC 2026][INFO] [Action] E ItemChanged - -1,1
[Thu Sep 03 16:06:27 UTC 2026][INFO] [Action] E ItemChanged - -1,576
[Thu Sep 03 16:06:39 UTC 2026][INFO] [Action] E ItemChanged - -1,279067
[Thu Sep 03 16:06:47 UTC 2026][INFO] [Action] E RemoveSectionBreak - 279067,0
[Thu Sep 03 16:06:50 UTC 2026][INFO] [Action] E AddTextContainer - (c,279066,1),1,0,0
[Thu Sep 03 16:07:01 UTC 2026][INFO] [Action] E ItemChanged - -1,281336
[Thu Sep 03 16:07:04 UTC 2026][INFO] [Action] E ItemChanged - -1,279624
[Thu Sep 03 16:07:08 UTC 2026][INFO] [Action] E ItemChanged - -1,281336
[Thu Sep 03 19:28:06 UTC 2026][INFO] [Action] E SaveBook - Save
[Thu Sep 03 19:46:41 UTC 2026][INFO] [Action] E ItemChanged - -1,576
[Thu Sep 03 19:46:45 UTC 2026][INFO] [Action] E ItemChanged - -1,1
[Thu Sep 03 19:46:50 UTC 2026][INFO] [Action] E ItemChanged - -1,576
[Thu Sep 03 19:46:55 UTC 2026][INFO] [Action] E ItemChanged - -1,8352
[Thu Sep 03 19:46:59 UTC 2026][INFO] [Action] E ItemChanged - -1,8352
[Thu Sep 03 19:47:00 UTC 2026][INFO] [Action] E ItemChanged - -1,576
[Thu Sep 03 19:47:00 UTC 2026][INFO] [Action] E ItemChanged - -1,576
[Thu Sep 03 19:47:31 UTC 2026][INFO] [Action] E Copy - (r,99766,99786)
[Thu Sep 03 19:47:33 UTC 2026][INFO] [Action] E ItemChanged - -1,99756
[Thu Sep 03 19:47:35 UTC 2026][INFO] [Action] E ItemChanged - -1,576
[Thu Sep 03 19:47:45 UTC 2026][INFO] [Action] E ItemChanged - -1,576
[Thu Sep 03 19:47:49 UTC 2026][INFO] [Action] E InsertTextContent - (c,707,2),[SPACE]
[Thu Sep 03 19:48:14 UTC 2026][INFO] [Action] E Paste - (c,708,1),21
[Thu Sep 03 19:48:19 UTC 2026][INFO] [Action] U Paste
[Thu Sep 03 19:48:24 UTC 2026][INFO] [Action] E Paste - (c,707,1),21
[Thu Sep 03 19:48:27 UTC 2026][INFO] [Action] U Paste
[Thu Sep 03 19:48:33 UTC 2026][INFO] [Action] E InsertTextContent - (c,707,1),[4]
[Thu Sep 03 19:48:34 UTC 2026][INFO] [Action] E InsertTextContent - (c,707,2),[SPACE]
[Thu Sep 03 19:48:35 UTC 2026][INFO] [Action] E InsertTextContent - (c,708,2),[-]
[Thu Sep 03 19:48:35 UTC 2026][INFO] [Action] E InsertTextContent - (c,709,2),[SPACE]
[Thu Sep 03 19:48:37 UTC 2026][INFO] [Action] E InsertTextContent - (c,710,2),[T]
[Thu Sep 03 19:48:39 UTC 2026][INFO] [Action] E InsertTextContent - (c,711,2),[h]
[Thu Sep 03 19:48:39 UTC 2026][INFO] [Action] E InsertTextContent - (c,712,2),[e]
[Thu Sep 03 19:48:39 UTC 2026][INFO] [Action] E InsertTextContent - (c,713,2),[SPACE]
[Thu Sep 03 19:48:39 UTC 2026][INFO] [Action] E InsertTextContent - (c,714,2),[A]
[Thu Sep 03 19:48:40 UTC 2026][INFO] [Action] E InsertTextContent - (c,715,2),[p]
[Thu Sep 03 19:48:40 UTC 2026][INFO] [Action] E InsertTextContent - (c,716,2),[p]
[Thu Sep 03 19:48:41 UTC 2026][INFO] [Action] E InsertTextContent - (c,717,2),[l]
[Thu Sep 03 19:48:41 UTC 2026][INFO] [Action] E InsertTextContent - (c,718,2),[e]
[Thu Sep 03 19:48:41 UTC 2026][INFO] [Action] E InsertTextContent - (c,719,2),[SPACE]
[Thu Sep 03 19:48:42 UTC 2026][INFO] [Action] E InsertTextContent - (c,720,2),[p]
[Thu Sep 03 19:48:42 UTC 2026][INFO] [Action] E InsertTextContent - (c,721,2),[r]
[Thu Sep 03 19:48:43 UTC 2026][INFO] [Action] E InsertTextContent - (c,722,2),[o]
[Thu Sep 03 19:48:43 UTC 2026][INFO] [Action] E InsertTextContent - (c,723,2),[b]
[Thu Sep 03 19:48:44 UTC 2026][INFO] [Action] E InsertTextContent - (c,724,2),[l]
[Thu Sep 03 19:48:44 UTC 2026][INFO] [Action] E InsertTextContent - (c,725,2),[e]
[Thu Sep 03 19:48:44 UTC 2026][INFO] [Action] E InsertTextContent - (c,726,2),[m]
[Thu Sep 03 19:48:45 UTC 2026][INFO] [Action] E DeleteContent - (r,728,728),F
[Thu Sep 03 19:48:56 UTC 2026][INFO] [Action] E Copy - (r,678,679)
[Thu Sep 03 19:48:59 UTC 2026][INFO] [Action] E Paste - (r,708,709),4
[Thu Sep 03 19:49:10 UTC 2026][INFO] [Action] E DeleteContent - (c,709,2),B
[Thu Sep 03 19:49:11 UTC 2026][INFO] [Action] E DeleteContent - (c,709,1),B
[Thu Sep 03 19:49:22 UTC 2026][INFO] [Action] E InsertTextContent - (c,708,1),[SPACE]
[Thu Sep 03 19:49:25 UTC 2026][INFO] [Action] E InsertTextContent - (c,708,2),[-]
[Thu Sep 03 19:49:25 UTC 2026][INFO] [Action] E InsertTextContent - (c,709,2),[-]
[Thu Sep 03 19:49:26 UTC 2026][INFO] [Action] E InsertTextContent - (c,710,2),[-]
[Thu Sep 03 19:49:27 UTC 2026][INFO] [Action] E InsertTextContent - (c,711,2),[=]
[Thu Sep 03 19:49:29 UTC 2026][INFO] [Action] E DeleteContent - (c,712,2),B
[Thu Sep 03 19:49:30 UTC 2026][INFO] [Action] E DeleteContent - (c,712,1),B
[Thu Sep 03 19:49:30 UTC 2026][INFO] [Action] E DeleteContent - (c,711,1),B
[Thu Sep 03 19:49:30 UTC 2026][INFO] [Action] E DeleteContent - (c,710,1),B
[Thu Sep 03 19:49:31 UTC 2026][INFO] [Action] E DeleteContent - (c,709,1),B
[Thu Sep 03 19:49:34 UTC 2026][INFO] [Action] E InsertTextContent - (c,708,1),[SPACE]
[Thu Sep 03 19:49:35 UTC 2026][INFO] [Action] E InsertTextContent - (c,708,2),[SPACE]
[Thu Sep 03 19:49:37 UTC 2026][INFO] [Action] E DeleteContent - (c,709,2),B
[Thu Sep 03 19:49:37 UTC 2026][INFO] [Action] E DeleteContent - (c,709,1),B
[Thu Sep 03 19:49:39 UTC 2026][INFO] [Action] E InsertTextContent - (c,708,1),[SPACE]
[Thu Sep 03 19:49:39 UTC 2026][INFO] [Action] E Paste - (c,708,2),4
[Thu Sep 03 19:49:52 UTC 2026][INFO] [Action] E ItemChanged - -1,576
[Thu Sep 03 19:49:59 UTC 2026][INFO] [Action] E ItemChanged - -1,576
[Thu Sep 03 19:50:09 UTC 2026][INFO] [Action] E DeleteContent - (c,709,2),B
[Thu Sep 03 19:50:17 UTC 2026][INFO] [Action] E ItemChanged - -1,576
[Thu Sep 03 19:50:22 UTC 2026][INFO] [Action] E ItemChanged - -1,576
[Thu Sep 03 19:50:26 UTC 2026][INFO] [Action] E Paste - (c,737,2),4
[Thu Sep 03 19:50:30 UTC 2026][INFO] [Action] E Paste - (c,748,2),4
[Thu Sep 03 19:50:32 UTC 2026][INFO] [Action] E Paste - (c,759,2),4
[Thu Sep 03 19:50:35 UTC 2026][INFO] [Action] E Paste - (c,770,2),4
[Thu Sep 03 19:50:38 UTC 2026][INFO] [Action] E Paste - (c,781,2),4
[Thu Sep 03 19:50:40 UTC 2026][INFO] [Action] E Paste - (c,793,2),4
[Thu Sep 03 19:50:42 UTC 2026][INFO] [Action] E Paste - (c,805,2),4
[Thu Sep 03 19:50:44 UTC 2026][INFO] [Action] E Paste - (c,817,2),4
[Thu Sep 03 19:50:45 UTC 2026][INFO] [Action] E Paste - (c,829,2),4
[Thu Sep 03 19:50:47 UTC 2026][INFO] [Action] E Paste - (c,841,2),4
[Thu Sep 03 19:50:49 UTC 2026][INFO] [Action] E Paste - (c,853,2),4
[Thu Sep 03 19:50:57 UTC 2026][INFO] [Action] E ItemChanged - -1,99799
[Thu Sep 03 19:51:00 UTC 2026][INFO] [Action] E ItemChanged - -1,130908
[Thu Sep 03 19:51:07 UTC 2026][INFO] [Action] E Copy - (r,130917,130940)
[Thu Sep 03 19:51:08 UTC 2026][INFO] [Action] E ItemChanged - -1,576
[Thu Sep 03 19:51:13 UTC 2026][INFO] [Action] E Paste - (c,750,2),24
[Thu Sep 03 19:51:15 UTC 2026][INFO] [Action] U Paste
[Thu Sep 03 19:51:34 UTC 2026][INFO] [Action] E AddTextContainer - (c,750,2),0,0,0
[Thu Sep 03 19:51:36 UTC 2026][INFO] [Action] E Paste - (c,751,1),24
[Thu Sep 03 19:51:41 UTC 2026][INFO] [Action] U Paste
[Thu Sep 03 19:53:49 UTC 2026][INFO] [Action] U AddTextContainer
[Thu Sep 03 19:53:54 UTC 2026][INFO] [Action] U Paste
[Thu Sep 03 19:53:55 UTC 2026][INFO] [Action] R Paste
[Thu Sep 03 19:53:56 UTC 2026][INFO] [Action] R AddTextContainer
[Thu Sep 03 19:54:03 UTC 2026][INFO] [Action] U AddTextContainer
[Thu Sep 03 19:54:11 UTC 2026][INFO] [Action] E InsertTextContent - (c,739,2),[SPACE]
[Thu Sep 03 19:54:13 UTC 2026][INFO] [Action] E Paste - (c,740,2),25
[Thu Sep 03 19:54:24 UTC 2026][INFO] [Action] E ItemChanged - -1,156071
[Thu Sep 03 19:54:33 UTC 2026][INFO] [Action] E Copy - (r,156083,156095)
[Thu Sep 03 19:54:44 UTC 2026][INFO] [Action] E ItemChanged - -1,576
[Thu Sep 03 19:54:49 UTC 2026][INFO] [Action] E Paste - (c,774,2),13
[Thu Sep 03 19:54:59 UTC 2026][INFO] [Action] E ItemChanged - -1,99836
[Thu Sep 03 19:55:01 UTC 2026][INFO] [Action] E ItemChanged - -1,76524
[Thu Sep 03 19:55:07 UTC 2026][INFO] [Action] E Copy - (r,76535,76563)
[Thu Sep 03 19:55:15 UTC 2026][INFO] [Action] E ItemChanged - -1,576
[Thu Sep 03 19:55:22 UTC 2026][INFO] [Action] E Copy - (r,774,787)
[Thu Sep 03 19:55:25 UTC 2026][INFO] [Action] E Paste - (r,798,798),16
[Thu Sep 03 19:55:32 UTC 2026][INFO] [Action] E Cut - (r,741,763)
[Thu Sep 03 19:55:39 UTC 2026][INFO] [Action] E Paste - (r,751,764),25
[Thu Sep 03 19:55:45 UTC 2026][INFO] [Action] E Cut - (r,709,728)
[Thu Sep 03 19:55:48 UTC 2026][INFO] [Action] E Paste - (r,719,720),22
[Thu Sep 03 19:56:00 UTC 2026][INFO] [Action] E Paste - (c,708,2),28
[Thu Sep 03 19:56:05 UTC 2026][INFO] [Action] E Copy - (r,747,749)
[Thu Sep 03 19:56:06 UTC 2026][INFO] [Action] E Copy - (r,747,749)
[Thu Sep 03 19:56:09 UTC 2026][INFO] [Action] E Paste - (c,709,1),5
[Thu Sep 03 19:56:11 UTC 2026][INFO] [Action] E DeleteContent - (c,711,2),B
[Thu Sep 03 19:56:13 UTC 2026][INFO] [Action] E InsertTextContent - (c,812,2),[SPACE]
[Thu Sep 03 19:56:23 UTC 2026][INFO] [Action] E ItemChanged - -1,172880
[Thu Sep 03 19:56:29 UTC 2026][INFO] [Action] E Copy - (r,172893,172915)
[Thu Sep 03 19:56:39 UTC 2026][INFO] [Action] E ItemChanged - -1,576
[Thu Sep 03 19:56:41 UTC 2026][INFO] [Action] E InsertTextContent - (c,837,2),[SPACE]
[Thu Sep 03 19:56:42 UTC 2026][INFO] [Action] E Paste - (c,838,2),23
[Thu Sep 03 19:56:50 UTC 2026][INFO] [Action] E InsertTextContent - (c,613,1),[T]
[Thu Sep 03 19:56:50 UTC 2026][INFO] [Action] E InsertTextContent - (c,613,2),[h]
[Thu Sep 03 19:56:50 UTC 2026][INFO] [Action] E InsertTextContent - (c,614,2),[e]
[Thu Sep 03 19:56:50 UTC 2026][INFO] [Action] E InsertTextContent - (c,615,2),[SPACE]
[Thu Sep 03 19:56:57 UTC 2026][INFO] [Action] E ItemChanged - -1,181985
[Thu Sep 03 19:57:01 UTC 2026][INFO] [Action] E Copy - (r,181997,182017)
[Thu Sep 03 19:57:10 UTC 2026][INFO] [Action] E ItemChanged - -1,576
[Thu Sep 03 19:57:12 UTC 2026][INFO] [Action] E InsertTextContent - (c,876,2),[SPACE]
[Thu Sep 03 19:57:13 UTC 2026][INFO] [Action] E Paste - (c,877,2),21
[Thu Sep 03 19:57:16 UTC 2026][INFO] [Action] E ItemChanged - -1,199585
[Thu Sep 03 19:57:25 UTC 2026][INFO] [Action] E Copy - (r,199599,199628)
[Thu Sep 03 19:57:49 UTC 2026][INFO] [Action] E ItemChanged - -1,199585
[Thu Sep 03 19:57:52 UTC 2026][INFO] [Action] E ItemChanged - -1,576
[Thu Sep 03 19:57:57 UTC 2026][INFO] [Action] E Paste - (c,910,2),29
[Thu Sep 03 19:58:02 UTC 2026][INFO] [Action] E ItemChanged - -1,211428
[Thu Sep 03 19:58:06 UTC 2026][INFO] [Action] E Copy - (r,211441,211460)
[Thu Sep 03 19:58:55 UTC 2026][INFO] [Action] E ItemChanged - -1,576
[Thu Sep 03 19:59:06 UTC 2026][INFO] [Action] E InsertTextContent - (c,951,2),[SPACE]
[Thu Sep 03 19:59:07 UTC 2026][INFO] [Action] E Paste - (c,952,2),20
[Thu Sep 03 19:59:10 UTC 2026][INFO] [Action] E ItemChanged - -1,211449
[Thu Sep 03 19:59:11 UTC 2026][INFO] [Action] E ItemChanged - -1,219123
[Thu Sep 03 19:59:16 UTC 2026][INFO] [Action] E Copy - (r,219136,219168)
[Thu Sep 03 19:59:19 UTC 2026][INFO] [Action] E ItemChanged - -1,219123
[Thu Sep 03 19:59:20 UTC 2026][INFO] [Action] E ItemChanged - -1,576
[Thu Sep 03 19:59:22 UTC 2026][INFO] [Action] E InsertTextContent - (c,984,2),[SPACE]
[Thu Sep 03 19:59:24 UTC 2026][INFO] [Action] E Paste - (c,985,2),33
[Thu Sep 03 19:59:26 UTC 2026][INFO] [Action] U Paste
[Thu Sep 03 19:59:33 UTC 2026][INFO] [Action] E Paste - (c,985,2),20
[Thu Sep 03 19:59:39 UTC 2026][INFO] [Action] E ItemChanged - -1,219144
[Thu Sep 03 19:59:44 UTC 2026][INFO] [Action] E Copy - (r,219157,219189)
[Thu Sep 03 19:59:55 UTC 2026][INFO] [Action] E ItemChanged - -1,576
[Thu Sep 03 20:00:00 UTC 2026][INFO] [Action] E Paste - (r,986,1005),33
[Thu Sep 03 20:00:06 UTC 2026][INFO] [Action] E ItemChanged - -1,230005
[Thu Sep 03 20:00:11 UTC 2026][INFO] [Action] E Copy - (r,230018,230052)
[Thu Sep 03 20:00:21 UTC 2026][INFO] [Action] E ItemChanged - -1,576
[Thu Sep 03 20:00:23 UTC 2026][INFO] [Action] E InsertTextContent - (c,1030,2),[SPACE]
[Thu Sep 03 20:00:24 UTC 2026][INFO] [Action] E Paste - (c,1031,2),37
[Thu Sep 03 20:00:27 UTC 2026][INFO] [Action] E ItemChanged - -1,243525
[Thu Sep 03 20:00:32 UTC 2026][INFO] [Action] E Copy - (r,243540,243584)
[Thu Sep 03 20:00:43 UTC 2026][INFO] [Action] E ItemChanged - -1,576
[Thu Sep 03 20:00:45 UTC 2026][INFO] [Action] E InsertTextContent - (c,1078,2),[SPACE]
[Thu Sep 03 20:00:47 UTC 2026][INFO] [Action] E Paste - (c,1079,2),45
[Thu Sep 03 20:00:51 UTC 2026][INFO] [Action] E InsertTextContent - (c,1136,2),[SPACE]
[Thu Sep 03 20:00:55 UTC 2026][INFO] [Action] E ItemChanged - -1,261215
[Thu Sep 03 20:01:01 UTC 2026][INFO] [Action] E Copy - (r,261228,261258)
[Thu Sep 03 20:01:14 UTC 2026][INFO] [Action] E ItemChanged - -1,576
[Thu Sep 03 20:01:17 UTC 2026][INFO] [Action] E Paste - (c,1137,2),32
[Thu Sep 03 20:01:20 UTC 2026][INFO] [Action] E InsertTextContent - (r,1137,1138),[SPACE]
[Thu Sep 03 20:02:10 UTC 2026][INFO] [Action] E Copy - (r,310841,310869)
[Thu Sep 03 20:02:14 UTC 2026][INFO] [Action] E ItemChanged - -1,289618
[Thu Sep 03 20:02:19 UTC 2026][INFO] [Action] E ItemChanged - -1,261246
[Thu Sep 03 20:02:27 UTC 2026][INFO] [Action] E ItemChanged - -1,576
[Thu Sep 03 20:02:40 UTC 2026][INFO] [Action] E ItemChanged - -1,576
[Thu Sep 03 20:02:51 UTC 2026][INFO] [Action] E Paste - (c,1699,1),29
[Thu Sep 03 20:02:58 UTC 2026][INFO] [Action] E DeleteContent - (r,1728,1728),F
[Thu Sep 03 20:02:58 UTC 2026][INFO] [Action] E DeleteContent - (r,1728,1728),F
[Thu Sep 03 20:02:58 UTC 2026][INFO] [Action] E DeleteContent - (r,1728,1728),F
[Thu Sep 03 20:02:58 UTC 2026][INFO] [Action] E DeleteContent - (r,1728,1728),F
[Thu Sep 03 20:02:59 UTC 2026][INFO] [Action] E DeleteContent - (r,1728,1728),F
[Thu Sep 03 20:02:59 UTC 2026][INFO] [Action] E DeleteContent - (r,1728,1728),F
[Thu Sep 03 20:02:59 UTC 2026][INFO] [Action] E DeleteContent - (r,1728,1728),F
[Thu Sep 03 20:02:59 UTC 2026][INFO] [Action] E DeleteContent - (r,1728,1728),F
[Thu Sep 03 20:03:00 UTC 2026][INFO] [Action] E DeleteContent - (r,1728,1728),F
[Thu Sep 03 20:03:01 UTC 2026][INFO] [Action] E DeleteContent - (r,1728,1728),F
[Thu Sep 03 20:03:01 UTC 2026][INFO] [Action] E DeleteContent - (r,1728,1728),F
[Thu Sep 03 20:03:02 UTC 2026][INFO] [Action] E DeleteContent - (r,1728,1728),F
[Thu Sep 03 20:03:02 UTC 2026][INFO] [Action] E DeleteContent - (r,1728,1728),F
[Thu Sep 03 20:03:02 UTC 2026][INFO] [Action] E DeleteContent - (r,1728,1728),F
[Thu Sep 03 20:03:02 UTC 2026][INFO] [Action] E DeleteContent - (r,1728,1728),F
[Thu Sep 03 20:03:03 UTC 2026][INFO] [Action] E DeleteContent - (r,1728,1728),F
[Thu Sep 03 20:03:03 UTC 2026][INFO] [Action] E DeleteContent - (r,1728,1728),F
[Thu Sep 03 20:03:03 UTC 2026][INFO] [Action] E DeleteContent - (r,1728,1728),F
[Thu Sep 03 20:03:04 UTC 2026][INFO] [Action] E DeleteContent - (r,1728,1728),F
[Thu Sep 03 20:03:08 UTC 2026][INFO] [Action] E DeleteContent - (r,1699,1699),F
[Thu Sep 03 20:03:09 UTC 2026][INFO] [Action] E DeleteContent - (r,1699,1699),F
[Thu Sep 03 20:03:10 UTC 2026][INFO] [Action] E InsertTextContent - (c,1698,2),[SPACE]
[Thu Sep 03 20:03:11 UTC 2026][INFO] [Action] E InsertTextContent - (c,1699,2),[t]
[Thu Sep 03 20:03:23 UTC 2026][INFO] [Action] E UpdateStyle - (r,1698,1727),16:10.000000:2,(r,1698,1727),F
[Thu Sep 03 20:03:27 UTC 2026][INFO] [Action] E UpdateStyle - (r,1698,1727),16:8.000000:2,(r,1698,1727),F
[Thu Sep 03 20:03:34 UTC 2026][INFO] [Action] E UpdateStyle - (r,1696,1727),23:328:3,(r,1696,1727),F
[Thu Sep 03 20:04:22 UTC 2026][INFO] [Action] E UpdateStyle - (r,301062,301125),34:59:3,(r,301062,301125),F
[Thu Sep 03 20:04:34 UTC 2026][INFO] [Action] E Copy - (r,301401,301426)
[Thu Sep 03 20:04:37 UTC 2026][INFO] [Action] E ItemChanged - -1,576
[Thu Sep 03 20:04:51 UTC 2026][INFO] [Action] E Paste - (c,1514,1),26
[Thu Sep 03 20:05:01 UTC 2026][INFO] [Action] E UpdateStyle - (r,1510,1540),23:328:3,(r,1510,1540),F
[Thu Sep 03 20:05:03 UTC 2026][INFO] [Action] E UpdateStyle - (r,1510,1540),16:8.000000:2,(r,1510,1540),F
[Thu Sep 03 20:05:16 UTC 2026][INFO] [Action] E ItemChanged - -1,576
[Thu Sep 03 20:05:24 UTC 2026][INFO] [Action] E DeleteContent - (c,1518,1),B
[Thu Sep 03 20:05:24 UTC 2026][INFO] [Action] E DeleteContent - (c,1517,1),B
[Thu Sep 03 20:05:24 UTC 2026][INFO] [Action] E DeleteContent - (c,1516,1),B
[Thu Sep 03 20:05:25 UTC 2026][INFO] [Action] E DeleteContent - (c,1515,1),B
[Thu Sep 03 20:05:29 UTC 2026][INFO] [Action] E InsertTextContent - (c,1514,1),[H]
[Thu Sep 03 20:05:30 UTC 2026][INFO] [Action] E DeleteContent - (r,1515,1515),F
[Thu Sep 03 20:05:33 UTC 2026][INFO] [Action] E InsertTextContent - (c,1525,2),[P]
[Thu Sep 03 20:05:34 UTC 2026][INFO] [Action] E DeleteContent - (r,1527,1527),F
[Thu Sep 03 20:05:42 UTC 2026][INFO] [Action] E UpdateStyle - (r,1510,1590),23:328:3,(r,1510,1590),F
[Thu Sep 03 20:06:41 UTC 2026][INFO] [Action] E ItemChanged - -1,576
[Thu Sep 03 20:06:41 UTC 2026][INFO] [Action] E ItemChanged - -1,576
[Thu Sep 03 20:06:41 UTC 2026][INFO] [Action] E ItemChanged - -1,576
[Thu Sep 03 20:07:05 UTC 2026][INFO] [Action] E AddTextContainer - (c,1749,2),0,0,0
[Thu Sep 03 20:07:22 UTC 2026][INFO] [Action] E ItemChanged - -1,576
[Thu Sep 03 20:07:25 UTC 2026][INFO] [Action] E InsertTextContent - (c,1750,2),[E]
[Thu Sep 03 20:07:53 UTC 2026][INFO] [Action] E InsertTextContent - (c,1750,2),[[]
[Thu Sep 03 20:07:55 UTC 2026][INFO] [Action] E DeleteContent - (c,1751,2),B
[Thu Sep 03 20:07:55 UTC 2026][INFO] [Action] E InsertTextContent - (c,1750,2),[p]
[Thu Sep 03 20:07:56 UTC 2026][INFO] [Action] E InsertTextContent - (c,1751,2),[i]
[Thu Sep 03 20:07:56 UTC 2026][INFO] [Action] E InsertTextContent - (c,1752,2),[l]
[Thu Sep 03 20:07:56 UTC 2026][INFO] [Action] E InsertTextContent - (c,1753,2),[o]
[Thu Sep 03 20:07:57 UTC 2026][INFO] [Action] E InsertTextContent - (c,1754,2),[g]
[Thu Sep 03 20:07:57 UTC 2026][INFO] [Action] E InsertTextContent - (c,1755,2),[u]
[Thu Sep 03 20:07:58 UTC 2026][INFO] [Action] E InsertTextContent - (c,1756,2),[e]
[Thu Sep 03 20:07:59 UTC 2026][INFO] [Action] E DeleteContent - (c,1757,2),B
[Thu Sep 03 20:07:59 UTC 2026][INFO] [Action] E DeleteContent - (c,1756,2),B
[Thu Sep 03 20:08:00 UTC 2026][INFO] [Action] E DeleteContent - (c,1755,2),B
[Thu Sep 03 20:08:00 UTC 2026][INFO] [Action] E DeleteContent - (c,1754,2),B
[Thu Sep 03 20:08:00 UTC 2026][INFO] [Action] E DeleteContent - (c,1753,2),B
[Thu Sep 03 20:08:01 UTC 2026][INFO] [Action] E DeleteContent - (c,1752,2),B
[Thu Sep 03 20:08:01 UTC 2026][INFO] [Action] E DeleteContent - (c,1751,2),B
[Thu Sep 03 20:08:02 UTC 2026][INFO] [Action] E InsertTextContent - (c,1750,2),[P]
[Thu Sep 03 20:08:03 UTC 2026][INFO] [Action] E InsertTextContent - (c,1751,2),[I]
[Thu Sep 03 20:08:03 UTC 2026][INFO] [Action] E InsertTextContent - (c,1752,2),[L]
[Thu Sep 03 20:08:03 UTC 2026][INFO] [Action] E InsertTextContent - (c,1753,2),[O]
[Thu Sep 03 20:08:04 UTC 2026][INFO] [Action] E InsertTextContent - (c,1754,2),[G]
[Thu Sep 03 20:08:04 UTC 2026][INFO] [Action] E InsertTextContent - (c,1755,2),[U]
[Thu Sep 03 20:08:05 UTC 2026][INFO] [Action] E InsertTextContent - (c,1756,2),[E]
[Thu Sep 03 20:08:12 UTC 2026][INFO] [Action] E AddTextContainer - (c,1757,2),0,0,0
[Thu Sep 03 20:08:14 UTC 2026][INFO] [Action] E InsertTextContent - (c,1758,1),[A]
[Thu Sep 03 20:08:14 UTC 2026][INFO] [Action] E InsertTextContent - (c,1758,2),[P]
[Thu Sep 03 20:08:15 UTC 2026][INFO] [Action] E InsertTextContent - (c,1759,2),[P]
[Thu Sep 03 20:08:15 UTC 2026][INFO] [Action] E InsertTextContent - (c,1760,2),[E]
[Thu Sep 03 20:08:16 UTC 2026][INFO] [Action] E InsertTextContent - (c,1761,2),[N]
[Thu Sep 03 20:08:16 UTC 2026][INFO] [Action] E InsertTextContent - (c,1762,2),[D]
[Thu Sep 03 20:08:17 UTC 2026][INFO] [Action] E InsertTextContent - (c,1763,2),[I]
[Thu Sep 03 20:08:18 UTC 2026][INFO] [Action] E InsertTextContent - (c,1764,2),[X]
[Thu Sep 03 20:08:22 UTC 2026][INFO] [Action] E ItemChanged - -1,281740
[Thu Sep 03 20:08:35 UTC 2026][INFO] [Action] E ItemChanged - -1,289666
[Thu Sep 03 20:08:44 UTC 2026][INFO] [Action] E RemoveSectionBreak - 289664,1
[Thu Sep 03 20:08:49 UTC 2026][INFO] [Action] E AddTextContainer - (c,289665,1),1,0,0
[Thu Sep 03 20:08:56 UTC 2026][INFO] [Action] U AddTextContainer
[Thu Sep 03 20:08:58 UTC 2026][INFO] [Action] E ItemChanged - -1,291223
[Thu Sep 03 20:08:59 UTC 2026][INFO] [Action] E ItemChanged - -1,291223
[Thu Sep 03 20:09:02 UTC 2026][INFO] [Action] E RemoveSectionBreak - 291223,0
[Thu Sep 03 20:09:07 UTC 2026][INFO] [Action] E ItemChanged - -1,292469
[Thu Sep 03 20:09:10 UTC 2026][INFO] [Action] E RemoveSectionBreak - 292469,0
[Thu Sep 03 20:09:14 UTC 2026][INFO] [Action] E ItemChanged - -1,294051
[Thu Sep 03 20:09:16 UTC 2026][INFO] [Action] E RemoveSectionBreak - 294051,0
[Thu Sep 03 20:09:20 UTC 2026][INFO] [Action] E ItemChanged - -1,295637
[Thu Sep 03 20:09:25 UTC 2026][INFO] [Action] E RemoveSectionBreak - 295637,0
[Thu Sep 03 20:09:29 UTC 2026][INFO] [Action] E ItemChanged - -1,296712
[Thu Sep 03 20:09:32 UTC 2026][INFO] [Action] E RemoveSectionBreak - 296712,0
[Thu Sep 03 20:09:35 UTC 2026][INFO] [Action] E ItemChanged - -1,298078
[Thu Sep 03 20:09:37 UTC 2026][INFO] [Action] E RemoveSectionBreak - 298078,0
[Thu Sep 03 20:09:41 UTC 2026][INFO] [Action] E ItemChanged - -1,299296
[Thu Sep 03 20:09:43 UTC 2026][INFO] [Action] E RemoveSectionBreak - 299296,0
[Thu Sep 03 20:09:47 UTC 2026][INFO] [Action] E ItemChanged - -1,307293
[Thu Sep 03 20:09:50 UTC 2026][INFO] [Action] E RemoveSectionBreak - 307293,0
[Thu Sep 03 20:09:53 UTC 2026][INFO] [Action] E ItemChanged - -1,308654
[Thu Sep 03 20:09:55 UTC 2026][INFO] [Action] E RemoveSectionBreak - 308654,0
[Thu Sep 03 20:09:58 UTC 2026][INFO] [Action] E ItemChanged - -1,315597
[Thu Sep 03 20:10:34 UTC 2026][INFO] [Action] E ItemChanged - -1,280028
[Thu Sep 03 20:10:38 UTC 2026][INFO] [Action] E ItemChanged - -1,281740
[Thu Sep 03 20:10:49 UTC 2026][INFO] [Action] E ItemChanged - -1,310729
[Thu Sep 03 20:10:59 UTC 2026][INFO] [Action] E ItemChanged - -1,315597
[Thu Sep 03 20:10:59 UTC 2026][INFO] [Action] E ItemChanged - -1,315597
[Thu Sep 03 20:12:08 UTC 2026][INFO] [Action] E InsertTextContent - (c,322043,2),[SPACE]
[Thu Sep 03 20:12:08 UTC 2026][INFO] [Action] E MergeContainer - 322044,0
[Thu Sep 03 20:13:40 UTC 2026][INFO] [Action] E Cut - (r,322137,322670)
[Thu Sep 03 20:14:02 UTC 2026][INFO] [Action] E Paste - (r,323245,323249),546
[Thu Sep 03 20:14:07 UTC 2026][INFO] [Action] E SplitContainer - 323245
[Thu Sep 03 20:14:08 UTC 2026][INFO] [Action] E AddTextContainer - (c,323245,1),1,0,0
[Thu Sep 03 20:14:11 UTC 2026][INFO] [Action] E UpdateStyle - (c,323246,1),34:59:3,(r,323246,323246),F
[Thu Sep 03 20:14:13 UTC 2026][INFO] [Action] E UpdateStyle - (c,323246,1),34:59:3,(r,323246,323246),F
[Thu Sep 03 20:14:14 UTC 2026][INFO] [Action] E UpdateStyle - (c,323246,1),34:59:3,(r,323246,323246),F
[Thu Sep 03 20:14:16 UTC 2026][INFO] [Action] E UpdateStyle - (c,323246,1),34:59:3,(r,323246,323246),F
[Thu Sep 03 20:14:18 UTC 2026][INFO] [Action] E UpdateStyle - (c,323246,1),34:320:3,(r,323246,323246),F
[Thu Sep 03 20:14:23 UTC 2026][INFO] [Action] E UpdateStyle - (r,322138,322174),13:361:3,(r,322138,322174),F
[Thu Sep 03 20:14:25 UTC 2026][INFO] [Action] E UpdateStyle - (r,322138,322174),13:350:3,(r,322138,322174),F
[Thu Sep 03 20:14:38 UTC 2026][INFO] [Action] E UpdateStyle - (r,322159,322160),49:0.250000:2,(r,322159,322160),F
[Thu Sep 03 20:14:40 UTC 2026][INFO] [Action] E UpdateStyle - (r,322159,322160),49:0.500000:2,(r,322159,322160),F
[Thu Sep 03 20:14:46 UTC 2026][INFO] [Action] E MergeContainer - 322137,1
[Thu Sep 03 20:14:49 UTC 2026][INFO] [Action] E UpdateStyle - (c,322136,2),49:0.250000:2,(r,322136,322136),F
[Thu Sep 03 20:14:50 UTC 2026][INFO] [Action] E UpdateStyle - (c,322136,2),49:0.500000:2,(r,322136,322136),F
[Thu Sep 03 20:14:52 UTC 2026][INFO] [Action] E UpdateStyle - (c,322136,2),49:0.250000:2,(r,322136,322136),F
[Thu Sep 03 20:15:00 UTC 2026][INFO] [Action] E UpdateStyle - (c,323243,2),49:0.250000:2,(r,323243,323243),F
[Thu Sep 03 20:15:31 UTC 2026][INFO] [Action] E InsertTextContent - (r,323241,323243),[i]
[Thu Sep 03 20:15:31 UTC 2026][INFO] [Action] E InsertTextContent - (c,323241,2),[f]
[Thu Sep 03 20:15:31 UTC 2026][INFO] [Action] E InsertTextContent - (c,323242,2),[SPACE]
[Thu Sep 03 20:15:32 UTC 2026][INFO] [Action] E InsertTextContent - (c,323243,2),[h]
[Thu Sep 03 20:15:33 UTC 2026][INFO] [Action] E InsertTextContent - (c,323244,2),[e]
[Thu Sep 03 20:15:33 UTC 2026][INFO] [Action] E InsertTextContent - (c,323245,2),[SPACE]
[Thu Sep 03 20:15:34 UTC 2026][INFO] [Action] E InsertTextContent - (c,323246,2),[j]
[Thu Sep 03 20:15:34 UTC 2026][INFO] [Action] E InsertTextContent - (c,323247,2),[u]
[Thu Sep 03 20:15:34 UTC 2026][INFO] [Action] E InsertTextContent - (c,323248,2),[s]
[Thu Sep 03 20:15:34 UTC 2026][INFO] [Action] E InsertTextContent - (c,323249,2),[t]
[Thu Sep 03 20:15:35 UTC 2026][INFO] [Action] E InsertTextContent - (c,323250,2),[SPACE]
[Thu Sep 03 20:15:52 UTC 2026][INFO] [Action] E InsertTextContent - (c,323251,2),[c]
[Thu Sep 03 20:15:53 UTC 2026][INFO] [Action] E InsertTextContent - (c,323252,2),[o]
[Thu Sep 03 20:15:53 UTC 2026][INFO] [Action] E InsertTextContent - (c,323253,2),[n]
[Thu Sep 03 20:15:54 UTC 2026][INFO] [Action] E InsertTextContent - (c,323254,2),[t]
[Thu Sep 03 20:15:54 UTC 2026][INFO] [Action] E InsertTextContent - (c,323255,2),[i]
[Thu Sep 03 20:15:55 UTC 2026][INFO] [Action] E InsertTextContent - (c,323256,2),[n]
[Thu Sep 03 20:15:55 UTC 2026][INFO] [Action] E InsertTextContent - (c,323257,2),[u]
[Thu Sep 03 20:15:55 UTC 2026][INFO] [Action] E InsertTextContent - (c,323258,2),[e]
[Thu Sep 03 20:15:55 UTC 2026][INFO] [Action] E InsertTextContent - (c,323259,2),[s]
[Thu Sep 03 20:15:56 UTC 2026][INFO] [Action] E InsertTextContent - (c,323260,2),[SPACE]
[Thu Sep 03 20:15:56 UTC 2026][INFO] [Action] E InsertTextContent - (c,323261,2),[t]
[Thu Sep 03 20:15:57 UTC 2026][INFO] [Action] E InsertTextContent - (c,323262,2),[o]
[Thu Sep 03 20:15:57 UTC 2026][INFO] [Action] E InsertTextContent - (c,323263,2),[SPACE]
[Thu Sep 03 20:16:02 UTC 2026][INFO] [Action] E InsertTextContent - (c,323264,2),[p]
[Thu Sep 03 20:16:03 UTC 2026][INFO] [Action] E InsertTextContent - (c,323265,2),[r]
[Thu Sep 03 20:16:03 UTC 2026][INFO] [Action] E InsertTextContent - (c,323266,2),[e]
[Thu Sep 03 20:16:03 UTC 2026][INFO] [Action] E InsertTextContent - (c,323267,2),[t]
[Thu Sep 03 20:16:04 UTC 2026][INFO] [Action] E InsertTextContent - (c,323268,2),[e]
[Thu Sep 03 20:16:04 UTC 2026][INFO] [Action] E InsertTextContent - (c,323269,2),[n]
[Thu Sep 03 20:16:05 UTC 2026][INFO] [Action] E InsertTextContent - (c,323270,2),[d]
[Thu Sep 03 20:16:05 UTC 2026][INFO] [Action] E InsertTextContent - (c,323271,2),[SPACE]
[Thu Sep 03 20:16:06 UTC 2026][INFO] [Action] E InsertTextContent - (c,323272,2),[b]
[Thu Sep 03 20:16:06 UTC 2026][INFO] [Action] E InsertTextContent - (c,323273,2),[e]
[Thu Sep 03 20:16:07 UTC 2026][INFO] [Action] E InsertTextContent - (c,323274,2),[i]
[Thu Sep 03 20:16:07 UTC 2026][INFO] [Action] E InsertTextContent - (c,323275,2),[n]
[Thu Sep 03 20:16:08 UTC 2026][INFO] [Action] E InsertTextContent - (c,323276,2),[g]
[Thu Sep 03 20:16:08 UTC 2026][INFO] [Action] E InsertTextContent - (c,323277,2),[SPACE]
[Thu Sep 03 20:16:09 UTC 2026][INFO] [Action] E InsertTextContent - (c,323278,2),[B]
[Thu Sep 03 20:16:09 UTC 2026][INFO] [Action] E InsertTextContent - (c,323279,2),[r]
[Thu Sep 03 20:16:10 UTC 2026][INFO] [Action] E InsertTextContent - (c,323280,2),[i]
[Thu Sep 03 20:16:10 UTC 2026][INFO] [Action] E InsertTextContent - (c,323281,2),[t]
[Thu Sep 03 20:16:10 UTC 2026][INFO] [Action] E InsertTextContent - (c,323282,2),[i]
[Thu Sep 03 20:16:11 UTC 2026][INFO] [Action] E InsertTextContent - (c,323283,2),[s]
[Thu Sep 03 20:16:11 UTC 2026][INFO] [Action] E InsertTextContent - (c,323284,2),[h]
[Thu Sep 03 20:16:12 UTC 2026][INFO] [Action] E InsertTextContent - (c,323285,2),[,]
[Thu Sep 03 20:16:14 UTC 2026][INFO] [Action] E DeleteContent - (c,323286,2),B
[Thu Sep 03 20:16:15 UTC 2026][INFO] [Action] E InsertTextContent - (c,323285,2),[.]
[Thu Sep 03 20:16:44 UTC 2026][INFO] [Action] E InsertTextContent - (r,323180,323183),[SPACE]
[Thu Sep 03 20:17:10 UTC 2026][INFO] [Action] E UpdateStyle - (c,323283,2),49:0.500000:2,(r,323283,323283),F
[Thu Sep 03 20:17:11 UTC 2026][INFO] [Action] E UpdateStyle - (c,323283,2),49:0.750000:2,(r,323283,323283),F
[Thu Sep 03 20:17:11 UTC 2026][INFO] [Action] E UpdateStyle - (c,323283,2),49:1.000000:2,(r,323283,323283),F
[Thu Sep 03 20:17:43 UTC 2026][INFO] [Action] E Copy - (r,321804,323887)
[Thu Sep 03 20:19:25 UTC 2026][INFO] [Action] E Paste - (r,323159,323282),124
[Thu Sep 03 20:19:40 UTC 2026][INFO] [Action] E InsertTextContent - (c,323227,1),[a]
[Thu Sep 03 20:19:40 UTC 2026][INFO] [Action] E InsertTextContent - (c,323227,2),[l]
[Thu Sep 03 20:19:41 UTC 2026][INFO] [Action] E InsertTextContent - (c,323228,2),[s]
[Thu Sep 03 20:19:41 UTC 2026][INFO] [Action] E InsertTextContent - (c,323229,2),[o]
[Thu Sep 03 20:19:41 UTC 2026][INFO] [Action] E InsertTextContent - (c,323230,2),[SPACE]
[Thu Sep 03 20:19:48 UTC 2026][INFO] [Action] E InsertTextContent - (r,323183,323187),[-]
[Thu Sep 03 20:19:52 UTC 2026][INFO] [Action] E InsertTextContent - (c,323182,2),[e]
[Thu Sep 03 20:19:55 UTC 2026][INFO] [Action] E InsertTextContent - (c,323185,1),[o]
[Thu Sep 03 20:20:05 UTC 2026][INFO] [Action] E DeleteContent - (c,323286,2),B
[Thu Sep 03 20:20:52 UTC 2026][INFO] [Action] E Cut - (r,323821,323889)
[Thu Sep 03 20:21:27 UTC 2026][INFO] [Action] E Paste - (r,323197,323284),105
[Thu Sep 03 20:21:30 UTC 2026][INFO] [Action] E DeleteContent - (c,323301,2),B
[Thu Sep 03 20:21:36 UTC 2026][INFO] [Action] E UpdateStyle - (c,323301,2),49:0.750000:2,(r,323301,323301),F
[Thu Sep 03 20:21:39 UTC 2026][INFO] [Action] E UpdateStyle - (c,323301,2),49:1.000000:2,(r,323301,323301),F
[Thu Sep 03 20:21:39 UTC 2026][INFO] [Action] E UpdateStyle - (c,323301,2),49:1.250000:2,(r,323301,323301),F
[Thu Sep 03 20:21:40 UTC 2026][INFO] [Action] E UpdateStyle - (c,323301,2),49:1.500000:2,(r,323301,323301),F
[Thu Sep 03 20:21:40 UTC 2026][INFO] [Action] E UpdateStyle - (c,323301,2),49:1.750000:2,(r,323301,323301),F
[Thu Sep 03 20:21:42 UTC 2026][INFO] [Action] E UpdateStyle - (c,323301,2),49:1.500000:2,(r,323301,323301),F
[Thu Sep 03 20:21:42 UTC 2026][INFO] [Action] E UpdateStyle - (c,323301,2),49:1.250000:2,(r,323301,323301),F
[Thu Sep 03 20:21:42 UTC 2026][INFO] [Action] E UpdateStyle - (c,323301,2),49:1.000000:2,(r,323301,323301),F
[Thu Sep 03 20:21:49 UTC 2026][INFO] [Action] E SaveBook - Save
[Thu Sep 03 20:22:03 UTC 2026][INFO] [Action] E UpdateStyle - (c,322137,1),34:61:3,(r,322137,322137),F
[Thu Sep 03 20:22:09 UTC 2026][INFO] [Action] E UpdateStyle - (r,322063,322063),49:0.000000:2,(r,322063,322063),F
[Thu Sep 03 20:22:34 UTC 2026][INFO] [Action] E MergeContainer - 322136,0
[Thu Sep 03 20:22:37 UTC 2026][INFO] [Action] E InsertTextContent - (c,322136,2),[SPACE]
[Thu Sep 03 20:22:38 UTC 2026][INFO] [Action] E InsertTextContent - (c,322137,2),[SPACE]
[Thu Sep 03 20:22:38 UTC 2026][INFO] [Action] E InsertTextContent - (c,322138,2),[SPACE]
[Thu Sep 03 20:22:39 UTC 2026][INFO] [Action] E InsertTextContent - (c,322139,2),[SPACE]
[Thu Sep 03 20:22:39 UTC 2026][INFO] [Action] E InsertTextContent - (c,322140,2),[SPACE]
[Thu Sep 03 20:22:39 UTC 2026][INFO] [Action] E InsertTextContent - (c,322141,2),[SPACE]
[Thu Sep 03 20:22:39 UTC 2026][INFO] [Action] E InsertTextContent - (c,322142,2),[SPACE]
[Thu Sep 03 20:22:39 UTC 2026][INFO] [Action] E InsertTextContent - (c,322143,2),[SPACE]
[Thu Sep 03 20:22:40 UTC 2026][INFO] [Action] E InsertTextContent - (c,322144,2),[SPACE]
[Thu Sep 03 20:22:40 UTC 2026][INFO] [Action] E InsertTextContent - (c,322145,2),[SPACE]
[Thu Sep 03 20:22:40 UTC 2026][INFO] [Action] E InsertTextContent - (c,322146,2),[SPACE]
[Thu Sep 03 20:22:40 UTC 2026][INFO] [Action] E InsertTextContent - (c,322147,2),[SPACE]
[Thu Sep 03 20:22:40 UTC 2026][INFO] [Action] E InsertTextContent - (c,322148,2),[SPACE]
[Thu Sep 03 20:22:40 UTC 2026][INFO] [Action] E InsertTextContent - (c,322149,2),[SPACE]
[Thu Sep 03 20:22:41 UTC 2026][INFO] [Action] E InsertTextContent - (c,322150,2),[SPACE]
[Thu Sep 03 20:22:41 UTC 2026][INFO] [Action] E InsertTextContent - (c,322151,2),[SPACE]
[Thu Sep 03 20:22:41 UTC 2026][INFO] [Action] E InsertTextContent - (c,322152,2),[SPACE]
[Thu Sep 03 20:22:41 UTC 2026][INFO] [Action] E InsertTextContent - (c,322153,2),[SPACE]
[Thu Sep 03 20:22:45 UTC 2026][INFO] [Action] E DeleteContent - (c,322154,2),B
[Thu Sep 03 20:22:45 UTC 2026][INFO] [Action] E DeleteContent - (c,322154,1),B
[Thu Sep 03 20:22:46 UTC 2026][INFO] [Action] E DeleteContent - (c,322153,1),B
[Thu Sep 03 20:22:46 UTC 2026][INFO] [Action] E DeleteContent - (c,322152,1),B
[Thu Sep 03 20:22:46 UTC 2026][INFO] [Action] E DeleteContent - (c,322151,1),B
[Thu Sep 03 20:22:46 UTC 2026][INFO] [Action] E DeleteContent - (c,322150,1),B
[Thu Sep 03 20:22:46 UTC 2026][INFO] [Action] E DeleteContent - (c,322149,1),B
[Thu Sep 03 20:22:46 UTC 2026][INFO] [Action] E DeleteContent - (c,322148,1),B
[Thu Sep 03 20:22:47 UTC 2026][INFO] [Action] E DeleteContent - (c,322147,1),B
[Thu Sep 03 20:22:47 UTC 2026][INFO] [Action] E DeleteContent - (c,322146,1),B
[Thu Sep 03 20:22:56 UTC 2026][INFO] [Action] E InsertTextContent - (c,322144,1),[[]
[Thu Sep 03 20:23:00 UTC 2026][INFO] [Action] E InsertTextContent - (c,322180,2),[SPACE]
[Thu Sep 03 20:23:01 UTC 2026][INFO] [Action] E InsertTextContent - (c,322181,2),[]]
[Thu Sep 03 20:23:08 UTC 2026][INFO] [Action] E InsertTextContent - (r,322138,322142),[SPACE]
[Thu Sep 03 20:23:15 UTC 2026][INFO] [Action] E UpdateStyle - (r,322139,322140),16:12.000000:2,(r,322139,322140),F
[Thu Sep 03 20:23:20 UTC 2026][INFO] [Action] E UpdateStyle - (r,322139,322140),16:10.000000:2,(r,322139,322140),F
[Thu Sep 03 20:23:22 UTC 2026][INFO] [Action] E UpdateStyle - (r,322139,322140),13:361:3,(r,322139,322140),F
[Thu Sep 03 20:23:28 UTC 2026][INFO] [Action] E UpdateStyle - (r,322178,322178),13:361:3,(r,322178,322178),F
[Thu Sep 03 20:23:30 UTC 2026][INFO] [Action] E UpdateStyle - (r,322178,322178),16:10.000000:2,(r,322178,322178),F
[Thu Sep 03 20:23:57 UTC 2026][INFO] [Action] E DeleteContent - (c,322114,1),B
[Thu Sep 03 20:24:00 UTC 2026][INFO] [Action] E DeleteContent - (c,322113,1),B
[Thu Sep 03 20:24:07 UTC 2026][INFO] [Action] U DeleteContent
[Thu Sep 03 20:24:08 UTC 2026][INFO] [Action] U DeleteContent
[Thu Sep 03 20:24:18 UTC 2026][INFO] [Action] E UpdateStyle - (c,322114,1),42:1.250000:2,(r,322114,322115),F
[Thu Sep 03 20:24:19 UTC 2026][INFO] [Action] E UpdateStyle - (c,322114,1),42:1.500000:2,(r,322114,322115),F
[Thu Sep 03 20:24:19 UTC 2026][INFO] [Action] E UpdateStyle - (c,322114,1),42:1.750000:2,(r,322114,322115),F
[Thu Sep 03 20:24:21 UTC 2026][INFO] [Action] E UpdateStyle - (c,322114,1),42:1.500000:2,(r,322114,322115),F
[Thu Sep 03 20:24:21 UTC 2026][INFO] [Action] E UpdateStyle - (c,322114,1),42:1.250000:2,(r,322114,322115),F
[Thu Sep 03 20:24:21 UTC 2026][INFO] [Action] E UpdateStyle - (c,322114,1),42:1.000000:2,(r,322114,322115),F
[Thu Sep 03 20:24:32 UTC 2026][INFO] [Action] E SplitContainer - 322137
[Thu Sep 03 20:24:34 UTC 2026][INFO] [Action] E MergeContainer - 322137,1
[Thu Sep 03 20:24:47 UTC 2026][INFO] [Action] E UpdateStyle - (r,322139,322141),16:9.000000:2,(r,322139,322141),F
[Thu Sep 03 20:24:58 UTC 2026][INFO] [Action] E UpdateStyle - (r,322177,322178),16:9.000000:2,(r,322177,322178),F
[Thu Sep 03 20:25:40 UTC 2026][INFO] [Action] E UpdateStyle - (r,322140,322176),16:8.000000:2,(r,322140,322176),F
[Thu Sep 03 20:25:59 UTC 2026][INFO] [Action] E UpdateStyle - (r,322178,322178),16:8.000000:2,(r,322178,322178),F
[Thu Sep 03 20:26:09 UTC 2026][INFO] [Action] E UpdateStyle - (r,322114,322141),16:8.000000:2,(r,322114,322141),F
[Thu Sep 03 20:26:16 UTC 2026][INFO] [Action] E UpdateStyle - (r,322177,322181),16:8.000000:2,(r,322177,322181),F
[Thu Sep 03 20:26:34 UTC 2026][INFO] [Action] E UpdateStyle - (r,322114,322138),16:9.000000:2,(r,322114,322138),F
[Thu Sep 03 20:27:00 UTC 2026][INFO] [Action] E UpdateStyle - (r,323310,323324),13:361:3,(r,323310,323324),F
[Thu Sep 03 20:27:05 UTC 2026][INFO] [Action] E UpdateStyle - (r,323310,323324),11:Bookerly,serif:4,(r,323310,323324),F
[Thu Sep 03 20:27:07 UTC 2026][INFO] [Action] E UpdateStyle - (r,323310,323324),11:AmazonEmber,sans-serif:4,(r,323310,323324),F
[Thu Sep 03 21:24:08 UTC 2026][INFO] [Action] E SaveBook - Save
[Thu Sep 03 21:25:50 UTC 2026][INFO] [Action] E InsertGenericPageAction - 17,38
[Thu Sep 03 21:25:54 UTC 2026][INFO] [Action] E ItemChanged - -1,326805
[Thu Sep 03 21:25:55 UTC 2026][INFO] [Action] E ItemChanged - -1,326805
[Thu Sep 03 21:25:57 UTC 2026][INFO] [Action] E ItemChanged - -1,326805
[Thu Sep 03 21:26:00 UTC 2026][INFO] [Action] E DeleteContent - (r,326805,326813),B
[Thu Sep 03 21:26:01 UTC 2026][INFO] [Action] E ItemChanged - -1,326803
[Thu Sep 03 21:26:36 UTC 2026][INFO] [Action] E ItemChanged - -1,1
[Thu Sep 03 21:27:22 UTC 2026][INFO] [Action] E Cut - (r,1750,1765)
[Thu Sep 03 21:27:25 UTC 2026][INFO] [Action] E Paste - (c,1169,1),17
[Thu Sep 03 21:27:39 UTC 2026][INFO] [Action] E AddTextContainer - (c,1764,2),0,0,0
[Thu Sep 03 21:27:40 UTC 2026][INFO] [Action] E InsertTextContent - (c,1765,1),[G]
[Thu Sep 03 21:27:41 UTC 2026][INFO] [Action] E InsertTextContent - (c,1765,2),[l]
[Thu Sep 03 21:27:41 UTC 2026][INFO] [Action] E InsertTextContent - (c,1766,2),[o]
[Thu Sep 03 21:27:44 UTC 2026][INFO] [Action] E DeleteContent - (c,1767,2),B
[Thu Sep 03 21:27:45 UTC 2026][INFO] [Action] E InsertTextContent - (c,1766,2),[O]
[Thu Sep 03 21:27:46 UTC 2026][INFO] [Action] E DeleteContent - (c,1767,2),B
[Thu Sep 03 21:27:46 UTC 2026][INFO] [Action] E DeleteContent - (c,1766,2),B
[Thu Sep 03 21:27:47 UTC 2026][INFO] [Action] E InsertTextContent - (c,1765,2),[L]
[Thu Sep 03 21:27:48 UTC 2026][INFO] [Action] E InsertTextContent - (c,1766,2),[O]
[Thu Sep 03 21:27:48 UTC 2026][INFO] [Action] E InsertTextContent - (c,1767,2),[S]
[Thu Sep 03 21:27:48 UTC 2026][INFO] [Action] E InsertTextContent - (c,1768,2),[S]
[Thu Sep 03 21:27:48 UTC 2026][INFO] [Action] E InsertTextContent - (c,1769,2),[A]
[Thu Sep 03 21:27:49 UTC 2026][INFO] [Action] E InsertTextContent - (c,1770,2),[R]
[Thu Sep 03 21:27:50 UTC 2026][INFO] [Action] E InsertTextContent - (c,1771,2),[Y]
[Thu Sep 03 21:28:19 UTC 2026][INFO] [Action] E ItemChanged - -1,323852
[Thu Sep 03 21:28:26 UTC 2026][INFO] [Action] E ItemChanged - -1,576
[Thu Sep 03 21:28:42 UTC 2026][INFO] [Action] E InsertTextContent - (c,1789,1),[A]
[Thu Sep 03 21:28:44 UTC 2026][INFO] [Action] E InsertTextContent - (c,1789,2),[x]
[Thu Sep 03 21:28:45 UTC 2026][INFO] [Action] E DeleteContent - (c,1790,2),B
[Thu Sep 03 21:28:46 UTC 2026][INFO] [Action] E InsertTextContent - (c,1790,1),[c]
[Thu Sep 03 21:28:47 UTC 2026][INFO] [Action] E InsertTextContent - (c,1790,2),[k]
[Thu Sep 03 21:28:47 UTC 2026][INFO] [Action] E InsertTextContent - (c,1791,2),[n]
[Thu Sep 03 21:28:48 UTC 2026][INFO] [Action] E InsertTextContent - (c,1792,2),[o]
[Thu Sep 03 21:28:48 UTC 2026][INFO] [Action] E InsertTextContent - (c,1793,2),[w]
[Thu Sep 03 21:28:49 UTC 2026][INFO] [Action] E InsertTextContent - (c,1794,2),[l]
[Thu Sep 03 21:28:49 UTC 2026][INFO] [Action] E InsertTextContent - (c,1795,2),[e]
[Thu Sep 03 21:28:50 UTC 2026][INFO] [Action] E InsertTextContent - (c,1796,2),[d]
[Thu Sep 03 21:28:51 UTC 2026][INFO] [Action] E InsertTextContent - (c,1797,2),[g]
[Thu Sep 03 21:28:51 UTC 2026][INFO] [Action] E InsertTextContent - (c,1798,2),[e]
[Thu Sep 03 21:28:51 UTC 2026][INFO] [Action] E InsertTextContent - (c,1799,2),[m]
[Thu Sep 03 21:28:52 UTC 2026][INFO] [Action] E InsertTextContent - (c,1800,2),[n]
[Thu Sep 03 21:28:52 UTC 2026][INFO] [Action] E InsertTextContent - (c,1801,2),[t]
[Thu Sep 03 21:28:52 UTC 2026][INFO] [Action] E InsertTextContent - (c,1802,2),[s]
[Thu Sep 03 21:28:55 UTC 2026][INFO] [Action] E DeleteContent - (r,1804,1804),F
[Thu Sep 03 21:28:56 UTC 2026][INFO] [Action] E DeleteContent - (r,1804,1804),F
[Thu Sep 03 21:28:56 UTC 2026][INFO] [Action] E DeleteContent - (r,1804,1804),F
[Thu Sep 03 21:28:56 UTC 2026][INFO] [Action] E DeleteContent - (r,1804,1804),F
[Thu Sep 03 21:28:56 UTC 2026][INFO] [Action] E DeleteContent - (r,1804,1804),F
[Thu Sep 03 21:28:56 UTC 2026][INFO] [Action] E DeleteContent - (r,1804,1804),F
[Thu Sep 03 21:28:56 UTC 2026][INFO] [Action] E DeleteContent - (r,1804,1804),F
[Thu Sep 03 21:28:56 UTC 2026][INFO] [Action] E DeleteContent - (r,1804,1804),F
[Thu Sep 03 21:28:56 UTC 2026][INFO] [Action] E DeleteContent - (r,1804,1804),F
[Thu Sep 03 21:28:56 UTC 2026][INFO] [Action] E DeleteContent - (r,1804,1804),F
[Thu Sep 03 21:28:57 UTC 2026][INFO] [Action] E DeleteContent - (r,1804,1804),F
[Thu Sep 03 21:28:57 UTC 2026][INFO] [Action] E DeleteContent - (r,1804,1804),F
[Thu Sep 03 21:28:57 UTC 2026][INFO] [Action] E DeleteContent - (r,1804,1804),F
[Thu Sep 03 21:28:57 UTC 2026][INFO] [Action] E DeleteContent - (r,1804,1804),F
[Thu Sep 03 21:28:57 UTC 2026][INFO] [Action] E DeleteContent - (r,1804,1804),F
[Thu Sep 03 21:28:57 UTC 2026][INFO] [Action] E DeleteContent - (r,1804,1804),F
[Thu Sep 03 21:28:57 UTC 2026][INFO] [Action] E DeleteContent - (r,1804,1804),F
[Thu Sep 03 21:28:57 UTC 2026][INFO] [Action] E DeleteContent - (r,1804,1804),F
[Thu Sep 03 21:28:57 UTC 2026][INFO] [Action] E DeleteContent - (r,1804,1804),F
[Thu Sep 03 21:28:57 UTC 2026][INFO] [Action] E DeleteContent - (r,1804,1804),F
[Thu Sep 03 21:28:57 UTC 2026][INFO] [Action] E DeleteContent - (r,1804,1804),F
[Thu Sep 03 21:28:57 UTC 2026][INFO] [Action] E DeleteContent - (r,1804,1804),F
[Thu Sep 03 21:28:57 UTC 2026][INFO] [Action] E DeleteContent - (r,1804,1804),F
[Thu Sep 03 21:28:58 UTC 2026][INFO] [Action] E DeleteContent - (r,1804,1804),F
[Thu Sep 03 21:28:58 UTC 2026][INFO] [Action] E DeleteContent - (r,1804,1804),F
[Thu Sep 03 21:28:58 UTC 2026][INFO] [Action] E DeleteContent - (r,1804,1804),F
[Thu Sep 03 21:28:58 UTC 2026][INFO] [Action] E DeleteContent - (r,1804,1804),F
[Thu Sep 03 21:28:58 UTC 2026][INFO] [Action] E DeleteContent - (r,1804,1804),F
[Thu Sep 03 21:28:58 UTC 2026][INFO] [Action] E DeleteContent - (r,1804,1804),F
[Thu Sep 03 21:28:58 UTC 2026][INFO] [Action] E DeleteContent - (r,1804,1804),F
[Thu Sep 03 21:28:58 UTC 2026][INFO] [Action] E DeleteContent - (r,1804,1804),F
[Thu Sep 03 21:28:58 UTC 2026][INFO] [Action] E DeleteContent - (r,1804,1804),F
[Thu Sep 03 21:28:58 UTC 2026][INFO] [Action] E DeleteContent - (r,1804,1804),F
[Thu Sep 03 21:28:58 UTC 2026][INFO] [Action] E DeleteContent - (r,1804,1804),F
[Thu Sep 03 21:28:58 UTC 2026][INFO] [Action] E DeleteContent - (r,1804,1804),F
[Thu Sep 03 21:28:58 UTC 2026][INFO] [Action] E DeleteContent - (r,1804,1804),F
[Thu Sep 03 21:28:59 UTC 2026][INFO] [Action] E DeleteContent - (r,1804,1804),F
[Thu Sep 03 21:28:59 UTC 2026][INFO] [Action] E DeleteContent - (r,1804,1804),F
[Thu Sep 03 21:28:59 UTC 2026][INFO] [Action] E DeleteContent - (r,1804,1804),F
[Thu Sep 03 21:28:59 UTC 2026][INFO] [Action] E DeleteContent - (r,1804,1804),F
[Thu Sep 03 21:28:59 UTC 2026][INFO] [Action] E DeleteContent - (r,1804,1804),F
[Thu Sep 03 21:28:59 UTC 2026][INFO] [Action] E DeleteContent - (r,1804,1804),F
[Thu Sep 03 21:28:59 UTC 2026][INFO] [Action] E DeleteContent - (r,1804,1804),F
[Thu Sep 03 21:28:59 UTC 2026][INFO] [Action] E DeleteContent - (r,1804,1804),F
[Thu Sep 03 21:28:59 UTC 2026][INFO] [Action] E DeleteContent - (r,1804,1804),F
[Thu Sep 03 21:28:59 UTC 2026][INFO] [Action] E DeleteContent - (r,1804,1804),F
[Thu Sep 03 21:28:59 UTC 2026][INFO] [Action] E DeleteContent - (r,1804,1804),F
[Thu Sep 03 21:29:00 UTC 2026][INFO] [Action] E DeleteContent - (r,1804,1804),F
[Thu Sep 03 21:29:00 UTC 2026][INFO] [Action] E DeleteContent - (r,1804,1804),F
[Thu Sep 03 21:29:03 UTC 2026][INFO] [Action] E DeleteContent - (r,1804,1804),F
[Thu Sep 03 21:29:05 UTC 2026][INFO] [Action] E DeleteContent - (r,1803,1803),F
[Thu Sep 03 21:29:05 UTC 2026][INFO] [Action] E DeleteContent - (r,1803,1803),F
[Thu Sep 03 21:29:06 UTC 2026][INFO] [Action] E DeleteContent - (r,1803,1803),F
[Thu Sep 03 21:29:06 UTC 2026][INFO] [Action] E DeleteContent - (r,1803,1803),F
[Thu Sep 03 21:29:06 UTC 2026][INFO] [Action] E DeleteContent - (r,1803,1803),F
[Thu Sep 03 21:29:06 UTC 2026][INFO] [Action] E DeleteContent - (r,1803,1803),F
[Thu Sep 03 21:29:07 UTC 2026][INFO] [Action] E DeleteContent - (r,1803,1803),F
[Thu Sep 03 21:29:07 UTC 2026][INFO] [Action] E DeleteContent - (r,1803,1803),F
[Thu Sep 03 21:29:08 UTC 2026][INFO] [Action] E DeleteContent - (r,1803,1803),F
[Thu Sep 03 21:29:13 UTC 2026][INFO] [Action] E InsertTextContent - (c,1801,1),[e]
[Thu Sep 03 21:29:26 UTC 2026][INFO] [Action] E InsertTextContent - (c,1806,1),[B]
[Thu Sep 03 21:29:27 UTC 2026][INFO] [Action] E InsertTextContent - (c,1806,2),[i]
[Thu Sep 03 21:29:27 UTC 2026][INFO] [Action] E InsertTextContent - (c,1807,2),[b]
[Thu Sep 03 21:29:28 UTC 2026][INFO] [Action] E InsertTextContent - (c,1808,2),[l]
[Thu Sep 03 21:29:28 UTC 2026][INFO] [Action] E InsertTextContent - (c,1809,2),[i]
[Thu Sep 03 21:29:28 UTC 2026][INFO] [Action] E InsertTextContent - (c,1810,2),[o]
[Thu Sep 03 21:29:29 UTC 2026][INFO] [Action] E InsertTextContent - (c,1811,2),[g]
[Thu Sep 03 21:29:29 UTC 2026][INFO] [Action] E InsertTextContent - (c,1812,2),[r]
[Thu Sep 03 21:29:30 UTC 2026][INFO] [Action] E InsertTextContent - (c,1813,2),[a]
[Thu Sep 03 21:29:31 UTC 2026][INFO] [Action] E InsertTextContent - (c,1814,2),[p]
[Thu Sep 03 21:29:32 UTC 2026][INFO] [Action] E InsertTextContent - (c,1815,2),[h]
[Thu Sep 03 21:29:32 UTC 2026][INFO] [Action] E InsertTextContent - (c,1816,2),[y]
[Thu Sep 03 21:29:34 UTC 2026][INFO] [Action] E DeleteContent - (r,1818,1818),F
[Thu Sep 03 21:29:34 UTC 2026][INFO] [Action] E DeleteContent - (r,1818,1818),F
[Thu Sep 03 21:29:34 UTC 2026][INFO] [Action] E DeleteContent - (r,1818,1818),F
[Thu Sep 03 21:29:34 UTC 2026][INFO] [Action] E DeleteContent - (r,1818,1818),F
[Thu Sep 03 21:29:34 UTC 2026][INFO] [Action] E DeleteContent - (r,1818,1818),F
[Thu Sep 03 21:29:35 UTC 2026][INFO] [Action] E DeleteContent - (r,1818,1818),F
[Thu Sep 03 21:29:35 UTC 2026][INFO] [Action] E DeleteContent - (r,1818,1818),F
[Thu Sep 03 21:29:35 UTC 2026][INFO] [Action] E DeleteContent - (r,1818,1818),F
[Thu Sep 03 21:29:35 UTC 2026][INFO] [Action] E DeleteContent - (r,1818,1818),F
[Thu Sep 03 21:29:35 UTC 2026][INFO] [Action] E DeleteContent - (r,1818,1818),F
[Thu Sep 03 21:29:36 UTC 2026][INFO] [Action] E DeleteContent - (r,1818,1818),F
[Thu Sep 03 21:29:36 UTC 2026][INFO] [Action] E DeleteContent - (r,1818,1818),F
[Thu Sep 03 21:29:37 UTC 2026][INFO] [Action] E DeleteContent - (r,1818,1818),F
[Thu Sep 03 21:29:40 UTC 2026][INFO] [Action] E DeleteContent - (c,1806,1),B
[Thu Sep 03 21:29:46 UTC 2026][INFO] [Action] E ItemChanged - -1,323807
[Thu Sep 03 21:29:51 UTC 2026][INFO] [Action] E ItemChanged - -1,576
[Thu Sep 03 21:29:57 UTC 2026][INFO] [Action] E ItemChanged - -1,1
[Thu Sep 03 21:29:59 UTC 2026][INFO] [Action] E ItemChanged - -1,576
[Thu Sep 03 21:30:04 UTC 2026][INFO] [Action] E InsertTextContent - (c,1804,1),[A]
[Thu Sep 03 21:30:07 UTC 2026][INFO] [Action] E InsertTextContent - (c,1805,2),[A]
[Thu Sep 03 21:30:09 UTC 2026][INFO] [Action] E DeleteContent - (c,1806,2),B
[Thu Sep 03 21:30:11 UTC 2026][INFO] [Action] E DeleteContent - (c,1805,1),B
[Thu Sep 03 21:30:20 UTC 2026][INFO] [Action] E AddTextContainer - (c,1176,2),0,0,0
[Thu Sep 03 21:30:27 UTC 2026][INFO] [Action] E AddTextContainer - (c,1773,2),0,0,0
[Thu Sep 03 21:30:33 UTC 2026][INFO] [Action] E MergeContainer - 1177,1
[Thu Sep 03 21:30:35 UTC 2026][INFO] [Action] E UpdateStyle - (c,1176,2),49:0.250000:2,(r,1176,1176),F
[Thu Sep 03 21:30:36 UTC 2026][INFO] [Action] E UpdateStyle - (c,1176,2),49:0.500000:2,(r,1176,1176),F
[Thu Sep 03 21:30:38 UTC 2026][INFO] [Action] E MergeContainer - 1773,1
[Thu Sep 03 21:30:43 UTC 2026][INFO] [Action] E UpdateStyle - (c,1772,2),49:0.250000:2,(r,1772,1772),F
[Thu Sep 03 21:30:43 UTC 2026][INFO] [Action] E UpdateStyle - (c,1772,2),49:0.500000:2,(r,1772,1772),F
[Thu Sep 03 21:30:43 UTC 2026][INFO] [Action] E UpdateStyle - (c,1772,2),49:0.750000:2,(r,1772,1772),F
[Thu Sep 03 21:30:45 UTC 2026][INFO] [Action] E UpdateStyle - (c,1772,2),49:0.500000:2,(r,1772,1772),F
[Thu Sep 03 21:31:04 UTC 2026][INFO] [Action] E UpdateStyle - (c,595,2),34:59:3,(r,595,595),F
[Thu Sep 03 21:31:06 UTC 2026][INFO] [Action] E UpdateStyle - (c,595,2),34:320:3,(r,595,595),F
[Thu Sep 03 21:31:09 UTC 2026][INFO] [Action] E UpdateStyle - (c,595,2),34:59:3,(r,595,595),F
[Thu Sep 03 21:31:25 UTC 2026][INFO] [Action] E ItemChanged - -1,8718
[Thu Sep 03 21:31:32 UTC 2026][INFO] [Action] E ItemChanged - -1,173138
[Thu Sep 03 21:31:53 UTC 2026][INFO] [Action] E UpdateStyle - (c,176854,2),49:0.250000:2,(r,176854,176854),F
[Thu Sep 03 21:31:56 UTC 2026][INFO] [Action] E UpdateStyle - (c,176891,2),49:0.250000:2,(r,176891,176891),F
[Thu Sep 03 21:32:04 UTC 2026][INFO] [Action] E UpdateStyle - (c,177080,2),49:0.250000:2,(r,177080,177080),F
[Thu Sep 03 21:32:11 UTC 2026][INFO] [Action] E UpdateStyle - (c,180045,2),49:0.250000:2,(r,180045,180045),F
[Thu Sep 03 21:32:14 UTC 2026][INFO] [Action] E UpdateStyle - (c,180086,2),49:0.250000:2,(r,180086,180086),F
[Thu Sep 03 21:32:18 UTC 2026][INFO] [Action] E UpdateStyle - (c,180794,2),49:0.250000:2,(r,180794,180794),F
[Thu Sep 03 21:32:22 UTC 2026][INFO] [Action] E UpdateStyle - (c,180840,2),49:0.250000:2,(r,180840,180840),F
[Thu Sep 03 21:32:26 UTC 2026][INFO] [Action] E UpdateStyle - (c,180898,2),49:0.250000:2,(r,180898,180898),F
[Thu Sep 03 21:32:31 UTC 2026][INFO] [Action] E UpdateStyle - (c,180908,2),49:0.250000:2,(r,180908,180908),F
[Thu Sep 03 21:32:37 UTC 2026][INFO] [Action] E UpdateStyle - (c,181240,2),49:0.250000:2,(r,181240,181240),F
[Thu Sep 03 21:32:45 UTC 2026][INFO] [Action] E UpdateStyle - (c,181266,2),49:0.250000:2,(r,181266,181266),F
[Thu Sep 03 21:33:05 UTC 2026][INFO] [Action] E MergeContainer - 181331,0
[Thu Sep 03 21:33:06 UTC 2026][INFO] [Action] E InsertTextContent - (c,181331,2),[SPACE]
[Thu Sep 03 21:33:18 UTC 2026][INFO] [Action] E InsertTextContent - (c,184029,2),[SPACE]
[Thu Sep 03 21:33:19 UTC 2026][INFO] [Action] E MergeContainer - 184030,0
[Thu Sep 03 21:33:27 UTC 2026][INFO] [Action] E InsertTextContent - (c,185420,2),[SPACE]
[Thu Sep 03 21:33:28 UTC 2026][INFO] [Action] E MergeContainer - 185421,0
[Thu Sep 03 21:33:37 UTC 2026][INFO] [Action] E UpdateStyle - (c,185421,2),34:59:3,(r,185421,185421),F
[Thu Sep 03 21:33:50 UTC 2026][INFO] [Action] E InsertTextContent - (c,186877,2),[SPACE]
[Thu Sep 03 21:33:51 UTC 2026][INFO] [Action] E MergeContainer - 186878,0
[Thu Sep 03 21:34:03 UTC 2026][INFO] [Action] E InsertTextContent - (c,187543,2),[SPACE]
[Thu Sep 03 21:34:05 UTC 2026][INFO] [Action] E MergeContainer - 187544,0
[Thu Sep 03 21:34:18 UTC 2026][INFO] [Action] E InsertTextContent - (c,188585,2),[SPACE]
[Thu Sep 03 21:34:19 UTC 2026][INFO] [Action] E MergeContainer - 188586,0
[Thu Sep 03 21:34:28 UTC 2026][INFO] [Action] E InsertTextContent - (c,188586,2),[>]
[Thu Sep 03 21:34:29 UTC 2026][INFO] [Action] E InsertTextContent - (c,188587,2),[SPACE]
[Thu Sep 03 21:34:33 UTC 2026][INFO] [Action] E InsertTextContent - (c,188597,2),[SPACE]
[Thu Sep 03 21:34:34 UTC 2026][INFO] [Action] E InsertTextContent - (c,188598,2),[>]
[Thu Sep 03 21:34:39 UTC 2026][INFO] [Action] E InsertTextContent - (c,188611,1),[>]
[Thu Sep 03 21:34:40 UTC 2026][INFO] [Action] E InsertTextContent - (c,188611,2),[SPACE]
[Thu Sep 03 21:34:45 UTC 2026][INFO] [Action] E InsertTextContent - (c,188621,2),[>]
[Thu Sep 03 21:34:48 UTC 2026][INFO] [Action] E InsertTextContent - (r,188621,188621),[SPACE]
[Thu Sep 03 21:34:59 UTC 2026][INFO] [Action] E DeleteContent - (c,188611,1),B
[Thu Sep 03 21:35:00 UTC 2026][INFO] [Action] E DeleteContent - (c,188610,1),B
[Thu Sep 03 21:35:00 UTC 2026][INFO] [Action] E InsertTextContent - (c,188609,1),[SPACE]
[Thu Sep 03 21:35:02 UTC 2026][INFO] [Action] E InsertTextContent - (r,188597,188598),[SPACE]
[Thu Sep 03 21:35:05 UTC 2026][INFO] [Action] E InsertTextContent - (r,188585,188586),[SPACE]
[Thu Sep 03 21:35:14 UTC 2026][INFO] [Action] E UpdateStyle - (r,188577,188628),16:10.000000:2,(r,188577,188628),F
[Thu Sep 03 21:35:17 UTC 2026][INFO] [Action] E InsertTextContent - (c,188619,2),[SPACE]
[Thu Sep 03 21:35:17 UTC 2026][INFO] [Action] E MergeContainer - 188620,0
[Thu Sep 03 21:35:19 UTC 2026][INFO] [Action] E DeleteContent - (r,188621,188621),F
[Thu Sep 03 21:35:22 UTC 2026][INFO] [Action] U DeleteContent
[Thu Sep 03 21:35:30 UTC 2026][INFO] [Action] E DeleteContent - (c,188575,2),B
[Thu Sep 03 21:35:34 UTC 2026][INFO] [Action] E InsertTextContent - (c,188575,1),[SPACE]
[Thu Sep 03 21:35:37 UTC 2026][INFO] [Action] E InsertTextContent - (c,188575,2),[SPACE]
[Thu Sep 03 21:35:47 UTC 2026][INFO] [Action] E UpdateStyle - (r,188577,188630),12:382:3,(r,188577,188630),F
[Thu Sep 03 21:35:49 UTC 2026][INFO] [Action] E UpdateStyle - (r,188577,188630),13:361:3,(r,188577,188630),F
[Thu Sep 03 21:36:01 UTC 2026][INFO] [Action] U UpdateStyle
[Thu Sep 03 21:36:01 UTC 2026][INFO] [Action] U UpdateStyle
[Thu Sep 03 21:36:09 UTC 2026][INFO] [Action] E UpdateStyle - (r,188578,188630),13:361:3,(r,188578,188630),F
[Thu Sep 03 21:36:10 UTC 2026][INFO] [Action] E UpdateStyle - (r,188578,188630),13:350:3,(r,188578,188630),F
[Thu Sep 03 21:36:21 UTC 2026][INFO] [Action] E InsertTextContent - (c,188780,2),[SPACE]
[Thu Sep 03 21:36:22 UTC 2026][INFO] [Action] E MergeContainer - 188781,0
[Thu Sep 03 21:36:28 UTC 2026][INFO] [Action] E SplitContainer - 188789
[Thu Sep 03 21:36:33 UTC 2026][INFO] [Action] E SplitContainer - 188738
[Thu Sep 03 21:36:38 UTC 2026][INFO] [Action] E InsertTextContent - (c,188872,2),[SPACE]
[Thu Sep 03 21:36:40 UTC 2026][INFO] [Action] E MergeContainer - 188873,0
[Thu Sep 03 21:36:43 UTC 2026][INFO] [Action] E SplitContainer - 188855
[Thu Sep 03 21:36:47 UTC 2026][INFO] [Action] E SplitContainer - 188881
[Thu Sep 03 21:36:59 UTC 2026][INFO] [Action] E UpdateStyle - (c,191197,2),49:0.250000:2,(r,191197,191197),F
[Thu Sep 03 21:37:04 UTC 2026][INFO] [Action] E UpdateStyle - (c,191255,2),49:0.250000:2,(r,191255,191255),F
[Thu Sep 03 21:37:10 UTC 2026][INFO] [Action] E SplitContainer - 191860
[Thu Sep 03 21:37:20 UTC 2026][INFO] [Action] E SplitContainer - 192860
[Thu Sep 03 21:37:26 UTC 2026][INFO] [Action] E SplitContainer - 192938
[Thu Sep 03 21:37:32 UTC 2026][INFO] [Action] E SplitContainer - 192960
[Thu Sep 03 21:37:36 UTC 2026][INFO] [Action] E MergeContainer - 192971,0
[Thu Sep 03 21:37:37 UTC 2026][INFO] [Action] E InsertTextContent - (c,192971,2),[SPACE]
[Thu Sep 03 21:37:38 UTC 2026][INFO] [Action] E InsertTextContent - (c,192970,2),[SPACE]
[Thu Sep 03 21:37:41 UTC 2026][INFO] [Action] E SplitContainer - 192991
[Thu Sep 03 21:37:55 UTC 2026][INFO] [Action] E InsertTextContent - (c,194159,2),[SPACE]
[Thu Sep 03 21:37:55 UTC 2026][INFO] [Action] E MergeContainer - 194160,0
[Thu Sep 03 21:37:59 UTC 2026][INFO] [Action] E SplitContainer - 194168
[Thu Sep 03 21:38:04 UTC 2026][INFO] [Action] E SplitContainer - 193937
[Thu Sep 03 21:38:11 UTC 2026][INFO] [Action] E SplitContainer - 195271
[Thu Sep 03 21:38:13 UTC 2026][INFO] [Action] E InsertTextContent - (c,195290,2),[SPACE]
[Thu Sep 03 21:38:14 UTC 2026][INFO] [Action] E MergeContainer - 195291,0
[Thu Sep 03 21:38:17 UTC 2026][INFO] [Action] E InsertTextContent - (c,195299,1),[\]
[Thu Sep 03 21:38:18 UTC 2026][INFO] [Action] E DeleteContent - (c,195299,2),B
[Thu Sep 03 21:38:18 UTC 2026][INFO] [Action] E SplitContainer - 195299
[Thu Sep 03 21:38:26 UTC 2026][INFO] [Action] E SplitContainer - 195627
[Thu Sep 03 21:38:28 UTC 2026][INFO] [Action] E DeleteContent - (r,195627,195627),F
[Thu Sep 03 21:38:30 UTC 2026][INFO] [Action] E InsertTextContent - (c,195657,2),[SPACE]
[Thu Sep 03 21:38:30 UTC 2026][INFO] [Action] E MergeContainer - 195658,0
[Thu Sep 03 21:38:33 UTC 2026][INFO] [Action] E SplitContainer - 195666
[Thu Sep 03 21:38:42 UTC 2026][INFO] [Action] E InsertTextContent - (c,196835,2),[SPACE]
[Thu Sep 03 21:38:43 UTC 2026][INFO] [Action] E MergeContainer - 196836,0
[Thu Sep 03 21:38:45 UTC 2026][INFO] [Action] E SplitContainer - 196844
[Thu Sep 03 21:38:53 UTC 2026][INFO] [Action] E SplitContainer - 197552
[Thu Sep 03 21:38:59 UTC 2026][INFO] [Action] E InsertTextContent - (c,198382,2),[SPACE]
[Thu Sep 03 21:39:00 UTC 2026][INFO] [Action] E MergeContainer - 198383,0
[Thu Sep 03 21:39:08 UTC 2026][INFO] [Action] E SplitContainer - 198365
[Thu Sep 03 21:39:11 UTC 2026][INFO] [Action] E SplitContainer - 198408
[Thu Sep 03 21:39:17 UTC 2026][INFO] [Action] E UpdateStyle - (c,198808,2),49:0.250000:2,(r,198808,198808),F
[Thu Sep 03 21:39:25 UTC 2026][INFO] [Action] E SplitContainer - 196812
[Thu Sep 03 21:39:53 UTC 2026][INFO] [Action] E SplitContainer - 202333
[Thu Sep 03 21:40:51 UTC 2026][INFO] [Action] E InsertTextContent - (c,205256,2),[SPACE]
[Thu Sep 03 21:40:52 UTC 2026][INFO] [Action] E MergeContainer - 205257,0
[Thu Sep 03 21:41:01 UTC 2026][INFO] [Action] E SplitContainer - 205443
[Thu Sep 03 21:41:14 UTC 2026][INFO] [Action] E InsertTextContent - (c,205529,2),[SPACE]
[Thu Sep 03 21:41:15 UTC 2026][INFO] [Action] E MergeContainer - 205530,0
[Thu Sep 03 21:42:11 UTC 2026][INFO] [Action] E SplitContainer - 209871
[Thu Sep 03 21:42:16 UTC 2026][INFO] [Action] E SplitContainer - 210025
[Thu Sep 03 21:42:18 UTC 2026][INFO] [Action] E InsertTextContent - (c,210041,2),[SPACE]
[Thu Sep 03 21:42:19 UTC 2026][INFO] [Action] E MergeContainer - 210042,0
[Thu Sep 03 21:42:22 UTC 2026][INFO] [Action] E SplitContainer - 210050
[Thu Sep 03 21:42:34 UTC 2026][INFO] [Action] E InsertTextContent - (c,209931,2),[SPACE]
[Thu Sep 03 21:42:35 UTC 2026][INFO] [Action] E MergeContainer - 209932,0
[Thu Sep 03 21:43:10 UTC 2026][INFO] [Action] E SplitContainer - 210963
[Thu Sep 03 21:43:18 UTC 2026][INFO] [Action] E InsertTextContent - (c,211129,2),[SPACE]
[Thu Sep 03 21:43:19 UTC 2026][INFO] [Action] E InsertTextContent - (c,211131,2),[SPACE]
[Thu Sep 03 21:43:29 UTC 2026][INFO] [Action] E Copy - (r,211131,211131)
[Thu Sep 03 21:46:00 UTC 2026][INFO] [Action] E InsertTextContent - (c,22913,1),[SPACE]
[Thu Sep 03 21:46:22 UTC 2026][INFO] [Action] E InsertTextContent - (c,31662,1),[SPACE]
[Thu Sep 03 21:46:23 UTC 2026][INFO] [Action] E InsertTextContent - (c,31663,2),[SPACE]
[Thu Sep 03 21:46:36 UTC 2026][INFO] [Action] E UpdateStyle - (r,31375,31386),49:0.250000:2,(r,31375,31386),F
[Thu Sep 03 21:46:40 UTC 2026][INFO] [Action] E UpdateStyle - (c,31427,2),49:0.250000:2,(r,31427,31427),F
[Thu Sep 03 21:46:46 UTC 2026][INFO] [Action] E UpdateStyle - (r,31376,31427),16:10.000000:2,(r,31376,31427),F
[Thu Sep 03 21:46:50 UTC 2026][INFO] [Action] E UpdateStyle - (r,31376,31427),12:382:3,(r,31376,31427),F
[Thu Sep 03 21:46:52 UTC 2026][INFO] [Action] E UpdateStyle - (r,31376,31427),13:361:3,(r,31376,31427),F
[Thu Sep 03 21:46:54 UTC 2026][INFO] [Action] E UpdateStyle - (r,31376,31427),13:350:3,(r,31376,31427),F
[Thu Sep 03 21:47:04 UTC 2026][INFO] [Action] E UpdateStyle - (r,31373,31386),16:10.000000:2,(r,31373,31386),F
[Thu Sep 03 21:47:05 UTC 2026][INFO] [Action] E UpdateStyle - (r,31373,31386),12:382:3,(r,31373,31386),F
[Thu Sep 03 21:47:07 UTC 2026][INFO] [Action] E UpdateStyle - (r,31373,31386),12:350:3,(r,31373,31386),F
[Thu Sep 03 21:47:11 UTC 2026][INFO] [Action] E UpdateStyle - (r,31373,31386),16:12.000000:2,(r,31373,31386),F
[Thu Sep 03 21:47:19 UTC 2026][INFO] [Action] E UpdateStyle - (c,31906,2),49:0.250000:2,(r,31906,31906),F
[Thu Sep 03 21:47:29 UTC 2026][INFO] [Action] E SaveBook - Save
[Thu Sep 03 23:36:15 UTC 2026][INFO] [Action] E UpdateStyle - (c,31427,2),49:0.500000:2,(r,31427,31427),F
[Thu Sep 03 23:36:20 UTC 2026][INFO] [Action] E UpdateStyle - (c,31906,2),49:0.500000:2,(r,31906,31906),F
[Thu Sep 03 23:36:38 UTC 2026][INFO] [Action] E UpdateStyle - (c,33311,2),49:0.250000:2,(r,33311,33311),F
[Thu Sep 03 23:36:40 UTC 2026][INFO] [Action] E UpdateStyle - (c,33311,2),49:0.500000:2,(r,33311,33311),F
[Thu Sep 03 23:37:06 UTC 2026][INFO] [Action] E UpdateStyle - (c,34104,2),49:0.250000:2,(r,34104,34104),F
[Thu Sep 03 23:37:10 UTC 2026][INFO] [Action] E UpdateStyle - (c,34134,2),49:0.250000:2,(r,34134,34134),F
[Thu Sep 03 23:37:27 UTC 2026][INFO] [Action] E MergeContainer - 36600,1
[Thu Sep 03 23:37:35 UTC 2026][INFO] [Action] E SplitContainer - 37670
[Thu Sep 03 23:37:42 UTC 2026][INFO] [Action] E SplitContainer - 37634
[Thu Sep 03 23:38:28 UTC 2026][INFO] [Action] E MergeContainer - 42999,1
[Thu Sep 03 23:38:31 UTC 2026][INFO] [Action] E SplitContainer - 42999
[Thu Sep 03 23:38:40 UTC 2026][INFO] [Action] E UpdateStyle - (r,42984,43016),34:320:3,(r,42984,43016),F
[Thu Sep 03 23:38:47 UTC 2026][INFO] [Action] E AddTextContainer - (c,43016,2),0,0,0
[Thu Sep 03 23:38:56 UTC 2026][INFO] [Action] E UpdateStyle - (r,43018,43107),16:10.000000:2,(r,43018,43107),F
[Thu Sep 03 23:38:57 UTC 2026][INFO] [Action] E UpdateStyle - (r,43018,43107),13:350:3,(r,43018,43107),F
[Thu Sep 03 23:39:09 UTC 2026][INFO] [Action] E UpdateStyle - (r,43108,43144),34:320:3,(r,43108,43144),F
[Thu Sep 03 23:39:13 UTC 2026][INFO] [Action] E MergeContainer - 43125,1
[Thu Sep 03 23:39:14 UTC 2026][INFO] [Action] E SplitContainer - 43125
[Thu Sep 03 23:39:18 UTC 2026][INFO] [Action] U SplitContainer
[Thu Sep 03 23:39:19 UTC 2026][INFO] [Action] U MergeContainer
[Thu Sep 03 23:39:46 UTC 2026][INFO] [Action] E MergeContainer - 43124,0
[Thu Sep 03 23:39:48 UTC 2026][INFO] [Action] E SplitContainer - 43125
[Thu Sep 03 23:40:00 UTC 2026][INFO] [Action] E UpdateStyle - (r,43125,43144),16:9.000000:2,(r,43125,43144),F
[Thu Sep 03 23:40:03 UTC 2026][INFO] [Action] E UpdateStyle - (r,43125,43144),13:361:3,(r,43125,43144),F
[Thu Sep 03 23:40:06 UTC 2026][INFO] [Action] E AddTextContainer - (c,43144,2),0,0,0
[Thu Sep 03 23:40:10 UTC 2026][INFO] [Action] U AddTextContainer
[Thu Sep 03 23:40:12 UTC 2026][INFO] [Action] E UpdateStyle - (c,43144,2),49:0.250000:2,(r,43144,43144),F
[Thu Sep 03 23:40:13 UTC 2026][INFO] [Action] E UpdateStyle - (c,43144,2),49:0.500000:2,(r,43144,43144),F
[Thu Sep 03 23:40:34 UTC 2026][INFO] [Action] E InsertTextContent - (c,43412,2),[SPACE]
[Thu Sep 03 23:40:36 UTC 2026][INFO] [Action] E InsertTextContent - (c,43415,1),[SPACE]
[Thu Sep 03 23:41:45 UTC 2026][INFO] [Action] E SplitContainer - 55954
[Thu Sep 03 23:41:49 UTC 2026][INFO] [Action] E InsertTextContent - (c,55965,2),[SPACE]
[Thu Sep 03 23:41:49 UTC 2026][INFO] [Action] E MergeContainer - 55966,0
[Thu Sep 03 23:42:00 UTC 2026][INFO] [Action] E UpdateStyle - (c,56646,2),49:0.250000:2,(r,56646,56646),F
[Thu Sep 03 23:42:16 UTC 2026][INFO] [Action] E UpdateStyle - (c,58717,2),47:0.250000:2,(r,58717,58717),F
[Thu Sep 03 23:42:18 UTC 2026][INFO] [Action] E UpdateStyle - (c,58717,2),47:0.500000:2,(r,58717,58717),F
[Thu Sep 03 23:42:24 UTC 2026][INFO] [Action] E UpdateStyle - (r,58718,58724),47:2.250000:2,(r,58718,58724),F
[Thu Sep 03 23:42:25 UTC 2026][INFO] [Action] E UpdateStyle - (r,58718,58724),47:2.000000:2,(r,58718,58724),F
[Thu Sep 03 23:42:25 UTC 2026][INFO] [Action] E UpdateStyle - (r,58718,58724),47:1.750000:2,(r,58718,58724),F
[Thu Sep 03 23:42:25 UTC 2026][INFO] [Action] E UpdateStyle - (r,58718,58724),47:1.500000:2,(r,58718,58724),F
[Thu Sep 03 23:42:25 UTC 2026][INFO] [Action] E UpdateStyle - (r,58718,58724),47:1.250000:2,(r,58718,58724),F
[Thu Sep 03 23:42:26 UTC 2026][INFO] [Action] E UpdateStyle - (r,58718,58724),47:1.000000:2,(r,58718,58724),F
[Thu Sep 03 23:42:26 UTC 2026][INFO] [Action] E UpdateStyle - (r,58718,58724),47:0.750000:2,(r,58718,58724),F
[Thu Sep 03 23:42:50 UTC 2026][INFO] [Action] E InsertTextContent - (c,58420,2),[SPACE]
[Thu Sep 03 23:42:51 UTC 2026][INFO] [Action] E MergeContainer - 58421,0
[Fri Sep 04 01:17:42 UTC 2026][INFO] [Action] E SaveBook - Save
[Fri Sep 04 01:17:49 UTC 2026][INFO] [Action] E UpdateStyle - (c,59331,2),49:0.250000:2,(r,59331,59331),F
[Fri Sep 04 01:18:02 UTC 2026][INFO] [Action] E UpdateStyle - (c,59349,1),47:0.500000:2,(r,59349,59349),F
[Fri Sep 04 01:18:03 UTC 2026][INFO] [Action] E UpdateStyle - (c,59349,1),47:0.250000:2,(r,59349,59349),F
[Fri Sep 04 01:18:14 UTC 2026][INFO] [Action] E UpdateStyle - (c,59332,1),34:320:3,(r,59332,59332),F
[Fri Sep 04 01:18:18 UTC 2026][INFO] [Action] E UpdateStyle - (c,59331,2),49:0.500000:2,(r,59331,59331),F
[Fri Sep 04 01:18:22 UTC 2026][INFO] [Action] E UpdateStyle - (c,59348,2),49:0.250000:2,(r,59348,59348),F
[Fri Sep 04 01:18:29 UTC 2026][INFO] [Action] E InsertTextContent - (c,59411,2),[SPACE]
[Fri Sep 04 01:18:31 UTC 2026][INFO] [Action] E InsertTextContent - (c,59412,2),[SPACE]
[Fri Sep 04 01:18:32 UTC 2026][INFO] [Action] E MergeContainer - 59413,0
[Fri Sep 04 01:19:03 UTC 2026][INFO] [Action] E InsertTextContent - (c,61001,2),[SPACE]
[Fri Sep 04 01:19:04 UTC 2026][INFO] [Action] E MergeContainer - 61002,0
[Fri Sep 04 01:19:12 UTC 2026][INFO] [Action] E UpdateStyle - (c,61137,2),49:0.250000:2,(r,61137,61137),F
[Fri Sep 04 01:19:16 UTC 2026][INFO] [Action] E UpdateStyle - (c,61174,2),49:0.250000:2,(r,61174,61174),F
[Fri Sep 04 01:19:24 UTC 2026][INFO] [Action] E UpdateStyle - (c,61187,2),49:0.250000:2,(r,61187,61187),F
[Fri Sep 04 01:19:27 UTC 2026][INFO] [Action] E UpdateStyle - (c,61213,2),49:0.250000:2,(r,61213,61213),F
[Fri Sep 04 01:19:34 UTC 2026][INFO] [Action] E UpdateStyle - (c,61228,2),49:0.250000:2,(r,61228,61228),F
[Fri Sep 04 01:19:39 UTC 2026][INFO] [Action] E UpdateStyle - (c,61256,2),49:0.250000:2,(r,61256,61256),F
[Fri Sep 04 01:19:43 UTC 2026][INFO] [Action] E UpdateStyle - (c,61256,2),49:0.500000:2,(r,61256,61256),F
[Fri Sep 04 01:19:57 UTC 2026][INFO] [Action] E UpdateStyle - (c,63894,2),49:0.250000:2,(r,63894,63894),F
[Fri Sep 04 01:20:01 UTC 2026][INFO] [Action] E UpdateStyle - (c,63926,2),49:0.250000:2,(r,63926,63926),F
[Fri Sep 04 01:20:06 UTC 2026][INFO] [Action] E UpdateStyle - (c,63960,2),49:0.250000:2,(r,63960,63960),F
[Fri Sep 04 01:20:10 UTC 2026][INFO] [Action] E UpdateStyle - (c,63995,2),49:0.250000:2,(r,63995,63995),F
[Fri Sep 04 01:20:27 UTC 2026][INFO] [Action] E SplitContainer - 67255
[Fri Sep 04 01:20:43 UTC 2026][INFO] [Action] E InsertTextContent - (c,67565,2),[SPACE]
[Fri Sep 04 01:20:44 UTC 2026][INFO] [Action] E MergeContainer - 67566,0
[Fri Sep 04 01:20:51 UTC 2026][INFO] [Action] E SplitContainer - 67707
[Fri Sep 04 01:20:53 UTC 2026][INFO] [Action] E InsertTextContent - (c,67724,2),[SPACE]
[Fri Sep 04 01:20:54 UTC 2026][INFO] [Action] E MergeContainer - 67725,0
[Fri Sep 04 01:21:05 UTC 2026][INFO] [Action] E SplitContainer - 67164
[Fri Sep 04 01:21:24 UTC 2026][INFO] [Action] E SplitContainer - 68532
[Fri Sep 04 01:21:39 UTC 2026][INFO] [Action] E InsertTextContent - (c,69190,2),[SPACE]
[Fri Sep 04 01:21:39 UTC 2026][INFO] [Action] E MergeContainer - 69191,0
[Fri Sep 04 01:22:17 UTC 2026][INFO] [Action] E SplitContainer - 71209
[Fri Sep 04 01:22:20 UTC 2026][INFO] [Action] E InsertTextContent - (c,71231,2),[SPACE]
[Fri Sep 04 01:22:21 UTC 2026][INFO] [Action] E MergeContainer - 71232,0
[Fri Sep 04 01:22:28 UTC 2026][INFO] [Action] E InsertTextContent - (c,71450,2),[SPACE]
[Fri Sep 04 01:22:29 UTC 2026][INFO] [Action] E MergeContainer - 71451,0
[Fri Sep 04 01:22:36 UTC 2026][INFO] [Action] E InsertTextContent - (c,71587,2),[SPACE]
[Fri Sep 04 01:22:37 UTC 2026][INFO] [Action] E MergeContainer - 71588,0
[Fri Sep 04 01:22:47 UTC 2026][INFO] [Action] E InsertTextContent - (c,72062,2),[SPACE]
[Fri Sep 04 01:22:48 UTC 2026][INFO] [Action] E MergeContainer - 72063,0
[Fri Sep 04 01:22:52 UTC 2026][INFO] [Action] E InsertTextContent - (c,72121,2),[SPACE]
[Fri Sep 04 01:22:53 UTC 2026][INFO] [Action] E MergeContainer - 72122,0
[Fri Sep 04 01:23:28 UTC 2026][INFO] [Action] E SplitContainer - 72558
[Fri Sep 04 01:23:34 UTC 2026][INFO] [Action] E SplitContainer - 72387
[Fri Sep 04 01:23:59 UTC 2026][INFO] [Action] E InsertTextContent - (c,73635,2),[SPACE]
[Fri Sep 04 01:24:00 UTC 2026][INFO] [Action] E MergeContainer - 73636,0
[Fri Sep 04 01:24:20 UTC 2026][INFO] [Action] E InsertTextContent - (c,74494,2),[SPACE]
[Fri Sep 04 01:24:21 UTC 2026][INFO] [Action] E MergeContainer - 74495,0
[Fri Sep 04 01:24:28 UTC 2026][INFO] [Action] E InsertTextContent - (c,73913,2),[SPACE]
[Fri Sep 04 01:24:29 UTC 2026][INFO] [Action] E MergeContainer - 73914,0
[Fri Sep 04 01:24:50 UTC 2026][INFO] [Action] E InsertTextContent - (c,75275,2),[SPACE]
[Fri Sep 04 01:24:51 UTC 2026][INFO] [Action] E MergeContainer - 75276,0
[Fri Sep 04 01:25:02 UTC 2026][INFO] [Action] E UpdateStyle - (c,75909,2),49:0.250000:2,(r,75909,75909),F
[Fri Sep 04 01:25:11 UTC 2026][INFO] [Action] E UpdateStyle - (r,75910,75977),34:320:3,(r,75910,75977),F
[Fri Sep 04 01:25:13 UTC 2026][INFO] [Action] E UpdateStyle - (r,75910,75977),34:320:3,(r,75910,75977),F
[Fri Sep 04 01:25:15 UTC 2026][INFO] [Action] E UpdateStyle - (r,75910,75977),34:59:3,(r,75910,75977),F
[Fri Sep 04 01:25:29 UTC 2026][INFO] [Action] E UpdateStyle - (r,75910,75977),48:1.000000:2,(r,75910,75977),F
[Fri Sep 04 01:25:31 UTC 2026][INFO] [Action] E UpdateStyle - (r,75910,75977),48:2.000000:2,(r,75910,75977),F
[Fri Sep 04 01:25:31 UTC 2026][INFO] [Action] E UpdateStyle - (r,75910,75977),48:3.000000:2,(r,75910,75977),F
[Fri Sep 04 01:25:31 UTC 2026][INFO] [Action] E UpdateStyle - (r,75910,75977),48:4.000000:2,(r,75910,75977),F
[Fri Sep 04 01:25:32 UTC 2026][INFO] [Action] E UpdateStyle - (r,75910,75977),48:5.000000:2,(r,75910,75977),F
[Fri Sep 04 01:25:32 UTC 2026][INFO] [Action] E UpdateStyle - (r,75910,75977),48:6.000000:2,(r,75910,75977),F
[Fri Sep 04 01:25:37 UTC 2026][INFO] [Action] E UpdateStyle - (r,75910,75977),48:7.000000:2,(r,75910,75977),F
[Fri Sep 04 01:25:38 UTC 2026][INFO] [Action] E UpdateStyle - (r,75910,75977),48:8.000000:2,(r,75910,75977),F
[Fri Sep 04 01:25:47 UTC 2026][INFO] [Action] E UpdateStyle - (r,75919,75959),36:1.000000:2,(r,75919,75959),F
[Fri Sep 04 01:25:48 UTC 2026][INFO] [Action] E UpdateStyle - (r,75919,75959),36:2.000000:2,(r,75919,75959),F
[Fri Sep 04 01:25:51 UTC 2026][INFO] [Action] E UpdateStyle - (r,75919,75959),36:3.000000:2,(r,75919,75959),F
[Fri Sep 04 01:25:51 UTC 2026][INFO] [Action] E UpdateStyle - (r,75919,75959),36:4.000000:2,(r,75919,75959),F
[Fri Sep 04 01:25:52 UTC 2026][INFO] [Action] E UpdateStyle - (r,75919,75959),36:5.000000:2,(r,75919,75959),F
[Fri Sep 04 01:26:07 UTC 2026][INFO] [Action] E UpdateStyle - (r,76097,76105),50:1.000000:2,(r,76097,76105),F
[Fri Sep 04 01:26:11 UTC 2026][INFO] [Action] U UpdateStyle
[Fri Sep 04 01:26:15 UTC 2026][INFO] [Action] E UpdateStyle - (c,76105,2),50:1.000000:2,(r,76105,76105),F
[Fri Sep 04 01:26:17 UTC 2026][INFO] [Action] E UpdateStyle - (c,76105,2),50:2.000000:2,(r,76105,76105),F
[Fri Sep 04 01:26:23 UTC 2026][INFO] [Action] E UpdateStyle - (c,76134,2),50:1.000000:2,(r,76134,76134),F
[Fri Sep 04 01:26:23 UTC 2026][INFO] [Action] E UpdateStyle - (c,76134,2),50:2.000000:2,(r,76134,76134),F
[Fri Sep 04 01:26:24 UTC 2026][INFO] [Action] E UpdateStyle - (c,76134,2),50:3.000000:2,(r,76134,76134),F
[Fri Sep 04 01:26:28 UTC 2026][INFO] [Action] E UpdateStyle - (c,76134,2),50:2.000000:2,(r,76134,76134),F
[Fri Sep 04 01:26:28 UTC 2026][INFO] [Action] E UpdateStyle - (c,76134,2),50:1.000000:2,(r,76134,76134),F
[Fri Sep 04 01:26:29 UTC 2026][INFO] [Action] E UpdateStyle - (c,76134,2),50:0.000000:2,(r,76134,76134),F
[Fri Sep 04 01:26:32 UTC 2026][INFO] [Action] E UpdateStyle - (c,76134,2),49:0.250000:2,(r,76134,76134),F
[Fri Sep 04 01:26:33 UTC 2026][INFO] [Action] E UpdateStyle - (c,76134,2),49:0.500000:2,(r,76134,76134),F
[Fri Sep 04 01:26:37 UTC 2026][INFO] [Action] E UpdateStyle - (c,76105,2),50:1.000000:2,(r,76105,76105),F
[Fri Sep 04 01:26:37 UTC 2026][INFO] [Action] E UpdateStyle - (c,76105,2),50:0.000000:2,(r,76105,76105),F
[Fri Sep 04 01:26:41 UTC 2026][INFO] [Action] E UpdateStyle - (c,76105,2),49:0.250000:2,(r,76105,76105),F
[Fri Sep 04 01:26:41 UTC 2026][INFO] [Action] E UpdateStyle - (c,76105,2),49:0.500000:2,(r,76105,76105),F
[Fri Sep 04 01:26:46 UTC 2026][INFO] [Action] E UpdateStyle - (c,76134,2),49:0.750000:2,(r,76134,76134),F
[Fri Sep 04 01:27:01 UTC 2026][INFO] [Action] E UpdateStyle - (c,77266,2),49:0.250000:2,(r,77266,77266),F
[Fri Sep 04 01:27:04 UTC 2026][INFO] [Action] E UpdateStyle - (c,77297,2),49:0.250000:2,(r,77297,77297),F
[Fri Sep 04 01:27:09 UTC 2026][INFO] [Action] E UpdateStyle - (r,77323,77332),49:0.250000:2,(r,77323,77332),F
[Fri Sep 04 01:27:15 UTC 2026][INFO] [Action] E UpdateStyle - (c,77452,2),49:0.250000:2,(r,77452,77452),F
[Fri Sep 04 01:27:15 UTC 2026][INFO] [Action] E UpdateStyle - (c,77452,2),49:0.500000:2,(r,77452,77452),F
[Fri Sep 04 01:27:23 UTC 2026][INFO] [Action] E UpdateStyle - (r,77414,77452),16:8.000000:2,(r,77414,77452),F
[Fri Sep 04 01:27:27 UTC 2026][INFO] [Action] E UpdateStyle - (r,77414,77452),16:8.000000:2,(r,77414,77452),F
[Fri Sep 04 01:27:34 UTC 2026][INFO] [Action] E UpdateStyle - (r,77414,77452),34:320:3,(r,77414,77452),F
[Fri Sep 04 01:27:43 UTC 2026][INFO] [Action] E UpdateStyle - (r,77414,77452),16:10.000000:2,(r,77414,77452),F
[Fri Sep 04 01:28:06 UTC 2026][INFO] [Action] E MergeContainer - 77413,0
[Fri Sep 04 01:28:07 UTC 2026][INFO] [Action] E SplitContainer - 77414
[Fri Sep 04 01:28:14 UTC 2026][INFO] [Action] U SplitContainer
[Fri Sep 04 01:28:14 UTC 2026][INFO] [Action] U MergeContainer
[Fri Sep 04 01:28:20 UTC 2026][INFO] [Action] E UpdateStyle - (c,77452,2),49:0.750000:2,(r,77452,77452),F
[Fri Sep 04 01:28:53 UTC 2026][INFO] [Action] E SplitContainer - 78026
[Fri Sep 04 01:29:09 UTC 2026][INFO] [Action] E SplitContainer - 79699
[Fri Sep 04 01:29:17 UTC 2026][INFO] [Action] E SplitContainer - 79390
[Fri Sep 04 01:31:11 UTC 2026][INFO] [Action] E InsertTextContent - (c,82488,2),[SPACE]
[Fri Sep 04 01:31:12 UTC 2026][INFO] [Action] E MergeContainer - 82489,0
[Fri Sep 04 01:31:21 UTC 2026][INFO] [Action] E InsertTextContent - (c,82841,2),[SPACE]
[Fri Sep 04 01:31:28 UTC 2026][INFO] [Action] E MergeContainer - 82842,0
[Fri Sep 04 01:31:46 UTC 2026][INFO] [Action] E InsertTextContent - (c,84132,2),[SPACE]
[Fri Sep 04 01:31:47 UTC 2026][INFO] [Action] E MergeContainer - 84133,0
[Fri Sep 04 01:32:10 UTC 2026][INFO] [Action] E UpdateStyle - (c,85583,2),49:0.250000:2,(r,85583,85583),F
[Fri Sep 04 01:32:42 UTC 2026][INFO] [Action] E InsertTextContent - (c,85861,2),[SPACE]
[Fri Sep 04 01:32:43 UTC 2026][INFO] [Action] E MergeContainer - 85862,0
[Fri Sep 04 01:34:36 UTC 2026][INFO] [Action] E InsertTextContent - (c,88454,2),[SPACE]
[Fri Sep 04 01:34:37 UTC 2026][INFO] [Action] E MergeContainer - 88455,0
[Fri Sep 04 01:34:50 UTC 2026][INFO] [Action] E SplitContainer - 88456
[Fri Sep 04 01:35:00 UTC 2026][INFO] [Action] E SplitContainer - 88766
[Fri Sep 04 01:35:26 UTC 2026][INFO] [Action] E SplitContainer - 90909
[Fri Sep 04 01:35:29 UTC 2026][INFO] [Action] E SplitContainer - 90968
[Fri Sep 04 01:35:34 UTC 2026][INFO] [Action] E SplitContainer - 91003
[Fri Sep 04 01:35:40 UTC 2026][INFO] [Action] E SplitContainer - 91854
[Fri Sep 04 01:35:46 UTC 2026][INFO] [Action] E SplitContainer - 91899
[Fri Sep 04 01:35:48 UTC 2026][INFO] [Action] E InsertTextContent - (c,91928,2),[SPACE]
[Fri Sep 04 01:35:49 UTC 2026][INFO] [Action] E MergeContainer - 91929,0
[Fri Sep 04 01:35:52 UTC 2026][INFO] [Action] E SplitContainer - 91940
[Fri Sep 04 01:36:08 UTC 2026][INFO] [Action] E SplitContainer - 92101
[Fri Sep 04 01:36:10 UTC 2026][INFO] [Action] E InsertTextContent - (c,92133,2),[SPACE]
[Fri Sep 04 01:36:12 UTC 2026][INFO] [Action] E MergeContainer - 92134,0
[Fri Sep 04 01:36:18 UTC 2026][INFO] [Action] E SplitContainer - 92378
[Fri Sep 04 01:36:28 UTC 2026][INFO] [Action] E InsertTextContent - (c,92708,2),[SPACE]
[Fri Sep 04 01:36:29 UTC 2026][INFO] [Action] E MergeContainer - 92709,0
[Fri Sep 04 01:36:37 UTC 2026][INFO] [Action] E SplitContainer - 92983
[Fri Sep 04 01:36:45 UTC 2026][INFO] [Action] E SplitContainer - 93122
[Fri Sep 04 01:36:50 UTC 2026][INFO] [Action] E SplitContainer - 93048
[Fri Sep 04 01:37:01 UTC 2026][INFO] [Action] E DeleteContent - (c,93047,2),B
[Fri Sep 04 01:37:03 UTC 2026][INFO] [Action] E DeleteContent - (c,93046,2),B
[Fri Sep 04 01:37:03 UTC 2026][INFO] [Action] E InsertTextContent - (c,93045,2),[SPACE]
[Fri Sep 04 01:37:04 UTC 2026][INFO] [Action] E InsertTextContent - (c,93046,2),[w]
[Fri Sep 04 01:37:04 UTC 2026][INFO] [Action] E InsertTextContent - (c,93047,2),[h]
[Fri Sep 04 01:37:05 UTC 2026][INFO] [Action] E InsertTextContent - (c,93048,2),[o]
[Fri Sep 04 01:37:06 UTC 2026][INFO] [Action] E MergeContainer - 93049,0
[Fri Sep 04 01:37:08 UTC 2026][INFO] [Action] E DeleteContent - (r,93050,93050),F
[Fri Sep 04 01:37:08 UTC 2026][INFO] [Action] E DeleteContent - (r,93050,93050),F
[Fri Sep 04 01:37:08 UTC 2026][INFO] [Action] E DeleteContent - (r,93050,93050),F
[Fri Sep 04 01:37:09 UTC 2026][INFO] [Action] E DeleteContent - (r,93050,93050),F
[Fri Sep 04 01:37:09 UTC 2026][INFO] [Action] E DeleteContent - (r,93050,93050),F
[Fri Sep 04 01:37:10 UTC 2026][INFO] [Action] E DeleteContent - (r,93050,93050),F
[Fri Sep 04 01:37:23 UTC 2026][INFO] [Action] E InsertTextContent - (c,93246,2),[SPACE]
[Fri Sep 04 01:37:23 UTC 2026][INFO] [Action] E MergeContainer - 93247,0
[Fri Sep 04 01:37:36 UTC 2026][INFO] [Action] E InsertTextContent - (c,93287,2),[SPACE]
[Fri Sep 04 01:37:37 UTC 2026][INFO] [Action] E MergeContainer - 93288,0
[Fri Sep 04 01:37:54 UTC 2026][INFO] [Action] E SplitContainer - 93412
[Fri Sep 04 01:38:00 UTC 2026][INFO] [Action] E SplitContainer - 93442
[Fri Sep 04 01:38:03 UTC 2026][INFO] [Action] E MergeContainer - 93427,0
[Fri Sep 04 01:38:04 UTC 2026][INFO] [Action] E InsertTextContent - (c,93427,2),[SPACE]
[Fri Sep 04 01:39:07 UTC 2026][INFO] [Action] E SplitContainer - 96306
[Fri Sep 04 01:39:09 UTC 2026][INFO] [Action] E SplitContainer - 96335
[Fri Sep 04 01:39:12 UTC 2026][INFO] [Action] E SplitContainer - 96395
[Fri Sep 04 01:39:16 UTC 2026][INFO] [Action] E SplitContainer - 96360
[Fri Sep 04 01:39:18 UTC 2026][INFO] [Action] E InsertTextContent - (c,96384,2),[SPACE]
[Fri Sep 04 01:39:19 UTC 2026][INFO] [Action] E MergeContainer - 96385,0
[Fri Sep 04 01:39:25 UTC 2026][INFO] [Action] E SplitContainer - 96485
[Fri Sep 04 01:39:28 UTC 2026][INFO] [Action] E InsertTextContent - (r,96547,96547),[SPACE]
[Fri Sep 04 01:39:30 UTC 2026][INFO] [Action] E InsertTextContent - (r,96547,96547),[SPACE]
[Fri Sep 04 01:39:32 UTC 2026][INFO] [Action] E InsertTextContent - (c,96514,2),[SPACE]
[Fri Sep 04 01:39:33 UTC 2026][INFO] [Action] E MergeContainer - 96515,0
[Fri Sep 04 01:39:34 UTC 2026][INFO] [Action] E DeleteContent - (c,96515,2),B
[Fri Sep 04 01:39:35 UTC 2026][INFO] [Action] E InsertTextContent - (c,96515,1),[SPACE]
[Fri Sep 04 01:39:39 UTC 2026][INFO] [Action] E SplitContainer - 96526
[Fri Sep 04 01:39:45 UTC 2026][INFO] [Action] E InsertTextContent - (c,96547,2),[l]
[Fri Sep 04 01:39:56 UTC 2026][INFO] [Action] E InsertTextContent - (c,96662,2),[SPACE]
[Fri Sep 04 01:39:57 UTC 2026][INFO] [Action] E MergeContainer - 96663,0
[Fri Sep 04 01:40:03 UTC 2026][INFO] [Action] E SplitContainer - 96763
[Fri Sep 04 01:40:18 UTC 2026][INFO] [Action] E UpdateStyle - (r,96798,96842),48:1.000000:2,(r,96798,96842),F
[Fri Sep 04 01:40:20 UTC 2026][INFO] [Action] E UpdateStyle - (r,96798,96842),48:2.000000:2,(r,96798,96842),F
[Fri Sep 04 01:40:20 UTC 2026][INFO] [Action] E UpdateStyle - (r,96798,96842),48:3.000000:2,(r,96798,96842),F
[Fri Sep 04 01:40:20 UTC 2026][INFO] [Action] E UpdateStyle - (r,96798,96842),48:4.000000:2,(r,96798,96842),F
[Fri Sep 04 01:40:20 UTC 2026][INFO] [Action] E UpdateStyle - (r,96798,96842),48:5.000000:2,(r,96798,96842),F
[Fri Sep 04 01:40:22 UTC 2026][INFO] [Action] E UpdateStyle - (r,96798,96842),48:6.000000:2,(r,96798,96842),F
[Fri Sep 04 01:40:22 UTC 2026][INFO] [Action] E UpdateStyle - (r,96798,96842),48:7.000000:2,(r,96798,96842),F
[Fri Sep 04 01:40:22 UTC 2026][INFO] [Action] E UpdateStyle - (r,96798,96842),48:8.000000:2,(r,96798,96842),F
[Fri Sep 04 01:40:22 UTC 2026][INFO] [Action] E UpdateStyle - (r,96798,96842),48:9.000000:2,(r,96798,96842),F
[Fri Sep 04 01:40:22 UTC 2026][INFO] [Action] E UpdateStyle - (r,96798,96842),48:10.000000:2,(r,96798,96842),F
[Fri Sep 04 01:40:23 UTC 2026][INFO] [Action] E UpdateStyle - (r,96798,96842),48:11.000000:2,(r,96798,96842),F
[Fri Sep 04 01:40:23 UTC 2026][INFO] [Action] E UpdateStyle - (r,96798,96842),48:12.000000:2,(r,96798,96842),F
[Fri Sep 04 01:40:25 UTC 2026][INFO] [Action] E UpdateStyle - (r,96798,96842),48:13.000000:2,(r,96798,96842),F
[Fri Sep 04 01:40:25 UTC 2026][INFO] [Action] E UpdateStyle - (r,96798,96842),48:14.000000:2,(r,96798,96842),F
[Fri Sep 04 01:40:25 UTC 2026][INFO] [Action] E UpdateStyle - (r,96798,96842),48:15.000000:2,(r,96798,96842),F
[Fri Sep 04 01:40:26 UTC 2026][INFO] [Action] E UpdateStyle - (r,96798,96842),48:16.000000:2,(r,96798,96842),F
[Fri Sep 04 01:40:26 UTC 2026][INFO] [Action] E UpdateStyle - (r,96798,96842),48:17.000000:2,(r,96798,96842),F
[Fri Sep 04 01:40:46 UTC 2026][INFO] [Action] E UpdateStyle - (c,96797,2),49:0.250000:2,(r,96797,96797),F
[Fri Sep 04 01:40:53 UTC 2026][INFO] [Action] E UpdateStyle - (c,96842,2),49:0.250000:2,(r,96842,96842),F
[Fri Sep 04 01:41:04 UTC 2026][INFO] [Action] E AddTextContainer - (c,96986,2),0,0,0
[Fri Sep 04 01:41:08 UTC 2026][INFO] [Action] U AddTextContainer
[Fri Sep 04 01:41:11 UTC 2026][INFO] [Action] E UpdateStyle - (c,96986,2),49:0.250000:2,(r,96986,96986),F
[Fri Sep 04 01:41:15 UTC 2026][INFO] [Action] E UpdateStyle - (c,97033,2),49:0.250000:2,(r,97033,97033),F
[Fri Sep 04 01:41:18 UTC 2026][INFO] [Action] E MergeContainer - 96987,1
[Fri Sep 04 01:41:21 UTC 2026][INFO] [Action] U MergeContainer
[Fri Sep 04 01:41:26 UTC 2026][INFO] [Action] E UpdateStyle - (r,96987,97033),34:59:3,(r,96987,97033),F
[Fri Sep 04 01:41:29 UTC 2026][INFO] [Action] E UpdateStyle - (r,96987,97033),48:1.000000:2,(r,96987,97033),F
[Fri Sep 04 01:41:30 UTC 2026][INFO] [Action] E UpdateStyle - (r,96987,97033),48:2.000000:2,(r,96987,97033),F
[Fri Sep 04 01:41:31 UTC 2026][INFO] [Action] E UpdateStyle - (r,96987,97033),48:3.000000:2,(r,96987,97033),F
[Fri Sep 04 01:41:31 UTC 2026][INFO] [Action] E UpdateStyle - (r,96987,97033),48:4.000000:2,(r,96987,97033),F
[Fri Sep 04 01:41:31 UTC 2026][INFO] [Action] E UpdateStyle - (r,96987,97033),48:5.000000:2,(r,96987,97033),F
[Fri Sep 04 01:41:32 UTC 2026][INFO] [Action] E UpdateStyle - (r,96987,97033),48:6.000000:2,(r,96987,97033),F
[Fri Sep 04 01:41:33 UTC 2026][INFO] [Action] E UpdateStyle - (r,96987,97033),48:7.000000:2,(r,96987,97033),F
[Fri Sep 04 01:41:33 UTC 2026][INFO] [Action] E UpdateStyle - (r,96987,97033),48:8.000000:2,(r,96987,97033),F
[Fri Sep 04 01:41:33 UTC 2026][INFO] [Action] E UpdateStyle - (r,96987,97033),48:9.000000:2,(r,96987,97033),F
[Fri Sep 04 01:41:34 UTC 2026][INFO] [Action] E UpdateStyle - (r,96987,97033),48:10.000000:2,(r,96987,97033),F
[Fri Sep 04 01:41:34 UTC 2026][INFO] [Action] E UpdateStyle - (r,96987,97033),48:11.000000:2,(r,96987,97033),F
[Fri Sep 04 01:41:34 UTC 2026][INFO] [Action] E UpdateStyle - (r,96987,97033),48:12.000000:2,(r,96987,97033),F
[Fri Sep 04 01:41:42 UTC 2026][INFO] [Action] E SplitContainer - 97122
[Fri Sep 04 01:41:45 UTC 2026][INFO] [Action] E InsertTextContent - (c,97151,2),[SPACE]
[Fri Sep 04 01:41:46 UTC 2026][INFO] [Action] E MergeContainer - 97152,0
[Fri Sep 04 01:41:50 UTC 2026][INFO] [Action] E InsertTextContent - (c,97212,2),[SPACE]
[Fri Sep 04 01:41:51 UTC 2026][INFO] [Action] E MergeContainer - 97213,0
[Fri Sep 04 01:42:04 UTC 2026][INFO] [Action] E SplitContainer - 97720
[Fri Sep 04 01:42:06 UTC 2026][INFO] [Action] E InsertTextContent - (c,97737,2),[SPACE]
[Fri Sep 04 01:42:08 UTC 2026][INFO] [Action] E MergeContainer - 97738,0
[Fri Sep 04 01:42:11 UTC 2026][INFO] [Action] E SplitContainer - 97746
[Fri Sep 04 01:42:39 UTC 2026][INFO] [Action] E SplitContainer - 99875
[Fri Sep 04 01:42:42 UTC 2026][INFO] [Action] E InsertTextContent - (c,99914,2),[SPACE]
[Fri Sep 04 01:42:43 UTC 2026][INFO] [Action] E MergeContainer - 99915,0
[Fri Sep 04 01:43:11 UTC 2026][INFO] [Action] E AddTextContainer - (c,103895,1),1,0,0
[Fri Sep 04 01:43:12 UTC 2026][INFO] [Action] E AddTextContainer - (c,103896,1),1,0,0
[Fri Sep 04 01:43:12 UTC 2026][INFO] [Action] E AddTextContainer - (c,103897,1),1,0,0
[Fri Sep 04 01:43:14 UTC 2026][INFO] [Action] E AddTextContainer - (c,103898,1),1,0,0
[Fri Sep 04 01:43:15 UTC 2026][INFO] [Action] E MergeContainer - 103899,1
[Fri Sep 04 01:43:21 UTC 2026][INFO] [Action] E UpdateStyle - (c,103927,2),49:0.250000:2,(r,103927,103927),F
[Fri Sep 04 01:43:27 UTC 2026][INFO] [Action] E UpdateStyle - (c,103975,2),49:0.250000:2,(r,103975,103975),F
[Fri Sep 04 01:43:33 UTC 2026][INFO] [Action] E UpdateStyle - (c,104031,2),49:0.250000:2,(r,104031,104031),F
[Fri Sep 04 01:43:36 UTC 2026][INFO] [Action] E UpdateStyle - (c,104078,2),49:0.250000:2,(r,104078,104078),F
[Fri Sep 04 01:43:46 UTC 2026][INFO] [Action] E UpdateStyle - (r,104032,104078),11:Bookerly,serif:4,(r,104032,104078),F
[Fri Sep 04 01:43:48 UTC 2026][INFO] [Action] E UpdateStyle - (r,104032,104078),11:AmazonEmber,sans-serif:4,(r,104032,104078),F
[Fri Sep 04 01:43:54 UTC 2026][INFO] [Action] E UpdateStyle - (r,103928,103975),11:Bookerly,serif:4,(r,103928,103975),F
[Fri Sep 04 01:43:56 UTC 2026][INFO] [Action] E UpdateStyle - (r,103928,103975),11:AmazonEmber,sans-serif:4,(r,103928,103975),F
[Fri Sep 04 01:44:05 UTC 2026][INFO] [Action] E UpdateStyle - (c,103927,2),49:0.500000:2,(r,103927,103927),F
[Fri Sep 04 01:44:08 UTC 2026][INFO] [Action] E UpdateStyle - (c,103975,2),49:0.500000:2,(r,103975,103975),F
[Fri Sep 04 01:44:08 UTC 2026][INFO] [Action] E UpdateStyle - (c,103975,2),49:0.750000:2,(r,103975,103975),F
[Fri Sep 04 01:44:11 UTC 2026][INFO] [Action] E UpdateStyle - (c,103975,2),49:0.500000:2,(r,103975,103975),F
[Fri Sep 04 01:44:15 UTC 2026][INFO] [Action] E UpdateStyle - (c,104031,2),49:0.500000:2,(r,104031,104031),F
[Fri Sep 04 01:44:19 UTC 2026][INFO] [Action] E UpdateStyle - (c,104078,2),49:0.500000:2,(r,104078,104078),F
[Fri Sep 04 01:44:32 UTC 2026][INFO] [Action] E UpdateStyle - (r,103928,103975),16:10.000000:2,(r,103928,103975),F
[Fri Sep 04 01:44:38 UTC 2026][INFO] [Action] E UpdateStyle - (r,104032,104078),16:10.000000:2,(r,104032,104078),F
[Fri Sep 04 01:44:46 UTC 2026][INFO] [Action] E SplitContainer - 104684
[Fri Sep 04 01:44:54 UTC 2026][INFO] [Action] E SplitContainer - 104235
[Fri Sep 04 01:45:00 UTC 2026][INFO] [Action] E SplitContainer - 104567
[Fri Sep 04 01:45:07 UTC 2026][INFO] [Action] E SplitContainer - 105065
[Fri Sep 04 01:45:19 UTC 2026][INFO] [Action] E SplitContainer - 105404
[Fri Sep 04 01:45:23 UTC 2026][INFO] [Action] E SplitContainer - 105560
[Fri Sep 04 01:45:35 UTC 2026][INFO] [Action] E SplitContainer - 105939
[Fri Sep 04 01:45:37 UTC 2026][INFO] [Action] E SplitContainer - 105968
[Fri Sep 04 01:45:46 UTC 2026][INFO] [Action] E SplitContainer - 106326
[Fri Sep 04 01:45:49 UTC 2026][INFO] [Action] E SplitContainer - 106385
[Fri Sep 04 01:45:59 UTC 2026][INFO] [Action] E UpdateStyle - (c,106637,2),49:0.250000:2,(r,106637,106637),F
[Fri Sep 04 01:46:03 UTC 2026][INFO] [Action] E UpdateStyle - (c,106647,2),49:0.250000:2,(r,106647,106647),F
[Fri Sep 04 01:46:07 UTC 2026][INFO] [Action] E UpdateStyle - (r,106664,106674),49:0.250000:2,(r,106664,106674),F
[Fri Sep 04 01:46:12 UTC 2026][INFO] [Action] E UpdateStyle - (c,106663,2),49:0.250000:2,(r,106663,106663),F
[Fri Sep 04 01:46:19 UTC 2026][INFO] [Action] E UpdateStyle - (c,106772,2),49:0.250000:2,(r,106772,106772),F
[Fri Sep 04 01:46:24 UTC 2026][INFO] [Action] E UpdateStyle - (c,106801,2),49:0.250000:2,(r,106801,106801),F
[Fri Sep 04 01:46:29 UTC 2026][INFO] [Action] E UpdateStyle - (c,106895,2),49:0.250000:2,(r,106895,106895),F
[Fri Sep 04 01:46:36 UTC 2026][INFO] [Action] E UpdateStyle - (r,106872,106895),11:Bookerly,serif:4,(r,106872,106895),F
[Fri Sep 04 01:46:37 UTC 2026][INFO] [Action] E UpdateStyle - (r,106872,106895),11:AmazonEmber,sans-serif:4,(r,106872,106895),F
[Fri Sep 04 01:46:42 UTC 2026][INFO] [Action] E UpdateStyle - (r,106872,106895),16:10.000000:2,(r,106872,106895),F
[Fri Sep 04 01:46:47 UTC 2026][INFO] [Action] E UpdateStyle - (r,106773,106801),16:10.000000:2,(r,106773,106801),F
[Fri Sep 04 01:46:48 UTC 2026][INFO] [Action] E UpdateStyle - (r,106773,106801),11:Bookerly,serif:4,(r,106773,106801),F
[Fri Sep 04 01:46:50 UTC 2026][INFO] [Action] E UpdateStyle - (r,106773,106801),11:AmazonEmber,sans-serif:4,(r,106773,106801),F
[Fri Sep 04 01:46:56 UTC 2026][INFO] [Action] E UpdateStyle - (r,106664,106694),16:10.000000:2,(r,106664,106694),F
[Fri Sep 04 01:46:58 UTC 2026][INFO] [Action] E UpdateStyle - (r,106664,106694),11:Bookerly,serif:4,(r,106664,106694),F
[Fri Sep 04 01:46:59 UTC 2026][INFO] [Action] E UpdateStyle - (r,106664,106694),11:UNK:4,(r,106664,106694),F
[Fri Sep 04 01:47:00 UTC 2026][INFO] [Action] E UpdateStyle - (r,106664,106694),11:Bookerly,serif:4,(r,106664,106694),F
[Fri Sep 04 01:47:02 UTC 2026][INFO] [Action] E UpdateStyle - (r,106664,106694),11:AmazonEmber,sans-serif:4,(r,106664,106694),F
[Fri Sep 04 01:47:08 UTC 2026][INFO] [Action] E UpdateStyle - (r,106638,106647),11:Bookerly,serif:4,(r,106638,106647),F
[Fri Sep 04 01:47:10 UTC 2026][INFO] [Action] E UpdateStyle - (r,106638,106647),11:AmazonEmber,sans-serif:4,(r,106638,106647),F
[Fri Sep 04 01:47:14 UTC 2026][INFO] [Action] E UpdateStyle - (r,106638,106647),16:10.000000:2,(r,106638,106647),F
[Fri Sep 04 01:47:20 UTC 2026][INFO] [Action] E UpdateStyle - (c,106694,2),49:0.500000:2,(r,106694,106694),F
[Fri Sep 04 01:47:27 UTC 2026][INFO] [Action] E UpdateStyle - (c,106801,2),49:0.500000:2,(r,106801,106801),F
[Fri Sep 04 01:47:35 UTC 2026][INFO] [Action] E UpdateStyle - (c,106895,2),49:0.500000:2,(r,106895,106895),F
[Fri Sep 04 01:48:36 UTC 2026][INFO] [Action] E InsertTextContent - (c,111397,2),[SPACE]
[Fri Sep 04 01:48:38 UTC 2026][INFO] [Action] E MergeContainer - 111398,0
[Fri Sep 04 01:48:56 UTC 2026][INFO] [Action] E SplitContainer - 112080
[Fri Sep 04 01:49:06 UTC 2026][INFO] [Action] E SaveBook - Save
[Fri Sep 04 01:51:23 UTC 2026][INFO] [Action] E UpdateStyle - (c,118010,2),49:0.250000:2,(r,118010,118010),F
[Fri Sep 04 01:51:28 UTC 2026][INFO] [Action] E UpdateStyle - (c,118034,2),49:0.250000:2,(r,118034,118034),F
[Fri Sep 04 01:51:29 UTC 2026][INFO] [Action] E UpdateStyle - (c,118034,2),49:0.500000:2,(r,118034,118034),F
[Fri Sep 04 01:51:36 UTC 2026][INFO] [Action] E UpdateStyle - (c,118065,2),49:0.250000:2,(r,118065,118065),F
[Fri Sep 04 01:51:40 UTC 2026][INFO] [Action] E UpdateStyle - (c,118093,2),49:0.250000:2,(r,118093,118093),F
[Fri Sep 04 01:51:47 UTC 2026][INFO] [Action] E UpdateStyle - (c,118010,2),49:0.500000:2,(r,118010,118010),F
[Fri Sep 04 01:51:52 UTC 2026][INFO] [Action] E UpdateStyle - (r,118011,118034),11:Bookerly,serif:4,(r,118011,118034),F
[Fri Sep 04 01:51:54 UTC 2026][INFO] [Action] E UpdateStyle - (r,118011,118034),11:AmazonEmber,sans-serif:4,(r,118011,118034),F
[Fri Sep 04 01:52:06 UTC 2026][INFO] [Action] E UpdateStyle - (r,118066,118093),16:10.000000:2,(r,118066,118093),F
[Fri Sep 04 01:52:10 UTC 2026][INFO] [Action] E UpdateStyle - (r,118066,118093),16:8.000000:2,(r,118066,118093),F
[Fri Sep 04 01:52:16 UTC 2026][INFO] [Action] E UpdateStyle - (r,118011,118034),16:10.000000:2,(r,118011,118034),F
[Fri Sep 04 01:52:23 UTC 2026][INFO] [Action] E UpdateStyle - (r,118066,118093),11:Bookerly,serif:4,(r,118066,118093),F
[Fri Sep 04 01:52:25 UTC 2026][INFO] [Action] E UpdateStyle - (r,118066,118093),11:AmazonEmber,sans-serif:4,(r,118066,118093),F
[Fri Sep 04 01:53:25 UTC 2026][INFO] [Action] E UpdateStyle - (r,118192,118212),13:350:3,(r,118192,118212),F
[Fri Sep 04 01:53:57 UTC 2026][INFO] [Action] E DeleteContent - (r,118192,118212),B
[Fri Sep 04 01:53:59 UTC 2026][INFO] [Action] E MergeContainer - 118192,1
[Fri Sep 04 01:54:03 UTC 2026][INFO] [Action] E SplitContainer - 118192
[Fri Sep 04 01:54:05 UTC 2026][INFO] [Action] E InsertTextContent - (c,118192,1),[\]
[Fri Sep 04 01:54:06 UTC 2026][INFO] [Action] E DeleteContent - (c,118192,2),B
[Fri Sep 04 01:54:13 UTC 2026][INFO] [Action] U DeleteContent
[Fri Sep 04 01:54:14 UTC 2026][INFO] [Action] U InsertTextContent
[Fri Sep 04 01:54:15 UTC 2026][INFO] [Action] U SplitContainer
[Fri Sep 04 01:54:17 UTC 2026][INFO] [Action] E InsertTextContent - (c,118192,1),[SPACE]
[Fri Sep 04 01:54:26 UTC 2026][INFO] [Action] E SplitContainer - 118193
[Fri Sep 04 01:54:34 UTC 2026][INFO] [Action] E InsertTextContent - (c,118296,2),[SPACE]
[Fri Sep 04 01:54:36 UTC 2026][INFO] [Action] E MergeContainer - 118297,0
[Fri Sep 04 01:54:44 UTC 2026][INFO] [Action] E SplitContainer - 118237
[Fri Sep 04 01:54:46 UTC 2026][INFO] [Action] E MergeContainer - 118237,1
[Fri Sep 04 01:55:27 UTC 2026][INFO] [Action] E SplitContainer - 119340
[Fri Sep 04 01:56:18 UTC 2026][INFO] [Action] E InsertTextContent - (c,120907,1),[\]
[Fri Sep 04 01:56:21 UTC 2026][INFO] [Action] E DeleteContent - (c,120907,2),B
[Fri Sep 04 01:56:21 UTC 2026][INFO] [Action] E SplitContainer - 120907
[Fri Sep 04 01:56:28 UTC 2026][INFO] [Action] E UpdateStyle - (r,120904,120906),34:320:3,(r,120904,120906),F
[Fri Sep 04 01:56:31 UTC 2026][INFO] [Action] E DeleteContent - (c,120906,2),B
[Fri Sep 04 01:56:32 UTC 2026][INFO] [Action] E DeleteContent - (c,120905,2),B
[Fri Sep 04 01:56:38 UTC 2026][INFO] [Action] E UpdateStyle - (r,120904,120904),11:Bookerly,serif:4,(r,120904,120904),F
[Fri Sep 04 01:56:41 UTC 2026][INFO] [Action] E UpdateStyle - (r,120904,120904),11:AmazonEmber,sans-serif:4,(r,120904,120904),F
[Fri Sep 04 01:56:46 UTC 2026][INFO] [Action] E UpdateStyle - (c,120904,2),50:1.000000:2,(r,120904,120904),F
[Fri Sep 04 01:56:50 UTC 2026][INFO] [Action] E UpdateStyle - (c,120904,2),50:0.000000:2,(r,120904,120904),F
[Fri Sep 04 01:57:03 UTC 2026][INFO] [Action] E UpdateStyle - (c,120904,2),49:0.250000:2,(r,120904,120904),F
[Fri Sep 04 01:57:14 UTC 2026][INFO] [Action] E SplitContainer - 120876
[Fri Sep 04 01:57:22 UTC 2026][INFO] [Action] E SplitContainer - 120849
[Fri Sep 04 01:57:26 UTC 2026][INFO] [Action] E SplitContainer - 120868
[Fri Sep 04 01:57:29 UTC 2026][INFO] [Action] E UpdateStyle - (c,120868,1),34:320:3,(r,120868,120868),F
[Fri Sep 04 01:57:31 UTC 2026][INFO] [Action] E DeleteContent - (c,120875,2),B
[Fri Sep 04 01:57:32 UTC 2026][INFO] [Action] E DeleteContent - (c,120874,2),B
[Fri Sep 04 01:57:39 UTC 2026][INFO] [Action] E UpdateStyle - (r,120868,120873),11:Bookerly,serif:4,(r,120868,120873),F
[Fri Sep 04 01:57:41 UTC 2026][INFO] [Action] E UpdateStyle - (r,120868,120873),11:AmazonEmber,sans-serif:4,(r,120868,120873),F
[Fri Sep 04 01:57:45 UTC 2026][INFO] [Action] E UpdateStyle - (c,120873,2),49:0.250000:2,(r,120873,120873),F
[Fri Sep 04 01:57:54 UTC 2026][INFO] [Action] E SplitContainer - 120961
[Fri Sep 04 01:57:58 UTC 2026][INFO] [Action] E UpdateStyle - (c,120961,1),34:320:3,(r,120961,120961),F
[Fri Sep 04 01:58:04 UTC 2026][INFO] [Action] E UpdateStyle - (c,120964,1),48:1.000000:2,(r,120964,120964),F
[Fri Sep 04 01:58:04 UTC 2026][INFO] [Action] E UpdateStyle - (c,120964,1),48:2.000000:2,(r,120964,120964),F
[Fri Sep 04 01:58:21 UTC 2026][INFO] [Action] E InsertTextContent - (c,120964,1),[SPACE]
[Fri Sep 04 01:58:24 UTC 2026][INFO] [Action] E SplitContainer - 120965
[Fri Sep 04 01:58:32 UTC 2026][INFO] [Action] E UpdateStyle - (r,120965,120976),16:10.000000:2,(r,120965,120976),F
[Fri Sep 04 01:58:36 UTC 2026][INFO] [Action] E DeleteContent - (c,120964,2),B
[Fri Sep 04 01:58:36 UTC 2026][INFO] [Action] E DeleteContent - (c,120963,2),B
[Fri Sep 04 01:58:37 UTC 2026][INFO] [Action] E DeleteContent - (c,120962,2),B
[Fri Sep 04 01:58:44 UTC 2026][INFO] [Action] E UpdateStyle - (r,120961,120961),11:Bookerly,serif:4,(r,120961,120961),F
[Fri Sep 04 01:58:46 UTC 2026][INFO] [Action] E UpdateStyle - (r,120961,120961),11:AmazonEmber,sans-serif:4,(r,120961,120961),F
[Fri Sep 04 01:58:51 UTC 2026][INFO] [Action] U UpdateStyle
[Fri Sep 04 01:58:58 UTC 2026][INFO] [Action] E UpdateStyle - (c,120973,2),49:0.250000:2,(r,120973,120973),F
[Fri Sep 04 01:59:14 UTC 2026][INFO] [Action] E SplitContainer - 121577
[Fri Sep 04 01:59:23 UTC 2026][INFO] [Action] E SplitContainer - 121785
[Fri Sep 04 01:59:27 UTC 2026][INFO] [Action] E SplitContainer - 121922
[Fri Sep 04 01:59:45 UTC 2026][INFO] [Action] E SplitContainer - 122285
[Fri Sep 04 01:59:53 UTC 2026][INFO] [Action] E SplitContainer - 122563
[Fri Sep 04 02:00:00 UTC 2026][INFO] [Action] E UpdateStyle - (c,122999,2),49:0.250000:2,(r,122999,122999),F
[Fri Sep 04 02:00:05 UTC 2026][INFO] [Action] E UpdateStyle - (c,123033,2),49:0.250000:2,(r,123033,123033),F
[Fri Sep 04 02:00:11 UTC 2026][INFO] [Action] E UpdateStyle - (c,123054,2),49:0.250000:2,(r,123054,123054),F
[Fri Sep 04 02:00:12 UTC 2026][INFO] [Action] E UpdateStyle - (c,123054,2),49:0.500000:2,(r,123054,123054),F
[Fri Sep 04 02:00:13 UTC 2026][INFO] [Action] E UpdateStyle - (c,123054,2),49:0.250000:2,(r,123054,123054),F
[Fri Sep 04 02:00:18 UTC 2026][INFO] [Action] E UpdateStyle - (c,123080,2),49:0.250000:2,(r,123080,123080),F
[Fri Sep 04 02:00:18 UTC 2026][INFO] [Action] E UpdateStyle - (c,123080,2),49:0.500000:2,(r,123080,123080),F
[Fri Sep 04 02:00:25 UTC 2026][INFO] [Action] E UpdateStyle - (r,123000,123033),11:Bookerly,serif:4,(r,123000,123033),F
[Fri Sep 04 02:00:27 UTC 2026][INFO] [Action] E UpdateStyle - (r,123000,123033),11:AmazonEmber,sans-serif:4,(r,123000,123033),F
[Fri Sep 04 02:00:30 UTC 2026][INFO] [Action] E UpdateStyle - (r,123000,123033),16:10.000000:2,(r,123000,123033),F
[Fri Sep 04 02:00:36 UTC 2026][INFO] [Action] E UpdateStyle - (r,123055,123080),16:10.000000:2,(r,123055,123080),F
[Fri Sep 04 02:00:37 UTC 2026][INFO] [Action] E UpdateStyle - (r,123055,123080),11:Bookerly,serif:4,(r,123055,123080),F
[Fri Sep 04 02:00:38 UTC 2026][INFO] [Action] E UpdateStyle - (r,123055,123080),11:UNK:4,(r,123055,123080),F
[Fri Sep 04 02:00:40 UTC 2026][INFO] [Action] E UpdateStyle - (r,123055,123080),11:Bookerly,serif:4,(r,123055,123080),F
[Fri Sep 04 02:00:41 UTC 2026][INFO] [Action] E UpdateStyle - (r,123055,123080),11:UNK:4,(r,123055,123080),F
[Fri Sep 04 02:00:43 UTC 2026][INFO] [Action] E UpdateStyle - (r,123055,123080),11:Bookerly,serif:4,(r,123055,123080),F
[Fri Sep 04 02:00:45 UTC 2026][INFO] [Action] E UpdateStyle - (r,123055,123080),11:UNK:4,(r,123055,123080),F
[Fri Sep 04 02:00:47 UTC 2026][INFO] [Action] E UpdateStyle - (r,123055,123080),11:Bookerly,serif:4,(r,123055,123080),F
[Fri Sep 04 02:00:50 UTC 2026][INFO] [Action] E UpdateStyle - (r,123055,123080),11:AmazonEmber,sans-serif:4,(r,123055,123080),F
[Fri Sep 04 02:00:59 UTC 2026][INFO] [Action] E SplitContainer - 123368
[Fri Sep 04 02:01:06 UTC 2026][INFO] [Action] E SplitContainer - 123219
[Fri Sep 04 02:01:37 UTC 2026][INFO] [Action] E SplitContainer - 125302
[Fri Sep 04 02:01:52 UTC 2026][INFO] [Action] E SplitContainer - 126904
[Fri Sep 04 02:02:19 UTC 2026][INFO] [Action] E SplitContainer - 129332
[Fri Sep 04 02:02:25 UTC 2026][INFO] [Action] E SplitContainer - 129578
[Fri Sep 04 02:02:31 UTC 2026][INFO] [Action] E SplitContainer - 129596
[Fri Sep 04 02:02:34 UTC 2026][INFO] [Action] E DeleteContent - (r,129596,129596),F
[Fri Sep 04 02:02:36 UTC 2026][INFO] [Action] E DeleteContent - (r,129578,129578),F
[Fri Sep 04 02:02:42 UTC 2026][INFO] [Action] E UpdateStyle - (r,129578,129594),48:1.000000:2,(r,129578,129594),F
[Fri Sep 04 02:02:43 UTC 2026][INFO] [Action] E UpdateStyle - (r,129578,129594),48:2.000000:2,(r,129578,129594),F
[Fri Sep 04 02:02:43 UTC 2026][INFO] [Action] E UpdateStyle - (r,129578,129594),48:3.000000:2,(r,129578,129594),F
[Fri Sep 04 02:02:44 UTC 2026][INFO] [Action] E UpdateStyle - (r,129578,129594),48:4.000000:2,(r,129578,129594),F
[Fri Sep 04 02:02:45 UTC 2026][INFO] [Action] E UpdateStyle - (r,129578,129594),48:5.000000:2,(r,129578,129594),F
[Fri Sep 04 02:02:45 UTC 2026][INFO] [Action] E UpdateStyle - (r,129578,129594),48:6.000000:2,(r,129578,129594),F
[Fri Sep 04 02:02:45 UTC 2026][INFO] [Action] E UpdateStyle - (r,129578,129594),48:7.000000:2,(r,129578,129594),F
[Fri Sep 04 02:02:45 UTC 2026][INFO] [Action] E UpdateStyle - (r,129578,129594),48:8.000000:2,(r,129578,129594),F
[Fri Sep 04 02:02:46 UTC 2026][INFO] [Action] E UpdateStyle - (r,129578,129594),48:9.000000:2,(r,129578,129594),F
[Fri Sep 04 02:02:46 UTC 2026][INFO] [Action] E UpdateStyle - (r,129578,129594),48:10.000000:2,(r,129578,129594),F
[Fri Sep 04 02:02:49 UTC 2026][INFO] [Action] E UpdateStyle - (r,129578,129594),48:11.000000:2,(r,129578,129594),F
[Fri Sep 04 02:02:49 UTC 2026][INFO] [Action] E UpdateStyle - (r,129578,129594),48:12.000000:2,(r,129578,129594),F
[Fri Sep 04 02:02:49 UTC 2026][INFO] [Action] E UpdateStyle - (r,129578,129594),48:13.000000:2,(r,129578,129594),F
[Fri Sep 04 02:02:53 UTC 2026][INFO] [Action] E SplitContainer - 129605
[Fri Sep 04 02:02:59 UTC 2026][INFO] [Action] E UpdateStyle - (c,129600,1),48:1.000000:2,(r,129600,129600),F
[Fri Sep 04 02:02:59 UTC 2026][INFO] [Action] E UpdateStyle - (c,129600,1),48:2.000000:2,(r,129600,129600),F
[Fri Sep 04 02:03:00 UTC 2026][INFO] [Action] E UpdateStyle - (c,129600,1),48:3.000000:2,(r,129600,129600),F
[Fri Sep 04 02:03:00 UTC 2026][INFO] [Action] E UpdateStyle - (c,129600,1),48:4.000000:2,(r,129600,129600),F
[Fri Sep 04 02:03:00 UTC 2026][INFO] [Action] E UpdateStyle - (c,129600,1),48:5.000000:2,(r,129600,129600),F
[Fri Sep 04 02:03:00 UTC 2026][INFO] [Action] E UpdateStyle - (c,129600,1),48:6.000000:2,(r,129600,129600),F
[Fri Sep 04 02:03:00 UTC 2026][INFO] [Action] E UpdateStyle - (c,129600,1),48:7.000000:2,(r,129600,129600),F
[Fri Sep 04 02:03:01 UTC 2026][INFO] [Action] E UpdateStyle - (c,129600,1),48:8.000000:2,(r,129600,129600),F
[Fri Sep 04 02:03:01 UTC 2026][INFO] [Action] E UpdateStyle - (c,129600,1),48:9.000000:2,(r,129600,129600),F
[Fri Sep 04 02:03:01 UTC 2026][INFO] [Action] E UpdateStyle - (c,129600,1),48:10.000000:2,(r,129600,129600),F
[Fri Sep 04 02:03:01 UTC 2026][INFO] [Action] E UpdateStyle - (c,129600,1),48:11.000000:2,(r,129600,129600),F
[Fri Sep 04 02:03:01 UTC 2026][INFO] [Action] E UpdateStyle - (c,129600,1),48:12.000000:2,(r,129600,129600),F
[Fri Sep 04 02:03:02 UTC 2026][INFO] [Action] E UpdateStyle - (c,129600,1),48:13.000000:2,(r,129600,129600),F
[Fri Sep 04 02:03:07 UTC 2026][INFO] [Action] E UpdateStyle - (c,129577,2),49:0.250000:2,(r,129577,129577),F
[Fri Sep 04 02:03:11 UTC 2026][INFO] [Action] E UpdateStyle - (c,129594,2),49:0.250000:2,(r,129594,129594),F
[Fri Sep 04 02:03:15 UTC 2026][INFO] [Action] E UpdateStyle - (c,129599,2),49:0.250000:2,(r,129599,129599),F
[Fri Sep 04 02:03:20 UTC 2026][INFO] [Action] E UpdateStyle - (c,129604,2),49:0.250000:2,(r,129604,129604),F
[Fri Sep 04 02:03:31 UTC 2026][INFO] [Action] E UpdateStyle - (r,129578,129594),16:10.000000:2,(r,129578,129594),F
[Fri Sep 04 02:03:36 UTC 2026][INFO] [Action] E UpdateStyle - (r,129578,129594),11:Bookerly,serif:4,(r,129578,129594),F
[Fri Sep 04 02:03:37 UTC 2026][INFO] [Action] E UpdateStyle - (r,129578,129594),11:UNK:4,(r,129578,129594),F
[Fri Sep 04 02:03:39 UTC 2026][INFO] [Action] E UpdateStyle - (r,129578,129594),11:Bookerly,serif:4,(r,129578,129594),F
[Fri Sep 04 02:03:41 UTC 2026][INFO] [Action] E UpdateStyle - (r,129578,129594),11:AmazonEmber,sans-serif:4,(r,129578,129594),F
[Fri Sep 04 02:03:54 UTC 2026][INFO] [Action] E UpdateStyle - (r,129600,129604),16:10.000000:2,(r,129600,129604),F
[Fri Sep 04 02:04:01 UTC 2026][INFO] [Action] E UpdateStyle - (r,129600,129604),13:361:3,(r,129600,129604),F
[Fri Sep 04 02:04:03 UTC 2026][INFO] [Action] E UpdateStyle - (r,129600,129604),13:350:3,(r,129600,129604),F
[Fri Sep 04 02:04:07 UTC 2026][INFO] [Action] E UpdateStyle - (r,129600,129604),16:12.000000:2,(r,129600,129604),F
[Fri Sep 04 02:04:21 UTC 2026][INFO] [Action] E UpdateStyle - (r,129825,129890),34:59:3,(r,129825,129890),F
[Fri Sep 04 02:04:37 UTC 2026][INFO] [Action] E SplitContainer - 130821
[Fri Sep 04 02:05:01 UTC 2026][INFO] [Action] E SplitContainer - 132377
[Fri Sep 04 02:05:21 UTC 2026][INFO] [Action] E SplitContainer - 132737
[Fri Sep 04 02:05:23 UTC 2026][INFO] [Action] E SplitContainer - 132777
[Fri Sep 04 02:05:34 UTC 2026][INFO] [Action] E InsertTextContent - (c,133030,2),[SPACE]
[Fri Sep 04 02:05:35 UTC 2026][INFO] [Action] E MergeContainer - 133031,0
[Fri Sep 04 02:05:59 UTC 2026][INFO] [Action] E SplitContainer - 134236
[Fri Sep 04 02:06:10 UTC 2026][INFO] [Action] E SplitContainer - 134300
[Fri Sep 04 02:06:12 UTC 2026][INFO] [Action] E InsertTextContent - (c,134310,2),[SPACE]
[Fri Sep 04 02:06:13 UTC 2026][INFO] [Action] E MergeContainer - 134311,0
[Fri Sep 04 02:06:23 UTC 2026][INFO] [Action] E AddTextContainer - (c,134236,1),1,0,0
[Fri Sep 04 02:06:26 UTC 2026][INFO] [Action] E AddTextContainer - (c,134237,1),1,0,0
[Fri Sep 04 02:06:33 UTC 2026][INFO] [Action] U AddTextContainer
[Fri Sep 04 02:06:34 UTC 2026][INFO] [Action] U AddTextContainer
[Fri Sep 04 02:06:43 UTC 2026][INFO] [Action] E AddTextContainer - (c,134254,1),1,0,0
[Fri Sep 04 02:07:20 UTC 2026][INFO] [Action] E InsertTextContent - (c,136959,2),[SPACE]
[Fri Sep 04 02:07:20 UTC 2026][INFO] [Action] E MergeContainer - 136960,0
[Fri Sep 04 02:07:29 UTC 2026][INFO] [Action] E InsertTextContent - (c,137032,2),[SPACE]
[Fri Sep 04 02:07:29 UTC 2026][INFO] [Action] E InsertTextContent - (c,137033,2),[SPACE]
[Fri Sep 04 02:07:29 UTC 2026][INFO] [Action] E MergeContainer - 137034,0
[Fri Sep 04 02:07:38 UTC 2026][INFO] [Action] E SplitContainer - 137375
[Fri Sep 04 02:07:49 UTC 2026][INFO] [Action] E SplitContainer - 137453
[Fri Sep 04 02:08:09 UTC 2026][INFO] [Action] E UpdateStyle - (c,138016,2),49:0.250000:2,(r,138016,138016),F
[Fri Sep 04 02:08:14 UTC 2026][INFO] [Action] E UpdateStyle - (c,138024,2),49:0.250000:2,(r,138024,138024),F
[Fri Sep 04 02:08:23 UTC 2026][INFO] [Action] E InsertTextContent - (r,138020,138020),[y]
[Fri Sep 04 02:08:27 UTC 2026][INFO] [Action] E InsertTextContent - (r,138023,138023),[z]
[Fri Sep 04 02:08:40 UTC 2026][INFO] [Action] E InsertTextContent - (r,138018,138019),[,]
[Fri Sep 04 02:08:43 UTC 2026][INFO] [Action] E InsertTextContent - (r,138020,138020),[,]
[Fri Sep 04 02:08:45 UTC 2026][INFO] [Action] E DeleteContent - (c,138023,2),B
[Fri Sep 04 02:08:50 UTC 2026][INFO] [Action] E UpdateStyle - (r,138017,138022),34:320:3,(r,138017,138022),F
[Fri Sep 04 02:08:51 UTC 2026][INFO] [Action] E UpdateStyle - (r,138017,138022),11:Bookerly,serif:4,(r,138017,138022),F
[Fri Sep 04 02:08:53 UTC 2026][INFO] [Action] E UpdateStyle - (r,138017,138022),11:AmazonEmber,sans-serif:4,(r,138017,138022),F
[Fri Sep 04 02:09:01 UTC 2026][INFO] [Action] E UpdateStyle - (c,138101,2),49:0.250000:2,(r,138101,138101),F
[Fri Sep 04 02:09:10 UTC 2026][INFO] [Action] E UpdateStyle - (c,138103,2),49:0.250000:2,(r,138103,138103),F
[Fri Sep 04 02:09:19 UTC 2026][INFO] [Action] E DeleteContent - (c,138103,2),B
[Fri Sep 04 02:09:21 UTC 2026][INFO] [Action] E UpdateStyle - (c,138102,2),34:320:3,(r,138102,138102),F
[Fri Sep 04 02:09:51 UTC 2026][INFO] [Action] E UpdateStyle - (c,140682,1),47:0.500000:2,(r,140682,140682),F
[Fri Sep 04 02:09:52 UTC 2026][INFO] [Action] E UpdateStyle - (c,140682,1),47:0.250000:2,(r,140682,140682),F
[Fri Sep 04 02:09:52 UTC 2026][INFO] [Action] E UpdateStyle - (c,140682,1),47:0.000000:2,(r,140682,140682),F
[Fri Sep 04 02:09:55 UTC 2026][INFO] [Action] E UpdateStyle - (c,140682,1),47:0.250000:2,(r,140682,140682),F
[Fri Sep 04 02:09:58 UTC 2026][INFO] [Action] E UpdateStyle - (c,140708,2),49:0.250000:2,(r,140708,140708),F
[Fri Sep 04 02:09:59 UTC 2026][INFO] [Action] E UpdateStyle - (c,140708,2),49:0.500000:2,(r,140708,140708),F
[Fri Sep 04 02:10:07 UTC 2026][INFO] [Action] E InsertTextContent - (c,141090,2),[SPACE]
[Fri Sep 04 02:10:08 UTC 2026][INFO] [Action] E MergeContainer - 141091,0
[Fri Sep 04 02:10:17 UTC 2026][INFO] [Action] E SplitContainer - 141212
[Fri Sep 04 02:10:23 UTC 2026][INFO] [Action] E SplitContainer - 141487
[Fri Sep 04 02:10:33 UTC 2026][INFO] [Action] E SplitContainer - 141732
[Fri Sep 04 02:10:36 UTC 2026][INFO] [Action] E InsertTextContent - (c,141754,2),[SPACE]
[Fri Sep 04 02:10:37 UTC 2026][INFO] [Action] E MergeContainer - 141755,0
[Fri Sep 04 02:10:46 UTC 2026][INFO] [Action] E SplitContainer - 141893
[Fri Sep 04 02:11:02 UTC 2026][INFO] [Action] E InsertTextContent - (c,142226,2),[SPACE]
[Fri Sep 04 02:11:03 UTC 2026][INFO] [Action] E MergeContainer - 142227,0
[Fri Sep 04 02:11:10 UTC 2026][INFO] [Action] E SplitContainer - 142320
[Fri Sep 04 02:11:21 UTC 2026][INFO] [Action] E SplitContainer - 142645
[Fri Sep 04 02:11:24 UTC 2026][INFO] [Action] E SplitContainer - 142653
[Fri Sep 04 02:11:26 UTC 2026][INFO] [Action] E InsertTextContent - (c,142649,2),[SPACE]
[Fri Sep 04 02:11:27 UTC 2026][INFO] [Action] E MergeContainer - 142650,0
[Fri Sep 04 02:11:39 UTC 2026][INFO] [Action] E SplitContainer - 143049
[Fri Sep 04 02:11:42 UTC 2026][INFO] [Action] E SplitContainer - 143080
[Fri Sep 04 02:11:47 UTC 2026][INFO] [Action] E UpdateStyle - (c,143066,2),34:320:3,(r,143066,143066),F
[Fri Sep 04 02:11:51 UTC 2026][INFO] [Action] E UpdateStyle - (c,143079,2),49:0.250000:2,(r,143079,143079),F
[Fri Sep 04 02:11:51 UTC 2026][INFO] [Action] E UpdateStyle - (c,143079,2),49:0.500000:2,(r,143079,143079),F
[Fri Sep 04 02:11:56 UTC 2026][INFO] [Action] E UpdateStyle - (c,143048,2),49:0.250000:2,(r,143048,143048),F
[Fri Sep 04 02:12:01 UTC 2026][INFO] [Action] E UpdateStyle - (r,143049,143079),16:10.000000:2,(r,143049,143079),F
[Fri Sep 04 02:12:02 UTC 2026][INFO] [Action] E UpdateStyle - (r,143049,143079),11:Bookerly,serif:4,(r,143049,143079),F
[Fri Sep 04 02:12:04 UTC 2026][INFO] [Action] E UpdateStyle - (r,143049,143079),11:AmazonEmber,sans-serif:4,(r,143049,143079),F
[Fri Sep 04 02:12:51 UTC 2026][INFO] [Action] E SplitContainer - 145041
[Fri Sep 04 02:12:57 UTC 2026][INFO] [Action] E SplitContainer - 144934
[Fri Sep 04 02:13:09 UTC 2026][INFO] [Action] E SplitContainer - 145573
[Fri Sep 04 02:13:12 UTC 2026][INFO] [Action] E SplitContainer - 145640
[Fri Sep 04 02:13:15 UTC 2026][INFO] [Action] E SplitContainer - 145709
[Fri Sep 04 02:13:19 UTC 2026][INFO] [Action] E InsertTextContent - (c,145728,2),[SPACE]
[Fri Sep 04 02:13:19 UTC 2026][INFO] [Action] E MergeContainer - 145729,0
[Fri Sep 04 02:13:19 UTC 2026][INFO] [Action] E InsertTextContent - (c,145729,2),[SPACE]
[Fri Sep 04 02:13:22 UTC 2026][INFO] [Action] E DeleteContent - (c,145730,2),B
[Fri Sep 04 02:13:24 UTC 2026][INFO] [Action] E SplitContainer - 145737
[Fri Sep 04 02:13:30 UTC 2026][INFO] [Action] E SplitContainer - 145777
[Fri Sep 04 02:13:36 UTC 2026][INFO] [Action] E DeleteContent - (c,145710,1),B
[Fri Sep 04 02:13:49 UTC 2026][INFO] [Action] E SplitContainer - 146292
[Fri Sep 04 02:13:53 UTC 2026][INFO] [Action] E SplitContainer - 146358
[Fri Sep 04 02:14:03 UTC 2026][INFO] [Action] E UpdateStyle - (r,147111,147115),11:Bookerly,serif:4,(r,147111,147115),F
[Fri Sep 04 02:14:06 UTC 2026][INFO] [Action] E UpdateStyle - (r,147111,147115),11:AmazonEmber,sans-serif:4,(r,147111,147115),F
[Fri Sep 04 02:14:08 UTC 2026][INFO] [Action] E UpdateStyle - (r,147111,147115),16:10.000000:2,(r,147111,147115),F
[Fri Sep 04 02:14:16 UTC 2026][INFO] [Action] E SplitContainer - 147134
[Fri Sep 04 02:14:27 UTC 2026][INFO] [Action] E UpdateStyle - (c,147153,1),47:0.500000:2,(r,147153,147153),F
[Fri Sep 04 02:14:28 UTC 2026][INFO] [Action] E UpdateStyle - (c,147153,1),47:0.250000:2,(r,147153,147153),F
[Fri Sep 04 02:14:30 UTC 2026][INFO] [Action] E UpdateStyle - (c,147153,1),47:0.000000:2,(r,147153,147153),F
[Fri Sep 04 02:14:43 UTC 2026][INFO] [Action] E UpdateStyle - (r,148735,148745),16:10.000000:2,(r,148735,148745),F
[Fri Sep 04 02:14:46 UTC 2026][INFO] [Action] E DeleteContent - (c,148745,2),B
[Fri Sep 04 02:14:48 UTC 2026][INFO] [Action] E DeleteContent - (r,148775,148775),B
[Fri Sep 04 02:14:48 UTC 2026][INFO] [Action] E DeleteContent - (c,148774,2),B
[Fri Sep 04 02:14:51 UTC 2026][INFO] [Action] U DeleteContent
[Fri Sep 04 02:14:51 UTC 2026][INFO] [Action] U DeleteContent
[Fri Sep 04 02:14:53 UTC 2026][INFO] [Action] E DeleteContent - (r,148775,148775),B
[Fri Sep 04 02:14:58 UTC 2026][INFO] [Action] E UpdateStyle - (r,148761,148774),16:10.000000:2,(r,148761,148774),F
[Fri Sep 04 02:14:59 UTC 2026][INFO] [Action] E UpdateStyle - (r,148761,148774),11:Bookerly,serif:4,(r,148761,148774),F
[Fri Sep 04 02:15:01 UTC 2026][INFO] [Action] E UpdateStyle - (r,148761,148774),11:AmazonEmber,sans-serif:4,(r,148761,148774),F
[Fri Sep 04 02:15:07 UTC 2026][INFO] [Action] E UpdateStyle - (r,148780,148800),16:10.000000:2,(r,148780,148800),F
[Fri Sep 04 02:15:08 UTC 2026][INFO] [Action] E UpdateStyle - (r,148780,148800),11:Bookerly,serif:4,(r,148780,148800),F
[Fri Sep 04 02:15:10 UTC 2026][INFO] [Action] E UpdateStyle - (r,148780,148800),11:AmazonEmber,sans-serif:4,(r,148780,148800),F
[Fri Sep 04 02:15:22 UTC 2026][INFO] [Action] E UpdateStyle - (c,148760,2),47:0.500000:2,(r,148760,148760),F
[Fri Sep 04 02:15:28 UTC 2026][INFO] [Action] E UpdateStyle - (c,148778,2),47:0.500000:2,(r,148778,148778),F
[Fri Sep 04 02:15:35 UTC 2026][INFO] [Action] E UpdateStyle - (r,148831,148833),47:0.500000:2,(r,148831,148833),F
[Fri Sep 04 02:15:38 UTC 2026][INFO] [Action] E UpdateStyle - (r,148831,148833),47:0.750000:2,(r,148831,148833),F
[Fri Sep 04 02:15:41 UTC 2026][INFO] [Action] E UpdateStyle - (r,148831,148833),47:0.500000:2,(r,148831,148833),F
[Fri Sep 04 02:15:42 UTC 2026][INFO] [Action] E UpdateStyle - (r,148831,148833),49:0.250000:2,(r,148831,148833),F
[Fri Sep 04 02:15:52 UTC 2026][INFO] [Action] E SplitContainer - 148813
[Fri Sep 04 02:15:59 UTC 2026][INFO] [Action] E SplitContainer - 148720
[Fri Sep 04 02:16:22 UTC 2026][INFO] [Action] E UpdateStyle - (r,149951,149989),16:10.000000:2,(r,149951,149989),F
[Fri Sep 04 02:16:22 UTC 2026][INFO] [Action] E UpdateStyle - (r,149951,149989),11:Bookerly,serif:4,(r,149951,149989),F
[Fri Sep 04 02:16:24 UTC 2026][INFO] [Action] E UpdateStyle - (r,149951,149989),11:AmazonEmber,sans-serif:4,(r,149951,149989),F
[Fri Sep 04 02:16:42 UTC 2026][INFO] [Action] E SplitContainer - 151254
[Fri Sep 04 02:16:48 UTC 2026][INFO] [Action] E InsertTextContent - (c,151446,2),[SPACE]
[Fri Sep 04 02:16:49 UTC 2026][INFO] [Action] E MergeContainer - 151447,0
[Fri Sep 04 02:17:06 UTC 2026][INFO] [Action] E SplitContainer - 152113
[Fri Sep 04 02:17:15 UTC 2026][INFO] [Action] E AddTextContainer - (c,152623,2),0,0,0
[Fri Sep 04 02:17:16 UTC 2026][INFO] [Action] E MergeContainer - 152624,1
[Fri Sep 04 02:17:17 UTC 2026][INFO] [Action] E DeleteContent - (c,152623,2),B
[Fri Sep 04 02:17:21 UTC 2026][INFO] [Action] E UpdateStyle - (r,152612,152622),16:10.000000:2,(r,152612,152622),F
[Fri Sep 04 02:17:23 UTC 2026][INFO] [Action] E UpdateStyle - (r,152612,152622),11:Bookerly,serif:4,(r,152612,152622),F
[Fri Sep 04 02:17:25 UTC 2026][INFO] [Action] E UpdateStyle - (r,152612,152622),11:AmazonEmber,sans-serif:4,(r,152612,152622),F
[Fri Sep 04 02:17:48 UTC 2026][INFO] [Action] E MergeContainer - 154595,1
[Fri Sep 04 02:17:51 UTC 2026][INFO] [Action] E SplitContainer - 154595
[Fri Sep 04 02:17:56 UTC 2026][INFO] [Action] E SplitContainer - 154833
[Fri Sep 04 02:18:03 UTC 2026][INFO] [Action] E SplitContainer - 155147
[Fri Sep 04 02:18:05 UTC 2026][INFO] [Action] E SplitContainer - 155178
[Fri Sep 04 02:18:09 UTC 2026][INFO] [Action] E UpdateStyle - (c,155146,2),49:0.250000:2,(r,155146,155146),F
[Fri Sep 04 02:18:14 UTC 2026][INFO] [Action] E UpdateStyle - (c,155178,1),47:0.250000:2,(r,155178,155178),F
[Fri Sep 04 02:18:19 UTC 2026][INFO] [Action] E UpdateStyle - (r,155148,155149),34:320:3,(r,155148,155149),F
[Fri Sep 04 02:18:27 UTC 2026][INFO] [Action] E UpdateStyle - (r,155147,155177),16:10.000000:2,(r,155147,155177),F
[Fri Sep 04 02:18:28 UTC 2026][INFO] [Action] E UpdateStyle - (r,155147,155177),11:Bookerly,serif:4,(r,155147,155177),F
[Fri Sep 04 02:18:30 UTC 2026][INFO] [Action] E UpdateStyle - (r,155147,155177),11:AmazonEmber,sans-serif:4,(r,155147,155177),F
[Fri Sep 04 02:19:12 UTC 2026][INFO] [Action] E SplitContainer - 158350
[Fri Sep 04 02:19:17 UTC 2026][INFO] [Action] E SplitContainer - 158317
[Fri Sep 04 02:19:21 UTC 2026][INFO] [Action] E SplitContainer - 158223
[Fri Sep 04 02:19:34 UTC 2026][INFO] [Action] E AddTextContainer - (c,158350,1),1,0,0
[Fri Sep 04 02:19:34 UTC 2026][INFO] [Action] E AddTextContainer - (c,158351,1),1,0,0
[Fri Sep 04 02:19:35 UTC 2026][INFO] [Action] E AddTextContainer - (c,158352,1),1,0,0
[Fri Sep 04 02:19:40 UTC 2026][INFO] [Action] E UpdateStyle - (c,158390,2),49:0.250000:2,(r,158390,158390),F
[Fri Sep 04 02:19:44 UTC 2026][INFO] [Action] E UpdateStyle - (c,158410,2),49:0.250000:2,(r,158410,158410),F
[Fri Sep 04 02:19:48 UTC 2026][INFO] [Action] E UpdateStyle - (c,158421,2),49:0.250000:2,(r,158421,158421),F
[Fri Sep 04 02:19:55 UTC 2026][INFO] [Action] E UpdateStyle - (c,158550,2),49:0.250000:2,(r,158550,158550),F
[Fri Sep 04 02:19:56 UTC 2026][INFO] [Action] E UpdateStyle - (c,158550,2),49:0.500000:2,(r,158550,158550),F
[Fri Sep 04 02:20:00 UTC 2026][INFO] [Action] E UpdateStyle - (c,158576,2),49:0.250000:2,(r,158576,158576),F
[Fri Sep 04 02:20:05 UTC 2026][INFO] [Action] E UpdateStyle - (c,158599,2),49:0.250000:2,(r,158599,158599),F
[Fri Sep 04 02:20:09 UTC 2026][INFO] [Action] E UpdateStyle - (c,158619,2),49:0.250000:2,(r,158619,158619),F
[Fri Sep 04 02:20:19 UTC 2026][INFO] [Action] E UpdateStyle - (c,158619,2),49:0.500000:2,(r,158619,158619),F
[Fri Sep 04 02:20:24 UTC 2026][INFO] [Action] E UpdateStyle - (c,158679,2),49:0.250000:2,(r,158679,158679),F
[Fri Sep 04 02:20:27 UTC 2026][INFO] [Action] E UpdateStyle - (c,158662,2),34:320:3,(r,158662,158662),F
[Fri Sep 04 02:20:35 UTC 2026][INFO] [Action] E UpdateStyle - (r,158620,158679),11:Bookerly,serif:4,(r,158620,158679),F
[Fri Sep 04 02:20:37 UTC 2026][INFO] [Action] E UpdateStyle - (r,158620,158679),11:AmazonEmber,sans-serif:4,(r,158620,158679),F
[Fri Sep 04 02:20:40 UTC 2026][INFO] [Action] E UpdateStyle - (r,158620,158679),16:10.000000:2,(r,158620,158679),F
[Fri Sep 04 02:20:47 UTC 2026][INFO] [Action] E UpdateStyle - (r,158577,158599),16:10.000000:2,(r,158577,158599),F
[Fri Sep 04 02:20:48 UTC 2026][INFO] [Action] E UpdateStyle - (r,158577,158599),11:Bookerly,serif:4,(r,158577,158599),F
[Fri Sep 04 02:20:50 UTC 2026][INFO] [Action] E UpdateStyle - (r,158577,158599),11:AmazonEmber,sans-serif:4,(r,158577,158599),F
[Fri Sep 04 02:20:57 UTC 2026][INFO] [Action] E UpdateStyle - (r,158422,158550),16:10.000000:2,(r,158422,158550),F
[Fri Sep 04 02:20:58 UTC 2026][INFO] [Action] E UpdateStyle - (r,158422,158550),11:Bookerly,serif:4,(r,158422,158550),F
[Fri Sep 04 02:21:00 UTC 2026][INFO] [Action] E UpdateStyle - (r,158422,158550),11:AmazonEmber,sans-serif:4,(r,158422,158550),F
[Fri Sep 04 02:21:05 UTC 2026][INFO] [Action] E UpdateStyle - (r,158391,158410),16:10.000000:2,(r,158391,158410),F
[Fri Sep 04 02:21:07 UTC 2026][INFO] [Action] E UpdateStyle - (r,158391,158410),11:Bookerly,serif:4,(r,158391,158410),F
[Fri Sep 04 02:21:09 UTC 2026][INFO] [Action] E UpdateStyle - (r,158391,158410),11:AmazonEmber,sans-serif:4,(r,158391,158410),F
[Fri Sep 04 02:21:14 UTC 2026][INFO] [Action] E UpdateStyle - (c,158390,2),49:0.500000:2,(r,158390,158390),F
[Fri Sep 04 02:21:41 UTC 2026][INFO] [Action] E SplitContainer - 159214
[Fri Sep 04 02:21:44 UTC 2026][INFO] [Action] E MergeContainer - 159222,0
[Fri Sep 04 02:21:47 UTC 2026][INFO] [Action] E InsertTextContent - (c,159222,2),[SPACE]
[Fri Sep 04 02:21:52 UTC 2026][INFO] [Action] E SplitContainer - 159224
[Fri Sep 04 02:21:58 UTC 2026][INFO] [Action] E AddTextContainer - (c,159214,1),1,0,0
[Fri Sep 04 02:21:59 UTC 2026][INFO] [Action] E AddTextContainer - (c,159215,1),1,0,0
[Fri Sep 04 02:22:01 UTC 2026][INFO] [Action] E AddTextContainer - (c,159216,1),1,0,0
[Fri Sep 04 02:22:30 UTC 2026][INFO] [Action] E AddTextContainer - (c,159387,2),0,0,0
[Fri Sep 04 02:22:42 UTC 2026][INFO] [Action] E UpdateStyle - (r,159227,159387),16:10.000000:2,(r,159227,159387),F
[Fri Sep 04 02:22:43 UTC 2026][INFO] [Action] E UpdateStyle - (r,159227,159387),11:Bookerly,serif:4,(r,159227,159387),F
[Fri Sep 04 02:22:44 UTC 2026][INFO] [Action] E UpdateStyle - (r,159227,159387),11:AmazonEmber,sans-serif:4,(r,159227,159387),F
[Fri Sep 04 02:22:51 UTC 2026][INFO] [Action] E UpdateStyle - (c,159226,2),49:0.250000:2,(r,159226,159226),F
[Fri Sep 04 02:22:55 UTC 2026][INFO] [Action] E MergeContainer - 159388,1
[Fri Sep 04 02:22:58 UTC 2026][INFO] [Action] E UpdateStyle - (c,159387,2),49:0.250000:2,(r,159387,159387),F
[Fri Sep 04 02:22:58 UTC 2026][INFO] [Action] E UpdateStyle - (c,159387,2),49:0.500000:2,(r,159387,159387),F
[Fri Sep 04 02:23:25 UTC 2026][INFO] [Action] E SplitContainer - 159687
[Fri Sep 04 02:23:31 UTC 2026][INFO] [Action] E UpdateStyle - (c,159686,2),50:1.000000:2,(r,159686,159686),F
[Fri Sep 04 02:23:35 UTC 2026][INFO] [Action] E UpdateStyle - (c,159686,2),50:0.000000:2,(r,159686,159686),F
[Fri Sep 04 02:23:39 UTC 2026][INFO] [Action] E UpdateStyle - (c,159686,2),49:0.250000:2,(r,159686,159686),F
[Fri Sep 04 02:23:48 UTC 2026][INFO] [Action] E UpdateStyle - (c,159844,2),49:0.250000:2,(r,159844,159844),F
[Fri Sep 04 02:23:53 UTC 2026][INFO] [Action] E UpdateStyle - (c,159991,2),49:0.250000:2,(r,159991,159991),F
[Fri Sep 04 02:24:01 UTC 2026][INFO] [Action] E SplitContainer - 160198
[Fri Sep 04 02:24:02 UTC 2026][INFO] [Action] E AddTextContainer - (c,160198,1),1,0,0
[Fri Sep 04 02:24:08 UTC 2026][INFO] [Action] E UpdateStyle - (r,159388,160142),16:10.000000:2,(r,159388,160142),F
[Fri Sep 04 02:24:10 UTC 2026][INFO] [Action] E UpdateStyle - (r,159388,160142),11:Bookerly,serif:4,(r,159388,160142),F
[Fri Sep 04 02:24:12 UTC 2026][INFO] [Action] E UpdateStyle - (r,159388,160142),11:AmazonEmber,sans-serif:4,(r,159388,160142),F
[Fri Sep 04 02:24:18 UTC 2026][INFO] [Action] E UpdateStyle - (r,160142,160197),16:10.000000:2,(r,160142,160197),F
[Fri Sep 04 02:24:19 UTC 2026][INFO] [Action] E UpdateStyle - (r,160142,160197),11:Bookerly,serif:4,(r,160142,160197),F
[Fri Sep 04 02:24:21 UTC 2026][INFO] [Action] E UpdateStyle - (r,160142,160197),11:AmazonEmber,sans-serif:4,(r,160142,160197),F
[Fri Sep 04 02:24:30 UTC 2026][INFO] [Action] E MergeContainer - 160198,1
[Fri Sep 04 02:24:34 UTC 2026][INFO] [Action] E UpdateStyle - (c,160197,2),49:0.250000:2,(r,160197,160197),F
[Fri Sep 04 02:24:35 UTC 2026][INFO] [Action] E UpdateStyle - (c,160197,2),49:0.500000:2,(r,160197,160197),F
[Fri Sep 04 02:24:52 UTC 2026][INFO] [Action] E UpdateStyle - (r,159227,160197),34:320:3,(r,159227,160197),F
[Fri Sep 04 02:25:03 UTC 2026][INFO] [Action] E UpdateStyle - (r,159227,160197),34:61:3,(r,159227,160197),F
[Fri Sep 04 02:25:07 UTC 2026][INFO] [Action] E UpdateStyle - (r,159227,160197),34:59:3,(r,159227,160197),F
[Fri Sep 04 02:25:11 UTC 2026][INFO] [Action] E UpdateStyle - (r,159227,160197),48:1.000000:2,(r,159227,160197),F
[Fri Sep 04 02:25:12 UTC 2026][INFO] [Action] E UpdateStyle - (r,159227,160197),48:2.000000:2,(r,159227,160197),F
[Fri Sep 04 02:25:13 UTC 2026][INFO] [Action] E UpdateStyle - (r,159227,160197),48:3.000000:2,(r,159227,160197),F
[Fri Sep 04 02:25:14 UTC 2026][INFO] [Action] E UpdateStyle - (r,159227,160197),48:4.000000:2,(r,159227,160197),F
[Fri Sep 04 02:25:14 UTC 2026][INFO] [Action] E UpdateStyle - (r,159227,160197),48:5.000000:2,(r,159227,160197),F
[Fri Sep 04 02:25:14 UTC 2026][INFO] [Action] E UpdateStyle - (r,159227,160197),48:6.000000:2,(r,159227,160197),F
[Fri Sep 04 02:25:17 UTC 2026][INFO] [Action] E UpdateStyle - (r,159227,160197),48:5.000000:2,(r,159227,160197),F
[Fri Sep 04 02:25:43 UTC 2026][INFO] [Action] E SaveBook - Save
[Fri Sep 04 02:25:59 UTC 2026][INFO] [Action] E UpdateStyle - (c,165387,2),49:0.250000:2,(r,165387,165387),F
[Fri Sep 04 02:26:12 UTC 2026][INFO] [Action] E UpdateStyle - (r,165388,165434),16:10.000000:2,(r,165388,165434),F
[Fri Sep 04 02:26:18 UTC 2026][INFO] [Action] E UpdateStyle - (r,165388,165434),11:Bookerly,serif:4,(r,165388,165434),F
[Fri Sep 04 02:26:19 UTC 2026][INFO] [Action] E UpdateStyle - (r,165388,165434),11:AmazonEmber,sans-serif:4,(r,165388,165434),F
[Fri Sep 04 02:26:28 UTC 2026][INFO] [Action] E AddTextContainer - (c,165461,2),0,0,0
[Fri Sep 04 02:26:32 UTC 2026][INFO] [Action] E AddTextContainer - (c,165661,2),0,0,0
[Fri Sep 04 02:26:46 UTC 2026][INFO] [Action] E UpdateStyle - (r,165463,165535),16:10.000000:2,(r,165463,165535),F
[Fri Sep 04 02:26:47 UTC 2026][INFO] [Action] E UpdateStyle - (r,165463,165535),11:Bookerly,serif:4,(r,165463,165535),F
[Fri Sep 04 02:26:49 UTC 2026][INFO] [Action] E UpdateStyle - (r,165463,165535),11:AmazonEmber,sans-serif:4,(r,165463,165535),F
[Fri Sep 04 02:26:55 UTC 2026][INFO] [Action] E UpdateStyle - (c,165535,2),49:0.250000:2,(r,165535,165535),F
[Fri Sep 04 02:26:58 UTC 2026][INFO] [Action] E UpdateStyle - (c,165535,2),49:0.500000:2,(r,165535,165535),F
[Fri Sep 04 02:27:00 UTC 2026][INFO] [Action] E UpdateStyle - (c,165535,2),49:0.250000:2,(r,165535,165535),F
[Fri Sep 04 02:27:00 UTC 2026][INFO] [Action] E UpdateStyle - (c,165535,2),49:0.000000:2,(r,165535,165535),F
[Fri Sep 04 02:27:05 UTC 2026][INFO] [Action] E UpdateStyle - (c,165535,2),49:0.250000:2,(r,165535,165535),F
[Fri Sep 04 02:27:07 UTC 2026][INFO] [Action] E UpdateStyle - (c,165535,2),49:0.000000:2,(r,165535,165535),F
[Fri Sep 04 02:27:13 UTC 2026][INFO] [Action] E UpdateStyle - (r,165536,165540),47:0.250000:2,(r,165536,165540),F
[Fri Sep 04 02:27:15 UTC 2026][INFO] [Action] E UpdateStyle - (r,165536,165540),47:0.000000:2,(r,165536,165540),F
[Fri Sep 04 02:27:20 UTC 2026][INFO] [Action] E MergeContainer - 165462,1
[Fri Sep 04 02:27:23 UTC 2026][INFO] [Action] E SplitContainer - 165535
[Fri Sep 04 02:27:27 UTC 2026][INFO] [Action] E UpdateStyle - (c,165535,1),47:0.250000:2,(r,165535,165535),F
[Fri Sep 04 02:27:28 UTC 2026][INFO] [Action] E UpdateStyle - (c,165535,1),47:0.500000:2,(r,165535,165535),F
[Fri Sep 04 02:27:31 UTC 2026][INFO] [Action] E UpdateStyle - (c,165461,2),49:0.250000:2,(r,165461,165461),F
[Fri Sep 04 02:27:37 UTC 2026][INFO] [Action] E SplitContainer - 165497
[Fri Sep 04 02:27:42 UTC 2026][INFO] [Action] E UpdateStyle - (r,165462,165534),48:1.000000:2,(r,165462,165534),F
[Fri Sep 04 02:27:42 UTC 2026][INFO] [Action] E UpdateStyle - (r,165462,165534),48:2.000000:2,(r,165462,165534),F
[Fri Sep 04 02:27:43 UTC 2026][INFO] [Action] E UpdateStyle - (r,165462,165534),48:3.000000:2,(r,165462,165534),F
[Fri Sep 04 02:27:43 UTC 2026][INFO] [Action] E UpdateStyle - (r,165462,165534),48:4.000000:2,(r,165462,165534),F
[Fri Sep 04 02:27:43 UTC 2026][INFO] [Action] E UpdateStyle - (r,165462,165534),48:5.000000:2,(r,165462,165534),F
[Fri Sep 04 02:27:44 UTC 2026][INFO] [Action] E UpdateStyle - (r,165462,165534),48:6.000000:2,(r,165462,165534),F
[Fri Sep 04 02:27:44 UTC 2026][INFO] [Action] E UpdateStyle - (r,165462,165534),48:7.000000:2,(r,165462,165534),F
[Fri Sep 04 02:27:44 UTC 2026][INFO] [Action] E UpdateStyle - (r,165462,165534),48:8.000000:2,(r,165462,165534),F
[Fri Sep 04 02:27:44 UTC 2026][INFO] [Action] E UpdateStyle - (r,165462,165534),48:9.000000:2,(r,165462,165534),F
[Fri Sep 04 02:27:44 UTC 2026][INFO] [Action] E UpdateStyle - (r,165462,165534),48:10.000000:2,(r,165462,165534),F
[Fri Sep 04 02:27:45 UTC 2026][INFO] [Action] E UpdateStyle - (r,165462,165534),48:11.000000:2,(r,165462,165534),F
[Fri Sep 04 02:27:45 UTC 2026][INFO] [Action] E UpdateStyle - (r,165462,165534),48:12.000000:2,(r,165462,165534),F
[Fri Sep 04 02:27:47 UTC 2026][INFO] [Action] E UpdateStyle - (r,165462,165534),48:11.000000:2,(r,165462,165534),F
[Fri Sep 04 02:27:47 UTC 2026][INFO] [Action] E UpdateStyle - (r,165462,165534),48:10.000000:2,(r,165462,165534),F
[Fri Sep 04 02:27:53 UTC 2026][INFO] [Action] E InsertTextContent - (c,165450,2),[SPACE]
[Fri Sep 04 02:28:02 UTC 2026][INFO] [Action] E MergeContainer - 165662,1
[Fri Sep 04 02:28:22 UTC 2026][INFO] [Action] E SplitContainer - 165749
[Fri Sep 04 02:28:26 UTC 2026][INFO] [Action] E SplitContainer - 165776
[Fri Sep 04 02:28:28 UTC 2026][INFO] [Action] E DeleteContent - (r,165776,165776),F
[Fri Sep 04 02:28:31 UTC 2026][INFO] [Action] E InsertTextContent - (c,165769,2),[SPACE]
[Fri Sep 04 02:28:32 UTC 2026][INFO] [Action] E MergeContainer - 165770,0
[Fri Sep 04 02:28:36 UTC 2026][INFO] [Action] E InsertTextContent - (c,165832,2),[SPACE]
[Fri Sep 04 02:28:36 UTC 2026][INFO] [Action] E MergeContainer - 165833,0
[Fri Sep 04 02:28:46 UTC 2026][INFO] [Action] E SplitContainer - 165841
[Fri Sep 04 02:28:51 UTC 2026][INFO] [Action] E SplitContainer - 165933
[Fri Sep 04 02:28:56 UTC 2026][INFO] [Action] E SplitContainer - 166139
[Fri Sep 04 02:29:05 UTC 2026][INFO] [Action] E SplitContainer - 166614
[Fri Sep 04 02:29:08 UTC 2026][INFO] [Action] E InsertTextContent - (c,166662,2),[SPACE]
[Fri Sep 04 02:29:17 UTC 2026][INFO] [Action] E SplitContainer - 166754
[Fri Sep 04 02:29:19 UTC 2026][INFO] [Action] E SplitContainer - 166777
[Fri Sep 04 02:29:24 UTC 2026][INFO] [Action] E SplitContainer - 166783
[Fri Sep 04 02:29:33 UTC 2026][INFO] [Action] E UpdateStyle - (r,166763,166776),48:1.000000:2,(r,166763,166776),F
[Fri Sep 04 02:29:34 UTC 2026][INFO] [Action] E UpdateStyle - (r,166763,166776),48:2.000000:2,(r,166763,166776),F
[Fri Sep 04 02:29:34 UTC 2026][INFO] [Action] E UpdateStyle - (r,166763,166776),48:3.000000:2,(r,166763,166776),F
[Fri Sep 04 02:29:34 UTC 2026][INFO] [Action] E UpdateStyle - (r,166763,166776),48:4.000000:2,(r,166763,166776),F
[Fri Sep 04 02:29:35 UTC 2026][INFO] [Action] E UpdateStyle - (r,166763,166776),48:5.000000:2,(r,166763,166776),F
[Fri Sep 04 02:29:35 UTC 2026][INFO] [Action] E UpdateStyle - (r,166763,166776),48:6.000000:2,(r,166763,166776),F
[Fri Sep 04 02:29:35 UTC 2026][INFO] [Action] E UpdateStyle - (r,166763,166776),48:7.000000:2,(r,166763,166776),F
[Fri Sep 04 02:29:35 UTC 2026][INFO] [Action] E UpdateStyle - (r,166763,166776),48:8.000000:2,(r,166763,166776),F
[Fri Sep 04 02:29:36 UTC 2026][INFO] [Action] E UpdateStyle - (r,166763,166776),48:9.000000:2,(r,166763,166776),F
[Fri Sep 04 02:29:36 UTC 2026][INFO] [Action] E UpdateStyle - (r,166763,166776),48:10.000000:2,(r,166763,166776),F
[Fri Sep 04 02:29:36 UTC 2026][INFO] [Action] E UpdateStyle - (r,166763,166776),48:11.000000:2,(r,166763,166776),F
[Fri Sep 04 02:29:36 UTC 2026][INFO] [Action] E UpdateStyle - (r,166763,166776),48:12.000000:2,(r,166763,166776),F
[Fri Sep 04 02:29:36 UTC 2026][INFO] [Action] E UpdateStyle - (r,166763,166776),48:13.000000:2,(r,166763,166776),F
[Fri Sep 04 02:29:37 UTC 2026][INFO] [Action] E UpdateStyle - (r,166763,166776),48:14.000000:2,(r,166763,166776),F
[Fri Sep 04 02:29:37 UTC 2026][INFO] [Action] E UpdateStyle - (r,166763,166776),48:15.000000:2,(r,166763,166776),F
[Fri Sep 04 02:29:37 UTC 2026][INFO] [Action] E UpdateStyle - (r,166763,166776),48:16.000000:2,(r,166763,166776),F
[Fri Sep 04 02:29:41 UTC 2026][INFO] [Action] E UpdateStyle - (c,166783,1),48:1.000000:2,(r,166783,166783),F
[Fri Sep 04 02:29:41 UTC 2026][INFO] [Action] E UpdateStyle - (c,166783,1),48:2.000000:2,(r,166783,166783),F
[Fri Sep 04 02:29:42 UTC 2026][INFO] [Action] E UpdateStyle - (c,166783,1),48:3.000000:2,(r,166783,166783),F
[Fri Sep 04 02:29:42 UTC 2026][INFO] [Action] E UpdateStyle - (c,166783,1),48:4.000000:2,(r,166783,166783),F
[Fri Sep 04 02:29:42 UTC 2026][INFO] [Action] E UpdateStyle - (c,166783,1),48:5.000000:2,(r,166783,166783),F
[Fri Sep 04 02:29:42 UTC 2026][INFO] [Action] E UpdateStyle - (c,166783,1),48:6.000000:2,(r,166783,166783),F
[Fri Sep 04 02:29:42 UTC 2026][INFO] [Action] E UpdateStyle - (c,166783,1),48:7.000000:2,(r,166783,166783),F
[Fri Sep 04 02:29:42 UTC 2026][INFO] [Action] E UpdateStyle - (c,166783,1),48:8.000000:2,(r,166783,166783),F
[Fri Sep 04 02:29:43 UTC 2026][INFO] [Action] E UpdateStyle - (c,166783,1),48:9.000000:2,(r,166783,166783),F
[Fri Sep 04 02:29:43 UTC 2026][INFO] [Action] E UpdateStyle - (c,166783,1),48:10.000000:2,(r,166783,166783),F
[Fri Sep 04 02:29:43 UTC 2026][INFO] [Action] E UpdateStyle - (c,166783,1),48:11.000000:2,(r,166783,166783),F
[Fri Sep 04 02:29:43 UTC 2026][INFO] [Action] E UpdateStyle - (c,166783,1),48:12.000000:2,(r,166783,166783),F
[Fri Sep 04 02:29:43 UTC 2026][INFO] [Action] E UpdateStyle - (c,166783,1),48:13.000000:2,(r,166783,166783),F
[Fri Sep 04 02:29:44 UTC 2026][INFO] [Action] E UpdateStyle - (c,166783,1),48:14.000000:2,(r,166783,166783),F
[Fri Sep 04 02:29:44 UTC 2026][INFO] [Action] E UpdateStyle - (c,166783,1),48:15.000000:2,(r,166783,166783),F
[Fri Sep 04 02:29:44 UTC 2026][INFO] [Action] E UpdateStyle - (c,166783,1),48:16.000000:2,(r,166783,166783),F
[Fri Sep 04 02:29:50 UTC 2026][INFO] [Action] E InsertTextContent - (r,166783,166783),[A]
[Fri Sep 04 02:29:54 UTC 2026][INFO] [Action] E InsertTextContent - (r,166791,166791),[x]
[Fri Sep 04 02:29:56 UTC 2026][INFO] [Action] E InsertTextContent - (r,166791,166791),[c]
[Fri Sep 04 02:30:04 UTC 2026][INFO] [Action] E UpdateStyle - (r,166763,166776),16:10.000000:2,(r,166763,166776),F
[Fri Sep 04 02:30:05 UTC 2026][INFO] [Action] E UpdateStyle - (r,166763,166776),11:Bookerly,serif:4,(r,166763,166776),F
[Fri Sep 04 02:30:06 UTC 2026][INFO] [Action] E UpdateStyle - (r,166763,166776),11:AmazonEmber,sans-serif:4,(r,166763,166776),F
[Fri Sep 04 02:30:12 UTC 2026][INFO] [Action] E UpdateStyle - (r,166783,166822),16:10.000000:2,(r,166783,166822),F
[Fri Sep 04 02:30:14 UTC 2026][INFO] [Action] E UpdateStyle - (r,166783,166822),11:Bookerly,serif:4,(r,166783,166822),F
[Fri Sep 04 02:30:16 UTC 2026][INFO] [Action] E UpdateStyle - (r,166783,166822),11:AmazonEmber,sans-serif:4,(r,166783,166822),F
[Fri Sep 04 02:30:26 UTC 2026][INFO] [Action] E MergeContainer - 166663,0
[Fri Sep 04 02:30:49 UTC 2026][INFO] [Action] E SplitContainer - 165685
[Fri Sep 04 02:30:54 UTC 2026][INFO] [Action] E SplitContainer - 165801
[Fri Sep 04 02:31:02 UTC 2026][INFO] [Action] E SplitContainer - 166645
[Fri Sep 04 02:31:05 UTC 2026][INFO] [Action] E SplitContainer - 166671
[Fri Sep 04 02:31:20 UTC 2026][INFO] [Action] E SplitContainer - 166096
[Fri Sep 04 02:31:24 UTC 2026][INFO] [Action] E SplitContainer - 166055
[Fri Sep 04 02:31:31 UTC 2026][INFO] [Action] E SplitContainer - 166210
[Fri Sep 04 02:31:34 UTC 2026][INFO] [Action] E SplitContainer - 166252
[Fri Sep 04 02:31:38 UTC 2026][INFO] [Action] E SplitContainer - 166730
[Fri Sep 04 02:31:43 UTC 2026][INFO] [Action] E DeleteContent - (c,166753,2),B
[Fri Sep 04 02:31:44 UTC 2026][INFO] [Action] E DeleteContent - (c,166752,2),B
[Fri Sep 04 02:31:45 UTC 2026][INFO] [Action] E InsertTextContent - (c,166751,2),[SPACE]
[Fri Sep 04 02:31:45 UTC 2026][INFO] [Action] E InsertTextContent - (c,166752,2),[a]
[Fri Sep 04 02:31:46 UTC 2026][INFO] [Action] E InsertTextContent - (c,166753,2),[SPACE]
[Fri Sep 04 02:31:47 UTC 2026][INFO] [Action] E InsertTextContent - (c,166754,2),[n]
[Fri Sep 04 02:31:48 UTC 2026][INFO] [Action] E InsertTextContent - (c,166755,2),[d]
[Fri Sep 04 02:31:49 UTC 2026][INFO] [Action] E InsertTextContent - (c,166756,2),[SPACE]
[Fri Sep 04 02:31:50 UTC 2026][INFO] [Action] E MergeContainer - 166757,0
[Fri Sep 04 02:31:50 UTC 2026][INFO] [Action] E DeleteContent - (r,166758,166758),F
[Fri Sep 04 02:31:51 UTC 2026][INFO] [Action] E DeleteContent - (r,166758,166758),F
[Fri Sep 04 02:31:51 UTC 2026][INFO] [Action] E DeleteContent - (r,166758,166758),F
[Fri Sep 04 02:31:54 UTC 2026][INFO] [Action] E DeleteContent - (c,166755,1),B
[Fri Sep 04 02:31:58 UTC 2026][INFO] [Action] E UpdateStyle - (c,166762,2),49:0.250000:2,(r,166762,166762),F
[Fri Sep 04 02:32:03 UTC 2026][INFO] [Action] E UpdateStyle - (c,166822,2),49:0.250000:2,(r,166822,166822),F
[Fri Sep 04 02:32:04 UTC 2026][INFO] [Action] E UpdateStyle - (c,166822,2),49:0.500000:2,(r,166822,166822),F
[Fri Sep 04 02:32:10 UTC 2026][INFO] [Action] E UpdateStyle - (c,167428,2),49:0.250000:2,(r,167428,167428),F
[Fri Sep 04 02:32:44 UTC 2026][INFO] [Action] E UpdateStyle - (c,167444,2),49:0.250000:2,(r,167444,167444),F
[Fri Sep 04 02:32:50 UTC 2026][INFO] [Action] E SplitContainer - 167481
[Fri Sep 04 02:32:53 UTC 2026][INFO] [Action] E UpdateStyle - (c,167508,2),49:0.250000:2,(r,167508,167508),F
[Fri Sep 04 02:32:57 UTC 2026][INFO] [Action] E UpdateStyle - (c,167544,2),49:0.250000:2,(r,167544,167544),F
[Fri Sep 04 02:33:01 UTC 2026][INFO] [Action] E UpdateStyle - (c,167568,2),49:0.250000:2,(r,167568,167568),F
[Fri Sep 04 02:33:02 UTC 2026][INFO] [Action] E UpdateStyle - (c,167568,2),49:0.500000:2,(r,167568,167568),F
[Fri Sep 04 02:33:06 UTC 2026][INFO] [Action] E UpdateStyle - (r,167618,167625),49:0.250000:2,(r,167618,167625),F
[Fri Sep 04 02:33:16 UTC 2026][INFO] [Action] E UpdateStyle - (c,167639,2),49:0.250000:2,(r,167639,167639),F
[Fri Sep 04 02:33:23 UTC 2026][INFO] [Action] E UpdateStyle - (r,167429,167444),16:10.000000:2,(r,167429,167444),F
[Fri Sep 04 02:33:28 UTC 2026][INFO] [Action] E UpdateStyle - (r,167509,167544),16:10.000000:2,(r,167509,167544),F
[Fri Sep 04 02:33:29 UTC 2026][INFO] [Action] E UpdateStyle - (r,167509,167544),11:Bookerly,serif:4,(r,167509,167544),F
[Fri Sep 04 02:33:31 UTC 2026][INFO] [Action] E UpdateStyle - (r,167509,167544),11:AmazonEmber,sans-serif:4,(r,167509,167544),F
[Fri Sep 04 02:33:37 UTC 2026][INFO] [Action] E UpdateStyle - (r,167429,167444),11:Bookerly,serif:4,(r,167429,167444),F
[Fri Sep 04 02:33:39 UTC 2026][INFO] [Action] E UpdateStyle - (r,167429,167444),11:AmazonEmber,sans-serif:4,(r,167429,167444),F
[Fri Sep 04 02:33:45 UTC 2026][INFO] [Action] E UpdateStyle - (r,167553,167568),16:10.000000:2,(r,167553,167568),F
[Fri Sep 04 02:33:46 UTC 2026][INFO] [Action] E UpdateStyle - (r,167553,167568),11:Bookerly,serif:4,(r,167553,167568),F
[Fri Sep 04 02:33:47 UTC 2026][INFO] [Action] E UpdateStyle - (r,167553,167568),11:AmazonEmber,sans-serif:4,(r,167553,167568),F
[Fri Sep 04 02:33:55 UTC 2026][INFO] [Action] E UpdateStyle - (r,167626,167629),16:10.000000:2,(r,167626,167629),F
[Fri Sep 04 02:33:56 UTC 2026][INFO] [Action] E UpdateStyle - (r,167626,167629),11:Bookerly,serif:4,(r,167626,167629),F
[Fri Sep 04 02:33:58 UTC 2026][INFO] [Action] E UpdateStyle - (r,167626,167629),11:AmazonEmber,sans-serif:4,(r,167626,167629),F
[Fri Sep 04 02:34:03 UTC 2026][INFO] [Action] E UpdateStyle - (r,167640,167655),16:10.000000:2,(r,167640,167655),F
[Fri Sep 04 02:34:06 UTC 2026][INFO] [Action] E AddTextContainer - (c,167655,2),0,0,0
[Fri Sep 04 02:34:16 UTC 2026][INFO] [Action] E UpdateStyle - (c,167428,2),49:0.500000:2,(r,167428,167428),F
[Fri Sep 04 02:34:19 UTC 2026][INFO] [Action] E UpdateStyle - (c,167444,2),49:0.500000:2,(r,167444,167444),F
[Fri Sep 04 02:34:23 UTC 2026][INFO] [Action] E UpdateStyle - (c,167508,2),49:0.500000:2,(r,167508,167508),F
[Fri Sep 04 02:34:28 UTC 2026][INFO] [Action] E UpdateStyle - (c,167625,2),49:0.500000:2,(r,167625,167625),F
[Fri Sep 04 02:34:38 UTC 2026][INFO] [Action] E SplitContainer - 167056
[Fri Sep 04 02:34:42 UTC 2026][INFO] [Action] E SplitContainer - 167088
[Fri Sep 04 02:34:51 UTC 2026][INFO] [Action] E MergeContainer - 167656,0
[Fri Sep 04 02:34:57 UTC 2026][INFO] [Action] E UpdateStyle - (r,167679,167683),16:10.000000:2,(r,167679,167683),F
[Fri Sep 04 02:34:58 UTC 2026][INFO] [Action] E UpdateStyle - (r,167679,167683),11:Bookerly,serif:4,(r,167679,167683),F
[Fri Sep 04 02:35:00 UTC 2026][INFO] [Action] E UpdateStyle - (r,167679,167683),11:AmazonEmber,sans-serif:4,(r,167679,167683),F
[Fri Sep 04 02:35:06 UTC 2026][INFO] [Action] E UpdateStyle - (r,167697,167738),16:10.000000:2,(r,167697,167738),F
[Fri Sep 04 02:35:07 UTC 2026][INFO] [Action] E UpdateStyle - (r,167697,167738),11:Bookerly,serif:4,(r,167697,167738),F
[Fri Sep 04 02:35:09 UTC 2026][INFO] [Action] E UpdateStyle - (r,167697,167738),11:AmazonEmber,sans-serif:4,(r,167697,167738),F
[Fri Sep 04 02:35:15 UTC 2026][INFO] [Action] E UpdateStyle - (r,167785,167841),16:10.000000:2,(r,167785,167841),F
[Fri Sep 04 02:35:16 UTC 2026][INFO] [Action] E UpdateStyle - (r,167785,167841),11:Bookerly,serif:4,(r,167785,167841),F
[Fri Sep 04 02:35:26 UTC 2026][INFO] [Action] E UpdateStyle - (r,167879,167910),11:Bookerly,serif:4,(r,167879,167910),F
[Fri Sep 04 02:35:27 UTC 2026][INFO] [Action] E UpdateStyle - (r,167879,167910),11:AmazonEmber,sans-serif:4,(r,167879,167910),F
[Fri Sep 04 02:35:30 UTC 2026][INFO] [Action] E AddTextContainer - (c,167910,2),0,0,0
[Fri Sep 04 02:35:34 UTC 2026][INFO] [Action] U AddTextContainer
[Fri Sep 04 02:35:37 UTC 2026][INFO] [Action] E UpdateStyle - (c,167910,2),49:0.250000:2,(r,167910,167910),F
[Fri Sep 04 02:35:38 UTC 2026][INFO] [Action] E UpdateStyle - (c,167910,2),49:0.500000:2,(r,167910,167910),F
[Fri Sep 04 02:35:42 UTC 2026][INFO] [Action] E UpdateStyle - (c,167878,2),49:0.250000:2,(r,167878,167878),F
[Fri Sep 04 02:35:46 UTC 2026][INFO] [Action] E UpdateStyle - (c,167841,2),49:0.250000:2,(r,167841,167841),F
[Fri Sep 04 02:35:46 UTC 2026][INFO] [Action] E UpdateStyle - (c,167841,2),49:0.500000:2,(r,167841,167841),F
[Fri Sep 04 02:35:51 UTC 2026][INFO] [Action] E UpdateStyle - (c,167784,2),49:0.250000:2,(r,167784,167784),F
[Fri Sep 04 02:35:55 UTC 2026][INFO] [Action] E UpdateStyle - (c,167738,2),49:0.250000:2,(r,167738,167738),F
[Fri Sep 04 02:35:55 UTC 2026][INFO] [Action] E UpdateStyle - (c,167738,2),49:0.500000:2,(r,167738,167738),F
[Fri Sep 04 02:35:59 UTC 2026][INFO] [Action] E UpdateStyle - (c,167696,2),50:1.000000:2,(r,167696,167696),F
[Fri Sep 04 02:36:01 UTC 2026][INFO] [Action] E UpdateStyle - (c,167696,2),50:0.000000:2,(r,167696,167696),F
[Fri Sep 04 02:36:03 UTC 2026][INFO] [Action] E UpdateStyle - (c,167696,2),49:0.250000:2,(r,167696,167696),F
[Fri Sep 04 02:36:18 UTC 2026][INFO] [Action] E SplitContainer - 168794
[Fri Sep 04 02:36:27 UTC 2026][INFO] [Action] E SplitContainer - 168752
[Fri Sep 04 02:36:32 UTC 2026][INFO] [Action] E SplitContainer - 168708
[Fri Sep 04 02:36:38 UTC 2026][INFO] [Action] E SplitContainer - 168603
[Fri Sep 04 02:36:49 UTC 2026][INFO] [Action] E SplitContainer - 168421
[Fri Sep 04 02:36:51 UTC 2026][INFO] [Action] E SplitContainer - 168457
[Fri Sep 04 02:37:03 UTC 2026][INFO] [Action] E SplitContainer - 168923
[Fri Sep 04 02:37:06 UTC 2026][INFO] [Action] E SplitContainer - 168953
[Fri Sep 04 02:37:10 UTC 2026][INFO] [Action] E SplitContainer - 168998
[Fri Sep 04 02:37:14 UTC 2026][INFO] [Action] E SplitContainer - 169060
[Fri Sep 04 02:37:16 UTC 2026][INFO] [Action] E InsertTextContent - (c,169069,2),[SPACE]
[Fri Sep 04 02:37:19 UTC 2026][INFO] [Action] E MergeContainer - 169070,0
[Fri Sep 04 02:37:27 UTC 2026][INFO] [Action] E SplitContainer - 169139
[Fri Sep 04 02:37:33 UTC 2026][INFO] [Action] E SplitContainer - 169226
[Fri Sep 04 02:37:36 UTC 2026][INFO] [Action] E SplitContainer - 169258
[Fri Sep 04 02:37:39 UTC 2026][INFO] [Action] E SplitContainer - 169339
[Fri Sep 04 02:37:43 UTC 2026][INFO] [Action] E SplitContainer - 169404
[Fri Sep 04 02:37:44 UTC 2026][INFO] [Action] E SplitContainer - 169410
[Fri Sep 04 02:37:52 UTC 2026][INFO] [Action] E UpdateStyle - (c,169541,2),49:0.250000:2,(r,169541,169541),F
[Fri Sep 04 02:37:53 UTC 2026][INFO] [Action] E UpdateStyle - (c,169541,2),49:0.500000:2,(r,169541,169541),F
[Fri Sep 04 02:37:59 UTC 2026][INFO] [Action] E UpdateStyle - (r,169410,169541),16:10.000000:2,(r,169410,169541),F
[Fri Sep 04 02:38:00 UTC 2026][INFO] [Action] E UpdateStyle - (r,169410,169541),11:Bookerly,serif:4,(r,169410,169541),F
[Fri Sep 04 02:38:01 UTC 2026][INFO] [Action] E UpdateStyle - (r,169410,169541),11:AmazonEmber,sans-serif:4,(r,169410,169541),F
[Fri Sep 04 02:38:07 UTC 2026][INFO] [Action] E UpdateStyle - (c,169409,2),49:0.250000:2,(r,169409,169409),F
[Fri Sep 04 02:38:14 UTC 2026][INFO] [Action] E UpdateStyle - (r,169344,169403),16:8.000000:2,(r,169344,169403),F
[Fri Sep 04 02:38:15 UTC 2026][INFO] [Action] E UpdateStyle - (r,169344,169403),11:Bookerly,serif:4,(r,169344,169403),F
[Fri Sep 04 02:38:17 UTC 2026][INFO] [Action] E UpdateStyle - (r,169344,169403),11:AmazonEmber,sans-serif:4,(r,169344,169403),F
[Fri Sep 04 02:38:22 UTC 2026][INFO] [Action] E UpdateStyle - (r,169344,169403),34:320:3,(r,169344,169403),F
[Fri Sep 04 02:38:33 UTC 2026][INFO] [Action] E UpdateStyle - (r,169410,169541),34:320:3,(r,169410,169541),F
[Fri Sep 04 02:38:37 UTC 2026][INFO] [Action] E UpdateStyle - (r,169410,169541),34:59:3,(r,169410,169541),F
[Fri Sep 04 02:38:38 UTC 2026][INFO] [Action] E UpdateStyle - (r,169410,169541),48:1.000000:2,(r,169410,169541),F
[Fri Sep 04 02:38:39 UTC 2026][INFO] [Action] E UpdateStyle - (r,169410,169541),48:2.000000:2,(r,169410,169541),F
[Fri Sep 04 02:38:39 UTC 2026][INFO] [Action] E UpdateStyle - (r,169410,169541),48:3.000000:2,(r,169410,169541),F
[Fri Sep 04 02:38:39 UTC 2026][INFO] [Action] E UpdateStyle - (r,169410,169541),48:4.000000:2,(r,169410,169541),F
[Fri Sep 04 02:38:39 UTC 2026][INFO] [Action] E UpdateStyle - (r,169410,169541),48:5.000000:2,(r,169410,169541),F
[Fri Sep 04 02:38:40 UTC 2026][INFO] [Action] E UpdateStyle - (r,169410,169541),48:6.000000:2,(r,169410,169541),F
[Fri Sep 04 02:38:40 UTC 2026][INFO] [Action] E UpdateStyle - (r,169410,169541),48:7.000000:2,(r,169410,169541),F
[Fri Sep 04 02:38:40 UTC 2026][INFO] [Action] E UpdateStyle - (r,169410,169541),48:8.000000:2,(r,169410,169541),F
[Fri Sep 04 02:38:44 UTC 2026][INFO] [Action] E UpdateStyle - (c,169396,2),34:59:3,(r,169396,169396),F
[Fri Sep 04 02:38:47 UTC 2026][INFO] [Action] E UpdateStyle - (c,169396,2),48:1.000000:2,(r,169396,169396),F
[Fri Sep 04 02:38:48 UTC 2026][INFO] [Action] E UpdateStyle - (c,169396,2),48:2.000000:2,(r,169396,169396),F
[Fri Sep 04 02:38:48 UTC 2026][INFO] [Action] E UpdateStyle - (c,169396,2),48:3.000000:2,(r,169396,169396),F
[Fri Sep 04 02:38:48 UTC 2026][INFO] [Action] E UpdateStyle - (c,169396,2),48:4.000000:2,(r,169396,169396),F
[Fri Sep 04 02:38:48 UTC 2026][INFO] [Action] E UpdateStyle - (c,169396,2),48:5.000000:2,(r,169396,169396),F
[Fri Sep 04 02:38:48 UTC 2026][INFO] [Action] E UpdateStyle - (c,169396,2),48:6.000000:2,(r,169396,169396),F
[Fri Sep 04 02:38:49 UTC 2026][INFO] [Action] E UpdateStyle - (c,169396,2),48:7.000000:2,(r,169396,169396),F
[Fri Sep 04 02:38:49 UTC 2026][INFO] [Action] E UpdateStyle - (c,169396,2),48:8.000000:2,(r,169396,169396),F
[Fri Sep 04 02:38:56 UTC 2026][INFO] [Action] E UpdateStyle - (r,169344,169403),16:10.000000:2,(r,169344,169403),F
[Fri Sep 04 02:39:03 UTC 2026][INFO] [Action] E UpdateStyle - (c,169343,2),49:0.250000:2,(r,169343,169343),F
[Fri Sep 04 02:39:07 UTC 2026][INFO] [Action] E UpdateStyle - (c,169403,2),49:0.250000:2,(r,169403,169403),F
[Fri Sep 04 02:39:07 UTC 2026][INFO] [Action] E UpdateStyle - (c,169403,2),49:0.500000:2,(r,169403,169403),F
[Fri Sep 04 02:39:18 UTC 2026][INFO] [Action] E SplitContainer - 169554
[Fri Sep 04 02:39:20 UTC 2026][INFO] [Action] E SplitContainer - 169567
[Fri Sep 04 02:39:24 UTC 2026][INFO] [Action] E SplitContainer - 169648
[Fri Sep 04 02:39:26 UTC 2026][INFO] [Action] E DeleteContent - (r,169648,169648),F
[Fri Sep 04 02:39:35 UTC 2026][INFO] [Action] E SplitContainer - 169851
[Fri Sep 04 02:39:40 UTC 2026][INFO] [Action] E SplitContainer - 169877
[Fri Sep 04 02:39:41 UTC 2026][INFO] [Action] E SplitContainer - 169916
[Fri Sep 04 02:39:45 UTC 2026][INFO] [Action] E SplitContainer - 169985
[Fri Sep 04 02:39:48 UTC 2026][INFO] [Action] E SplitContainer - 170032
[Fri Sep 04 02:39:54 UTC 2026][INFO] [Action] E SplitContainer - 170100
[Fri Sep 04 02:39:57 UTC 2026][INFO] [Action] E SplitContainer - 170129
[Fri Sep 04 02:40:03 UTC 2026][INFO] [Action] E SplitContainer - 170496
[Fri Sep 04 02:40:32 UTC 2026][INFO] [Action] E SplitContainer - 171100
[Fri Sep 04 02:40:35 UTC 2026][INFO] [Action] E SplitContainer - 171193
[Fri Sep 04 02:40:43 UTC 2026][INFO] [Action] E SplitContainer - 171541
[Fri Sep 04 02:40:45 UTC 2026][INFO] [Action] E SplitContainer - 171523
[Fri Sep 04 02:40:53 UTC 2026][INFO] [Action] E SplitContainer - 171722
[Fri Sep 04 02:41:01 UTC 2026][INFO] [Action] E SplitContainer - 171855
[Fri Sep 04 02:41:05 UTC 2026][INFO] [Action] E SplitContainer - 171983
[Fri Sep 04 02:41:07 UTC 2026][INFO] [Action] E InsertTextContent - (c,171987,2),[SPACE]
[Fri Sep 04 02:41:07 UTC 2026][INFO] [Action] E MergeContainer - 171988,0
[Fri Sep 04 02:41:12 UTC 2026][INFO] [Action] E SplitContainer - 172160
[Fri Sep 04 02:41:15 UTC 2026][INFO] [Action] E InsertTextContent - (c,172193,2),[SPACE]
[Fri Sep 04 02:41:16 UTC 2026][INFO] [Action] E MergeContainer - 172194,0
[Fri Sep 04 02:41:23 UTC 2026][INFO] [Action] E InsertTextContent - (c,172296,2),[SPACE]
[Fri Sep 04 02:41:24 UTC 2026][INFO] [Action] E MergeContainer - 172297,0
[Fri Sep 04 02:41:34 UTC 2026][INFO] [Action] E SplitContainer - 172616
[Fri Sep 04 02:41:43 UTC 2026][INFO] [Action] E SplitContainer - 172906
[Fri Sep 04 02:41:49 UTC 2026][INFO] [Action] E UpdateStyle - (r,172916,172942),16:10.000000:2,(r,172916,172942),F
[Fri Sep 04 02:41:50 UTC 2026][INFO] [Action] E UpdateStyle - (r,172916,172942),11:Bookerly,serif:4,(r,172916,172942),F
[Fri Sep 04 02:41:52 UTC 2026][INFO] [Action] E UpdateStyle - (r,172916,172942),11:AmazonEmber,sans-serif:4,(r,172916,172942),F
[Fri Sep 04 02:42:01 UTC 2026][INFO] [Action] E UpdateStyle - (r,172974,173001),16:10.000000:2,(r,172974,173001),F
[Fri Sep 04 02:42:02 UTC 2026][INFO] [Action] E UpdateStyle - (r,172974,173001),11:Bookerly,serif:4,(r,172974,173001),F
[Fri Sep 04 02:42:04 UTC 2026][INFO] [Action] E UpdateStyle - (r,172974,173001),11:AmazonEmber,sans-serif:4,(r,172974,173001),F
[Fri Sep 04 02:42:09 UTC 2026][INFO] [Action] E UpdateStyle - (c,173031,2),49:0.250000:2,(r,173031,173031),F
[Fri Sep 04 02:42:13 UTC 2026][INFO] [Action] E UpdateStyle - (c,173041,2),49:0.250000:2,(r,173041,173041),F
[Fri Sep 04 02:42:13 UTC 2026][INFO] [Action] E UpdateStyle - (c,173041,2),49:0.500000:2,(r,173041,173041),F
[Fri Sep 04 02:42:22 UTC 2026][INFO] [Action] E UpdateStyle - (r,173032,173041),16:10.000000:2,(r,173032,173041),F
[Fri Sep 04 02:42:22 UTC 2026][INFO] [Action] E UpdateStyle - (r,173032,173041),11:Bookerly,serif:4,(r,173032,173041),F
[Fri Sep 04 02:42:24 UTC 2026][INFO] [Action] E UpdateStyle - (r,173032,173041),11:AmazonEmber,sans-serif:4,(r,173032,173041),F
[Fri Sep 04 02:42:29 UTC 2026][INFO] [Action] E SplitContainer - 173081
[Fri Sep 04 02:42:42 UTC 2026][INFO] [Action] E SplitContainer - 173553
[Fri Sep 04 02:42:45 UTC 2026][INFO] [Action] E SplitContainer - 173682
[Fri Sep 04 02:42:51 UTC 2026][INFO] [Action] E SplitContainer - 173710
[Fri Sep 04 02:42:56 UTC 2026][INFO] [Action] E SplitContainer - 173905
[Fri Sep 04 02:43:00 UTC 2026][INFO] [Action] E SplitContainer - 173936
[Fri Sep 04 02:43:02 UTC 2026][INFO] [Action] E SplitContainer - 173985
[Fri Sep 04 02:43:09 UTC 2026][INFO] [Action] E SplitContainer - 174196
[Fri Sep 04 02:43:22 UTC 2026][INFO] [Action] E SplitContainer - 174342
[Fri Sep 04 02:43:25 UTC 2026][INFO] [Action] E SplitContainer - 174428
[Fri Sep 04 02:43:30 UTC 2026][INFO] [Action] E SplitContainer - 174499
[Fri Sep 04 02:43:34 UTC 2026][INFO] [Action] E InsertTextContent - (c,174528,2),[SPACE]
[Fri Sep 04 02:43:34 UTC 2026][INFO] [Action] E MergeContainer - 174529,0
[Fri Sep 04 02:43:36 UTC 2026][INFO] [Action] E SplitContainer - 174539
[Fri Sep 04 02:43:39 UTC 2026][INFO] [Action] E SplitContainer - 174621
[Fri Sep 04 02:43:45 UTC 2026][INFO] [Action] E SplitContainer - 174686
[Fri Sep 04 02:43:49 UTC 2026][INFO] [Action] E DeleteContent - (r,174686,174686),F
[Fri Sep 04 02:44:01 UTC 2026][INFO] [Action] E SplitContainer - 174802
[Fri Sep 04 02:44:06 UTC 2026][INFO] [Action] E SplitContainer - 174879
[Fri Sep 04 02:44:13 UTC 2026][INFO] [Action] E SplitContainer - 175055
[Fri Sep 04 02:44:15 UTC 2026][INFO] [Action] E SplitContainer - 175106
[Fri Sep 04 02:44:19 UTC 2026][INFO] [Action] E SplitContainer - 175208
[Fri Sep 04 02:44:24 UTC 2026][INFO] [Action] E SplitContainer - 175307
[Fri Sep 04 02:44:28 UTC 2026][INFO] [Action] U SplitContainer
[Fri Sep 04 02:44:38 UTC 2026][INFO] [Action] E SplitContainer - 175432
[Fri Sep 04 02:44:45 UTC 2026][INFO] [Action] E SplitContainer - 175510
[Fri Sep 04 02:44:49 UTC 2026][INFO] [Action] E SplitContainer - 175548
[Fri Sep 04 02:44:52 UTC 2026][INFO] [Action] E SplitContainer - 175579
[Fri Sep 04 02:44:56 UTC 2026][INFO] [Action] E SplitContainer - 175618
[Fri Sep 04 02:45:02 UTC 2026][INFO] [Action] E SplitContainer - 175736
[Fri Sep 04 02:45:06 UTC 2026][INFO] [Action] E SplitContainer - 175772
[Fri Sep 04 02:45:10 UTC 2026][INFO] [Action] U SplitContainer
[Fri Sep 04 02:45:15 UTC 2026][INFO] [Action] E SplitContainer - 175817
[Fri Sep 04 02:45:42 UTC 2026][INFO] [Action] E SplitContainer - 176583
[Fri Sep 04 02:45:48 UTC 2026][INFO] [Action] E SplitContainer - 176721
[Fri Sep 04 02:45:59 UTC 2026][INFO] [Action] E SplitContainer - 176413
[Fri Sep 04 02:46:05 UTC 2026][INFO] [Action] E AddTextContainer - (c,176864,2),0,0,0
[Fri Sep 04 02:46:07 UTC 2026][INFO] [Action] E AddTextContainer - (c,176865,1),1,0,0
[Fri Sep 04 02:46:15 UTC 2026][INFO] [Action] E UpdateStyle - (r,176889,176925),16:10.000000:2,(r,176889,176925),F
[Fri Sep 04 02:46:15 UTC 2026][INFO] [Action] E UpdateStyle - (r,176889,176925),11:Bookerly,serif:4,(r,176889,176925),F
[Fri Sep 04 02:46:17 UTC 2026][INFO] [Action] E UpdateStyle - (r,176889,176925),11:AmazonEmber,sans-serif:4,(r,176889,176925),F
[Fri Sep 04 02:46:31 UTC 2026][INFO] [Action] E UpdateStyle - (r,177115,177164),16:10.000000:2,(r,177115,177164),F
[Fri Sep 04 02:46:32 UTC 2026][INFO] [Action] E UpdateStyle - (r,177115,177164),11:Bookerly,serif:4,(r,177115,177164),F
[Fri Sep 04 02:46:34 UTC 2026][INFO] [Action] E UpdateStyle - (r,177115,177164),11:AmazonEmber,sans-serif:4,(r,177115,177164),F
[Fri Sep 04 02:46:39 UTC 2026][INFO] [Action] E UpdateStyle - (c,177164,2),49:0.250000:2,(r,177164,177164),F
[Fri Sep 04 02:46:40 UTC 2026][INFO] [Action] E UpdateStyle - (c,177164,2),49:0.500000:2,(r,177164,177164),F
[Fri Sep 04 02:46:57 UTC 2026][INFO] [Action] E SplitContainer - 177274
[Fri Sep 04 02:46:57 UTC 2026][INFO] [Action] E AddTextContainer - (c,177274,1),1,0,0
[Fri Sep 04 02:46:59 UTC 2026][INFO] [Action] U AddTextContainer
[Fri Sep 04 02:47:10 UTC 2026][INFO] [Action] E SplitContainer - 177056
[Fri Sep 04 02:47:22 UTC 2026][INFO] [Action] E SplitContainer - 177082
[Fri Sep 04 02:47:40 UTC 2026][INFO] [Action] E AddTextContainer - (c,178347,1),1,0,0
[Fri Sep 04 02:47:50 UTC 2026][INFO] [Action] E SplitContainer - 178620
[Fri Sep 04 02:48:04 UTC 2026][INFO] [Action] E InsertTextContent - (c,179133,2),[SPACE]
[Fri Sep 04 02:48:04 UTC 2026][INFO] [Action] E MergeContainer - 179134,0
[Fri Sep 04 02:48:20 UTC 2026][INFO] [Action] E SplitContainer - 179895
[Fri Sep 04 02:48:22 UTC 2026][INFO] [Action] E InsertTextContent - (c,179895,1),[T]
[Fri Sep 04 02:48:23 UTC 2026][INFO] [Action] E InsertTextContent - (c,179895,2),[h]
[Fri Sep 04 02:48:23 UTC 2026][INFO] [Action] E InsertTextContent - (c,179896,2),[e]
[Fri Sep 04 02:48:24 UTC 2026][INFO] [Action] E InsertTextContent - (c,179897,2),[n]
[Fri Sep 04 02:48:24 UTC 2026][INFO] [Action] E InsertTextContent - (c,179898,2),[SPACE]
[Fri Sep 04 02:48:24 UTC 2026][INFO] [Action] E InsertTextContent - (c,179899,2),[s]
[Fri Sep 04 02:48:25 UTC 2026][INFO] [Action] E InsertTextContent - (c,179900,2),[h]
[Fri Sep 04 02:48:25 UTC 2026][INFO] [Action] E InsertTextContent - (c,179901,2),[e]
[Fri Sep 04 02:48:26 UTC 2026][INFO] [Action] E DeleteContent - (r,179903,179903),F
[Fri Sep 04 02:48:27 UTC 2026][INFO] [Action] E DeleteContent - (r,179903,179903),F
[Fri Sep 04 02:48:27 UTC 2026][INFO] [Action] E DeleteContent - (r,179903,179903),F
[Fri Sep 04 02:48:27 UTC 2026][INFO] [Action] E DeleteContent - (r,179903,179903),F
[Fri Sep 04 02:48:28 UTC 2026][INFO] [Action] E DeleteContent - (r,179903,179903),F
[Fri Sep 04 02:48:56 UTC 2026][INFO] [Action] E UpdateStyle - (r,180085,180125),16:10.000000:2,(r,180085,180125),F
[Fri Sep 04 02:48:57 UTC 2026][INFO] [Action] E UpdateStyle - (r,180085,180125),11:Bookerly,serif:4,(r,180085,180125),F
[Fri Sep 04 02:48:59 UTC 2026][INFO] [Action] E UpdateStyle - (r,180085,180125),11:AmazonEmber,sans-serif:4,(r,180085,180125),F
[Fri Sep 04 02:49:06 UTC 2026][INFO] [Action] E SplitContainer - 180140
[Fri Sep 04 02:49:08 UTC 2026][INFO] [Action] E SplitContainer - 180154
[Fri Sep 04 02:49:10 UTC 2026][INFO] [Action] E InsertTextContent - (c,180190,2),[SPACE]
[Fri Sep 04 02:49:11 UTC 2026][INFO] [Action] E MergeContainer - 180191,0
[Fri Sep 04 02:49:15 UTC 2026][INFO] [Action] E InsertTextContent - (c,180356,2),[SPACE]
[Fri Sep 04 02:49:16 UTC 2026][INFO] [Action] E MergeContainer - 180357,0
[Fri Sep 04 02:49:19 UTC 2026][INFO] [Action] E SplitContainer - 180401
[Fri Sep 04 02:49:21 UTC 2026][INFO] [Action] E SplitContainer - 180417
[Fri Sep 04 02:49:29 UTC 2026][INFO] [Action] E SplitContainer - 180447
[Fri Sep 04 02:49:36 UTC 2026][INFO] [Action] E InsertTextContent - (c,180609,2),[SPACE]
[Fri Sep 04 02:49:37 UTC 2026][INFO] [Action] E MergeContainer - 180610,0
[Fri Sep 04 02:49:48 UTC 2026][INFO] [Action] E SplitContainer - 180673
[Fri Sep 04 02:49:50 UTC 2026][INFO] [Action] E AddTextContainer - (c,180673,1),1,0,0
[Fri Sep 04 02:49:51 UTC 2026][INFO] [Action] E MergeContainer - 180673,1
[Fri Sep 04 02:49:54 UTC 2026][INFO] [Action] E SplitContainer - 180691
[Fri Sep 04 02:49:56 UTC 2026][INFO] [Action] E InsertTextContent - (c,180708,2),[SPACE]
[Fri Sep 04 02:49:57 UTC 2026][INFO] [Action] E MergeContainer - 180709,0
[Fri Sep 04 02:50:03 UTC 2026][INFO] [Action] E SplitContainer - 180717
[Fri Sep 04 02:50:07 UTC 2026][INFO] [Action] E SplitContainer - 180785
[Fri Sep 04 02:50:20 UTC 2026][INFO] [Action] E UpdateStyle - (r,180838,180854),16:10.000000:2,(r,180838,180854),F
[Fri Sep 04 02:50:21 UTC 2026][INFO] [Action] E UpdateStyle - (r,180838,180854),11:Bookerly,serif:4,(r,180838,180854),F
[Fri Sep 04 02:50:22 UTC 2026][INFO] [Action] E UpdateStyle - (r,180838,180854),11:AmazonEmber,sans-serif:4,(r,180838,180854),F
[Fri Sep 04 02:50:28 UTC 2026][INFO] [Action] E UpdateStyle - (r,180860,180883),16:10.000000:2,(r,180860,180883),F
[Fri Sep 04 02:50:29 UTC 2026][INFO] [Action] E UpdateStyle - (r,180860,180883),11:Bookerly,serif:4,(r,180860,180883),F
[Fri Sep 04 02:50:30 UTC 2026][INFO] [Action] E UpdateStyle - (r,180860,180883),11:AmazonEmber,sans-serif:4,(r,180860,180883),F
[Fri Sep 04 02:50:38 UTC 2026][INFO] [Action] E UpdateStyle - (c,180883,2),49:0.500000:2,(r,180883,180883),F
[Fri Sep 04 02:50:46 UTC 2026][INFO] [Action] E UpdateStyle - (r,180942,180951),16:10.000000:2,(r,180942,180951),F
[Fri Sep 04 02:50:47 UTC 2026][INFO] [Action] E UpdateStyle - (r,180942,180951),11:Bookerly,serif:4,(r,180942,180951),F
[Fri Sep 04 02:50:49 UTC 2026][INFO] [Action] E UpdateStyle - (r,180942,180951),11:AmazonEmber,sans-serif:4,(r,180942,180951),F
[Fri Sep 04 02:50:55 UTC 2026][INFO] [Action] E UpdateStyle - (r,181284,181309),16:10.000000:2,(r,181284,181309),F
[Fri Sep 04 02:50:56 UTC 2026][INFO] [Action] E UpdateStyle - (r,181284,181309),11:Bookerly,serif:4,(r,181284,181309),F
[Fri Sep 04 02:50:57 UTC 2026][INFO] [Action] E UpdateStyle - (r,181284,181309),11:AmazonEmber,sans-serif:4,(r,181284,181309),F
[Fri Sep 04 02:51:04 UTC 2026][INFO] [Action] E InsertTextContent - (c,181501,2),[SPACE]
[Fri Sep 04 02:51:05 UTC 2026][INFO] [Action] E InsertTextContent - (c,181502,2),[SPACE]
[Fri Sep 04 02:51:05 UTC 2026][INFO] [Action] E MergeContainer - 181503,0
[Fri Sep 04 02:51:07 UTC 2026][INFO] [Action] E DeleteContent - (c,181503,2),B
[Fri Sep 04 02:51:10 UTC 2026][INFO] [Action] E SplitContainer - 181510
[Fri Sep 04 02:51:18 UTC 2026][INFO] [Action] E SplitContainer - 181834
[Fri Sep 04 02:51:24 UTC 2026][INFO] [Action] E SplitContainer - 181886
[Fri Sep 04 02:51:30 UTC 2026][INFO] [Action] E SplitContainer - 181964
[Fri Sep 04 02:51:31 UTC 2026][INFO] [Action] E SplitContainer - 181988
[Fri Sep 04 02:51:43 UTC 2026][INFO] [Action] E InsertTextContent - (c,182132,2),[SPACE]
[Fri Sep 04 02:51:44 UTC 2026][INFO] [Action] E MergeContainer - 182133,0
[Fri Sep 04 02:51:45 UTC 2026][INFO] [Action] E InsertTextContent - (c,182133,2),[SPACE]
[Fri Sep 04 02:51:47 UTC 2026][INFO] [Action] E DeleteContent - (c,182134,2),B
[Fri Sep 04 02:51:49 UTC 2026][INFO] [Action] E DeleteContent - (c,182134,1),B
[Fri Sep 04 02:51:50 UTC 2026][INFO] [Action] E InsertTextContent - (c,182133,1),[SPACE]
[Fri Sep 04 02:51:53 UTC 2026][INFO] [Action] E InsertTextContent - (c,182194,2),[SPACE]
[Fri Sep 04 02:51:54 UTC 2026][INFO] [Action] E MergeContainer - 182195,0
[Fri Sep 04 02:51:56 UTC 2026][INFO] [Action] E InsertTextContent - (c,182245,2),[SPACE]
[Fri Sep 04 02:51:56 UTC 2026][INFO] [Action] E MergeContainer - 182246,0
[Fri Sep 04 02:52:31 UTC 2026][INFO] [Action] E SplitContainer - 182752
[Fri Sep 04 02:52:39 UTC 2026][INFO] [Action] E SplitContainer - 182817
[Fri Sep 04 02:52:45 UTC 2026][INFO] [Action] E SplitContainer - 182978
[Fri Sep 04 02:52:51 UTC 2026][INFO] [Action] E SplitContainer - 183140
[Fri Sep 04 02:52:56 UTC 2026][INFO] [Action] E SplitContainer - 183218
[Fri Sep 04 02:52:59 UTC 2026][INFO] [Action] E SplitContainer - 183242
[Fri Sep 04 02:53:03 UTC 2026][INFO] [Action] E InsertTextContent - (c,183298,2),[SPACE]
[Fri Sep 04 02:53:04 UTC 2026][INFO] [Action] E MergeContainer - 183299,0
[Fri Sep 04 02:53:30 UTC 2026][INFO] [Action] E InsertTextContent - (c,183426,1),[H]
[Fri Sep 04 02:53:30 UTC 2026][INFO] [Action] E InsertTextContent - (c,183426,2),[T]
[Fri Sep 04 02:53:30 UTC 2026][INFO] [Action] E InsertTextContent - (c,183427,2),[T]
[Fri Sep 04 02:53:31 UTC 2026][INFO] [Action] E InsertTextContent - (c,183428,2),[P]
[Fri Sep 04 02:53:31 UTC 2026][INFO] [Action] E InsertTextContent - (c,183429,2),[:]
[Fri Sep 04 02:53:31 UTC 2026][INFO] [Action] E InsertTextContent - (c,183430,2),[/]
[Fri Sep 04 02:53:31 UTC 2026][INFO] [Action] E InsertTextContent - (c,183431,2),[/]
[Fri Sep 04 02:53:32 UTC 2026][INFO] [Action] E InsertTextContent - (c,183432,2),[G]
[Fri Sep 04 02:53:32 UTC 2026][INFO] [Action] E InsertTextContent - (c,183433,2),[P]
[Fri Sep 04 02:53:32 UTC 2026][INFO] [Action] E InsertTextContent - (c,183434,2),[T]
[Fri Sep 04 02:53:32 UTC 2026][INFO] [Action] E InsertTextContent - (c,183435,2),[.]
[Fri Sep 04 02:53:32 UTC 2026][INFO] [Action] E InsertTextContent - (c,183436,2),[A]
[Fri Sep 04 02:53:32 UTC 2026][INFO] [Action] E InsertTextContent - (c,183437,2),[I]
[Fri Sep 04 02:53:34 UTC 2026][INFO] [Action] E InsertTextContent - (c,183438,2),[U]
[Fri Sep 04 02:53:34 UTC 2026][INFO] [Action] E InsertTextContent - (c,183439,2),[L]
[Fri Sep 04 02:53:36 UTC 2026][INFO] [Action] E InsertTextContent - (c,183440,2),[T]
[Fri Sep 04 02:53:36 UTC 2026][INFO] [Action] E InsertTextContent - (c,183441,2),[R]
[Fri Sep 04 02:53:36 UTC 2026][INFO] [Action] E InsertTextContent - (c,183442,2),[O]
[Fri Sep 04 02:53:37 UTC 2026][INFO] [Action] E InsertTextContent - (c,183443,2),[N]
[Fri Sep 04 02:53:37 UTC 2026][INFO] [Action] E InsertTextContent - (c,183444,2),[X]
[Fri Sep 04 02:53:37 UTC 2026][INFO] [Action] E InsertTextContent - (c,183445,2),[.]
[Fri Sep 04 02:53:37 UTC 2026][INFO] [Action] E InsertTextContent - (c,183446,2),[C]
[Fri Sep 04 02:53:38 UTC 2026][INFO] [Action] E InsertTextContent - (c,183447,2),[O]
[Fri Sep 04 02:53:38 UTC 2026][INFO] [Action] E InsertTextContent - (c,183448,2),[M]
[Fri Sep 04 02:53:38 UTC 2026][INFO] [Action] E SplitContainer - 183450
[Fri Sep 04 02:53:38 UTC 2026][INFO] [Action] E AddTextContainer - (c,183450,1),1,0,0
[Fri Sep 04 02:55:04 UTC 2026][INFO] [Action] U AddTextContainer
[Fri Sep 04 02:55:05 UTC 2026][INFO] [Action] U SplitContainer
[Fri Sep 04 02:55:07 UTC 2026][INFO] [Action] U InsertTextContent
[Fri Sep 04 02:55:07 UTC 2026][INFO] [Action] U InsertTextContent
[Fri Sep 04 02:55:07 UTC 2026][INFO] [Action] U InsertTextContent
[Fri Sep 04 02:55:07 UTC 2026][INFO] [Action] U InsertTextContent
[Fri Sep 04 02:55:07 UTC 2026][INFO] [Action] U InsertTextContent
[Fri Sep 04 02:55:07 UTC 2026][INFO] [Action] U InsertTextContent
[Fri Sep 04 02:55:07 UTC 2026][INFO] [Action] U InsertTextContent
[Fri Sep 04 02:55:07 UTC 2026][INFO] [Action] U InsertTextContent
[Fri Sep 04 02:55:07 UTC 2026][INFO] [Action] U InsertTextContent
[Fri Sep 04 02:55:08 UTC 2026][INFO] [Action] U InsertTextContent
[Fri Sep 04 02:55:08 UTC 2026][INFO] [Action] U InsertTextContent
[Fri Sep 04 02:55:08 UTC 2026][INFO] [Action] U InsertTextContent
[Fri Sep 04 02:55:08 UTC 2026][INFO] [Action] U InsertTextContent
[Fri Sep 04 02:55:08 UTC 2026][INFO] [Action] U InsertTextContent
[Fri Sep 04 02:55:08 UTC 2026][INFO] [Action] U InsertTextContent
[Fri Sep 04 02:55:08 UTC 2026][INFO] [Action] U InsertTextContent
[Fri Sep 04 02:55:08 UTC 2026][INFO] [Action] U InsertTextContent
[Fri Sep 04 02:55:08 UTC 2026][INFO] [Action] U InsertTextContent
[Fri Sep 04 02:55:08 UTC 2026][INFO] [Action] U InsertTextContent
[Fri Sep 04 02:55:08 UTC 2026][INFO] [Action] U InsertTextContent
[Fri Sep 04 02:55:08 UTC 2026][INFO] [Action] U InsertTextContent
[Fri Sep 04 02:55:08 UTC 2026][INFO] [Action] U InsertTextContent
[Fri Sep 04 02:55:08 UTC 2026][INFO] [Action] U InsertTextContent
[Fri Sep 04 02:55:08 UTC 2026][INFO] [Action] U InsertTextContent
[Fri Sep 04 02:55:17 UTC 2026][INFO] [Action] E DeleteContent - (r,185500,185500),F
[Fri Sep 04 02:55:22 UTC 2026][INFO] [Action] U DeleteContent
[Fri Sep 04 02:55:51 UTC 2026][INFO] [Action] E SplitContainer - 186044
[Fri Sep 04 02:55:58 UTC 2026][INFO] [Action] E SplitContainer - 186117
[Fri Sep 04 02:56:01 UTC 2026][INFO] [Action] E SplitContainer - 186137
[Fri Sep 04 02:56:18 UTC 2026][INFO] [Action] E SplitContainer - 186392
[Fri Sep 04 02:56:27 UTC 2026][INFO] [Action] E SplitContainer - 186485
[Fri Sep 04 02:56:30 UTC 2026][INFO] [Action] E InsertTextContent - (c,186505,2),[SPACE]
[Fri Sep 04 02:56:31 UTC 2026][INFO] [Action] E MergeContainer - 186506,0
[Fri Sep 04 02:56:35 UTC 2026][INFO] [Action] E SplitContainer - 186534
[Fri Sep 04 02:56:43 UTC 2026][INFO] [Action] E SplitContainer - 186620
[Fri Sep 04 02:56:57 UTC 2026][INFO] [Action] E SplitContainer - 187059
[Fri Sep 04 02:56:59 UTC 2026][INFO] [Action] E InsertTextContent - (c,187085,2),[SPACE]
[Fri Sep 04 02:56:59 UTC 2026][INFO] [Action] E MergeContainer - 187086,0
[Fri Sep 04 02:57:02 UTC 2026][INFO] [Action] E SplitContainer - 187094
[Fri Sep 04 02:57:09 UTC 2026][INFO] [Action] E InsertTextContent - (c,187168,2),[SPACE]
[Fri Sep 04 02:57:10 UTC 2026][INFO] [Action] E MergeContainer - 187169,0
[Fri Sep 04 02:57:20 UTC 2026][INFO] [Action] E SplitContainer - 187454
[Fri Sep 04 02:57:22 UTC 2026][INFO] [Action] E SplitContainer - 187475
[Fri Sep 04 02:57:24 UTC 2026][INFO] [Action] E SplitContainer - 187527
[Fri Sep 04 02:57:35 UTC 2026][INFO] [Action] E SplitContainer - 188264
[Fri Sep 04 02:57:49 UTC 2026][INFO] [Action] E SplitContainer - 188369
[Fri Sep 04 02:57:51 UTC 2026][INFO] [Action] E SplitContainer - 188418
[Fri Sep 04 02:57:56 UTC 2026][INFO] [Action] E SplitContainer - 188596
[Fri Sep 04 02:58:03 UTC 2026][INFO] [Action] E SplitContainer - 188626
[Fri Sep 04 02:58:07 UTC 2026][INFO] [Action] E SplitContainer - 188683
[Fri Sep 04 02:58:16 UTC 2026][INFO] [Action] E UpdateStyle - (r,188629,188682),48:1.000000:2,(r,188629,188682),F
[Fri Sep 04 02:58:17 UTC 2026][INFO] [Action] E UpdateStyle - (r,188629,188682),48:2.000000:2,(r,188629,188682),F
[Fri Sep 04 02:58:18 UTC 2026][INFO] [Action] E UpdateStyle - (r,188629,188682),48:3.000000:2,(r,188629,188682),F
[Fri Sep 04 02:58:18 UTC 2026][INFO] [Action] E UpdateStyle - (r,188629,188682),48:4.000000:2,(r,188629,188682),F
[Fri Sep 04 02:58:30 UTC 2026][INFO] [Action] E SplitContainer - 189042
[Fri Sep 04 02:58:34 UTC 2026][INFO] [Action] E SplitContainer - 189123
[Fri Sep 04 02:58:40 UTC 2026][INFO] [Action] E SplitContainer - 189173
[Fri Sep 04 02:58:47 UTC 2026][INFO] [Action] E SplitContainer - 189200
[Fri Sep 04 02:58:52 UTC 2026][INFO] [Action] E InsertTextContent - (c,189307,2),[SPACE]
[Fri Sep 04 02:58:53 UTC 2026][INFO] [Action] E MergeContainer - 189308,0
[Fri Sep 04 02:59:01 UTC 2026][INFO] [Action] E InsertTextContent - (c,189606,2),[SPACE]
[Fri Sep 04 02:59:02 UTC 2026][INFO] [Action] E MergeContainer - 189607,0
[Fri Sep 04 02:59:15 UTC 2026][INFO] [Action] E SplitContainer - 190013
[Fri Sep 04 02:59:23 UTC 2026][INFO] [Action] E SplitContainer - 190131
[Fri Sep 04 02:59:25 UTC 2026][INFO] [Action] E InsertTextContent - (c,190117,2),[SPACE]
[Fri Sep 04 02:59:25 UTC 2026][INFO] [Action] E MergeContainer - 190118,0
[Fri Sep 04 02:59:41 UTC 2026][INFO] [Action] E SplitContainer - 190360
[Fri Sep 04 02:59:43 UTC 2026][INFO] [Action] E InsertTextContent - (c,190385,2),[SPACE]
[Fri Sep 04 02:59:44 UTC 2026][INFO] [Action] E MergeContainer - 190386,0
[Fri Sep 04 02:59:48 UTC 2026][INFO] [Action] E SplitContainer - 190401
[Fri Sep 04 02:59:54 UTC 2026][INFO] [Action] E SplitContainer - 190455
[Fri Sep 04 02:59:57 UTC 2026][INFO] [Action] E SplitContainer - 190492
[Fri Sep 04 03:00:02 UTC 2026][INFO] [Action] E SplitContainer - 190532
[Fri Sep 04 03:00:10 UTC 2026][INFO] [Action] E SplitContainer - 190646
[Fri Sep 04 03:00:13 UTC 2026][INFO] [Action] E SplitContainer - 190667
[Fri Sep 04 03:00:15 UTC 2026][INFO] [Action] E SplitContainer - 190727
[Fri Sep 04 03:00:17 UTC 2026][INFO] [Action] E SplitContainer - 190754
[Fri Sep 04 03:00:23 UTC 2026][INFO] [Action] E SplitContainer - 190922
[Fri Sep 04 03:00:35 UTC 2026][INFO] [Action] E SplitContainer - 191057
[Fri Sep 04 03:00:42 UTC 2026][INFO] [Action] E SplitContainer - 191126
[Fri Sep 04 03:00:50 UTC 2026][INFO] [Action] E SplitContainer - 191225
[Fri Sep 04 03:00:51 UTC 2026][INFO] [Action] E AddTextContainer - (c,191225,1),1,0,0
[Fri Sep 04 03:00:51 UTC 2026][INFO] [Action] E AddTextContainer - (c,191226,1),1,0,0
[Fri Sep 04 03:00:59 UTC 2026][INFO] [Action] E UpdateStyle - (r,191255,191312),16:10.000000:2,(r,191255,191312),F
[Fri Sep 04 03:01:04 UTC 2026][INFO] [Action] E UpdateStyle - (r,191255,191312),11:Bookerly,serif:4,(r,191255,191312),F
[Fri Sep 04 03:01:06 UTC 2026][INFO] [Action] E UpdateStyle - (r,191255,191312),11:AmazonEmber,sans-serif:4,(r,191255,191312),F
[Fri Sep 04 03:01:10 UTC 2026][INFO] [Action] E DeleteContent - (c,191312,2),B
[Fri Sep 04 03:01:12 UTC 2026][INFO] [Action] E UpdateStyle - (c,191311,2),34:320:3,(r,191311,191311),F
[Fri Sep 04 03:01:23 UTC 2026][INFO] [Action] E SplitContainer - 191983
[Fri Sep 04 03:01:31 UTC 2026][INFO] [Action] E SplitContainer - 192045
[Fri Sep 04 03:01:33 UTC 2026][INFO] [Action] E SplitContainer - 192091
[Fri Sep 04 03:01:40 UTC 2026][INFO] [Action] E SplitContainer - 192148
[Fri Sep 04 03:01:43 UTC 2026][INFO] [Action] E InsertTextContent - (c,192181,2),[SPACE]
[Fri Sep 04 03:01:44 UTC 2026][INFO] [Action] E MergeContainer - 192182,0
[Fri Sep 04 03:01:48 UTC 2026][INFO] [Action] E SplitContainer - 192223
[Fri Sep 04 03:02:12 UTC 2026][INFO] [Action] E SplitContainer - 192759
[Fri Sep 04 03:02:22 UTC 2026][INFO] [Action] E SplitContainer - 193153
[Fri Sep 04 03:02:25 UTC 2026][INFO] [Action] E SplitContainer - 193197
[Fri Sep 04 03:02:30 UTC 2026][INFO] [Action] E SplitContainer - 193295
[Fri Sep 04 03:02:37 UTC 2026][INFO] [Action] E SplitContainer - 193695
[Fri Sep 04 03:02:41 UTC 2026][INFO] [Action] E InsertTextContent - (c,193828,2),[SPACE]
[Fri Sep 04 03:02:42 UTC 2026][INFO] [Action] E MergeContainer - 193829,0
[Fri Sep 04 03:02:52 UTC 2026][INFO] [Action] E SaveBook - Save
[Fri Sep 04 03:09:32 UTC 2026][INFO] [Action] E SplitContainer - 194840
[Fri Sep 04 03:09:41 UTC 2026][INFO] [Action] E SplitContainer - 194747
[Fri Sep 04 03:09:44 UTC 2026][INFO] [Action] E DeleteContent - (r,194747,194747),F
[Fri Sep 04 03:09:51 UTC 2026][INFO] [Action] E SplitContainer - 194715
[Fri Sep 04 03:10:04 UTC 2026][INFO] [Action] E SplitContainer - 195090
[Fri Sep 04 03:10:16 UTC 2026][INFO] [Action] E SplitContainer - 195390
[Fri Sep 04 03:10:27 UTC 2026][INFO] [Action] E SplitContainer - 195539
[Fri Sep 04 03:10:35 UTC 2026][INFO] [Action] U SplitContainer
[Fri Sep 04 03:10:36 UTC 2026][INFO] [Action] U SplitContainer
[Fri Sep 04 03:10:37 UTC 2026][INFO] [Action] U SplitContainer
[Fri Sep 04 03:10:39 UTC 2026][INFO] [Action] R SplitContainer
[Fri Sep 04 03:10:40 UTC 2026][INFO] [Action] R SplitContainer
[Fri Sep 04 03:10:41 UTC 2026][INFO] [Action] R SplitContainer
[Fri Sep 04 03:10:50 UTC 2026][INFO] [Action] E Copy - (r,195539,195564)
[Fri Sep 04 03:12:00 UTC 2026][INFO] [Action] E SplitContainer - 195913
[Fri Sep 04 03:12:31 UTC 2026][INFO] [Action] E SplitContainer - 195173
[Fri Sep 04 03:13:07 UTC 2026][INFO] [Action] E UpdateStyle - (r,198422,198422),48:1.000000:2,(r,198422,198422),F
[Fri Sep 04 03:13:08 UTC 2026][INFO] [Action] E UpdateStyle - (r,198422,198422),48:2.000000:2,(r,198422,198422),F
[Fri Sep 04 03:13:08 UTC 2026][INFO] [Action] E UpdateStyle - (r,198422,198422),48:3.000000:2,(r,198422,198422),F
[Fri Sep 04 03:13:13 UTC 2026][INFO] [Action] E UpdateStyle - (r,198422,198422),48:4.000000:2,(r,198422,198422),F
[Fri Sep 04 03:13:13 UTC 2026][INFO] [Action] E UpdateStyle - (r,198422,198422),48:5.000000:2,(r,198422,198422),F
[Fri Sep 04 03:13:13 UTC 2026][INFO] [Action] E UpdateStyle - (r,198422,198422),48:6.000000:2,(r,198422,198422),F
[Fri Sep 04 03:13:37 UTC 2026][INFO] [Action] E UpdateStyle - (r,198848,198865),16:10.000000:2,(r,198848,198865),F
[Fri Sep 04 03:13:38 UTC 2026][INFO] [Action] E UpdateStyle - (r,198848,198865),11:Bookerly,serif:4,(r,198848,198865),F
[Fri Sep 04 03:13:41 UTC 2026][INFO] [Action] E UpdateStyle - (r,198848,198865),11:AmazonEmber,sans-serif:4,(r,198848,198865),F
[Fri Sep 04 03:13:52 UTC 2026][INFO] [Action] E SplitContainer - 199118
[Fri Sep 04 03:13:57 UTC 2026][INFO] [Action] E SaveBook - Save
[Fri Sep 04 03:14:07 UTC 2026][INFO] [Action] E SaveBook - SaveforExport
[Fri Sep 04 03:24:40 UTC 2026][INFO] [Action] EE ExportAction
[Fri Sep 04 03:24:42 UTC 2026][INFO] [Action] E SaveBook - Save
[Fri Sep 04 03:25:06 UTC 2026][INFO] Logger Terminated
[Fri Sep 04 03:49:26 UTC 2026][INFO] [Action] EE OpenBook - REV2_The_Murder_That_Hadnt_Happened_Yet_DIALOGUE_KC.kcb
[Fri Sep 04 03:50:19 UTC 2026][INFO] [Action] E InsertTextContent - (c,215277,2),[SPACE]
[Fri Sep 04 03:50:20 UTC 2026][INFO] [Action] E MergeContainer - 215278,0
[Fri Sep 04 03:50:24 UTC 2026][INFO] [Action] E InsertTextContent - (c,215490,2),[SPACE]
[Fri Sep 04 03:50:25 UTC 2026][INFO] [Action] E MergeContainer - 215491,0
[Fri Sep 04 03:50:40 UTC 2026][INFO] [Action] E SplitContainer - 213329
[Fri Sep 04 03:50:52 UTC 2026][INFO] [Action] E DeleteContent - (r,215418,215469),F
[Fri Sep 04 03:50:56 UTC 2026][INFO] [Action] U DeleteContent
[Fri Sep 04 03:50:59 UTC 2026][INFO] [Action] E MergeContainer - 215469,0
[Fri Sep 04 03:51:02 UTC 2026][INFO] [Action] E SplitContainer - 215470
[Fri Sep 04 03:51:06 UTC 2026][INFO] [Action] E MergeContainer - 215512,0
[Fri Sep 04 03:51:07 UTC 2026][INFO] [Action] E SplitContainer - 215513
[Fri Sep 04 03:51:10 UTC 2026][INFO] [Action] E MergeContainer - 215570,0
[Fri Sep 04 03:51:12 UTC 2026][INFO] [Action] E SplitContainer - 215571
[Fri Sep 04 03:51:19 UTC 2026][INFO] [Action] E MergeContainer - 215577,0
[Fri Sep 04 03:51:20 UTC 2026][INFO] [Action] E SplitContainer - 215578
[Fri Sep 04 03:51:31 UTC 2026][INFO] [Action] E InsertTextContent - (c,215956,2),[SPACE]
[Fri Sep 04 03:51:33 UTC 2026][INFO] [Action] E MergeContainer - 215957,0
[Fri Sep 04 03:51:51 UTC 2026][INFO] [Action] E UpdateStyle - (c,216128,2),49:0.250000:2,(r,216128,216128),F
[Fri Sep 04 03:51:56 UTC 2026][INFO] [Action] E UpdateStyle - (c,216189,2),49:0.250000:2,(r,216189,216189),F
[Fri Sep 04 03:51:57 UTC 2026][INFO] [Action] E UpdateStyle - (c,216189,2),49:0.500000:2,(r,216189,216189),F
[Fri Sep 04 03:52:04 UTC 2026][INFO] [Action] E UpdateStyle - (r,216129,216189),16:10.000000:2,(r,216129,216189),F
[Fri Sep 04 03:52:05 UTC 2026][INFO] [Action] E UpdateStyle - (r,216129,216189),11:Bookerly,serif:4,(r,216129,216189),F
[Fri Sep 04 03:52:07 UTC 2026][INFO] [Action] E UpdateStyle - (r,216129,216189),11:AmazonEmber,sans-serif:4,(r,216129,216189),F
[Fri Sep 04 03:53:41 UTC 2026][INFO] [Action] E SplitContainer - 219259
[Fri Sep 04 03:53:58 UTC 2026][INFO] [Action] E DeleteContent - (c,220003,2),B
[Fri Sep 04 03:54:03 UTC 2026][INFO] [Action] E UpdateStyle - (r,219970,220002),11:Bookerly,serif:4,(r,219970,220002),F
[Fri Sep 04 03:54:05 UTC 2026][INFO] [Action] E UpdateStyle - (r,219970,220002),11:AmazonEmber,sans-serif:4,(r,219970,220002),F
[Fri Sep 04 03:54:10 UTC 2026][INFO] [Action] E UpdateStyle - (c,220002,2),49:0.250000:2,(r,220002,220002),F
[Fri Sep 04 03:54:14 UTC 2026][INFO] [Action] E UpdateStyle - (r,219981,219990),49:0.500000:2,(r,219981,219990),F
[Fri Sep 04 03:54:17 UTC 2026][INFO] [Action] E UpdateStyle - (r,219981,219990),49:0.250000:2,(r,219981,219990),F
[Fri Sep 04 03:54:20 UTC 2026][INFO] [Action] E UpdateStyle - (c,219969,2),49:0.250000:2,(r,219969,219969),F
[Fri Sep 04 03:54:29 UTC 2026][INFO] [Action] E UpdateStyle - (r,219970,220002),16:10.000000:2,(r,219970,220002),F
[Fri Sep 04 03:54:35 UTC 2026][INFO] [Action] E SplitContainer - 220105
[Fri Sep 04 03:54:44 UTC 2026][INFO] [Action] E SplitContainer - 220151
[Fri Sep 04 03:54:50 UTC 2026][INFO] [Action] E SplitContainer - 220189
[Fri Sep 04 03:55:06 UTC 2026][INFO] [Action] E SplitContainer - 220499
[Fri Sep 04 03:55:15 UTC 2026][INFO] [Action] E SplitContainer - 220889
[Fri Sep 04 03:55:18 UTC 2026][INFO] [Action] E SplitContainer - 220919
[Fri Sep 04 03:55:20 UTC 2026][INFO] [Action] E SplitContainer - 220959
[Fri Sep 04 03:55:23 UTC 2026][INFO] [Action] E SplitContainer - 220978
[Fri Sep 04 03:55:29 UTC 2026][INFO] [Action] E SplitContainer - 221045
[Fri Sep 04 03:55:35 UTC 2026][INFO] [Action] E SplitContainer - 221072
[Fri Sep 04 03:55:37 UTC 2026][INFO] [Action] E SplitContainer - 221101
[Fri Sep 04 03:55:46 UTC 2026][INFO] [Action] E SplitContainer - 221339
[Fri Sep 04 03:55:54 UTC 2026][INFO] [Action] E SplitContainer - 221453
[Fri Sep 04 03:56:02 UTC 2026][INFO] [Action] E SplitContainer - 221617
[Fri Sep 04 03:56:07 UTC 2026][INFO] [Action] E SplitContainer - 221526
[Fri Sep 04 03:56:14 UTC 2026][INFO] [Action] E SplitContainer - 221643
[Fri Sep 04 03:56:21 UTC 2026][INFO] [Action] E SplitContainer - 221802
[Fri Sep 04 03:56:39 UTC 2026][INFO] [Action] E SplitContainer - 221973
[Fri Sep 04 03:56:49 UTC 2026][INFO] [Action] E SplitContainer - 222116
[Fri Sep 04 03:56:53 UTC 2026][INFO] [Action] E SplitContainer - 222044
[Fri Sep 04 03:56:56 UTC 2026][INFO] [Action] E SplitContainer - 222020
[Fri Sep 04 03:57:05 UTC 2026][INFO] [Action] E SplitContainer - 222452
[Fri Sep 04 03:57:06 UTC 2026][INFO] [Action] E SplitContainer - 222465
[Fri Sep 04 03:57:17 UTC 2026][INFO] [Action] E SplitContainer - 222712
[Fri Sep 04 03:57:30 UTC 2026][INFO] [Action] E SplitContainer - 222946
[Fri Sep 04 03:57:39 UTC 2026][INFO] [Action] E SplitContainer - 223063
[Fri Sep 04 03:57:42 UTC 2026][INFO] [Action] E SplitContainer - 223076
[Fri Sep 04 03:57:44 UTC 2026][INFO] [Action] E SplitContainer - 223115
[Fri Sep 04 03:57:54 UTC 2026][INFO] [Action] E SplitContainer - 223273
[Fri Sep 04 03:57:56 UTC 2026][INFO] [Action] E SplitContainer - 223202
[Fri Sep 04 03:57:59 UTC 2026][INFO] [Action] E SplitContainer - 223307
[Fri Sep 04 03:58:01 UTC 2026][INFO] [Action] E SplitContainer - 223349
[Fri Sep 04 03:58:03 UTC 2026][INFO] [Action] E SplitContainer - 223373
[Fri Sep 04 03:58:15 UTC 2026][INFO] [Action] E SplitContainer - 223758
[Fri Sep 04 03:58:17 UTC 2026][INFO] [Action] E InsertTextContent - (c,223762,2),[SPACE]
[Fri Sep 04 03:58:17 UTC 2026][INFO] [Action] E MergeContainer - 223763,0
[Fri Sep 04 03:58:21 UTC 2026][INFO] [Action] E InsertTextContent - (c,223843,2),[SPACE]
[Fri Sep 04 03:58:23 UTC 2026][INFO] [Action] E MergeContainer - 223844,0
[Fri Sep 04 03:58:26 UTC 2026][INFO] [Action] E SplitContainer - 223857
[Fri Sep 04 03:58:30 UTC 2026][INFO] [Action] E SplitContainer - 223881
[Fri Sep 04 03:58:39 UTC 2026][INFO] [Action] E SplitContainer - 224023
[Fri Sep 04 03:58:46 UTC 2026][INFO] [Action] E SplitContainer - 224113
[Fri Sep 04 03:58:55 UTC 2026][INFO] [Action] E SplitContainer - 224313
[Fri Sep 04 03:59:00 UTC 2026][INFO] [Action] E SplitContainer - 224390
[Fri Sep 04 03:59:02 UTC 2026][INFO] [Action] E SplitContainer - 224434
[Fri Sep 04 03:59:05 UTC 2026][INFO] [Action] E SplitContainer - 224464
[Fri Sep 04 03:59:08 UTC 2026][INFO] [Action] E SplitContainer - 224534
[Fri Sep 04 03:59:15 UTC 2026][INFO] [Action] E SplitContainer - 224715
[Fri Sep 04 03:59:18 UTC 2026][INFO] [Action] E SplitContainer - 224789
[Fri Sep 04 03:59:24 UTC 2026][INFO] [Action] E SplitContainer - 224944
[Fri Sep 04 03:59:30 UTC 2026][INFO] [Action] E SplitContainer - 225152
[Fri Sep 04 03:59:33 UTC 2026][INFO] [Action] E SplitContainer - 225242
[Fri Sep 04 03:59:36 UTC 2026][INFO] [Action] E SplitContainer - 225290
[Fri Sep 04 03:59:41 UTC 2026][INFO] [Action] E InsertTextContent - (c,225403,2),[SPACE]
[Fri Sep 04 03:59:42 UTC 2026][INFO] [Action] E MergeContainer - 225404,0
[Fri Sep 04 03:59:49 UTC 2026][INFO] [Action] E SplitContainer - 225448
[Fri Sep 04 04:00:00 UTC 2026][INFO] [Action] E SplitContainer - 225664
[Fri Sep 04 04:00:02 UTC 2026][INFO] [Action] E SplitContainer - 225694
[Fri Sep 04 04:00:16 UTC 2026][INFO] [Action] E SplitContainer - 225805
[Fri Sep 04 04:00:18 UTC 2026][INFO] [Action] E DeleteContent - (r,225805,225805),F
[Fri Sep 04 04:00:22 UTC 2026][INFO] [Action] E SplitContainer - 225907
[Fri Sep 04 04:00:28 UTC 2026][INFO] [Action] E SplitContainer - 225990
[Fri Sep 04 04:00:33 UTC 2026][INFO] [Action] E SplitContainer - 226328
[Fri Sep 04 04:00:36 UTC 2026][INFO] [Action] E SplitContainer - 226385
[Fri Sep 04 04:00:41 UTC 2026][INFO] [Action] E SplitContainer - 226475
[Fri Sep 04 04:00:45 UTC 2026][INFO] [Action] E SplitContainer - 226540
[Fri Sep 04 04:00:54 UTC 2026][INFO] [Action] E SplitContainer - 226594
[Fri Sep 04 04:00:58 UTC 2026][INFO] [Action] E SplitContainer - 226641
[Fri Sep 04 04:01:01 UTC 2026][INFO] [Action] E SplitContainer - 226695
[Fri Sep 04 04:01:06 UTC 2026][INFO] [Action] E InsertTextContent - (c,226738,2),[SPACE]
[Fri Sep 04 04:01:08 UTC 2026][INFO] [Action] E MergeContainer - 226739,0
[Fri Sep 04 04:01:11 UTC 2026][INFO] [Action] E SplitContainer - 226791
[Fri Sep 04 04:01:20 UTC 2026][INFO] [Action] E SplitContainer - 226859
[Fri Sep 04 04:01:29 UTC 2026][INFO] [Action] E SplitContainer - 226709
[Fri Sep 04 04:01:39 UTC 2026][INFO] [Action] E UpdateStyle - (r,226942,226955),16:10.000000:2,(r,226942,226955),F
[Fri Sep 04 04:01:42 UTC 2026][INFO] [Action] E UpdateStyle - (r,226942,226955),11:Bookerly,serif:4,(r,226942,226955),F
[Fri Sep 04 04:01:44 UTC 2026][INFO] [Action] E UpdateStyle - (r,226942,226955),11:AmazonEmber,sans-serif:4,(r,226942,226955),F
[Fri Sep 04 04:01:51 UTC 2026][INFO] [Action] E UpdateStyle - (r,226997,227018),16:10.000000:2,(r,226997,227018),F
[Fri Sep 04 04:01:53 UTC 2026][INFO] [Action] E UpdateStyle - (r,226997,227018),11:Bookerly,serif:4,(r,226997,227018),F
[Fri Sep 04 04:01:55 UTC 2026][INFO] [Action] E UpdateStyle - (r,226997,227018),11:AmazonEmber,sans-serif:4,(r,226997,227018),F
[Fri Sep 04 04:02:01 UTC 2026][INFO] [Action] E UpdateStyle - (r,227031,227064),16:10.000000:2,(r,227031,227064),F
[Fri Sep 04 04:02:02 UTC 2026][INFO] [Action] E UpdateStyle - (r,227031,227064),11:Bookerly,serif:4,(r,227031,227064),F
[Fri Sep 04 04:02:04 UTC 2026][INFO] [Action] E UpdateStyle - (r,227031,227064),11:AmazonEmber,sans-serif:4,(r,227031,227064),F
[Fri Sep 04 04:02:10 UTC 2026][INFO] [Action] E UpdateStyle - (r,227096,227102),16:10.000000:2,(r,227096,227102),F
[Fri Sep 04 04:02:12 UTC 2026][INFO] [Action] E UpdateStyle - (r,227096,227102),11:Bookerly,serif:4,(r,227096,227102),F
[Fri Sep 04 04:02:14 UTC 2026][INFO] [Action] E UpdateStyle - (r,227096,227102),11:AmazonEmber,sans-serif:4,(r,227096,227102),F
[Fri Sep 04 04:02:20 UTC 2026][INFO] [Action] E UpdateStyle - (r,227248,227251),16:10.000000:2,(r,227248,227251),F
[Fri Sep 04 04:02:21 UTC 2026][INFO] [Action] E UpdateStyle - (r,227248,227251),11:Bookerly,serif:4,(r,227248,227251),F
[Fri Sep 04 04:02:23 UTC 2026][INFO] [Action] E UpdateStyle - (r,227248,227251),11:AmazonEmber,sans-serif:4,(r,227248,227251),F
[Fri Sep 04 04:02:32 UTC 2026][INFO] [Action] E SplitContainer - 227280
[Fri Sep 04 04:02:35 UTC 2026][INFO] [Action] E SplitContainer - 227342
[Fri Sep 04 04:02:44 UTC 2026][INFO] [Action] E UpdateStyle - (r,227347,227377),16:10.000000:2,(r,227347,227377),F
[Fri Sep 04 04:02:44 UTC 2026][INFO] [Action] E UpdateStyle - (r,227347,227377),11:Bookerly,serif:4,(r,227347,227377),F
[Fri Sep 04 04:02:46 UTC 2026][INFO] [Action] E UpdateStyle - (r,227347,227377),11:AmazonEmber,sans-serif:4,(r,227347,227377),F
[Fri Sep 04 04:02:57 UTC 2026][INFO] [Action] E UpdateStyle - (c,227295,2),47:0.500000:2,(r,227295,227295),F
[Fri Sep 04 04:02:57 UTC 2026][INFO] [Action] E UpdateStyle - (c,227295,2),47:0.250000:2,(r,227295,227295),F
[Fri Sep 04 04:02:58 UTC 2026][INFO] [Action] E UpdateStyle - (c,227295,2),47:0.000000:2,(r,227295,227295),F
[Fri Sep 04 04:03:05 UTC 2026][INFO] [Action] E UpdateStyle - (c,227270,2),47:0.500000:2,(r,227270,227270),F
[Fri Sep 04 04:03:07 UTC 2026][INFO] [Action] E UpdateStyle - (c,227270,2),47:0.250000:2,(r,227270,227270),F
[Fri Sep 04 04:03:15 UTC 2026][INFO] [Action] E UpdateStyle - (r,227248,227251),47:0.500000:2,(r,227248,227251),F
[Fri Sep 04 04:03:16 UTC 2026][INFO] [Action] E UpdateStyle - (r,227248,227251),47:0.250000:2,(r,227248,227251),F
[Fri Sep 04 04:03:25 UTC 2026][INFO] [Action] E MergeContainer - 227341,0
[Fri Sep 04 04:03:40 UTC 2026][INFO] [Action] E UpdateStyle - (r,227391,227393),16:10.000000:2,(r,227391,227393),F
[Fri Sep 04 04:03:47 UTC 2026][INFO] [Action] E UpdateStyle - (r,227391,227393),36:1.000000:2,(r,227391,227393),F
[Fri Sep 04 04:03:50 UTC 2026][INFO] [Action] E UpdateStyle - (r,227391,227393),36:2.000000:2,(r,227391,227393),F
[Fri Sep 04 04:03:51 UTC 2026][INFO] [Action] E UpdateStyle - (r,227391,227393),36:3.000000:2,(r,227391,227393),F
[Fri Sep 04 04:03:51 UTC 2026][INFO] [Action] E UpdateStyle - (r,227391,227393),36:4.000000:2,(r,227391,227393),F
[Fri Sep 04 04:03:52 UTC 2026][INFO] [Action] E UpdateStyle - (r,227391,227393),36:5.000000:2,(r,227391,227393),F
[Fri Sep 04 04:03:52 UTC 2026][INFO] [Action] E UpdateStyle - (r,227391,227393),36:6.000000:2,(r,227391,227393),F
[Fri Sep 04 04:03:52 UTC 2026][INFO] [Action] E UpdateStyle - (r,227391,227393),36:7.000000:2,(r,227391,227393),F
[Fri Sep 04 04:03:53 UTC 2026][INFO] [Action] E UpdateStyle - (r,227391,227393),36:8.000000:2,(r,227391,227393),F
[Fri Sep 04 04:04:05 UTC 2026][INFO] [Action] E SplitContainer - 227430
[Fri Sep 04 04:04:13 UTC 2026][INFO] [Action] E UpdateStyle - (c,227429,2),49:0.250000:2,(r,227429,227429),F
[Fri Sep 04 04:04:20 UTC 2026][INFO] [Action] E UpdateStyle - (c,227576,2),49:0.250000:2,(r,227576,227576),F
[Fri Sep 04 04:04:21 UTC 2026][INFO] [Action] E UpdateStyle - (c,227576,2),49:0.500000:2,(r,227576,227576),F
[Fri Sep 04 04:04:25 UTC 2026][INFO] [Action] E UpdateStyle - (c,227590,2),49:0.250000:2,(r,227590,227590),F
[Fri Sep 04 04:04:32 UTC 2026][INFO] [Action] E UpdateStyle - (c,227598,2),49:0.250000:2,(r,227598,227598),F
[Fri Sep 04 04:04:33 UTC 2026][INFO] [Action] E UpdateStyle - (c,227598,2),49:0.500000:2,(r,227598,227598),F
[Fri Sep 04 04:04:46 UTC 2026][INFO] [Action] E UpdateStyle - (r,227663,227734),16:10.000000:2,(r,227663,227734),F
[Fri Sep 04 04:04:47 UTC 2026][INFO] [Action] E UpdateStyle - (r,227663,227734),11:Bookerly,serif:4,(r,227663,227734),F
[Fri Sep 04 04:04:49 UTC 2026][INFO] [Action] E UpdateStyle - (r,227663,227734),11:AmazonEmber,sans-serif:4,(r,227663,227734),F
[Fri Sep 04 04:04:54 UTC 2026][INFO] [Action] E UpdateStyle - (r,227591,227598),16:10.000000:2,(r,227591,227598),F
[Fri Sep 04 04:04:55 UTC 2026][INFO] [Action] E UpdateStyle - (r,227591,227598),11:Bookerly,serif:4,(r,227591,227598),F
[Fri Sep 04 04:04:57 UTC 2026][INFO] [Action] E UpdateStyle - (r,227591,227598),11:AmazonEmber,sans-serif:4,(r,227591,227598),F
[Fri Sep 04 04:05:04 UTC 2026][INFO] [Action] E UpdateStyle - (r,227430,227576),16:10.000000:2,(r,227430,227576),F
[Fri Sep 04 04:05:14 UTC 2026][INFO] [Action] E UpdateStyle - (r,227430,227576),11:Bookerly,serif:4,(r,227430,227576),F
[Fri Sep 04 04:05:16 UTC 2026][INFO] [Action] E UpdateStyle - (r,227430,227576),11:AmazonEmber,sans-serif:4,(r,227430,227576),F
[Fri Sep 04 04:05:20 UTC 2026][INFO] [Action] E DeleteContent - (c,227431,1),B
[Fri Sep 04 04:05:31 UTC 2026][INFO] [Action] E UpdateStyle - (r,227430,227575),48:1.000000:2,(r,227430,227575),F
[Fri Sep 04 04:05:31 UTC 2026][INFO] [Action] E UpdateStyle - (r,227430,227575),48:2.000000:2,(r,227430,227575),F
[Fri Sep 04 04:05:32 UTC 2026][INFO] [Action] E UpdateStyle - (r,227430,227575),48:3.000000:2,(r,227430,227575),F
[Fri Sep 04 04:05:32 UTC 2026][INFO] [Action] E UpdateStyle - (r,227430,227575),48:4.000000:2,(r,227430,227575),F
[Fri Sep 04 04:05:32 UTC 2026][INFO] [Action] E UpdateStyle - (r,227430,227575),48:5.000000:2,(r,227430,227575),F
[Fri Sep 04 04:05:33 UTC 2026][INFO] [Action] E UpdateStyle - (r,227430,227575),48:6.000000:2,(r,227430,227575),F
[Fri Sep 04 04:05:33 UTC 2026][INFO] [Action] E UpdateStyle - (r,227430,227575),48:7.000000:2,(r,227430,227575),F
[Fri Sep 04 04:05:33 UTC 2026][INFO] [Action] E UpdateStyle - (r,227430,227575),48:8.000000:2,(r,227430,227575),F
[Fri Sep 04 04:05:33 UTC 2026][INFO] [Action] E UpdateStyle - (r,227430,227575),48:9.000000:2,(r,227430,227575),F
[Fri Sep 04 04:05:34 UTC 2026][INFO] [Action] E UpdateStyle - (r,227430,227575),48:10.000000:2,(r,227430,227575),F
[Fri Sep 04 04:05:34 UTC 2026][INFO] [Action] E UpdateStyle - (r,227430,227575),48:11.000000:2,(r,227430,227575),F
[Fri Sep 04 04:05:35 UTC 2026][INFO] [Action] E UpdateStyle - (r,227430,227575),48:12.000000:2,(r,227430,227575),F
[Fri Sep 04 04:05:35 UTC 2026][INFO] [Action] E UpdateStyle - (r,227430,227575),48:13.000000:2,(r,227430,227575),F
[Fri Sep 04 04:05:40 UTC 2026][INFO] [Action] E UpdateStyle - (c,227590,1),48:1.000000:2,(r,227590,227590),F
[Fri Sep 04 04:05:41 UTC 2026][INFO] [Action] E UpdateStyle - (c,227590,1),48:2.000000:2,(r,227590,227590),F
[Fri Sep 04 04:05:41 UTC 2026][INFO] [Action] E UpdateStyle - (c,227590,1),48:3.000000:2,(r,227590,227590),F
[Fri Sep 04 04:05:41 UTC 2026][INFO] [Action] E UpdateStyle - (c,227590,1),48:4.000000:2,(r,227590,227590),F
[Fri Sep 04 04:05:41 UTC 2026][INFO] [Action] E UpdateStyle - (c,227590,1),48:5.000000:2,(r,227590,227590),F
[Fri Sep 04 04:05:41 UTC 2026][INFO] [Action] E UpdateStyle - (c,227590,1),48:6.000000:2,(r,227590,227590),F
[Fri Sep 04 04:05:42 UTC 2026][INFO] [Action] E UpdateStyle - (c,227590,1),48:7.000000:2,(r,227590,227590),F
[Fri Sep 04 04:05:42 UTC 2026][INFO] [Action] E UpdateStyle - (c,227590,1),48:8.000000:2,(r,227590,227590),F
[Fri Sep 04 04:05:42 UTC 2026][INFO] [Action] E UpdateStyle - (c,227590,1),48:9.000000:2,(r,227590,227590),F
[Fri Sep 04 04:05:42 UTC 2026][INFO] [Action] E UpdateStyle - (c,227590,1),48:10.000000:2,(r,227590,227590),F
[Fri Sep 04 04:05:42 UTC 2026][INFO] [Action] E UpdateStyle - (c,227590,1),48:11.000000:2,(r,227590,227590),F
[Fri Sep 04 04:05:43 UTC 2026][INFO] [Action] E UpdateStyle - (c,227590,1),48:12.000000:2,(r,227590,227590),F
[Fri Sep 04 04:05:44 UTC 2026][INFO] [Action] E UpdateStyle - (c,227590,1),48:13.000000:2,(r,227590,227590),F
[Fri Sep 04 04:05:49 UTC 2026][INFO] [Action] E UpdateStyle - (c,227391,1),48:1.000000:2,(r,227391,227391),F
[Fri Sep 04 04:05:49 UTC 2026][INFO] [Action] E UpdateStyle - (c,227391,1),48:2.000000:2,(r,227391,227391),F
[Fri Sep 04 04:05:50 UTC 2026][INFO] [Action] E UpdateStyle - (c,227391,1),48:3.000000:2,(r,227391,227391),F
[Fri Sep 04 04:05:50 UTC 2026][INFO] [Action] E UpdateStyle - (c,227391,1),48:4.000000:2,(r,227391,227391),F
[Fri Sep 04 04:05:50 UTC 2026][INFO] [Action] E UpdateStyle - (c,227391,1),48:5.000000:2,(r,227391,227391),F
[Fri Sep 04 04:05:58 UTC 2026][INFO] [Action] E UpdateStyle - (r,227662,227733),48:1.000000:2,(r,227662,227733),F
[Fri Sep 04 04:05:59 UTC 2026][INFO] [Action] E UpdateStyle - (r,227662,227733),48:2.000000:2,(r,227662,227733),F
[Fri Sep 04 04:05:59 UTC 2026][INFO] [Action] E UpdateStyle - (r,227662,227733),48:3.000000:2,(r,227662,227733),F
[Fri Sep 04 04:06:00 UTC 2026][INFO] [Action] E UpdateStyle - (r,227662,227733),48:4.000000:2,(r,227662,227733),F
[Fri Sep 04 04:06:00 UTC 2026][INFO] [Action] E UpdateStyle - (r,227662,227733),48:5.000000:2,(r,227662,227733),F
[Fri Sep 04 04:06:00 UTC 2026][INFO] [Action] E UpdateStyle - (r,227662,227733),48:6.000000:2,(r,227662,227733),F
[Fri Sep 04 04:06:01 UTC 2026][INFO] [Action] E UpdateStyle - (r,227662,227733),48:7.000000:2,(r,227662,227733),F
[Fri Sep 04 04:06:01 UTC 2026][INFO] [Action] E UpdateStyle - (r,227662,227733),48:8.000000:2,(r,227662,227733),F
[Fri Sep 04 04:06:02 UTC 2026][INFO] [Action] E UpdateStyle - (r,227662,227733),48:9.000000:2,(r,227662,227733),F
[Fri Sep 04 04:06:02 UTC 2026][INFO] [Action] E UpdateStyle - (r,227662,227733),48:10.000000:2,(r,227662,227733),F
[Fri Sep 04 04:06:02 UTC 2026][INFO] [Action] E UpdateStyle - (r,227662,227733),48:11.000000:2,(r,227662,227733),F
[Fri Sep 04 04:06:02 UTC 2026][INFO] [Action] E UpdateStyle - (r,227662,227733),48:12.000000:2,(r,227662,227733),F
[Fri Sep 04 04:06:03 UTC 2026][INFO] [Action] E UpdateStyle - (r,227662,227733),48:13.000000:2,(r,227662,227733),F
[Fri Sep 04 04:06:03 UTC 2026][INFO] [Action] E UpdateStyle - (r,227662,227733),48:14.000000:2,(r,227662,227733),F
[Fri Sep 04 04:06:03 UTC 2026][INFO] [Action] E UpdateStyle - (r,227662,227733),48:15.000000:2,(r,227662,227733),F
[Fri Sep 04 04:06:10 UTC 2026][INFO] [Action] E UpdateStyle - (r,227662,227733),48:14.000000:2,(r,227662,227733),F
[Fri Sep 04 04:06:11 UTC 2026][INFO] [Action] E UpdateStyle - (r,227662,227733),48:13.000000:2,(r,227662,227733),F
[Fri Sep 04 04:06:13 UTC 2026][INFO] [Action] E UpdateStyle - (r,227662,227733),47:0.500000:2,(r,227662,227733),F
[Fri Sep 04 04:06:23 UTC 2026][INFO] [Action] E SplitContainer - 227816
[Fri Sep 04 04:06:25 UTC 2026][INFO] [Action] E SplitContainer - 227833
[Fri Sep 04 04:06:31 UTC 2026][INFO] [Action] E SplitContainer - 227760
[Fri Sep 04 04:06:44 UTC 2026][INFO] [Action] E AddTextContainer - (c,227781,2),0,0,0
[Fri Sep 04 04:06:47 UTC 2026][INFO] [Action] U AddTextContainer
[Fri Sep 04 04:06:53 UTC 2026][INFO] [Action] E AddTextContainer - (c,227760,1),1,0,0
[Fri Sep 04 04:06:55 UTC 2026][INFO] [Action] E MergeContainer - 227761,1
[Fri Sep 04 04:06:55 UTC 2026][INFO] [Action] E MergeContainer - 227760,1
[Fri Sep 04 04:06:57 UTC 2026][INFO] [Action] E SplitContainer - 227760
[Fri Sep 04 04:07:01 UTC 2026][INFO] [Action] E UpdateStyle - (c,227760,1),47:0.500000:2,(r,227760,227760),F
[Fri Sep 04 04:07:02 UTC 2026][INFO] [Action] E UpdateStyle - (c,227760,1),47:0.250000:2,(r,227760,227760),F
[Fri Sep 04 04:07:06 UTC 2026][INFO] [Action] E UpdateStyle - (c,227760,1),47:0.500000:2,(r,227760,227760),F
[Fri Sep 04 04:07:11 UTC 2026][INFO] [Action] E UpdateStyle - (c,227760,1),47:0.250000:2,(r,227760,227760),F
[Fri Sep 04 04:07:15 UTC 2026][INFO] [Action] E UpdateStyle - (c,227782,1),47:0.250000:2,(r,227782,227782),F
[Fri Sep 04 04:07:16 UTC 2026][INFO] [Action] E UpdateStyle - (c,227782,1),47:0.500000:2,(r,227782,227782),F
[Fri Sep 04 04:07:22 UTC 2026][INFO] [Action] E UpdateStyle - (c,227810,1),47:0.250000:2,(r,227810,227810),F
[Fri Sep 04 04:07:22 UTC 2026][INFO] [Action] E UpdateStyle - (c,227810,1),47:0.500000:2,(r,227810,227810),F
[Fri Sep 04 04:07:27 UTC 2026][INFO] [Action] E UpdateStyle - (c,227815,2),49:0.250000:2,(r,227815,227815),F
[Fri Sep 04 04:07:34 UTC 2026][INFO] [Action] E UpdateStyle - (c,227832,2),49:0.250000:2,(r,227832,227832),F
[Fri Sep 04 04:07:35 UTC 2026][INFO] [Action] E UpdateStyle - (c,227832,2),49:0.500000:2,(r,227832,227832),F
[Fri Sep 04 04:07:37 UTC 2026][INFO] [Action] E AddTextContainer - (c,227846,2),0,0,0
[Fri Sep 04 04:07:39 UTC 2026][INFO] [Action] E MergeContainer - 227847,1
[Fri Sep 04 04:07:39 UTC 2026][INFO] [Action] E DeleteContent - (c,227846,2),B
[Fri Sep 04 04:07:43 UTC 2026][INFO] [Action] U DeleteContent
[Fri Sep 04 04:07:45 UTC 2026][INFO] [Action] E MergeContainer - 227846,0
[Fri Sep 04 04:07:46 UTC 2026][INFO] [Action] E InsertTextContent - (c,227846,2),[SPACE]
[Fri Sep 04 04:07:59 UTC 2026][INFO] [Action] E SplitContainer - 228030
[Fri Sep 04 04:08:10 UTC 2026][INFO] [Action] E UpdateStyle - (r,227816,227832),16:10.000000:2,(r,227816,227832),F
[Fri Sep 04 04:08:11 UTC 2026][INFO] [Action] E UpdateStyle - (r,227816,227832),11:Bookerly,serif:4,(r,227816,227832),F
[Fri Sep 04 04:08:13 UTC 2026][INFO] [Action] E UpdateStyle - (r,227816,227832),11:AmazonEmber,sans-serif:4,(r,227816,227832),F
[Fri Sep 04 04:08:17 UTC 2026][INFO] [Action] E UpdateStyle - (r,227816,227832),48:1.000000:2,(r,227816,227832),F
[Fri Sep 04 04:08:17 UTC 2026][INFO] [Action] E UpdateStyle - (r,227816,227832),48:2.000000:2,(r,227816,227832),F
[Fri Sep 04 04:08:17 UTC 2026][INFO] [Action] E UpdateStyle - (r,227816,227832),48:3.000000:2,(r,227816,227832),F
[Fri Sep 04 04:08:17 UTC 2026][INFO] [Action] E UpdateStyle - (r,227816,227832),48:4.000000:2,(r,227816,227832),F
[Fri Sep 04 04:08:18 UTC 2026][INFO] [Action] E UpdateStyle - (r,227816,227832),48:5.000000:2,(r,227816,227832),F
[Fri Sep 04 04:08:19 UTC 2026][INFO] [Action] E UpdateStyle - (r,227816,227832),48:6.000000:2,(r,227816,227832),F
[Fri Sep 04 04:08:19 UTC 2026][INFO] [Action] E UpdateStyle - (r,227816,227832),48:7.000000:2,(r,227816,227832),F
[Fri Sep 04 04:08:19 UTC 2026][INFO] [Action] E UpdateStyle - (r,227816,227832),48:8.000000:2,(r,227816,227832),F
[Fri Sep 04 04:08:19 UTC 2026][INFO] [Action] E UpdateStyle - (r,227816,227832),48:9.000000:2,(r,227816,227832),F
[Fri Sep 04 04:08:19 UTC 2026][INFO] [Action] E UpdateStyle - (r,227816,227832),48:10.000000:2,(r,227816,227832),F
[Fri Sep 04 04:08:20 UTC 2026][INFO] [Action] E UpdateStyle - (r,227816,227832),48:11.000000:2,(r,227816,227832),F
[Fri Sep 04 04:08:20 UTC 2026][INFO] [Action] E UpdateStyle - (r,227816,227832),48:12.000000:2,(r,227816,227832),F
[Fri Sep 04 04:08:21 UTC 2026][INFO] [Action] E UpdateStyle - (r,227816,227832),48:13.000000:2,(r,227816,227832),F
[Fri Sep 04 04:08:21 UTC 2026][INFO] [Action] E UpdateStyle - (r,227816,227832),48:14.000000:2,(r,227816,227832),F
[Fri Sep 04 04:08:22 UTC 2026][INFO] [Action] E UpdateStyle - (r,227816,227832),48:15.000000:2,(r,227816,227832),F
[Fri Sep 04 04:08:23 UTC 2026][INFO] [Action] E UpdateStyle - (r,227816,227832),48:14.000000:2,(r,227816,227832),F
[Fri Sep 04 04:08:27 UTC 2026][INFO] [Action] E UpdateStyle - (r,227816,227832),48:13.000000:2,(r,227816,227832),F
[Fri Sep 04 04:08:29 UTC 2026][INFO] [Action] E UpdateStyle - (r,227816,227832),48:12.000000:2,(r,227816,227832),F
[Fri Sep 04 04:08:40 UTC 2026][INFO] [Action] E UpdateStyle - (r,227760,227781),48:1.000000:2,(r,227760,227781),F
[Fri Sep 04 04:08:40 UTC 2026][INFO] [Action] E UpdateStyle - (r,227760,227781),48:2.000000:2,(r,227760,227781),F
[Fri Sep 04 04:08:41 UTC 2026][INFO] [Action] E UpdateStyle - (r,227760,227781),48:3.000000:2,(r,227760,227781),F
[Fri Sep 04 04:08:42 UTC 2026][INFO] [Action] E UpdateStyle - (r,227760,227781),48:4.000000:2,(r,227760,227781),F
[Fri Sep 04 04:08:42 UTC 2026][INFO] [Action] E UpdateStyle - (r,227760,227781),48:5.000000:2,(r,227760,227781),F
[Fri Sep 04 04:08:42 UTC 2026][INFO] [Action] E UpdateStyle - (r,227760,227781),48:6.000000:2,(r,227760,227781),F
[Fri Sep 04 04:08:43 UTC 2026][INFO] [Action] E UpdateStyle - (r,227760,227781),48:7.000000:2,(r,227760,227781),F
[Fri Sep 04 04:08:43 UTC 2026][INFO] [Action] E UpdateStyle - (r,227760,227781),48:8.000000:2,(r,227760,227781),F
[Fri Sep 04 04:08:43 UTC 2026][INFO] [Action] E UpdateStyle - (r,227760,227781),48:9.000000:2,(r,227760,227781),F
[Fri Sep 04 04:08:44 UTC 2026][INFO] [Action] E UpdateStyle - (r,227760,227781),48:10.000000:2,(r,227760,227781),F
[Fri Sep 04 04:08:44 UTC 2026][INFO] [Action] E UpdateStyle - (r,227760,227781),48:11.000000:2,(r,227760,227781),F
[Fri Sep 04 04:08:45 UTC 2026][INFO] [Action] E UpdateStyle - (r,227760,227781),48:12.000000:2,(r,227760,227781),F
[Fri Sep 04 04:08:51 UTC 2026][INFO] [Action] E UpdateStyle - (r,227760,227781),16:10.000000:2,(r,227760,227781),F
[Fri Sep 04 04:08:52 UTC 2026][INFO] [Action] E UpdateStyle - (r,227760,227781),11:Bookerly,serif:4,(r,227760,227781),F
[Fri Sep 04 04:08:55 UTC 2026][INFO] [Action] E UpdateStyle - (r,227760,227781),11:AmazonEmber,sans-serif:4,(r,227760,227781),F
[Fri Sep 04 04:09:01 UTC 2026][INFO] [Action] E SaveBook - Save
[Fri Sep 04 04:09:23 UTC 2026][INFO] [Action] E UpdateStyle - (r,228518,228522),16:10.000000:2,(r,228518,228522),F
[Fri Sep 04 04:09:24 UTC 2026][INFO] [Action] E UpdateStyle - (r,228518,228522),11:Bookerly,serif:4,(r,228518,228522),F
[Fri Sep 04 04:09:26 UTC 2026][INFO] [Action] E UpdateStyle - (r,228518,228522),11:AmazonEmber,sans-serif:4,(r,228518,228522),F
[Fri Sep 04 04:09:31 UTC 2026][INFO] [Action] E UpdateStyle - (r,228557,228568),16:10.000000:2,(r,228557,228568),F
[Fri Sep 04 04:09:32 UTC 2026][INFO] [Action] E UpdateStyle - (r,228557,228568),11:Bookerly,serif:4,(r,228557,228568),F
[Fri Sep 04 04:09:34 UTC 2026][INFO] [Action] E UpdateStyle - (r,228557,228568),11:AmazonEmber,sans-serif:4,(r,228557,228568),F
[Fri Sep 04 04:09:40 UTC 2026][INFO] [Action] E UpdateStyle - (r,228574,228591),16:10.000000:2,(r,228574,228591),F
[Fri Sep 04 04:09:41 UTC 2026][INFO] [Action] E UpdateStyle - (r,228574,228591),11:Bookerly,serif:4,(r,228574,228591),F
[Fri Sep 04 04:09:42 UTC 2026][INFO] [Action] E UpdateStyle - (r,228574,228591),11:AmazonEmber,sans-serif:4,(r,228574,228591),F
[Fri Sep 04 04:09:50 UTC 2026][INFO] [Action] E UpdateStyle - (c,228605,1),34:320:3,(r,228605,228605),F
[Fri Sep 04 04:09:56 UTC 2026][INFO] [Action] E SplitContainer - 228624
[Fri Sep 04 04:10:02 UTC 2026][INFO] [Action] E SplitContainer - 228649
[Fri Sep 04 04:10:04 UTC 2026][INFO] [Action] E DeleteContent - (r,228649,228649),F
[Fri Sep 04 04:10:08 UTC 2026][INFO] [Action] E UpdateStyle - (c,228649,1),34:320:3,(r,228649,228649),F
[Fri Sep 04 04:10:11 UTC 2026][INFO] [Action] E UpdateStyle - (c,228630,2),34:320:3,(r,228630,228630),F
[Fri Sep 04 04:10:17 UTC 2026][INFO] [Action] E UpdateStyle - (r,228624,228631),16:10.000000:2,(r,228624,228631),F
[Fri Sep 04 04:10:18 UTC 2026][INFO] [Action] E UpdateStyle - (r,228624,228631),11:Bookerly,serif:4,(r,228624,228631),F
[Fri Sep 04 04:10:20 UTC 2026][INFO] [Action] E UpdateStyle - (r,228624,228631),11:AmazonEmber,sans-serif:4,(r,228624,228631),F
[Fri Sep 04 04:10:28 UTC 2026][INFO] [Action] E UpdateStyle - (r,228649,228652),16:10.000000:2,(r,228649,228652),F
[Fri Sep 04 04:10:29 UTC 2026][INFO] [Action] E UpdateStyle - (r,228649,228652),11:Bookerly,serif:4,(r,228649,228652),F
[Fri Sep 04 04:10:31 UTC 2026][INFO] [Action] E UpdateStyle - (r,228649,228652),11:AmazonEmber,sans-serif:4,(r,228649,228652),F
[Fri Sep 04 04:10:37 UTC 2026][INFO] [Action] E UpdateStyle - (r,228605,228608),16:10.000000:2,(r,228605,228608),F
[Fri Sep 04 04:10:37 UTC 2026][INFO] [Action] E UpdateStyle - (r,228605,228608),11:Bookerly,serif:4,(r,228605,228608),F
[Fri Sep 04 04:10:40 UTC 2026][INFO] [Action] E UpdateStyle - (r,228605,228608),11:AmazonEmber,sans-serif:4,(r,228605,228608),F
[Fri Sep 04 04:10:46 UTC 2026][INFO] [Action] E AddTextContainer - (c,228652,2),0,0,0
[Fri Sep 04 04:10:59 UTC 2026][INFO] [Action] E UpdateStyle - (c,228556,2),49:0.250000:2,(r,228556,228556),F
[Fri Sep 04 04:11:07 UTC 2026][INFO] [Action] E SplitContainer - 228808
[Fri Sep 04 04:11:17 UTC 2026][INFO] [Action] E InsertTextContent - (c,228836,2),[SPACE]
[Fri Sep 04 04:11:18 UTC 2026][INFO] [Action] E MergeContainer - 228837,0
[Fri Sep 04 04:11:20 UTC 2026][INFO] [Action] E SplitContainer - 228855
[Fri Sep 04 04:11:29 UTC 2026][INFO] [Action] E MergeContainer - 228893,1
[Fri Sep 04 04:11:31 UTC 2026][INFO] [Action] E InsertTextContent - (c,228892,2),[SPACE]
[Fri Sep 04 04:11:36 UTC 2026][INFO] [Action] E SplitContainer - 228934
[Fri Sep 04 04:11:42 UTC 2026][INFO] [Action] E SplitContainer - 229095
[Fri Sep 04 04:11:44 UTC 2026][INFO] [Action] E SplitContainer - 229187
[Fri Sep 04 04:11:47 UTC 2026][INFO] [Action] E SplitContainer - 229282
[Fri Sep 04 04:11:50 UTC 2026][INFO] [Action] E SplitContainer - 229357
[Fri Sep 04 04:12:00 UTC 2026][INFO] [Action] E SplitContainer - 229576
[Fri Sep 04 04:12:03 UTC 2026][INFO] [Action] E SplitContainer - 229614
[Fri Sep 04 04:12:05 UTC 2026][INFO] [Action] E SplitContainer - 229620
[Fri Sep 04 04:12:12 UTC 2026][INFO] [Action] E SplitContainer - 229743
[Fri Sep 04 04:12:22 UTC 2026][INFO] [Action] E SplitContainer - 229941
[Fri Sep 04 04:12:40 UTC 2026][INFO] [Action] E SplitContainer - 229514
[Fri Sep 04 04:12:45 UTC 2026][INFO] [Action] E SplitContainer - 229545
[Fri Sep 04 04:12:50 UTC 2026][INFO] [Action] E UpdateStyle - (r,229514,229544),16:10.000000:2,(r,229514,229544),F
[Fri Sep 04 04:12:51 UTC 2026][INFO] [Action] E UpdateStyle - (r,229514,229544),11:Bookerly,serif:4,(r,229514,229544),F
[Fri Sep 04 04:12:53 UTC 2026][INFO] [Action] E UpdateStyle - (r,229514,229544),11:AmazonEmber,sans-serif:4,(r,229514,229544),F
[Fri Sep 04 04:12:56 UTC 2026][INFO] [Action] E UpdateStyle - (r,229514,229544),34:320:3,(r,229514,229544),F
[Fri Sep 04 04:13:05 UTC 2026][INFO] [Action] E UpdateStyle - (r,229545,229559),34:320:3,(r,229545,229559),F
[Fri Sep 04 04:13:09 UTC 2026][INFO] [Action] E UpdateStyle - (r,229545,229559),16:10.000000:2,(r,229545,229559),F
[Fri Sep 04 04:13:10 UTC 2026][INFO] [Action] E UpdateStyle - (r,229545,229559),11:Bookerly,serif:4,(r,229545,229559),F
[Fri Sep 04 04:13:13 UTC 2026][INFO] [Action] E UpdateStyle - (r,229545,229559),11:AmazonEmber,sans-serif:4,(r,229545,229559),F
[Fri Sep 04 04:13:20 UTC 2026][INFO] [Action] U UpdateStyle
[Fri Sep 04 04:13:21 UTC 2026][INFO] [Action] U UpdateStyle
[Fri Sep 04 04:13:21 UTC 2026][INFO] [Action] U UpdateStyle
[Fri Sep 04 04:13:22 UTC 2026][INFO] [Action] U UpdateStyle
[Fri Sep 04 04:13:28 UTC 2026][INFO] [Action] E SplitContainer - 229565
[Fri Sep 04 04:13:31 UTC 2026][INFO] [Action] E UpdateStyle - (c,229564,2),34:320:3,(r,229564,229564),F
[Fri Sep 04 04:13:35 UTC 2026][INFO] [Action] E UpdateStyle - (r,229560,229564),16:10.000000:2,(r,229560,229564),F
[Fri Sep 04 04:13:37 UTC 2026][INFO] [Action] E UpdateStyle - (r,229560,229564),11:Bookerly,serif:4,(r,229560,229564),F
[Fri Sep 04 04:13:39 UTC 2026][INFO] [Action] E UpdateStyle - (r,229560,229564),11:AmazonEmber,sans-serif:4,(r,229560,229564),F
[Fri Sep 04 04:13:43 UTC 2026][INFO] [Action] E UpdateStyle - (c,229576,2),34:320:3,(r,229576,229576),F
[Fri Sep 04 04:13:48 UTC 2026][INFO] [Action] E UpdateStyle - (r,229576,229604),16:10.000000:2,(r,229576,229604),F
[Fri Sep 04 04:13:49 UTC 2026][INFO] [Action] E UpdateStyle - (r,229576,229604),11:Bookerly,serif:4,(r,229576,229604),F
[Fri Sep 04 04:13:51 UTC 2026][INFO] [Action] E UpdateStyle - (r,229576,229604),11:AmazonEmber,sans-serif:4,(r,229576,229604),F
[Fri Sep 04 04:13:56 UTC 2026][INFO] [Action] E InsertTextContent - (c,229613,2),[SPACE]
[Fri Sep 04 04:13:57 UTC 2026][INFO] [Action] E MergeContainer - 229614,0
[Fri Sep 04 04:14:01 UTC 2026][INFO] [Action] E UpdateStyle - (c,229625,1),34:320:3,(r,229625,229625),F
[Fri Sep 04 04:14:05 UTC 2026][INFO] [Action] E UpdateStyle - (c,229628,2),50:1.000000:2,(r,229628,229628),F
[Fri Sep 04 04:14:07 UTC 2026][INFO] [Action] E UpdateStyle - (c,229628,2),50:0.000000:2,(r,229628,229628),F
[Fri Sep 04 04:14:09 UTC 2026][INFO] [Action] E UpdateStyle - (c,229628,2),49:0.250000:2,(r,229628,229628),F
[Fri Sep 04 04:14:10 UTC 2026][INFO] [Action] E UpdateStyle - (c,229628,2),49:0.500000:2,(r,229628,229628),F
[Fri Sep 04 04:14:15 UTC 2026][INFO] [Action] E UpdateStyle - (r,229621,229628),16:10.000000:2,(r,229621,229628),F
[Fri Sep 04 04:14:16 UTC 2026][INFO] [Action] E UpdateStyle - (r,229621,229628),11:Bookerly,serif:4,(r,229621,229628),F
[Fri Sep 04 04:14:18 UTC 2026][INFO] [Action] E UpdateStyle - (r,229621,229628),11:AmazonEmber,sans-serif:4,(r,229621,229628),F
[Fri Sep 04 04:14:21 UTC 2026][INFO] [Action] E DeleteContent - (c,229628,2),B
[Fri Sep 04 04:14:22 UTC 2026][INFO] [Action] E DeleteContent - (c,229604,2),B
[Fri Sep 04 04:14:28 UTC 2026][INFO] [Action] E UpdateStyle - (c,229626,2),49:0.750000:2,(r,229626,229626),F
[Fri Sep 04 04:14:37 UTC 2026][INFO] [Action] E UpdateStyle - (r,229742,229809),16:10.000000:2,(r,229742,229809),F
[Fri Sep 04 04:14:37 UTC 2026][INFO] [Action] E UpdateStyle - (r,229742,229809),11:Bookerly,serif:4,(r,229742,229809),F
[Fri Sep 04 04:14:40 UTC 2026][INFO] [Action] E UpdateStyle - (r,229742,229809),11:AmazonEmber,sans-serif:4,(r,229742,229809),F
[Fri Sep 04 04:14:41 UTC 2026][INFO] [Action] E UpdateStyle - (r,229742,229809),34:320:3,(r,229742,229809),F
[Fri Sep 04 04:14:47 UTC 2026][INFO] [Action] E DeleteContent - (c,229785,1),B
[Fri Sep 04 04:14:48 UTC 2026][INFO] [Action] E SplitContainer - 229784
[Fri Sep 04 04:14:51 UTC 2026][INFO] [Action] E MergeContainer - 229784,1
[Fri Sep 04 04:14:54 UTC 2026][INFO] [Action] E SplitContainer - 229784
[Fri Sep 04 04:14:55 UTC 2026][INFO] [Action] E UpdateStyle - (c,229784,1),34:59:3,(r,229784,229784),F
[Fri Sep 04 04:15:01 UTC 2026][INFO] [Action] E UpdateStyle - (r,229784,229808),11:UNK:4,(r,229784,229808),F
[Fri Sep 04 04:15:06 UTC 2026][INFO] [Action] E UpdateStyle - (r,229784,229808),16:12.000000:2,(r,229784,229808),F
[Fri Sep 04 04:15:14 UTC 2026][INFO] [Action] E UpdateStyle - (r,229820,229904),16:10.000000:2,(r,229820,229904),F
[Fri Sep 04 04:15:15 UTC 2026][INFO] [Action] E UpdateStyle - (r,229820,229904),11:Bookerly,serif:4,(r,229820,229904),F
[Fri Sep 04 04:15:17 UTC 2026][INFO] [Action] E UpdateStyle - (r,229820,229904),11:AmazonEmber,sans-serif:4,(r,229820,229904),F
[Fri Sep 04 04:15:23 UTC 2026][INFO] [Action] E UpdateStyle - (r,229820,229904),34:320:3,(r,229820,229904),F
[Fri Sep 04 04:15:31 UTC 2026][INFO] [Action] E UpdateStyle - (r,229919,229938),16:10.000000:2,(r,229919,229938),F
[Fri Sep 04 04:15:32 UTC 2026][INFO] [Action] E UpdateStyle - (r,229919,229938),11:Bookerly,serif:4,(r,229919,229938),F
[Fri Sep 04 04:15:34 UTC 2026][INFO] [Action] E UpdateStyle - (r,229919,229938),11:AmazonEmber,sans-serif:4,(r,229919,229938),F
[Fri Sep 04 04:15:35 UTC 2026][INFO] [Action] E UpdateStyle - (r,229919,229938),34:320:3,(r,229919,229938),F
[Fri Sep 04 04:15:45 UTC 2026][INFO] [Action] E UpdateStyle - (c,229783,2),49:0.250000:2,(r,229783,229783),F
[Fri Sep 04 04:15:54 UTC 2026][INFO] [Action] E UpdateStyle - (c,229904,2),49:0.250000:2,(r,229904,229904),F
[Fri Sep 04 04:15:58 UTC 2026][INFO] [Action] E UpdateStyle - (c,229938,2),49:0.250000:2,(r,229938,229938),F
[Fri Sep 04 04:16:05 UTC 2026][INFO] [Action] E UpdateStyle - (c,229904,2),49:0.500000:2,(r,229904,229904),F
[Fri Sep 04 04:16:10 UTC 2026][INFO] [Action] E UpdateStyle - (c,229819,2),49:0.250000:2,(r,229819,229819),F
[Fri Sep 04 04:16:15 UTC 2026][INFO] [Action] E UpdateStyle - (c,229783,2),49:0.500000:2,(r,229783,229783),F
[Fri Sep 04 04:16:22 UTC 2026][INFO] [Action] E UpdateStyle - (c,229513,2),49:0.250000:2,(r,229513,229513),F
[Fri Sep 04 04:16:43 UTC 2026][INFO] [Action] E SplitContainer - 230039
[Fri Sep 04 04:16:45 UTC 2026][INFO] [Action] E DeleteContent - (r,230039,230039),F
[Fri Sep 04 04:16:50 UTC 2026][INFO] [Action] E InsertTextContent - (c,230094,2),[SPACE]
[Fri Sep 04 04:16:52 UTC 2026][INFO] [Action] E MergeContainer - 230095,0
[Fri Sep 04 04:16:55 UTC 2026][INFO] [Action] E InsertTextContent - (c,230140,2),[SPACE]
[Fri Sep 04 04:16:56 UTC 2026][INFO] [Action] E MergeContainer - 230141,0
[Fri Sep 04 04:17:44 UTC 2026][INFO] [Action] E UpdateStyle - (r,231313,231322),11:Bookerly,serif:4,(r,231313,231322),F
[Fri Sep 04 04:17:46 UTC 2026][INFO] [Action] E UpdateStyle - (r,231313,231322),11:AmazonEmber,sans-serif:4,(r,231313,231322),F
[Fri Sep 04 04:17:53 UTC 2026][INFO] [Action] E UpdateStyle - (r,231313,231320),47:0.500000:2,(r,231313,231320),F
[Fri Sep 04 04:17:55 UTC 2026][INFO] [Action] E UpdateStyle - (r,231313,231320),47:0.250000:2,(r,231313,231320),F
[Fri Sep 04 04:18:09 UTC 2026][INFO] [Action] E SplitContainer - 231757
[Fri Sep 04 04:18:30 UTC 2026][INFO] [Action] E SplitContainer - 232175
[Fri Sep 04 04:18:39 UTC 2026][INFO] [Action] E SplitContainer - 232214
[Fri Sep 04 04:18:46 UTC 2026][INFO] [Action] E InsertTextContent - (c,232193,2),[SPACE]
[Fri Sep 04 04:18:46 UTC 2026][INFO] [Action] E MergeContainer - 232194,0
[Fri Sep 04 04:19:00 UTC 2026][INFO] [Action] E UpdateStyle - (c,231313,1),47:0.000000:2,(r,231313,231313),F
[Fri Sep 04 04:19:04 UTC 2026][INFO] [Action] E UpdateStyle - (r,231368,231374),47:0.500000:2,(r,231368,231374),F
[Fri Sep 04 04:19:04 UTC 2026][INFO] [Action] E UpdateStyle - (r,231368,231374),47:0.250000:2,(r,231368,231374),F
[Fri Sep 04 04:19:08 UTC 2026][INFO] [Action] E UpdateStyle - (r,231368,231374),47:0.500000:2,(r,231368,231374),F
[Fri Sep 04 04:19:17 UTC 2026][INFO] [Action] E InsertTextContent - (c,231307,2),[SPACE]
[Fri Sep 04 04:19:18 UTC 2026][INFO] [Action] E MergeContainer - 231308,0
[Fri Sep 04 04:19:32 UTC 2026][INFO] [Action] E InsertTextContent - (c,232499,2),[SPACE]
[Fri Sep 04 04:19:33 UTC 2026][INFO] [Action] E MergeContainer - 232500,0
[Fri Sep 04 04:19:38 UTC 2026][INFO] [Action] E SplitContainer - 232529
[Fri Sep 04 04:19:43 UTC 2026][INFO] [Action] E SplitContainer - 232486
[Fri Sep 04 04:19:50 UTC 2026][INFO] [Action] U SplitContainer
[Fri Sep 04 04:19:52 UTC 2026][INFO] [Action] E SplitContainer - 232501
[Fri Sep 04 04:19:57 UTC 2026][INFO] [Action] E SplitContainer - 232478
[Fri Sep 04 04:20:04 UTC 2026][INFO] [Action] E MergeContainer - 232500,0
[Fri Sep 04 04:20:18 UTC 2026][INFO] [Action] E MergeContainer - 233008,0
[Fri Sep 04 04:20:19 UTC 2026][INFO] [Action] E InsertTextContent - (c,233008,2),[SPACE]
[Fri Sep 04 04:20:30 UTC 2026][INFO] [Action] E SplitContainer - 233065
[Fri Sep 04 04:20:58 UTC 2026][INFO] [Action] E SplitContainer - 233975
[Fri Sep 04 04:21:03 UTC 2026][INFO] [Action] E MergeContainer - 233985,0
[Fri Sep 04 04:21:03 UTC 2026][INFO] [Action] E InsertTextContent - (c,233985,2),[SPACE]
[Fri Sep 04 04:21:14 UTC 2026][INFO] [Action] E SplitContainer - 234052
[Fri Sep 04 04:21:16 UTC 2026][INFO] [Action] E InsertTextContent - (c,234082,2),[SPACE]
[Fri Sep 04 04:21:22 UTC 2026][INFO] [Action] E MergeContainer - 234083,0
[Fri Sep 04 04:21:28 UTC 2026][INFO] [Action] E SplitContainer - 234151
[Fri Sep 04 04:21:36 UTC 2026][INFO] [Action] E SplitContainer - 234463
[Fri Sep 04 04:21:45 UTC 2026][INFO] [Action] E InsertTextContent - (c,234509,2),[SPACE]
[Fri Sep 04 04:21:45 UTC 2026][INFO] [Action] E MergeContainer - 234510,0
[Fri Sep 04 04:22:08 UTC 2026][INFO] [Action] E SplitContainer - 234937
[Fri Sep 04 04:22:16 UTC 2026][INFO] [Action] E SplitContainer - 235029
[Fri Sep 04 04:22:20 UTC 2026][INFO] [Action] E InsertTextContent - (c,235048,2),[SPACE]
[Fri Sep 04 04:22:21 UTC 2026][INFO] [Action] E MergeContainer - 235049,0
[Fri Sep 04 04:22:26 UTC 2026][INFO] [Action] E InsertTextContent - (c,235185,2),[SPACE]
[Fri Sep 04 04:22:27 UTC 2026][INFO] [Action] E MergeContainer - 235186,0
[Fri Sep 04 04:22:48 UTC 2026][INFO] [Action] E DeleteContent - (r,236229,236229),F
[Fri Sep 04 04:22:51 UTC 2026][INFO] [Action] U DeleteContent
[Fri Sep 04 04:22:56 UTC 2026][INFO] [Action] E SplitContainer - 236229
[Fri Sep 04 04:23:02 UTC 2026][INFO] [Action] E SplitContainer - 236337
[Fri Sep 04 04:23:06 UTC 2026][INFO] [Action] E SplitContainer - 236427
[Fri Sep 04 04:23:12 UTC 2026][INFO] [Action] E InsertTextContent - (c,236441,2),[SPACE]
[Fri Sep 04 04:23:13 UTC 2026][INFO] [Action] E MergeContainer - 236442,0
[Fri Sep 04 04:23:16 UTC 2026][INFO] [Action] E InsertTextContent - (c,236467,2),[SPACE]
[Fri Sep 04 04:23:17 UTC 2026][INFO] [Action] E MergeContainer - 236468,0
[Fri Sep 04 04:23:19 UTC 2026][INFO] [Action] E InsertTextContent - (c,236493,2),[SPACE]
[Fri Sep 04 04:23:20 UTC 2026][INFO] [Action] E MergeContainer - 236494,0
[Fri Sep 04 04:23:24 UTC 2026][INFO] [Action] E SplitContainer - 236533
[Fri Sep 04 04:23:46 UTC 2026][INFO] [Action] E SplitContainer - 236926
[Fri Sep 04 04:23:49 UTC 2026][INFO] [Action] E InsertTextContent - (c,236935,2),[SPACE]
[Fri Sep 04 04:23:51 UTC 2026][INFO] [Action] E MergeContainer - 236936,0
[Fri Sep 04 04:23:54 UTC 2026][INFO] [Action] E InsertTextContent - (r,236945,236972),[SPACE]
[Fri Sep 04 04:23:56 UTC 2026][INFO] [Action] U InsertTextContent
[Fri Sep 04 04:23:58 UTC 2026][INFO] [Action] E InsertTextContent - (c,236972,2),[SPACE]
[Fri Sep 04 04:24:01 UTC 2026][INFO] [Action] E MergeContainer - 236973,0
[Fri Sep 04 04:24:03 UTC 2026][INFO] [Action] E InsertTextContent - (c,237003,2),[SPACE]
[Fri Sep 04 04:24:03 UTC 2026][INFO] [Action] E MergeContainer - 237004,0
[Fri Sep 04 04:24:21 UTC 2026][INFO] [Action] E SplitContainer - 237746
[Fri Sep 04 04:24:23 UTC 2026][INFO] [Action] E InsertTextContent - (c,237759,2),[SPACE]
[Fri Sep 04 04:24:24 UTC 2026][INFO] [Action] E MergeContainer - 237760,0
[Fri Sep 04 04:24:28 UTC 2026][INFO] [Action] E SplitContainer - 237768
[Fri Sep 04 04:24:32 UTC 2026][INFO] [Action] U SplitContainer
[Fri Sep 04 04:24:34 UTC 2026][INFO] [Action] E SplitContainer - 237768
[Fri Sep 04 04:24:40 UTC 2026][INFO] [Action] E InsertTextContent - (c,237899,2),[SPACE]
[Fri Sep 04 04:24:41 UTC 2026][INFO] [Action] E MergeContainer - 237900,0
[Fri Sep 04 04:24:45 UTC 2026][INFO] [Action] E SplitContainer - 237861
[Fri Sep 04 04:24:51 UTC 2026][INFO] [Action] E SplitContainer - 237986
[Fri Sep 04 04:24:55 UTC 2026][INFO] [Action] E SplitContainer - 238001
[Fri Sep 04 04:25:00 UTC 2026][INFO] [Action] E SplitContainer - 238038
[Fri Sep 04 04:25:15 UTC 2026][INFO] [Action] E InsertTextContent - (c,238494,2),[SPACE]
[Fri Sep 04 04:25:16 UTC 2026][INFO] [Action] E MergeContainer - 238495,0
[Fri Sep 04 04:25:20 UTC 2026][INFO] [Action] E SplitContainer - 238511
[Fri Sep 04 04:25:27 UTC 2026][INFO] [Action] E SplitContainer - 238559
[Fri Sep 04 04:25:40 UTC 2026][INFO] [Action] E MergeContainer - 238037,0
[Fri Sep 04 04:25:45 UTC 2026][INFO] [Action] E SplitContainer - 238584
[Fri Sep 04 04:26:02 UTC 2026][INFO] [Action] E UpdateStyle - (r,238704,238718),11:Bookerly,serif:4,(r,238704,238718),F
[Fri Sep 04 04:26:04 UTC 2026][INFO] [Action] E UpdateStyle - (r,238704,238718),11:AmazonEmber,sans-serif:4,(r,238704,238718),F
[Fri Sep 04 04:26:12 UTC 2026][INFO] [Action] E SplitContainer - 238742
[Fri Sep 04 04:26:15 UTC 2026][INFO] [Action] U SplitContainer
[Fri Sep 04 04:26:18 UTC 2026][INFO] [Action] E MergeContainer - 238759,0
[Fri Sep 04 04:26:22 UTC 2026][INFO] [Action] E InsertTextContent - (c,238759,2),[SPACE]
[Fri Sep 04 04:26:25 UTC 2026][INFO] [Action] E SplitContainer - 238742
[Fri Sep 04 04:26:28 UTC 2026][INFO] [Action] E UpdateStyle - (c,238742,1),47:0.500000:2,(r,238742,238742),F
[Fri Sep 04 04:26:28 UTC 2026][INFO] [Action] E UpdateStyle - (c,238742,1),47:0.250000:2,(r,238742,238742),F
[Fri Sep 04 04:26:29 UTC 2026][INFO] [Action] E UpdateStyle - (c,238742,1),47:0.000000:2,(r,238742,238742),F
[Fri Sep 04 04:26:34 UTC 2026][INFO] [Action] E SplitContainer - 238899
[Fri Sep 04 04:26:48 UTC 2026][INFO] [Action] E SplitContainer - 239115
[Fri Sep 04 04:26:51 UTC 2026][INFO] [Action] E InsertTextContent - (c,239127,2),[SPACE]
[Fri Sep 04 04:26:52 UTC 2026][INFO] [Action] E MergeContainer - 239128,0
[Fri Sep 04 04:26:57 UTC 2026][INFO] [Action] E InsertTextContent - (r,239135,239166),[SPACE]
[Fri Sep 04 04:26:59 UTC 2026][INFO] [Action] U InsertTextContent
[Fri Sep 04 04:27:01 UTC 2026][INFO] [Action] E InsertTextContent - (c,239166,2),[SPACE]
[Fri Sep 04 04:27:02 UTC 2026][INFO] [Action] E MergeContainer - 239167,0
[Fri Sep 04 04:27:08 UTC 2026][INFO] [Action] E SplitContainer - 239233
[Fri Sep 04 04:27:10 UTC 2026][INFO] [Action] E InsertTextContent - (c,239248,2),[SPACE]
[Fri Sep 04 04:27:11 UTC 2026][INFO] [Action] E MergeContainer - 239249,0
[Fri Sep 04 04:27:19 UTC 2026][INFO] [Action] E SplitContainer - 239320
[Fri Sep 04 04:27:21 UTC 2026][INFO] [Action] E InsertTextContent - (c,239335,2),[SPACE]
[Fri Sep 04 04:27:22 UTC 2026][INFO] [Action] E MergeContainer - 239336,0
[Fri Sep 04 04:27:31 UTC 2026][INFO] [Action] E SplitContainer - 239401
[Fri Sep 04 04:31:49 UTC 2026][INFO] [Action] E SaveBook - Save
[Fri Sep 04 04:31:55 UTC 2026][INFO] [Action] E SplitContainer - 240304
[Fri Sep 04 04:31:59 UTC 2026][INFO] [Action] E SplitContainer - 240428
[Fri Sep 04 04:32:03 UTC 2026][INFO] [Action] E SplitContainer - 239827
[Fri Sep 04 04:32:05 UTC 2026][INFO] [Action] E SplitContainer - 239717
[Fri Sep 04 04:32:13 UTC 2026][INFO] [Action] E SplitContainer - 240136
[Fri Sep 04 04:32:16 UTC 2026][INFO] [Action] E SplitContainer - 240231
[Fri Sep 04 04:32:30 UTC 2026][INFO] [Action] E SplitContainer - 240959
[Fri Sep 04 04:32:47 UTC 2026][INFO] [Action] E SplitContainer - 241412
[Fri Sep 04 04:32:56 UTC 2026][INFO] [Action] E SplitContainer - 241539
[Fri Sep 04 04:33:03 UTC 2026][INFO] [Action] E MergeContainer - 241757,0
[Fri Sep 04 04:33:06 UTC 2026][INFO] [Action] E InsertTextContent - (c,241757,2),[SPACE]
[Fri Sep 04 04:33:15 UTC 2026][INFO] [Action] E SplitContainer - 241871
[Fri Sep 04 04:33:17 UTC 2026][INFO] [Action] E SplitContainer - 241934
[Fri Sep 04 04:33:20 UTC 2026][INFO] [Action] E SplitContainer - 241960
[Fri Sep 04 04:33:23 UTC 2026][INFO] [Action] E InsertTextContent - (c,241952,2),[SPACE]
[Fri Sep 04 04:33:24 UTC 2026][INFO] [Action] E MergeContainer - 241953,0
[Fri Sep 04 04:33:28 UTC 2026][INFO] [Action] E SplitContainer - 242020
[Fri Sep 04 04:33:34 UTC 2026][INFO] [Action] E SplitContainer - 242188
[Fri Sep 04 04:33:46 UTC 2026][INFO] [Action] E SplitContainer - 242835
[Fri Sep 04 04:33:49 UTC 2026][INFO] [Action] E SplitContainer - 242859
[Fri Sep 04 04:33:55 UTC 2026][INFO] [Action] E SplitContainer - 243067
[Fri Sep 04 04:34:00 UTC 2026][INFO] [Action] E SplitContainer - 243150
[Fri Sep 04 04:34:06 UTC 2026][INFO] [Action] E SplitContainer - 243223
[Fri Sep 04 04:34:08 UTC 2026][INFO] [Action] E SplitContainer - 243249
[Fri Sep 04 04:34:18 UTC 2026][INFO] [Action] E SplitContainer - 243444
[Fri Sep 04 04:34:25 UTC 2026][INFO] [Action] E SplitContainer - 243533
[Fri Sep 04 04:34:28 UTC 2026][INFO] [Action] E SplitContainer - 243667
[Fri Sep 04 04:35:59 UTC 2026][INFO] [Action] E UpdateStyle - (r,243888,243897),16:10.000000:2,(r,243888,243897),F
[Fri Sep 04 04:36:00 UTC 2026][INFO] [Action] E UpdateStyle - (r,243888,243897),11:Bookerly,serif:4,(r,243888,243897),F
[Fri Sep 04 04:36:02 UTC 2026][INFO] [Action] E UpdateStyle - (r,243888,243897),11:AmazonEmber,sans-serif:4,(r,243888,243897),F
[Fri Sep 04 04:36:06 UTC 2026][INFO] [Action] E UpdateStyle - (c,243887,2),49:0.250000:2,(r,243887,243887),F
[Fri Sep 04 04:36:10 UTC 2026][INFO] [Action] E UpdateStyle - (c,243897,2),49:0.250000:2,(r,243897,243897),F
[Fri Sep 04 04:36:11 UTC 2026][INFO] [Action] E UpdateStyle - (c,243897,2),49:0.500000:2,(r,243897,243897),F
[Fri Sep 04 04:36:20 UTC 2026][INFO] [Action] E UpdateStyle - (r,243888,243897),16:12.000000:2,(r,243888,243897),F
[Fri Sep 04 04:36:27 UTC 2026][INFO] [Action] E SplitContainer - 244009
[Fri Sep 04 04:36:54 UTC 2026][INFO] [Action] E SplitContainer - 243929
[Fri Sep 04 04:37:06 UTC 2026][INFO] [Action] E Cut - (r,243928,243959)
[Fri Sep 04 04:37:11 UTC 2026][INFO] [Action] E Paste - (c,243898,1),39
[Fri Sep 04 04:37:14 UTC 2026][INFO] [Action] E SplitContainer - 243930
[Fri Sep 04 04:37:17 UTC 2026][INFO] [Action] E DeleteContent - (c,243898,2),B
[Fri Sep 04 04:37:19 UTC 2026][INFO] [Action] E MergeContainer - 243898,0
[Fri Sep 04 04:37:23 UTC 2026][INFO] [Action] E InsertTextContent - (c,243958,2),[SPACE]
[Fri Sep 04 04:37:48 UTC 2026][INFO] [Action] E SplitContainer - 244472
[Fri Sep 04 04:38:45 UTC 2026][INFO] [Action] E SplitContainer - 245603
[Fri Sep 04 04:38:59 UTC 2026][INFO] [Action] E SplitContainer - 245956
[Fri Sep 04 04:39:19 UTC 2026][INFO] [Action] E UpdateStyle - (r,246289,246333),11:Bookerly,serif:4,(r,246289,246333),F
[Fri Sep 04 04:39:21 UTC 2026][INFO] [Action] E UpdateStyle - (r,246289,246333),11:AmazonEmber,sans-serif:4,(r,246289,246333),F
[Fri Sep 04 04:39:23 UTC 2026][INFO] [Action] E UpdateStyle - (r,246289,246333),16:10.000000:2,(r,246289,246333),F
[Fri Sep 04 04:39:42 UTC 2026][INFO] [Action] E SplitContainer - 247027
[Fri Sep 04 04:39:44 UTC 2026][INFO] [Action] E DeleteContent - (r,247027,247027),F
[Fri Sep 04 04:39:56 UTC 2026][INFO] [Action] E SplitContainer - 247276
[Fri Sep 04 04:39:58 UTC 2026][INFO] [Action] E InsertTextContent - (c,247304,2),[SPACE]
[Fri Sep 04 04:39:59 UTC 2026][INFO] [Action] E MergeContainer - 247305,0
[Fri Sep 04 04:40:03 UTC 2026][INFO] [Action] E SplitContainer - 247315
[Fri Sep 04 04:40:17 UTC 2026][INFO] [Action] E SplitContainer - 247103
[Fri Sep 04 04:40:19 UTC 2026][INFO] [Action] E SplitContainer - 247057
[Fri Sep 04 04:40:27 UTC 2026][INFO] [Action] E SplitContainer - 247127
[Fri Sep 04 04:40:34 UTC 2026][INFO] [Action] E InsertTextContent - (c,247395,2),[SPACE]
[Fri Sep 04 04:40:34 UTC 2026][INFO] [Action] E MergeContainer - 247396,0
[Fri Sep 04 04:40:43 UTC 2026][INFO] [Action] E InsertTextContent - (c,247748,2),[SPACE]
[Fri Sep 04 04:40:44 UTC 2026][INFO] [Action] E MergeContainer - 247749,0
[Fri Sep 04 04:40:53 UTC 2026][INFO] [Action] E InsertTextContent - (c,247785,2),[SPACE]
[Fri Sep 04 04:40:54 UTC 2026][INFO] [Action] E InsertTextContent - (c,247786,2),[]]
[Fri Sep 04 04:40:56 UTC 2026][INFO] [Action] E DeleteContent - (c,247787,2),B
[Fri Sep 04 04:40:57 UTC 2026][INFO] [Action] E MergeContainer - 247786,0
[Fri Sep 04 04:41:11 UTC 2026][INFO] [Action] E SplitContainer - 248165
[Fri Sep 04 04:41:17 UTC 2026][INFO] [Action] E UpdateStyle - (r,248192,248206),11:Bookerly,serif:4,(r,248192,248206),F
[Fri Sep 04 04:41:19 UTC 2026][INFO] [Action] E UpdateStyle - (r,248192,248206),11:AmazonEmber,sans-serif:4,(r,248192,248206),F
[Fri Sep 04 04:41:32 UTC 2026][INFO] [Action] E SplitContainer - 248943
[Fri Sep 04 04:41:42 UTC 2026][INFO] [Action] E SplitContainer - 249244
[Fri Sep 04 04:41:47 UTC 2026][INFO] [Action] E SplitContainer - 249356
[Fri Sep 04 04:41:50 UTC 2026][INFO] [Action] E SplitContainer - 249413
[Fri Sep 04 04:42:02 UTC 2026][INFO] [Action] E UpdateStyle - (r,249998,250011),11:Bookerly,serif:4,(r,249998,250011),F
[Fri Sep 04 04:42:04 UTC 2026][INFO] [Action] E UpdateStyle - (r,249998,250011),11:AmazonEmber,sans-serif:4,(r,249998,250011),F
[Fri Sep 04 04:42:10 UTC 2026][INFO] [Action] E UpdateStyle - (r,250017,250038),11:Bookerly,serif:4,(r,250017,250038),F
[Fri Sep 04 04:42:11 UTC 2026][INFO] [Action] E UpdateStyle - (r,250017,250038),11:AmazonEmber,sans-serif:4,(r,250017,250038),F
[Fri Sep 04 04:42:15 UTC 2026][INFO] [Action] E UpdateStyle - (r,250044,250054),11:Bookerly,serif:4,(r,250044,250054),F
[Fri Sep 04 04:42:17 UTC 2026][INFO] [Action] E UpdateStyle - (r,250044,250054),11:AmazonEmber,sans-serif:4,(r,250044,250054),F
[Fri Sep 04 04:42:28 UTC 2026][INFO] [Action] E SplitContainer - 250477
[Fri Sep 04 04:42:32 UTC 2026][INFO] [Action] E InsertTextContent - (c,250499,2),[SPACE]
[Fri Sep 04 04:42:33 UTC 2026][INFO] [Action] E MergeContainer - 250500,0
[Fri Sep 04 04:42:39 UTC 2026][INFO] [Action] E SplitContainer - 250670
[Fri Sep 04 04:42:44 UTC 2026][INFO] [Action] E SplitContainer - 250701
[Fri Sep 04 04:42:46 UTC 2026][INFO] [Action] E InsertTextContent - (c,250693,2),[SPACE]
[Fri Sep 04 04:42:47 UTC 2026][INFO] [Action] E MergeContainer - 250694,0
[Fri Sep 04 04:42:51 UTC 2026][INFO] [Action] E SplitContainer - 250772
[Fri Sep 04 04:43:09 UTC 2026][INFO] [Action] E SplitContainer - 251420
[Fri Sep 04 04:43:21 UTC 2026][INFO] [Action] E UpdateStyle - (c,251791,2),49:0.250000:2,(r,251791,251791),F
[Fri Sep 04 04:43:24 UTC 2026][INFO] [Action] E UpdateStyle - (c,251791,2),49:0.000000:2,(r,251791,251791),F
[Fri Sep 04 04:43:29 UTC 2026][INFO] [Action] E UpdateStyle - (c,251791,2),49:0.250000:2,(r,251791,251791),F
[Fri Sep 04 04:43:31 UTC 2026][INFO] [Action] E UpdateStyle - (c,251791,2),49:0.000000:2,(r,251791,251791),F
[Fri Sep 04 04:43:35 UTC 2026][INFO] [Action] E SplitContainer - 251792
[Fri Sep 04 04:43:42 UTC 2026][INFO] [Action] E UpdateStyle - (c,251791,2),49:0.250000:2,(r,251791,251791),F
[Fri Sep 04 04:43:51 UTC 2026][INFO] [Action] E SplitContainer - 252000
[Fri Sep 04 04:43:58 UTC 2026][INFO] [Action] E SplitContainer - 252094
[Fri Sep 04 04:44:01 UTC 2026][INFO] [Action] E SplitContainer - 252145
[Fri Sep 04 04:44:15 UTC 2026][INFO] [Action] E InsertTextContent - (c,252657,2),[SPACE]
[Fri Sep 04 04:44:17 UTC 2026][INFO] [Action] E MergeContainer - 252658,0
[Fri Sep 04 04:44:26 UTC 2026][INFO] [Action] E SplitContainer - 252760
[Fri Sep 04 04:44:32 UTC 2026][INFO] [Action] E SplitContainer - 252989
[Fri Sep 04 04:44:38 UTC 2026][INFO] [Action] E SplitContainer - 253047
[Fri Sep 04 04:44:51 UTC 2026][INFO] [Action] E InsertTextContent - (c,253163,2),[SPACE]
[Fri Sep 04 04:44:53 UTC 2026][INFO] [Action] E MergeContainer - 253164,0
[Fri Sep 04 04:45:10 UTC 2026][INFO] [Action] E InsertTextContent - (c,253082,2),[SPACE]
[Fri Sep 04 04:45:11 UTC 2026][INFO] [Action] E InsertTextContent - (c,253083,2),[f]
[Fri Sep 04 04:45:12 UTC 2026][INFO] [Action] E InsertTextContent - (c,253084,2),[o]
[Fri Sep 04 04:45:12 UTC 2026][INFO] [Action] E InsertTextContent - (c,253085,2),[r]
[Fri Sep 04 04:45:13 UTC 2026][INFO] [Action] E InsertTextContent - (c,253086,2),[SPACE]
[Fri Sep 04 04:45:13 UTC 2026][INFO] [Action] E InsertTextContent - (c,253087,2),[a]
[Fri Sep 04 04:45:14 UTC 2026][INFO] [Action] E InsertTextContent - (c,253088,2),[SPACE]
[Fri Sep 04 04:45:14 UTC 2026][INFO] [Action] E InsertTextContent - (c,253089,2),[w]
[Fri Sep 04 04:45:14 UTC 2026][INFO] [Action] E InsertTextContent - (c,253090,2),[h]
[Fri Sep 04 04:45:15 UTC 2026][INFO] [Action] E InsertTextContent - (c,253091,2),[i]
[Fri Sep 04 04:45:15 UTC 2026][INFO] [Action] E InsertTextContent - (c,253092,2),[l]
[Fri Sep 04 04:45:16 UTC 2026][INFO] [Action] E InsertTextContent - (c,253093,2),[e]
[Fri Sep 04 04:45:32 UTC 2026][INFO] [Action] E SplitContainer - 253437
[Fri Sep 04 04:46:09 UTC 2026][INFO] [Action] E SplitContainer - 254877
[Fri Sep 04 04:46:17 UTC 2026][INFO] [Action] E SplitContainer - 255311
[Fri Sep 04 04:46:19 UTC 2026][INFO] [Action] E SplitContainer - 255327
[Fri Sep 04 04:46:38 UTC 2026][INFO] [Action] E SplitContainer - 256152
[Fri Sep 04 04:46:45 UTC 2026][INFO] [Action] E SplitContainer - 256230
[Fri Sep 04 04:46:47 UTC 2026][INFO] [Action] E SplitContainer - 256254
[Fri Sep 04 04:46:54 UTC 2026][INFO] [Action] E SplitContainer - 256373
[Fri Sep 04 04:46:58 UTC 2026][INFO] [Action] E SplitContainer - 256318
[Fri Sep 04 04:47:00 UTC 2026][INFO] [Action] E InsertTextContent - (c,256342,2),[SPACE]
[Fri Sep 04 04:47:01 UTC 2026][INFO] [Action] E MergeContainer - 256343,0
[Fri Sep 04 04:47:15 UTC 2026][INFO] [Action] E SplitContainer - 256524
[Fri Sep 04 04:47:24 UTC 2026][INFO] [Action] E SplitContainer - 256891
[Fri Sep 04 04:47:27 UTC 2026][INFO] [Action] E SplitContainer - 256957
[Fri Sep 04 04:47:30 UTC 2026][INFO] [Action] E InsertTextContent - (c,256970,2),[SPACE]
[Fri Sep 04 04:47:31 UTC 2026][INFO] [Action] E MergeContainer - 256971,0
[Fri Sep 04 04:47:35 UTC 2026][INFO] [Action] E SplitContainer - 256979
[Fri Sep 04 04:47:41 UTC 2026][INFO] [Action] E SplitContainer - 257115
[Fri Sep 04 04:47:44 UTC 2026][INFO] [Action] E SplitContainer - 257194
[Fri Sep 04 04:47:46 UTC 2026][INFO] [Action] E InsertTextContent - (c,257216,2),[SPACE]
[Fri Sep 04 04:47:46 UTC 2026][INFO] [Action] E MergeContainer - 257217,0
[Fri Sep 04 04:48:00 UTC 2026][INFO] [Action] E UpdateStyle - (r,257665,257687),16:10.000000:2,(r,257665,257687),F
[Fri Sep 04 04:48:01 UTC 2026][INFO] [Action] E UpdateStyle - (r,257665,257687),11:Bookerly,serif:4,(r,257665,257687),F
[Fri Sep 04 04:48:03 UTC 2026][INFO] [Action] E UpdateStyle - (r,257665,257687),11:AmazonEmber,sans-serif:4,(r,257665,257687),F
[Fri Sep 04 04:48:08 UTC 2026][INFO] [Action] E UpdateStyle - (r,257768,257790),16:10.000000:2,(r,257768,257790),F
[Fri Sep 04 04:48:09 UTC 2026][INFO] [Action] E UpdateStyle - (r,257768,257790),11:Bookerly,serif:4,(r,257768,257790),F
[Fri Sep 04 04:48:11 UTC 2026][INFO] [Action] E UpdateStyle - (r,257768,257790),11:AmazonEmber,sans-serif:4,(r,257768,257790),F
[Fri Sep 04 04:48:16 UTC 2026][INFO] [Action] E UpdateStyle - (r,257874,257895),16:10.000000:2,(r,257874,257895),F
[Fri Sep 04 04:48:17 UTC 2026][INFO] [Action] E UpdateStyle - (r,257874,257895),11:Bookerly,serif:4,(r,257874,257895),F
[Fri Sep 04 04:48:18 UTC 2026][INFO] [Action] E UpdateStyle - (r,257874,257895),11:AmazonEmber,sans-serif:4,(r,257874,257895),F
[Fri Sep 04 04:48:24 UTC 2026][INFO] [Action] E SplitContainer - 258051
[Fri Sep 04 04:48:26 UTC 2026][INFO] [Action] E InsertTextContent - (c,258094,2),[SPACE]
[Fri Sep 04 04:48:27 UTC 2026][INFO] [Action] E MergeContainer - 258095,0
[Fri Sep 04 04:48:32 UTC 2026][INFO] [Action] E InsertTextContent - (c,258172,2),[SPACE]
[Fri Sep 04 04:48:33 UTC 2026][INFO] [Action] E MergeContainer - 258173,0
[Fri Sep 04 04:48:42 UTC 2026][INFO] [Action] E InsertTextContent - (c,258399,2),[SPACE]
[Fri Sep 04 04:48:45 UTC 2026][INFO] [Action] E MergeContainer - 258400,0
[Fri Sep 04 04:48:47 UTC 2026][INFO] [Action] E InsertTextContent - (c,258478,2),[SPACE]
[Fri Sep 04 04:48:48 UTC 2026][INFO] [Action] E MergeContainer - 258479,0
[Fri Sep 04 04:48:57 UTC 2026][INFO] [Action] E SplitContainer - 259025
[Fri Sep 04 04:49:10 UTC 2026][INFO] [Action] E SplitContainer - 259535
[Fri Sep 04 04:49:15 UTC 2026][INFO] [Action] E SplitContainer - 259638
[Fri Sep 04 04:49:18 UTC 2026][INFO] [Action] E InsertTextContent - (c,259628,2),[SPACE]
[Fri Sep 04 04:49:19 UTC 2026][INFO] [Action] E MergeContainer - 259629,0
[Fri Sep 04 04:49:40 UTC 2026][INFO] [Action] E SplitContainer - 260098
[Fri Sep 04 04:49:52 UTC 2026][INFO] [Action] E SplitContainer - 260592
[Fri Sep 04 04:50:01 UTC 2026][INFO] [Action] E SplitContainer - 260680
[Fri Sep 04 04:50:03 UTC 2026][INFO] [Action] E InsertTextContent - (c,260700,2),[SPACE]
[Fri Sep 04 04:50:03 UTC 2026][INFO] [Action] E MergeContainer - 260701,0
[Fri Sep 04 04:50:19 UTC 2026][INFO] [Action] E UpdateStyle - (r,262525,262559),11:Bookerly,serif:4,(r,262525,262559),F
[Fri Sep 04 04:50:21 UTC 2026][INFO] [Action] E UpdateStyle - (r,262525,262559),11:AmazonEmber,sans-serif:4,(r,262525,262559),F
[Fri Sep 04 04:50:28 UTC 2026][INFO] [Action] E UpdateStyle - (r,262525,262559),16:10.000000:2,(r,262525,262559),F
[Fri Sep 04 04:50:35 UTC 2026][INFO] [Action] E UpdateStyle - (r,262576,262619),16:10.000000:2,(r,262576,262619),F
[Fri Sep 04 04:50:35 UTC 2026][INFO] [Action] E UpdateStyle - (r,262576,262619),11:Bookerly,serif:4,(r,262576,262619),F
[Fri Sep 04 04:50:37 UTC 2026][INFO] [Action] E UpdateStyle - (r,262576,262619),11:AmazonEmber,sans-serif:4,(r,262576,262619),F
[Fri Sep 04 04:50:52 UTC 2026][INFO] [Action] E SplitContainer - 262394
[Fri Sep 04 04:51:06 UTC 2026][INFO] [Action] E InsertTextContent - (c,262782,2),[SPACE]
[Fri Sep 04 04:51:07 UTC 2026][INFO] [Action] E MergeContainer - 262783,0
[Fri Sep 04 04:51:14 UTC 2026][INFO] [Action] E SplitContainer - 262887
[Fri Sep 04 04:51:27 UTC 2026][INFO] [Action] E SplitContainer - 263633
[Fri Sep 04 04:51:31 UTC 2026][INFO] [Action] E InsertTextContent - (c,263648,2),[SPACE]
[Fri Sep 04 04:51:32 UTC 2026][INFO] [Action] E MergeContainer - 263649,0
[Fri Sep 04 04:51:46 UTC 2026][INFO] [Action] E SplitContainer - 264996
[Fri Sep 04 04:52:59 UTC 2026][INFO] [Action] E SaveBook - Save
[Fri Sep 04 04:53:07 UTC 2026][INFO] [Action] E InsertTextContent - (c,265418,2),[SPACE]
[Fri Sep 04 04:53:07 UTC 2026][INFO] [Action] E MergeContainer - 265419,0
[Fri Sep 04 04:53:15 UTC 2026][INFO] [Action] E InsertTextContent - (c,264978,2),[SPACE]
[Fri Sep 04 04:53:16 UTC 2026][INFO] [Action] E InsertTextContent - (c,264979,2),[SPACE]
[Fri Sep 04 04:53:16 UTC 2026][INFO] [Action] E InsertTextContent - (c,264980,2),[SPACE]
[Fri Sep 04 04:53:17 UTC 2026][INFO] [Action] E MergeContainer - 264981,0
[Fri Sep 04 04:53:33 UTC 2026][INFO] [Action] E SplitContainer - 266143
[Fri Sep 04 04:53:36 UTC 2026][INFO] [Action] E UpdateStyle - (c,266143,1),34:320:3,(r,266143,266143),F
[Fri Sep 04 04:53:40 UTC 2026][INFO] [Action] E UpdateStyle - (c,266142,2),49:0.250000:2,(r,266142,266142),F
[Fri Sep 04 04:53:43 UTC 2026][INFO] [Action] E UpdateStyle - (r,266204,266205),49:0.250000:2,(r,266204,266205),F
[Fri Sep 04 04:53:43 UTC 2026][INFO] [Action] E UpdateStyle - (r,266204,266205),49:0.500000:2,(r,266204,266205),F
[Fri Sep 04 04:53:47 UTC 2026][INFO] [Action] E UpdateStyle - (r,266204,266205),49:0.250000:2,(r,266204,266205),F
[Fri Sep 04 04:53:47 UTC 2026][INFO] [Action] E UpdateStyle - (r,266204,266205),49:0.000000:2,(r,266204,266205),F
[Fri Sep 04 04:53:51 UTC 2026][INFO] [Action] E UpdateStyle - (c,266161,2),49:0.250000:2,(r,266161,266161),F
[Fri Sep 04 04:53:52 UTC 2026][INFO] [Action] E UpdateStyle - (c,266161,2),49:0.500000:2,(r,266161,266161),F
[Fri Sep 04 04:53:59 UTC 2026][INFO] [Action] E UpdateStyle - (r,266143,266161),11:Bookerly,serif:4,(r,266143,266161),F
[Fri Sep 04 04:54:01 UTC 2026][INFO] [Action] E UpdateStyle - (r,266143,266161),11:AmazonEmber,sans-serif:4,(r,266143,266161),F
[Fri Sep 04 04:54:11 UTC 2026][INFO] [Action] E UpdateStyle - (r,266143,266156),16:10.000000:2,(r,266143,266156),F
[Fri Sep 04 04:54:16 UTC 2026][INFO] [Action] U UpdateStyle
[Fri Sep 04 04:54:20 UTC 2026][INFO] [Action] E SplitContainer - 266227
[Fri Sep 04 04:54:23 UTC 2026][INFO] [Action] E SplitContainer - 266245
[Fri Sep 04 04:54:29 UTC 2026][INFO] [Action] E UpdateStyle - (c,266244,2),49:0.250000:2,(r,266244,266244),F
[Fri Sep 04 04:54:30 UTC 2026][INFO] [Action] E UpdateStyle - (c,266244,2),49:0.500000:2,(r,266244,266244),F
[Fri Sep 04 04:54:34 UTC 2026][INFO] [Action] E UpdateStyle - (c,266226,2),49:0.250000:2,(r,266226,266226),F
[Fri Sep 04 04:54:38 UTC 2026][INFO] [Action] E UpdateStyle - (c,266227,1),34:320:3,(r,266227,266227),F
[Fri Sep 04 04:54:44 UTC 2026][INFO] [Action] E UpdateStyle - (r,266227,266244),11:Bookerly,serif:4,(r,266227,266244),F
[Fri Sep 04 04:54:46 UTC 2026][INFO] [Action] E UpdateStyle - (r,266227,266244),11:AmazonEmber,sans-serif:4,(r,266227,266244),F
[Fri Sep 04 04:55:01 UTC 2026][INFO] [Action] E SplitContainer - 266822
[Fri Sep 04 04:55:05 UTC 2026][INFO] [Action] E UpdateStyle - (c,266821,2),49:0.250000:2,(r,266821,266821),F
[Fri Sep 04 04:55:10 UTC 2026][INFO] [Action] E UpdateStyle - (c,266847,2),49:0.250000:2,(r,266847,266847),F
[Fri Sep 04 04:55:10 UTC 2026][INFO] [Action] E UpdateStyle - (c,266847,2),49:0.500000:2,(r,266847,266847),F
[Fri Sep 04 04:55:15 UTC 2026][INFO] [Action] E UpdateStyle - (r,266822,266847),11:Bookerly,serif:4,(r,266822,266847),F
[Fri Sep 04 04:55:16 UTC 2026][INFO] [Action] E UpdateStyle - (r,266822,266847),11:AmazonEmber,sans-serif:4,(r,266822,266847),F
[Fri Sep 04 04:55:18 UTC 2026][INFO] [Action] E UpdateStyle - (r,266822,266847),34:320:3,(r,266822,266847),F
[Fri Sep 04 04:55:25 UTC 2026][INFO] [Action] E UpdateStyle - (r,266822,266847),16:10.000000:2,(r,266822,266847),F
[Fri Sep 04 04:55:35 UTC 2026][INFO] [Action] E SplitContainer - 267648
[Fri Sep 04 04:55:41 UTC 2026][INFO] [Action] E SplitContainer - 267638
[Fri Sep 04 04:55:46 UTC 2026][INFO] [Action] E UpdateStyle - (c,267648,1),34:320:3,(r,267648,267648),F
[Fri Sep 04 04:55:48 UTC 2026][INFO] [Action] E UpdateStyle - (c,267648,1),34:320:3,(r,267648,267648),F
[Fri Sep 04 04:55:56 UTC 2026][INFO] [Action] E UpdateStyle - (r,267648,267670),11:Bookerly,serif:4,(r,267648,267670),F
[Fri Sep 04 04:55:58 UTC 2026][INFO] [Action] E UpdateStyle - (r,267648,267670),11:AmazonEmber,sans-serif:4,(r,267648,267670),F
[Fri Sep 04 04:56:05 UTC 2026][INFO] [Action] E UpdateStyle - (r,267648,267670),16:10.000000:2,(r,267648,267670),F
[Fri Sep 04 04:56:13 UTC 2026][INFO] [Action] E SplitContainer - 267688
[Fri Sep 04 04:56:16 UTC 2026][INFO] [Action] E SplitContainer - 267708
[Fri Sep 04 04:56:20 UTC 2026][INFO] [Action] E SplitContainer - 267795
[Fri Sep 04 04:56:33 UTC 2026][INFO] [Action] E SplitContainer - 268392
[Fri Sep 04 04:56:51 UTC 2026][INFO] [Action] E SplitContainer - 268837
[Fri Sep 04 04:57:08 UTC 2026][INFO] [Action] E InsertTextContent - (c,269491,2),[SPACE]
[Fri Sep 04 04:57:09 UTC 2026][INFO] [Action] E MergeContainer - 269492,0
[Fri Sep 04 04:57:16 UTC 2026][INFO] [Action] E InsertTextContent - (c,269757,2),[SPACE]
[Fri Sep 04 04:57:17 UTC 2026][INFO] [Action] E MergeContainer - 269758,0
[Fri Sep 04 04:57:23 UTC 2026][INFO] [Action] E UpdateStyle - (c,269895,2),49:0.250000:2,(r,269895,269895),F
[Fri Sep 04 04:57:27 UTC 2026][INFO] [Action] E UpdateStyle - (c,269933,2),49:0.250000:2,(r,269933,269933),F
[Fri Sep 04 04:57:28 UTC 2026][INFO] [Action] E UpdateStyle - (c,269933,2),49:0.500000:2,(r,269933,269933),F
[Fri Sep 04 04:57:33 UTC 2026][INFO] [Action] E UpdateStyle - (r,269896,269933),16:10.000000:2,(r,269896,269933),F
[Fri Sep 04 04:57:35 UTC 2026][INFO] [Action] E UpdateStyle - (r,269896,269933),11:Bookerly,serif:4,(r,269896,269933),F
[Fri Sep 04 04:57:36 UTC 2026][INFO] [Action] E UpdateStyle - (r,269896,269933),11:AmazonEmber,sans-serif:4,(r,269896,269933),F
[Fri Sep 04 04:57:45 UTC 2026][INFO] [Action] E DeleteContent - (c,269910,2),B
[Fri Sep 04 04:57:56 UTC 2026][INFO] [Action] E UpdateStyle - (r,270250,270259),12:382:3,(r,270250,270259),F
[Fri Sep 04 04:58:11 UTC 2026][INFO] [Action] E SplitContainer - 270476
[Fri Sep 04 04:58:24 UTC 2026][INFO] [Action] E SplitContainer - 270685
[Fri Sep 04 04:58:35 UTC 2026][INFO] [Action] E SplitContainer - 271089
[Fri Sep 04 04:58:41 UTC 2026][INFO] [Action] E UpdateStyle - (r,271098,271120),16:10.000000:2,(r,271098,271120),F
[Fri Sep 04 04:58:47 UTC 2026][INFO] [Action] E UpdateStyle - (r,271126,271144),16:10.000000:2,(r,271126,271144),F
[Fri Sep 04 04:58:52 UTC 2026][INFO] [Action] E UpdateStyle - (r,271150,271169),16:10.000000:2,(r,271150,271169),F
[Fri Sep 04 04:58:53 UTC 2026][INFO] [Action] E UpdateStyle - (r,271150,271169),11:Bookerly,serif:4,(r,271150,271169),F
[Fri Sep 04 04:58:54 UTC 2026][INFO] [Action] E UpdateStyle - (r,271150,271169),11:AmazonEmber,sans-serif:4,(r,271150,271169),F
[Fri Sep 04 04:58:58 UTC 2026][INFO] [Action] E UpdateStyle - (r,271126,271144),11:Bookerly,serif:4,(r,271126,271144),F
[Fri Sep 04 04:59:00 UTC 2026][INFO] [Action] E UpdateStyle - (r,271126,271144),11:AmazonEmber,sans-serif:4,(r,271126,271144),F
[Fri Sep 04 04:59:05 UTC 2026][INFO] [Action] E UpdateStyle - (r,271098,271120),11:Bookerly,serif:4,(r,271098,271120),F
[Fri Sep 04 04:59:07 UTC 2026][INFO] [Action] E UpdateStyle - (r,271098,271120),11:AmazonEmber,sans-serif:4,(r,271098,271120),F
[Fri Sep 04 04:59:10 UTC 2026][INFO] [Action] E DeleteContent - (c,271120,2),B
[Fri Sep 04 04:59:12 UTC 2026][INFO] [Action] E DeleteContent - (c,271143,2),B
[Fri Sep 04 04:59:13 UTC 2026][INFO] [Action] E DeleteContent - (c,271167,2),B
[Fri Sep 04 04:59:14 UTC 2026][INFO] [Action] E DeleteContent - (r,271199,271244),B
[Fri Sep 04 04:59:17 UTC 2026][INFO] [Action] U DeleteContent
[Fri Sep 04 04:59:21 UTC 2026][INFO] [Action] E AddTextContainer - (c,271199,2),0,0,0
[Fri Sep 04 04:59:22 UTC 2026][INFO] [Action] E DeleteContent - (c,271199,2),B
[Fri Sep 04 04:59:27 UTC 2026][INFO] [Action] E UpdateStyle - (r,271172,271198),16:10.000000:2,(r,271172,271198),F
[Fri Sep 04 04:59:28 UTC 2026][INFO] [Action] E UpdateStyle - (r,271172,271198),11:Bookerly,serif:4,(r,271172,271198),F
[Fri Sep 04 04:59:30 UTC 2026][INFO] [Action] E UpdateStyle - (r,271172,271198),11:AmazonEmber,sans-serif:4,(r,271172,271198),F
[Fri Sep 04 04:59:38 UTC 2026][INFO] [Action] E SplitContainer - 271354
[Fri Sep 04 04:59:54 UTC 2026][INFO] [Action] E InsertTextContent - (c,271634,2),[SPACE]
[Fri Sep 04 04:59:55 UTC 2026][INFO] [Action] E MergeContainer - 271635,0
[Fri Sep 04 04:59:57 UTC 2026][INFO] [Action] E InsertTextContent - (c,271586,2),[SPACE]
[Fri Sep 04 04:59:58 UTC 2026][INFO] [Action] E MergeContainer - 271587,0
[Fri Sep 04 05:00:08 UTC 2026][INFO] [Action] E InsertTextContent - (c,271812,2),[SPACE]
[Fri Sep 04 05:00:10 UTC 2026][INFO] [Action] E MergeContainer - 271813,0
[Fri Sep 04 05:00:18 UTC 2026][INFO] [Action] E UpdateStyle - (c,271844,2),49:0.250000:2,(r,271844,271844),F
[Fri Sep 04 05:00:25 UTC 2026][INFO] [Action] E SplitContainer - 271965
[Fri Sep 04 05:00:29 UTC 2026][INFO] [Action] E InsertTextContent - (c,272034,2),[SPACE]
[Fri Sep 04 05:00:30 UTC 2026][INFO] [Action] E MergeContainer - 272035,0
[Fri Sep 04 05:00:33 UTC 2026][INFO] [Action] E SplitContainer - 272047
[Fri Sep 04 05:00:39 UTC 2026][INFO] [Action] E InsertTextContent - (c,272116,2),[SPACE]
[Fri Sep 04 05:00:40 UTC 2026][INFO] [Action] E MergeContainer - 272117,0
[Fri Sep 04 05:00:47 UTC 2026][INFO] [Action] E SplitContainer - 272334
[Fri Sep 04 05:01:02 UTC 2026][INFO] [Action] E UpdateStyle - (r,272626,272660),16:10.000000:2,(r,272626,272660),F
[Fri Sep 04 05:01:03 UTC 2026][INFO] [Action] E UpdateStyle - (r,272626,272660),11:Bookerly,serif:4,(r,272626,272660),F
[Fri Sep 04 05:01:05 UTC 2026][INFO] [Action] E UpdateStyle - (r,272626,272660),11:AmazonEmber,sans-serif:4,(r,272626,272660),F
[Fri Sep 04 05:01:10 UTC 2026][INFO] [Action] E UpdateStyle - (r,272670,272694),16:10.000000:2,(r,272670,272694),F
[Fri Sep 04 05:01:11 UTC 2026][INFO] [Action] E UpdateStyle - (r,272670,272694),11:Bookerly,serif:4,(r,272670,272694),F
[Fri Sep 04 05:01:13 UTC 2026][INFO] [Action] E UpdateStyle - (r,272670,272694),11:AmazonEmber,sans-serif:4,(r,272670,272694),F
[Fri Sep 04 05:01:21 UTC 2026][INFO] [Action] E UpdateStyle - (c,272694,2),49:0.250000:2,(r,272694,272694),F
[Fri Sep 04 05:01:21 UTC 2026][INFO] [Action] E UpdateStyle - (c,272694,2),49:0.500000:2,(r,272694,272694),F
[Fri Sep 04 05:01:25 UTC 2026][INFO] [Action] E DeleteContent - (c,272660,2),B
[Fri Sep 04 05:01:26 UTC 2026][INFO] [Action] E DeleteContent - (c,272693,2),B
[Fri Sep 04 05:01:33 UTC 2026][INFO] [Action] E SaveBook - Save
[Fri Sep 04 05:04:55 UTC 2026][INFO] [Action] E SplitContainer - 273346
[Fri Sep 04 05:04:59 UTC 2026][INFO] [Action] E SplitContainer - 273311
[Fri Sep 04 05:05:08 UTC 2026][INFO] [Action] E SplitContainer - 273025
[Fri Sep 04 05:05:26 UTC 2026][INFO] [Action] E SplitContainer - 273920
[Fri Sep 04 05:05:49 UTC 2026][INFO] [Action] E SplitContainer - 274311
[Fri Sep 04 05:05:53 UTC 2026][INFO] [Action] E SplitContainer - 274164
[Fri Sep 04 05:05:57 UTC 2026][INFO] [Action] E SplitContainer - 274214
[Fri Sep 04 05:06:07 UTC 2026][INFO] [Action] E SplitContainer - 274356
[Fri Sep 04 05:06:09 UTC 2026][INFO] [Action] E InsertTextContent - (c,274380,2),[SPACE]
[Fri Sep 04 05:06:10 UTC 2026][INFO] [Action] E MergeContainer - 274381,0
[Fri Sep 04 05:06:41 UTC 2026][INFO] [Action] E UpdateStyle - (c,275570,2),49:0.250000:2,(r,275570,275570),F
[Fri Sep 04 05:06:46 UTC 2026][INFO] [Action] E UpdateStyle - (c,275279,2),49:0.250000:2,(r,275279,275279),F
[Fri Sep 04 05:06:53 UTC 2026][INFO] [Action] E UpdateStyle - (c,274773,2),49:0.250000:2,(r,274773,274773),F
[Fri Sep 04 05:06:57 UTC 2026][INFO] [Action] E MergeContainer - 274533,1
[Fri Sep 04 05:07:02 UTC 2026][INFO] [Action] E UpdateStyle - (c,274532,2),49:0.250000:2,(r,274532,274532),F
[Fri Sep 04 05:07:03 UTC 2026][INFO] [Action] E UpdateStyle - (c,274532,2),49:0.500000:2,(r,274532,274532),F
[Fri Sep 04 05:07:09 UTC 2026][INFO] [Action] E UpdateStyle - (r,274435,274447),47:0.500000:2,(r,274435,274447),F
[Fri Sep 04 05:07:25 UTC 2026][INFO] [Action] E SplitContainer - 276191
[Fri Sep 04 05:07:28 UTC 2026][INFO] [Action] E SplitContainer - 276221
[Fri Sep 04 05:07:39 UTC 2026][INFO] [Action] E SplitContainer - 276633
[Fri Sep 04 05:07:44 UTC 2026][INFO] [Action] E SplitContainer - 276762
[Fri Sep 04 05:07:47 UTC 2026][INFO] [Action] E SplitContainer - 276865
[Fri Sep 04 05:07:49 UTC 2026][INFO] [Action] E DeleteContent - (r,276865,276865),F
[Fri Sep 04 05:07:52 UTC 2026][INFO] [Action] E SplitContainer - 276939
[Fri Sep 04 05:07:57 UTC 2026][INFO] [Action] E SplitContainer - 277184
[Fri Sep 04 05:08:13 UTC 2026][INFO] [Action] E UpdateStyle - (r,277752,277785),11:Bookerly,serif:4,(r,277752,277785),F
[Fri Sep 04 05:08:15 UTC 2026][INFO] [Action] E UpdateStyle - (r,277752,277785),11:AmazonEmber,sans-serif:4,(r,277752,277785),F
[Fri Sep 04 05:08:20 UTC 2026][INFO] [Action] E UpdateStyle - (r,277824,277853),11:Bookerly,serif:4,(r,277824,277853),F
[Fri Sep 04 05:08:22 UTC 2026][INFO] [Action] E UpdateStyle - (r,277824,277853),11:AmazonEmber,sans-serif:4,(r,277824,277853),F
[Fri Sep 04 05:08:26 UTC 2026][INFO] [Action] E UpdateStyle - (r,278011,278063),11:Bookerly,serif:4,(r,278011,278063),F
[Fri Sep 04 05:08:28 UTC 2026][INFO] [Action] E UpdateStyle - (r,278011,278063),11:AmazonEmber,sans-serif:4,(r,278011,278063),F
[Fri Sep 04 05:08:40 UTC 2026][INFO] [Action] E UpdateStyle - (r,278234,278285),11:Bookerly,serif:4,(r,278234,278285),F
[Fri Sep 04 05:08:41 UTC 2026][INFO] [Action] E UpdateStyle - (r,278234,278285),11:AmazonEmber,sans-serif:4,(r,278234,278285),F
[Fri Sep 04 05:08:48 UTC 2026][INFO] [Action] E UpdateStyle - (c,277451,2),49:0.250000:2,(r,277451,277451),F
[Fri Sep 04 05:08:53 UTC 2026][INFO] [Action] E SplitContainer - 277613
[Fri Sep 04 05:09:06 UTC 2026][INFO] [Action] E UpdateStyle - (r,278560,278569),11:Bookerly,serif:4,(r,278560,278569),F
[Fri Sep 04 05:09:08 UTC 2026][INFO] [Action] E UpdateStyle - (r,278560,278569),11:AmazonEmber,sans-serif:4,(r,278560,278569),F
[Fri Sep 04 05:09:11 UTC 2026][INFO] [Action] E SplitContainer - 278765
[Fri Sep 04 05:09:21 UTC 2026][INFO] [Action] E SplitContainer - 278936
[Fri Sep 04 05:09:27 UTC 2026][INFO] [Action] E SplitContainer - 278949
[Fri Sep 04 05:09:30 UTC 2026][INFO] [Action] E MergeContainer - 278941,0
[Fri Sep 04 05:09:30 UTC 2026][INFO] [Action] E InsertTextContent - (c,278941,2),[SPACE]
[Fri Sep 04 05:09:37 UTC 2026][INFO] [Action] E Copy - (r,278941,278949)
[Fri Sep 04 05:09:40 UTC 2026][INFO] [Action] E Paste - (c,278949,2),9
[Fri Sep 04 05:09:43 UTC 2026][INFO] [Action] E DeleteContent - (c,278950,2),B
[Fri Sep 04 05:09:44 UTC 2026][INFO] [Action] E DeleteContent - (c,278950,1),B
[Fri Sep 04 05:09:57 UTC 2026][INFO] [Action] E SplitContainer - 279158
[Fri Sep 04 05:10:05 UTC 2026][INFO] [Action] E SplitContainer - 279330
[Fri Sep 04 05:10:09 UTC 2026][INFO] [Action] E SplitContainer - 279364
[Fri Sep 04 05:10:13 UTC 2026][INFO] [Action] E SplitContainer - 279428
[Fri Sep 04 05:10:22 UTC 2026][INFO] [Action] E SplitContainer - 279569
[Fri Sep 04 05:10:32 UTC 2026][INFO] [Action] E SplitContainer - 279673
[Fri Sep 04 05:10:33 UTC 2026][INFO] [Action] E AddTextContainer - (c,279673,1),1,0,0
[Fri Sep 04 05:11:01 UTC 2026][INFO] [Action] E SplitContainer - 280014
[Fri Sep 04 05:11:07 UTC 2026][INFO] [Action] E UpdateStyle - (c,280013,2),49:0.250000:2,(r,280013,280013),F
[Fri Sep 04 05:11:46 UTC 2026][INFO] [Action] E MergeContainer - 279661,1
[Fri Sep 04 05:11:49 UTC 2026][INFO] [Action] E AddTextContainer - (c,279672,1),1,0,0
[Fri Sep 04 05:12:02 UTC 2026][INFO] [Action] E SplitContainer - 280704
[Fri Sep 04 05:12:07 UTC 2026][INFO] [Action] E UpdateStyle - (c,280704,1),47:0.500000:2,(r,280704,280704),F
[Fri Sep 04 05:12:08 UTC 2026][INFO] [Action] E UpdateStyle - (c,280704,1),47:0.250000:2,(r,280704,280704),F
[Fri Sep 04 05:12:08 UTC 2026][INFO] [Action] E UpdateStyle - (c,280704,1),47:0.000000:2,(r,280704,280704),F
[Fri Sep 04 05:12:14 UTC 2026][INFO] [Action] E UpdateStyle - (c,280703,2),49:0.000000:2,(r,280703,280703),F
[Fri Sep 04 05:12:35 UTC 2026][INFO] [Action] E UpdateStyle - (r,281859,281892),13:350:3,(r,281859,281892),F
[Fri Sep 04 05:12:38 UTC 2026][INFO] [Action] E UpdateStyle - (r,281859,281892),16:14.000000:2,(r,281859,281892),F
[Fri Sep 04 05:12:48 UTC 2026][INFO] [Action] E SplitContainer - 282491
[Fri Sep 04 05:13:03 UTC 2026][INFO] [Action] E SplitContainer - 283085
[Fri Sep 04 05:13:29 UTC 2026][INFO] [Action] E UpdateStyle - (c,284610,2),34:320:3,(r,284610,284610),F
[Fri Sep 04 05:13:43 UTC 2026][INFO] [Action] E UpdateStyle - (c,285430,2),49:0.250000:2,(r,285430,285430),F
[Fri Sep 04 05:13:49 UTC 2026][INFO] [Action] E UpdateStyle - (c,285104,2),49:0.250000:2,(r,285104,285104),F
[Fri Sep 04 05:14:02 UTC 2026][INFO] [Action] E SplitContainer - 285184
[Fri Sep 04 05:14:13 UTC 2026][INFO] [Action] E SplitContainer - 284685
[Fri Sep 04 05:14:20 UTC 2026][INFO] [Action] E SplitContainer - 284902
[Fri Sep 04 05:14:26 UTC 2026][INFO] [Action] E SplitContainer - 285060
[Fri Sep 04 05:14:36 UTC 2026][INFO] [Action] E SplitContainer - 285536
[Fri Sep 04 05:14:42 UTC 2026][INFO] [Action] E SplitContainer - 285718
[Fri Sep 04 05:14:50 UTC 2026][INFO] [Action] E UpdateStyle - (r,285822,285823),12:382:3,(r,285822,285823),F
[Fri Sep 04 05:14:52 UTC 2026][INFO] [Action] E UpdateStyle - (r,285822,285823),12:350:3,(r,285822,285823),F
[Fri Sep 04 05:14:56 UTC 2026][INFO] [Action] E UpdateStyle - (r,285822,285823),16:10.000000:2,(r,285822,285823),F
[Fri Sep 04 05:15:05 UTC 2026][INFO] [Action] E UpdateStyle - (r,285822,285823),16:12.000000:2,(r,285822,285823),F
[Fri Sep 04 05:15:15 UTC 2026][INFO] [Action] E SplitContainer - 286147
[Fri Sep 04 05:15:23 UTC 2026][INFO] [Action] E SplitContainer - 286490
[Fri Sep 04 05:15:29 UTC 2026][INFO] [Action] E UpdateStyle - (c,286489,2),49:0.250000:2,(r,286489,286489),F
[Fri Sep 04 05:15:38 UTC 2026][INFO] [Action] E UpdateStyle - (c,286146,2),49:0.250000:2,(r,286146,286146),F
[Fri Sep 04 05:15:42 UTC 2026][INFO] [Action] E UpdateStyle - (c,285930,2),49:0.250000:2,(r,285930,285930),F
[Fri Sep 04 05:15:49 UTC 2026][INFO] [Action] E UpdateStyle - (c,285717,2),49:0.250000:2,(r,285717,285717),F
[Fri Sep 04 05:15:55 UTC 2026][INFO] [Action] E UpdateStyle - (c,285535,2),49:0.250000:2,(r,285535,285535),F
[Fri Sep 04 05:16:13 UTC 2026][INFO] [Action] E SplitContainer - 288738
[Fri Sep 04 05:16:14 UTC 2026][INFO] [Action] E AddTextContainer - (c,288738,1),1,0,0
[Fri Sep 04 05:16:17 UTC 2026][INFO] [Action] E AddTextContainer - (c,289042,2),0,0,0
[Fri Sep 04 05:16:23 UTC 2026][INFO] [Action] U AddTextContainer
[Fri Sep 04 05:16:24 UTC 2026][INFO] [Action] U AddTextContainer
[Fri Sep 04 05:16:28 UTC 2026][INFO] [Action] E UpdateStyle - (c,288738,1),47:0.250000:2,(r,288738,288738),F
[Fri Sep 04 05:16:28 UTC 2026][INFO] [Action] E UpdateStyle - (c,288738,1),47:0.500000:2,(r,288738,288738),F
[Fri Sep 04 05:16:29 UTC 2026][INFO] [Action] E UpdateStyle - (c,288738,1),47:0.750000:2,(r,288738,288738),F
[Fri Sep 04 05:16:31 UTC 2026][INFO] [Action] E UpdateStyle - (c,288738,1),47:0.500000:2,(r,288738,288738),F
[Fri Sep 04 05:16:36 UTC 2026][INFO] [Action] E UpdateStyle - (c,289041,2),49:0.250000:2,(r,289041,289041),F
[Fri Sep 04 05:16:37 UTC 2026][INFO] [Action] E UpdateStyle - (c,289041,2),49:0.500000:2,(r,289041,289041),F
[Fri Sep 04 05:16:43 UTC 2026][INFO] [Action] E UpdateStyle - (c,289318,2),49:0.250000:2,(r,289318,289318),F
[Fri Sep 04 05:16:44 UTC 2026][INFO] [Action] E UpdateStyle - (c,289318,2),49:0.500000:2,(r,289318,289318),F
[Fri Sep 04 05:16:50 UTC 2026][INFO] [Action] E UpdateStyle - (c,289434,2),49:0.250000:2,(r,289434,289434),F
[Fri Sep 04 05:16:51 UTC 2026][INFO] [Action] E UpdateStyle - (c,289434,2),49:0.500000:2,(r,289434,289434),F
[Fri Sep 04 05:16:55 UTC 2026][INFO] [Action] E UpdateStyle - (r,289516,289524),49:0.250000:2,(r,289516,289524),F
[Fri Sep 04 05:16:56 UTC 2026][INFO] [Action] E UpdateStyle - (r,289516,289524),49:0.500000:2,(r,289516,289524),F
[Fri Sep 04 05:17:02 UTC 2026][INFO] [Action] E UpdateStyle - (c,289729,2),49:0.250000:2,(r,289729,289729),F
[Fri Sep 04 05:17:13 UTC 2026][INFO] [Action] E SplitContainer - 289412
[Fri Sep 04 05:17:14 UTC 2026][INFO] [Action] E SplitContainer - 289354
[Fri Sep 04 05:17:30 UTC 2026][INFO] [Action] E UpdateStyle - (c,289411,2),49:0.250000:2,(r,289411,289411),F
[Fri Sep 04 05:17:31 UTC 2026][INFO] [Action] E UpdateStyle - (c,289411,2),49:0.000000:2,(r,289411,289411),F
[Fri Sep 04 05:17:39 UTC 2026][INFO] [Action] E SplitContainer - 289526
[Fri Sep 04 05:17:45 UTC 2026][INFO] [Action] E UpdateStyle - (c,289525,2),49:0.250000:2,(r,289525,289525),F
[Fri Sep 04 05:17:46 UTC 2026][INFO] [Action] E UpdateStyle - (c,289525,2),49:0.000000:2,(r,289525,289525),F
[Fri Sep 04 05:17:58 UTC 2026][INFO] [Action] E SplitContainer - 289661
[Fri Sep 04 05:18:11 UTC 2026][INFO] [Action] E UpdateStyle - (r,289611,289613),49:0.000000:2,(r,289611,289613),F
[Fri Sep 04 05:18:17 UTC 2026][INFO] [Action] E UpdateStyle - (c,289353,2),49:0.250000:2,(r,289353,289353),F
[Fri Sep 04 05:18:22 UTC 2026][INFO] [Action] E UpdateStyle - (c,289434,2),49:0.250000:2,(r,289434,289434),F
[Fri Sep 04 05:18:28 UTC 2026][INFO] [Action] E UpdateStyle - (r,288985,288994),49:0.250000:2,(r,288985,288994),F
[Fri Sep 04 05:18:42 UTC 2026][INFO] [Action] E UpdateStyle - (r,288755,288763),47:0.250000:2,(r,288755,288763),F
[Fri Sep 04 05:18:47 UTC 2026][INFO] [Action] E UpdateStyle - (r,288641,288641),49:1.000000:2,(r,288641,288641),F
[Fri Sep 04 05:18:48 UTC 2026][INFO] [Action] E UpdateStyle - (r,288641,288641),49:1.250000:2,(r,288641,288641),F
[Fri Sep 04 05:19:00 UTC 2026][INFO] [Action] E UpdateStyle - (c,289411,2),49:0.250000:2,(r,289411,289411),F
[Fri Sep 04 05:19:07 UTC 2026][INFO] [Action] E UpdateStyle - (c,289434,2),49:0.000000:2,(r,289434,289434),F
[Fri Sep 04 05:19:19 UTC 2026][INFO] [Action] E SplitContainer - 289588
[Fri Sep 04 05:19:23 UTC 2026][INFO] [Action] E SplitContainer - 289625
[Fri Sep 04 05:19:27 UTC 2026][INFO] [Action] E InsertTextContent - (r,289625,289625),[S]
[Fri Sep 04 05:19:43 UTC 2026][INFO] [Action] E SplitContainer - 289968
[Fri Sep 04 05:19:46 UTC 2026][INFO] [Action] E UpdateStyle - (c,289968,1),47:0.500000:2,(r,289968,289968),F
[Fri Sep 04 05:19:46 UTC 2026][INFO] [Action] E UpdateStyle - (c,289968,1),47:0.250000:2,(r,289968,289968),F
[Fri Sep 04 05:19:46 UTC 2026][INFO] [Action] E UpdateStyle - (c,289968,1),47:0.000000:2,(r,289968,289968),F
[Fri Sep 04 05:19:58 UTC 2026][INFO] [Action] E UpdateStyle - (r,290550,290550),49:0.250000:2,(r,290550,290550),F
[Fri Sep 04 05:20:02 UTC 2026][INFO] [Action] E UpdateStyle - (r,290456,290461),49:0.250000:2,(r,290456,290461),F
[Fri Sep 04 05:20:11 UTC 2026][INFO] [Action] E UpdateStyle - (c,290698,2),49:0.000000:2,(r,290698,290698),F
[Fri Sep 04 05:20:13 UTC 2026][INFO] [Action] E SplitContainer - 290677
[Fri Sep 04 05:20:21 UTC 2026][INFO] [Action] E InsertTextContent - (c,290727,2),[SPACE]
[Fri Sep 04 05:20:35 UTC 2026][INFO] [Action] E SplitContainer - 290869
[Fri Sep 04 05:20:39 UTC 2026][INFO] [Action] E SplitContainer - 290906
[Fri Sep 04 05:20:48 UTC 2026][INFO] [Action] E InsertTextContent - (r,290987,290987),[A]
[Fri Sep 04 05:20:55 UTC 2026][INFO] [Action] E SplitContainer - 291161
[Fri Sep 04 05:20:59 UTC 2026][INFO] [Action] E SplitContainer - 291258
[Fri Sep 04 05:21:10 UTC 2026][INFO] [Action] E UpdateStyle - (r,291477,291536),48:3.000000:2,(r,291477,291536),F
[Fri Sep 04 05:21:10 UTC 2026][INFO] [Action] E UpdateStyle - (r,291477,291536),48:2.000000:2,(r,291477,291536),F
[Fri Sep 04 05:21:10 UTC 2026][INFO] [Action] E UpdateStyle - (r,291477,291536),48:1.000000:2,(r,291477,291536),F
[Fri Sep 04 05:21:10 UTC 2026][INFO] [Action] E UpdateStyle - (r,291477,291536),48:0.000000:2,(r,291477,291536),F
[Fri Sep 04 05:21:14 UTC 2026][INFO] [Action] E UpdateStyle - (r,291477,291536),36:5.000000:2,(r,291477,291536),F
[Fri Sep 04 05:21:14 UTC 2026][INFO] [Action] E UpdateStyle - (r,291477,291536),36:4.000000:2,(r,291477,291536),F
[Fri Sep 04 05:21:15 UTC 2026][INFO] [Action] E UpdateStyle - (r,291477,291536),36:3.000000:2,(r,291477,291536),F
[Fri Sep 04 05:21:15 UTC 2026][INFO] [Action] E UpdateStyle - (r,291477,291536),36:2.000000:2,(r,291477,291536),F
[Fri Sep 04 05:21:15 UTC 2026][INFO] [Action] E UpdateStyle - (r,291477,291536),36:1.000000:2,(r,291477,291536),F
[Fri Sep 04 05:21:16 UTC 2026][INFO] [Action] E UpdateStyle - (r,291477,291536),36:0.000000:2,(r,291477,291536),F
[Fri Sep 04 05:21:23 UTC 2026][INFO] [Action] E SplitContainer - 291667
[Fri Sep 04 05:21:36 UTC 2026][INFO] [Action] E UpdateStyle - (r,291970,291970),49:0.250000:2,(r,291970,291970),F
[Fri Sep 04 05:21:37 UTC 2026][INFO] [Action] E UpdateStyle - (r,291970,291970),49:0.500000:2,(r,291970,291970),F
[Fri Sep 04 05:21:46 UTC 2026][INFO] [Action] E UpdateStyle - (r,291734,291739),49:0.250000:2,(r,291734,291739),F
[Fri Sep 04 05:21:53 UTC 2026][INFO] [Action] E UpdateStyle - (c,291950,2),49:0.250000:2,(r,291950,291950),F
[Fri Sep 04 05:22:00 UTC 2026][INFO] [Action] E UpdateStyle - (c,292011,2),49:0.250000:2,(r,292011,292011),F
[Fri Sep 04 05:22:00 UTC 2026][INFO] [Action] E UpdateStyle - (c,292011,2),49:0.000000:2,(r,292011,292011),F
[Fri Sep 04 05:22:13 UTC 2026][INFO] [Action] E SplitContainer - 292135
[Fri Sep 04 05:22:15 UTC 2026][INFO] [Action] E SplitContainer - 292042
[Fri Sep 04 05:22:23 UTC 2026][INFO] [Action] E SplitContainer - 292484
[Fri Sep 04 05:22:25 UTC 2026][INFO] [Action] E SplitContainer - 292505
[Fri Sep 04 05:22:31 UTC 2026][INFO] [Action] E SplitContainer - 292251
[Fri Sep 04 05:22:34 UTC 2026][INFO] [Action] E SplitContainer - 291874
[Fri Sep 04 05:22:41 UTC 2026][INFO] [Action] E UpdateStyle - (c,291950,2),49:0.000000:2,(r,291950,291950),F
[Fri Sep 04 05:22:48 UTC 2026][INFO] [Action] E SplitContainer - 291834
[Fri Sep 04 05:22:54 UTC 2026][INFO] [Action] E UpdateStyle - (c,291833,2),49:0.000000:2,(r,291833,291833),F
[Fri Sep 04 05:23:09 UTC 2026][INFO] [Action] E UpdateStyle - (c,292349,2),49:0.250000:2,(r,292349,292349),F
[Fri Sep 04 05:23:10 UTC 2026][INFO] [Action] E UpdateStyle - (c,292349,2),49:0.500000:2,(r,292349,292349),F
[Fri Sep 04 05:23:20 UTC 2026][INFO] [Action] E AddTextContainer - (c,292587,2),0,0,0
[Fri Sep 04 05:23:22 UTC 2026][INFO] [Action] E AddTextContainer - (c,292588,1),1,0,0
[Fri Sep 04 05:23:46 UTC 2026][INFO] [Action] E UpdateStyle - (r,293167,293167),49:0.250000:2,(r,293167,293167),F
[Fri Sep 04 05:23:51 UTC 2026][INFO] [Action] E SplitContainer - 293122
[Fri Sep 04 05:23:57 UTC 2026][INFO] [Action] E SplitContainer - 293292
[Fri Sep 04 05:24:03 UTC 2026][INFO] [Action] E UpdateStyle - (c,293291,2),49:0.000000:2,(r,293291,293291),F
[Fri Sep 04 05:24:10 UTC 2026][INFO] [Action] E UpdateStyle - (c,293144,2),49:0.250000:2,(r,293144,293144),F
[Fri Sep 04 05:24:17 UTC 2026][INFO] [Action] E SplitContainer - 293520
[Fri Sep 04 05:24:23 UTC 2026][INFO] [Action] E SplitContainer - 293587
[Fri Sep 04 05:24:28 UTC 2026][INFO] [Action] E UpdateStyle - (c,293710,2),49:0.250000:2,(r,293710,293710),F
[Fri Sep 04 05:24:33 UTC 2026][INFO] [Action] E SplitContainer - 293797
[Fri Sep 04 05:24:35 UTC 2026][INFO] [Action] E SplitContainer - 293889
[Fri Sep 04 05:24:40 UTC 2026][INFO] [Action] E SplitContainer - 294051
[Fri Sep 04 05:24:44 UTC 2026][INFO] [Action] E SplitContainer - 294123
[Fri Sep 04 05:24:56 UTC 2026][INFO] [Action] E AddTextContainer - (c,294901,2),0,0,0
[Fri Sep 04 05:24:57 UTC 2026][INFO] [Action] E AddTextContainer - (c,294997,2),0,0,0
[Fri Sep 04 05:25:00 UTC 2026][INFO] [Action] E AddTextContainer - (c,294191,2),0,0,0
[Fri Sep 04 05:25:13 UTC 2026][INFO] [Action] E UpdateStyle - (c,295370,2),49:0.250000:2,(r,295370,295370),F
[Fri Sep 04 05:25:13 UTC 2026][INFO] [Action] E UpdateStyle - (c,295370,2),49:0.500000:2,(r,295370,295370),F
[Fri Sep 04 05:25:20 UTC 2026][INFO] [Action] E UpdateStyle - (c,295629,2),49:0.250000:2,(r,295629,295629),F
[Fri Sep 04 05:25:20 UTC 2026][INFO] [Action] E UpdateStyle - (c,295629,2),49:0.500000:2,(r,295629,295629),F
[Fri Sep 04 05:25:26 UTC 2026][INFO] [Action] E AddTextContainer - (c,295760,2),0,0,0
[Fri Sep 04 05:25:29 UTC 2026][INFO] [Action] E AddTextContainer - (c,295761,1),1,0,0
[Fri Sep 04 05:25:34 UTC 2026][INFO] [Action] E AddTextContainer - (c,296837,2),0,0,0
[Fri Sep 04 05:25:39 UTC 2026][INFO] [Action] E UpdateStyle - (c,296858,2),49:0.250000:2,(r,296858,296858),F
[Fri Sep 04 05:25:46 UTC 2026][INFO] [Action] E AddTextContainer - (c,296837,2),0,0,0
[Fri Sep 04 05:25:50 UTC 2026][INFO] [Action] E InsertTextContent - (c,296837,2),[.]
[Fri Sep 04 05:25:57 UTC 2026][INFO] [Action] E UpdateStyle - (r,296991,297051),48:3.000000:2,(r,296991,297051),F
[Fri Sep 04 05:25:58 UTC 2026][INFO] [Action] E UpdateStyle - (r,296991,297051),48:2.000000:2,(r,296991,297051),F
[Fri Sep 04 05:25:58 UTC 2026][INFO] [Action] E UpdateStyle - (r,296991,297051),48:1.000000:2,(r,296991,297051),F
[Fri Sep 04 05:25:58 UTC 2026][INFO] [Action] E UpdateStyle - (r,296991,297051),48:0.000000:2,(r,296991,297051),F
[Fri Sep 04 05:26:00 UTC 2026][INFO] [Action] E UpdateStyle - (r,296991,297051),36:5.000000:2,(r,296991,297051),F
[Fri Sep 04 05:26:01 UTC 2026][INFO] [Action] E UpdateStyle - (r,296991,297051),36:4.000000:2,(r,296991,297051),F
[Fri Sep 04 05:26:01 UTC 2026][INFO] [Action] E UpdateStyle - (r,296991,297051),36:3.000000:2,(r,296991,297051),F
[Fri Sep 04 05:26:01 UTC 2026][INFO] [Action] E UpdateStyle - (r,296991,297051),36:2.000000:2,(r,296991,297051),F
[Fri Sep 04 05:26:02 UTC 2026][INFO] [Action] E UpdateStyle - (r,296991,297051),36:1.000000:2,(r,296991,297051),F
[Fri Sep 04 05:26:02 UTC 2026][INFO] [Action] E UpdateStyle - (r,296991,297051),36:0.000000:2,(r,296991,297051),F
[Fri Sep 04 05:26:13 UTC 2026][INFO] [Action] E UpdateStyle - (r,296861,296871),13:361:3,(r,296861,296871),F
[Fri Sep 04 05:26:17 UTC 2026][INFO] [Action] E UpdateStyle - (r,296972,296984),13:361:3,(r,296972,296984),F
[Fri Sep 04 05:26:21 UTC 2026][INFO] [Action] E UpdateStyle - (r,297069,297080),13:361:3,(r,297069,297080),F
[Fri Sep 04 05:26:30 UTC 2026][INFO] [Action] E SplitContainer - 297396
[Fri Sep 04 05:26:35 UTC 2026][INFO] [Action] E SplitContainer - 297460
[Fri Sep 04 05:31:11 UTC 2026][INFO] [Action] E SaveBook - Save
[Fri Sep 04 05:31:23 UTC 2026][INFO] [Action] E SplitContainer - 297507
[Fri Sep 04 05:31:33 UTC 2026][INFO] [Action] E SplitContainer - 297644
[Fri Sep 04 05:31:38 UTC 2026][INFO] [Action] E UpdateStyle - (r,297850,297850),49:0.250000:2,(r,297850,297850),F
[Fri Sep 04 05:31:45 UTC 2026][INFO] [Action] E UpdateStyle - (r,297777,297783),49:0.250000:2,(r,297777,297783),F
[Fri Sep 04 05:31:50 UTC 2026][INFO] [Action] E UpdateStyle - (c,297643,2),49:0.250000:2,(r,297643,297643),F
[Fri Sep 04 05:31:59 UTC 2026][INFO] [Action] E UpdateStyle - (c,297459,2),49:0.250000:2,(r,297459,297459),F
[Fri Sep 04 05:32:06 UTC 2026][INFO] [Action] E UpdateStyle - (c,297440,2),49:0.250000:2,(r,297440,297440),F
[Fri Sep 04 05:32:10 UTC 2026][INFO] [Action] E UpdateStyle - (c,297459,2),34:320:3,(r,297459,297459),F
[Fri Sep 04 05:32:20 UTC 2026][INFO] [Action] E SplitContainer - 297963
[Fri Sep 04 05:32:25 UTC 2026][INFO] [Action] E SplitContainer - 298162
[Fri Sep 04 05:32:32 UTC 2026][INFO] [Action] E AddTextContainer - (c,298161,2),0,0,0
[Fri Sep 04 05:32:38 UTC 2026][INFO] [Action] E AddTextContainer - (c,298208,1),1,0,0
[Fri Sep 04 05:32:44 UTC 2026][INFO] [Action] E MergeContainer - 298208,0
[Fri Sep 04 05:32:45 UTC 2026][INFO] [Action] E AddTextContainer - (c,298208,1),1,0,0
[Fri Sep 04 05:32:59 UTC 2026][INFO] [Action] E SplitContainer - 297579
[Fri Sep 04 05:33:01 UTC 2026][INFO] [Action] E DeleteContent - (r,297579,297579),F
[Fri Sep 04 05:33:08 UTC 2026][INFO] [Action] E UpdateStyle - (c,297550,2),49:0.250000:2,(r,297550,297550),F
[Fri Sep 04 05:33:13 UTC 2026][INFO] [Action] E UpdateStyle - (c,297578,2),49:0.000000:2,(r,297578,297578),F
[Fri Sep 04 05:33:22 UTC 2026][INFO] [Action] E UpdateStyle - (r,297643,297655),12:382:3,(r,297643,297655),F
[Fri Sep 04 05:33:38 UTC 2026][INFO] [Action] E UpdateStyle - (r,297681,297683),12:382:3,(r,297681,297683),F
[Fri Sep 04 05:33:49 UTC 2026][INFO] [Action] E UpdateStyle - (c,297245,2),49:1.500000:2,(r,297245,297245),F
[Fri Sep 04 05:34:06 UTC 2026][INFO] [Action] E AddTextContainer - (c,298227,2),0,0,0
[Fri Sep 04 05:34:08 UTC 2026][INFO] [Action] U AddTextContainer
[Fri Sep 04 05:34:11 UTC 2026][INFO] [Action] E UpdateStyle - (c,298227,2),49:0.250000:2,(r,298227,298227),F
[Fri Sep 04 05:34:12 UTC 2026][INFO] [Action] E UpdateStyle - (c,298227,2),49:0.500000:2,(r,298227,298227),F
[Fri Sep 04 05:34:18 UTC 2026][INFO] [Action] E UpdateStyle - (r,298228,298238),13:361:3,(r,298228,298238),F
[Fri Sep 04 05:34:23 UTC 2026][INFO] [Action] E UpdateStyle - (r,298375,298387),13:361:3,(r,298375,298387),F
[Fri Sep 04 05:34:27 UTC 2026][INFO] [Action] E UpdateStyle - (r,298519,298530),13:361:3,(r,298519,298530),F
[Fri Sep 04 05:34:37 UTC 2026][INFO] [Action] E SplitContainer - 298765
[Fri Sep 04 05:34:39 UTC 2026][INFO] [Action] E DeleteContent - (r,298765,298765),F
[Fri Sep 04 05:34:43 UTC 2026][INFO] [Action] E UpdateStyle - (c,298765,1),47:0.250000:2,(r,298765,298765),F
[Fri Sep 04 05:34:49 UTC 2026][INFO] [Action] E UpdateStyle - (c,298963,1),47:0.250000:2,(r,298963,298963),F
[Fri Sep 04 05:34:57 UTC 2026][INFO] [Action] E UpdateStyle - (c,299049,2),49:0.250000:2,(r,299049,299049),F
[Fri Sep 04 05:34:57 UTC 2026][INFO] [Action] E UpdateStyle - (c,299049,2),49:0.500000:2,(r,299049,299049),F
[Fri Sep 04 05:35:01 UTC 2026][INFO] [Action] E UpdateStyle - (c,299049,2),49:0.250000:2,(r,299049,299049),F
[Fri Sep 04 05:35:01 UTC 2026][INFO] [Action] E UpdateStyle - (c,299049,2),49:0.000000:2,(r,299049,299049),F
[Fri Sep 04 05:35:06 UTC 2026][INFO] [Action] E UpdateStyle - (c,299049,2),49:0.250000:2,(r,299049,299049),F
[Fri Sep 04 05:35:06 UTC 2026][INFO] [Action] E UpdateStyle - (c,299049,2),49:0.500000:2,(r,299049,299049),F
[Fri Sep 04 05:35:16 UTC 2026][INFO] [Action] U UpdateStyle
[Fri Sep 04 05:35:17 UTC 2026][INFO] [Action] U UpdateStyle
[Fri Sep 04 05:35:22 UTC 2026][INFO] [Action] E UpdateStyle - (c,299050,2),47:0.500000:2,(r,299050,299050),F
[Fri Sep 04 05:35:31 UTC 2026][INFO] [Action] E UpdateStyle - (c,299049,2),49:0.250000:2,(r,299049,299049),F
[Fri Sep 04 05:35:33 UTC 2026][INFO] [Action] E UpdateStyle - (c,299049,2),49:0.000000:2,(r,299049,299049),F
[Fri Sep 04 05:35:39 UTC 2026][INFO] [Action] E SplitContainer - 299050
[Fri Sep 04 05:35:50 UTC 2026][INFO] [Action] E UpdateStyle - (r,299050,299055),12:382:3,(r,299050,299055),F
[Fri Sep 04 05:35:53 UTC 2026][INFO] [Action] E SplitContainer - 299107
[Fri Sep 04 05:36:00 UTC 2026][INFO] [Action] E SplitContainer - 299264
[Fri Sep 04 05:36:04 UTC 2026][INFO] [Action] E SplitContainer - 299395
[Fri Sep 04 05:36:06 UTC 2026][INFO] [Action] E AddTextContainer - (c,299424,2),0,0,0
[Fri Sep 04 05:36:11 UTC 2026][INFO] [Action] E AddTextContainer - (c,298637,1),1,0,0
[Fri Sep 04 05:36:19 UTC 2026][INFO] [Action] E AddTextContainer - (c,299425,2),0,0,0
[Fri Sep 04 05:36:20 UTC 2026][INFO] [Action] E AddTextContainer - (c,299426,1),1,0,0
[Fri Sep 04 05:36:20 UTC 2026][INFO] [Action] E AddTextContainer - (c,299427,1),1,0,0
[Fri Sep 04 05:36:21 UTC 2026][INFO] [Action] E AddTextContainer - (c,299428,1),1,0,0
[Fri Sep 04 05:36:21 UTC 2026][INFO] [Action] E AddTextContainer - (c,299429,1),1,0,0
[Fri Sep 04 05:36:22 UTC 2026][INFO] [Action] E AddTextContainer - (c,299430,1),1,0,0
[Fri Sep 04 05:36:22 UTC 2026][INFO] [Action] E AddTextContainer - (c,299431,1),1,0,0
[Fri Sep 04 05:36:23 UTC 2026][INFO] [Action] E AddTextContainer - (c,299432,1),1,0,0
[Fri Sep 04 05:37:59 UTC 2026][INFO] [Action] E UpdateStyle - (c,299446,1),34:320:3,(r,299446,299446),F
[Fri Sep 04 05:38:04 UTC 2026][INFO] [Action] E UpdateStyle - (c,299454,2),49:0.250000:2,(r,299454,299454),F
[Fri Sep 04 05:38:04 UTC 2026][INFO] [Action] E UpdateStyle - (c,299454,2),49:0.500000:2,(r,299454,299454),F
[Fri Sep 04 05:38:13 UTC 2026][INFO] [Action] E UpdateStyle - (r,299460,299519),48:3.000000:2,(r,299460,299519),F
[Fri Sep 04 05:38:13 UTC 2026][INFO] [Action] E UpdateStyle - (r,299460,299519),48:2.000000:2,(r,299460,299519),F
[Fri Sep 04 05:38:14 UTC 2026][INFO] [Action] E UpdateStyle - (r,299460,299519),48:1.000000:2,(r,299460,299519),F
[Fri Sep 04 05:38:14 UTC 2026][INFO] [Action] E UpdateStyle - (r,299460,299519),48:0.000000:2,(r,299460,299519),F
[Fri Sep 04 05:38:16 UTC 2026][INFO] [Action] E UpdateStyle - (r,299460,299519),36:5.000000:2,(r,299460,299519),F
[Fri Sep 04 05:38:17 UTC 2026][INFO] [Action] E UpdateStyle - (r,299460,299519),36:4.000000:2,(r,299460,299519),F
[Fri Sep 04 05:38:17 UTC 2026][INFO] [Action] E UpdateStyle - (r,299460,299519),36:3.000000:2,(r,299460,299519),F
[Fri Sep 04 05:38:17 UTC 2026][INFO] [Action] E UpdateStyle - (r,299460,299519),36:2.000000:2,(r,299460,299519),F
[Fri Sep 04 05:38:18 UTC 2026][INFO] [Action] E UpdateStyle - (r,299460,299519),36:1.000000:2,(r,299460,299519),F
[Fri Sep 04 05:38:18 UTC 2026][INFO] [Action] E UpdateStyle - (r,299460,299519),36:0.000000:2,(r,299460,299519),F
[Fri Sep 04 05:38:26 UTC 2026][INFO] [Action] E UpdateStyle - (r,299455,299465),13:361:3,(r,299455,299465),F
[Fri Sep 04 05:38:30 UTC 2026][INFO] [Action] E InsertTextContent - (r,299459,299459),[SPACE]
[Fri Sep 04 05:38:35 UTC 2026][INFO] [Action] E UpdateStyle - (r,299551,299563),13:361:3,(r,299551,299563),F
[Fri Sep 04 05:38:40 UTC 2026][INFO] [Action] E UpdateStyle - (r,299663,299674),13:361:3,(r,299663,299674),F
[Fri Sep 04 05:38:43 UTC 2026][INFO] [Action] E SplitContainer - 299630
[Fri Sep 04 05:38:51 UTC 2026][INFO] [Action] E UpdateStyle - (c,299630,1),47:0.500000:2,(r,299630,299630),F
[Fri Sep 04 05:38:51 UTC 2026][INFO] [Action] E UpdateStyle - (c,299630,1),47:0.250000:2,(r,299630,299630),F
[Fri Sep 04 05:38:52 UTC 2026][INFO] [Action] E UpdateStyle - (c,299630,1),47:0.000000:2,(r,299630,299630),F
[Fri Sep 04 05:39:10 UTC 2026][INFO] [Action] E SplitContainer - 299830
[Fri Sep 04 05:39:14 UTC 2026][INFO] [Action] E UpdateStyle - (c,299830,1),47:0.500000:2,(r,299830,299830),F
[Fri Sep 04 05:39:14 UTC 2026][INFO] [Action] E UpdateStyle - (c,299830,1),47:0.250000:2,(r,299830,299830),F
[Fri Sep 04 05:39:31 UTC 2026][INFO] [Action] E UpdateStyle - (c,300085,2),49:0.250000:2,(r,300085,300085),F
[Fri Sep 04 05:39:32 UTC 2026][INFO] [Action] E UpdateStyle - (c,300085,2),49:0.500000:2,(r,300085,300085),F
[Fri Sep 04 05:39:41 UTC 2026][INFO] [Action] E UpdateStyle - (c,300347,2),49:0.250000:2,(r,300347,300347),F
[Fri Sep 04 05:39:42 UTC 2026][INFO] [Action] E UpdateStyle - (c,300347,2),49:0.500000:2,(r,300347,300347),F
[Fri Sep 04 05:39:48 UTC 2026][INFO] [Action] E UpdateStyle - (c,300604,2),49:0.250000:2,(r,300604,300604),F
[Fri Sep 04 05:39:48 UTC 2026][INFO] [Action] E UpdateStyle - (c,300604,2),49:0.500000:2,(r,300604,300604),F
[Fri Sep 04 05:39:53 UTC 2026][INFO] [Action] E UpdateStyle - (r,300780,300780),49:0.250000:2,(r,300780,300780),F
[Fri Sep 04 05:39:53 UTC 2026][INFO] [Action] E UpdateStyle - (r,300780,300780),49:0.500000:2,(r,300780,300780),F
[Fri Sep 04 05:40:00 UTC 2026][INFO] [Action] E UpdateStyle - (c,301089,2),49:0.250000:2,(r,301089,301089),F
[Fri Sep 04 05:40:00 UTC 2026][INFO] [Action] E UpdateStyle - (c,301089,2),49:0.500000:2,(r,301089,301089),F
[Fri Sep 04 05:40:10 UTC 2026][INFO] [Action] E UpdateStyle - (c,301304,2),49:0.250000:2,(r,301304,301304),F
[Fri Sep 04 05:40:11 UTC 2026][INFO] [Action] E UpdateStyle - (c,301304,2),49:0.500000:2,(r,301304,301304),F
[Fri Sep 04 05:40:16 UTC 2026][INFO] [Action] E SplitContainer - 301408
[Fri Sep 04 05:40:19 UTC 2026][INFO] [Action] E UpdateStyle - (c,301408,1),47:0.250000:2,(r,301408,301408),F
[Fri Sep 04 05:40:20 UTC 2026][INFO] [Action] E UpdateStyle - (c,301408,1),47:0.500000:2,(r,301408,301408),F
[Fri Sep 04 05:40:24 UTC 2026][INFO] [Action] E SplitContainer - 301456
[Fri Sep 04 05:40:27 UTC 2026][INFO] [Action] E UpdateStyle - (c,301456,1),47:0.250000:2,(r,301456,301456),F
[Fri Sep 04 05:40:27 UTC 2026][INFO] [Action] E UpdateStyle - (c,301456,1),47:0.000000:2,(r,301456,301456),F
[Fri Sep 04 05:40:34 UTC 2026][INFO] [Action] E UpdateStyle - (r,301559,301559),47:0.500000:2,(r,301559,301559),F
[Fri Sep 04 05:40:37 UTC 2026][INFO] [Action] E UpdateStyle - (r,301559,301559),47:0.750000:2,(r,301559,301559),F
[Fri Sep 04 05:40:38 UTC 2026][INFO] [Action] E UpdateStyle - (r,301559,301559),47:0.500000:2,(r,301559,301559),F
[Fri Sep 04 05:40:43 UTC 2026][INFO] [Action] E UpdateStyle - (c,301559,2),49:0.250000:2,(r,301559,301559),F
[Fri Sep 04 05:40:45 UTC 2026][INFO] [Action] E UpdateStyle - (c,301559,2),49:0.500000:2,(r,301559,301559),F
[Fri Sep 04 05:40:51 UTC 2026][INFO] [Action] E UpdateStyle - (r,301716,301801),47:0.500000:2,(r,301716,301801),F
[Fri Sep 04 05:40:52 UTC 2026][INFO] [Action] E UpdateStyle - (r,301716,301801),47:0.250000:2,(r,301716,301801),F
[Fri Sep 04 05:40:52 UTC 2026][INFO] [Action] E UpdateStyle - (r,301716,301801),47:0.000000:2,(r,301716,301801),F
[Fri Sep 04 05:40:53 UTC 2026][INFO] [Action] E UpdateStyle - (r,301716,301801),47:0.250000:2,(r,301716,301801),F
[Fri Sep 04 05:40:53 UTC 2026][INFO] [Action] E UpdateStyle - (r,301716,301801),47:0.500000:2,(r,301716,301801),F
[Fri Sep 04 05:40:54 UTC 2026][INFO] [Action] E UpdateStyle - (r,301716,301801),47:0.750000:2,(r,301716,301801),F
[Fri Sep 04 05:40:56 UTC 2026][INFO] [Action] E UpdateStyle - (r,301716,301801),48:3.000000:2,(r,301716,301801),F
[Fri Sep 04 05:40:57 UTC 2026][INFO] [Action] E UpdateStyle - (r,301716,301801),48:2.000000:2,(r,301716,301801),F
[Fri Sep 04 05:40:57 UTC 2026][INFO] [Action] E UpdateStyle - (r,301716,301801),48:1.000000:2,(r,301716,301801),F
[Fri Sep 04 05:40:58 UTC 2026][INFO] [Action] E UpdateStyle - (r,301716,301801),48:0.000000:2,(r,301716,301801),F
[Fri Sep 04 05:40:59 UTC 2026][INFO] [Action] E UpdateStyle - (r,301716,301801),36:5.000000:2,(r,301716,301801),F
[Fri Sep 04 05:41:00 UTC 2026][INFO] [Action] E UpdateStyle - (r,301716,301801),36:4.000000:2,(r,301716,301801),F
[Fri Sep 04 05:41:00 UTC 2026][INFO] [Action] E UpdateStyle - (r,301716,301801),36:3.000000:2,(r,301716,301801),F
[Fri Sep 04 05:41:01 UTC 2026][INFO] [Action] E UpdateStyle - (r,301716,301801),36:2.000000:2,(r,301716,301801),F
[Fri Sep 04 05:41:01 UTC 2026][INFO] [Action] E UpdateStyle - (r,301716,301801),36:1.000000:2,(r,301716,301801),F
[Fri Sep 04 05:41:01 UTC 2026][INFO] [Action] E UpdateStyle - (r,301716,301801),36:0.000000:2,(r,301716,301801),F
[Fri Sep 04 05:41:09 UTC 2026][INFO] [Action] E UpdateStyle - (r,301560,301570),13:361:3,(r,301560,301570),F
[Fri Sep 04 05:41:16 UTC 2026][INFO] [Action] E UpdateStyle - (r,301702,301714),13:361:3,(r,301702,301714),F
[Fri Sep 04 05:41:20 UTC 2026][INFO] [Action] E UpdateStyle - (r,301802,301813),13:361:3,(r,301802,301813),F
[Fri Sep 04 05:41:26 UTC 2026][INFO] [Action] E UpdateStyle - (r,301748,301801),49:0.250000:2,(r,301748,301801),F
[Fri Sep 04 05:41:32 UTC 2026][INFO] [Action] E UpdateStyle - (c,301701,2),49:0.250000:2,(r,301701,301701),F
[Fri Sep 04 05:41:43 UTC 2026][INFO] [Action] E AddTextContainer - (c,302238,2),0,0,0
[Fri Sep 04 05:41:48 UTC 2026][INFO] [Action] U AddTextContainer
[Fri Sep 04 05:41:51 UTC 2026][INFO] [Action] E UpdateStyle - (c,302238,2),49:0.250000:2,(r,302238,302238),F
[Fri Sep 04 05:41:59 UTC 2026][INFO] [Action] E UpdateStyle - (r,302243,302249),34:59:3,(r,302243,302249),F
[Fri Sep 04 05:42:04 UTC 2026][INFO] [Action] E UpdateStyle - (c,302565,2),49:0.250000:2,(r,302565,302565),F
[Fri Sep 04 05:42:10 UTC 2026][INFO] [Action] E UpdateStyle - (c,302989,2),49:0.250000:2,(r,302989,302989),F
[Fri Sep 04 05:42:25 UTC 2026][INFO] [Action] E SplitContainer - 303124
[Fri Sep 04 05:42:28 UTC 2026][INFO] [Action] E SplitContainer - 303327
[Fri Sep 04 05:42:35 UTC 2026][INFO] [Action] E SplitContainer - 303676
[Fri Sep 04 05:42:45 UTC 2026][INFO] [Action] E SplitContainer - 304126
[Fri Sep 04 05:42:51 UTC 2026][INFO] [Action] E SplitContainer - 304724
[Fri Sep 04 05:43:02 UTC 2026][INFO] [Action] E UpdateStyle - (c,304772,2),49:0.250000:2,(r,304772,304772),F
[Fri Sep 04 05:43:09 UTC 2026][INFO] [Action] E UpdateStyle - (r,304757,304766),49:0.500000:2,(r,304757,304766),F
[Fri Sep 04 05:43:12 UTC 2026][INFO] [Action] E AddTextContainer - (c,304772,2),0,0,0
[Fri Sep 04 05:43:27 UTC 2026][INFO] [Action] E SplitContainer - 305051
[Fri Sep 04 05:43:33 UTC 2026][INFO] [Action] E UpdateStyle - (c,305306,2),49:0.250000:2,(r,305306,305306),F
[Fri Sep 04 05:43:38 UTC 2026][INFO] [Action] E UpdateStyle - (c,305050,2),49:0.250000:2,(r,305050,305050),F
[Fri Sep 04 05:43:45 UTC 2026][INFO] [Action] E UpdateStyle - (r,305537,305540),49:0.250000:2,(r,305537,305540),F
[Fri Sep 04 05:43:47 UTC 2026][INFO] [Action] E UpdateStyle - (r,305537,305540),49:0.000000:2,(r,305537,305540),F
[Fri Sep 04 05:43:50 UTC 2026][INFO] [Action] E UpdateStyle - (c,305505,2),49:0.250000:2,(r,305505,305505),F
[Fri Sep 04 05:43:58 UTC 2026][INFO] [Action] E SplitContainer - 305790
[Fri Sep 04 05:44:01 UTC 2026][INFO] [Action] E SplitContainer - 305819
[Fri Sep 04 05:44:20 UTC 2026][INFO] [Action] E UpdateStyle - (c,305923,1),47:0.250000:2,(r,305923,305923),F
[Fri Sep 04 05:44:36 UTC 2026][INFO] [Action] E InsertTextContent - (c,305923,1),[H]
[Fri Sep 04 05:44:36 UTC 2026][INFO] [Action] E InsertTextContent - (c,305923,2),[T]
[Fri Sep 04 05:44:37 UTC 2026][INFO] [Action] E InsertTextContent - (c,305924,2),[T]
[Fri Sep 04 05:44:37 UTC 2026][INFO] [Action] E InsertTextContent - (c,305925,2),[P]
[Fri Sep 04 05:44:37 UTC 2026][INFO] [Action] E InsertTextContent - (c,305926,2),[:]
[Fri Sep 04 05:44:37 UTC 2026][INFO] [Action] E InsertTextContent - (c,305927,2),[/]
[Fri Sep 04 05:44:37 UTC 2026][INFO] [Action] E InsertTextContent - (c,305928,2),[/]
[Fri Sep 04 05:44:38 UTC 2026][INFO] [Action] E InsertTextContent - (c,305929,2),[G]
[Fri Sep 04 05:44:38 UTC 2026][INFO] [Action] E InsertTextContent - (c,305930,2),[P]
[Fri Sep 04 05:44:39 UTC 2026][INFO] [Action] E InsertTextContent - (c,305931,2),[T]
[Fri Sep 04 05:44:39 UTC 2026][INFO] [Action] E InsertTextContent - (c,305932,2),[.]
[Fri Sep 04 05:44:39 UTC 2026][INFO] [Action] E InsertTextContent - (c,305933,2),[A]
[Fri Sep 04 05:44:39 UTC 2026][INFO] [Action] E InsertTextContent - (c,305934,2),[I]
[Fri Sep 04 05:44:40 UTC 2026][INFO] [Action] E InsertTextContent - (c,305935,2),[U]
[Fri Sep 04 05:44:40 UTC 2026][INFO] [Action] E InsertTextContent - (c,305936,2),[L]
[Fri Sep 04 05:44:40 UTC 2026][INFO] [Action] E InsertTextContent - (c,305937,2),[T]
[Fri Sep 04 05:44:40 UTC 2026][INFO] [Action] E InsertTextContent - (c,305938,2),[R]
[Fri Sep 04 05:44:40 UTC 2026][INFO] [Action] E InsertTextContent - (c,305939,2),[O]
[Fri Sep 04 05:44:40 UTC 2026][INFO] [Action] E InsertTextContent - (c,305940,2),[N]
[Fri Sep 04 05:44:41 UTC 2026][INFO] [Action] E InsertTextContent - (c,305941,2),[X]
[Fri Sep 04 05:44:41 UTC 2026][INFO] [Action] E InsertTextContent - (c,305942,2),[.]
[Fri Sep 04 05:44:41 UTC 2026][INFO] [Action] E InsertTextContent - (c,305943,2),[C]
[Fri Sep 04 05:44:41 UTC 2026][INFO] [Action] E InsertTextContent - (c,305944,2),[O]
[Fri Sep 04 05:44:41 UTC 2026][INFO] [Action] E InsertTextContent - (c,305945,2),[M]
[Fri Sep 04 05:44:41 UTC 2026][INFO] [Action] E SplitContainer - 305947
[Fri Sep 04 05:44:41 UTC 2026][INFO] [Action] E AddTextContainer - (c,305947,1),1,0,0
[Fri Sep 04 05:45:24 UTC 2026][INFO] [Action] U AddTextContainer
[Fri Sep 04 05:45:25 UTC 2026][INFO] [Action] U SplitContainer
[Fri Sep 04 05:45:26 UTC 2026][INFO] [Action] U InsertTextContent
[Fri Sep 04 05:45:26 UTC 2026][INFO] [Action] U InsertTextContent
[Fri Sep 04 05:45:26 UTC 2026][INFO] [Action] U InsertTextContent
[Fri Sep 04 05:45:26 UTC 2026][INFO] [Action] U InsertTextContent
[Fri Sep 04 05:45:26 UTC 2026][INFO] [Action] U InsertTextContent
[Fri Sep 04 05:45:26 UTC 2026][INFO] [Action] U InsertTextContent
[Fri Sep 04 05:45:26 UTC 2026][INFO] [Action] U InsertTextContent
[Fri Sep 04 05:45:26 UTC 2026][INFO] [Action] U InsertTextContent
[Fri Sep 04 05:45:26 UTC 2026][INFO] [Action] U InsertTextContent
[Fri Sep 04 05:45:26 UTC 2026][INFO] [Action] U InsertTextContent
[Fri Sep 04 05:45:26 UTC 2026][INFO] [Action] U InsertTextContent
[Fri Sep 04 05:45:26 UTC 2026][INFO] [Action] U InsertTextContent
[Fri Sep 04 05:45:26 UTC 2026][INFO] [Action] U InsertTextContent
[Fri Sep 04 05:45:26 UTC 2026][INFO] [Action] U InsertTextContent
[Fri Sep 04 05:45:26 UTC 2026][INFO] [Action] U InsertTextContent
[Fri Sep 04 05:45:26 UTC 2026][INFO] [Action] U InsertTextContent
[Fri Sep 04 05:45:26 UTC 2026][INFO] [Action] U InsertTextContent
[Fri Sep 04 05:45:26 UTC 2026][INFO] [Action] U InsertTextContent
[Fri Sep 04 05:45:26 UTC 2026][INFO] [Action] U InsertTextContent
[Fri Sep 04 05:45:26 UTC 2026][INFO] [Action] U InsertTextContent
[Fri Sep 04 05:45:26 UTC 2026][INFO] [Action] U InsertTextContent
[Fri Sep 04 05:45:26 UTC 2026][INFO] [Action] U InsertTextContent
[Fri Sep 04 05:45:26 UTC 2026][INFO] [Action] U InsertTextContent
[Fri Sep 04 05:45:26 UTC 2026][INFO] [Action] U InsertTextContent
[Fri Sep 04 05:45:27 UTC 2026][INFO] [Action] U UpdateStyle
[Fri Sep 04 05:45:34 UTC 2026][INFO] [Action] E UpdateStyle - (c,305920,2),49:0.250000:2,(r,305920,305920),F
[Fri Sep 04 05:45:39 UTC 2026][INFO] [Action] E SplitContainer - 306204
[Fri Sep 04 05:45:45 UTC 2026][INFO] [Action] E AddTextContainer - (c,306517,2),0,0,0
[Fri Sep 04 05:45:50 UTC 2026][INFO] [Action] E UpdateStyle - (c,306736,2),49:0.250000:2,(r,306736,306736),F
[Fri Sep 04 05:45:58 UTC 2026][INFO] [Action] E SplitContainer - 306819
[Fri Sep 04 05:46:04 UTC 2026][INFO] [Action] E UpdateStyle - (c,306818,2),49:0.250000:2,(r,306818,306818),F
[Fri Sep 04 05:46:07 UTC 2026][INFO] [Action] E UpdateStyle - (c,306995,2),49:0.250000:2,(r,306995,306995),F
[Fri Sep 04 05:46:12 UTC 2026][INFO] [Action] E UpdateStyle - (c,307136,2),49:0.250000:2,(r,307136,307136),F
[Fri Sep 04 05:46:19 UTC 2026][INFO] [Action] E SplitContainer - 307408
[Fri Sep 04 05:46:23 UTC 2026][INFO] [Action] E AddTextContainer - (c,307433,2),0,0,0
[Fri Sep 04 05:46:23 UTC 2026][INFO] [Action] E AddTextContainer - (c,307434,1),1,0,0
[Fri Sep 04 05:46:24 UTC 2026][INFO] [Action] E AddTextContainer - (c,307435,1),1,0,0
[Fri Sep 04 05:46:37 UTC 2026][INFO] [Action] E SplitContainer - 306704
[Fri Sep 04 05:46:39 UTC 2026][INFO] [Action] E SplitContainer - 306656
[Fri Sep 04 05:46:51 UTC 2026][INFO] [Action] E UpdateStyle - (r,307611,307798),48:3.000000:2,(r,307611,307798),F
[Fri Sep 04 05:46:51 UTC 2026][INFO] [Action] E UpdateStyle - (r,307611,307798),48:2.000000:2,(r,307611,307798),F
[Fri Sep 04 05:46:51 UTC 2026][INFO] [Action] E UpdateStyle - (r,307611,307798),48:1.000000:2,(r,307611,307798),F
[Fri Sep 04 05:46:52 UTC 2026][INFO] [Action] E UpdateStyle - (r,307611,307798),48:0.000000:2,(r,307611,307798),F
[Fri Sep 04 05:46:53 UTC 2026][INFO] [Action] E UpdateStyle - (r,307611,307798),36:5.000000:2,(r,307611,307798),F
[Fri Sep 04 05:46:53 UTC 2026][INFO] [Action] E UpdateStyle - (r,307611,307798),36:4.000000:2,(r,307611,307798),F
[Fri Sep 04 05:46:53 UTC 2026][INFO] [Action] E UpdateStyle - (r,307611,307798),36:3.000000:2,(r,307611,307798),F
[Fri Sep 04 05:46:53 UTC 2026][INFO] [Action] E UpdateStyle - (r,307611,307798),36:2.000000:2,(r,307611,307798),F
[Fri Sep 04 05:46:54 UTC 2026][INFO] [Action] E UpdateStyle - (r,307611,307798),36:1.000000:2,(r,307611,307798),F
[Fri Sep 04 05:46:54 UTC 2026][INFO] [Action] E UpdateStyle - (r,307611,307798),36:0.000000:2,(r,307611,307798),F
[Fri Sep 04 05:47:01 UTC 2026][INFO] [Action] E UpdateStyle - (r,307457,307467),13:361:3,(r,307457,307467),F
[Fri Sep 04 05:47:07 UTC 2026][INFO] [Action] E UpdateStyle - (r,307611,307623),13:361:3,(r,307611,307623),F
[Fri Sep 04 05:47:14 UTC 2026][INFO] [Action] E UpdateStyle - (r,307730,307740),13:361:3,(r,307730,307740),F
[Fri Sep 04 05:47:24 UTC 2026][INFO] [Action] E UpdateStyle - (c,307456,2),49:0.250000:2,(r,307456,307456),F
[Fri Sep 04 05:47:35 UTC 2026][INFO] [Action] E AddTextContainer - (c,308045,2),0,0,0
[Fri Sep 04 05:47:37 UTC 2026][INFO] [Action] E AddTextContainer - (c,308270,2),0,0,0
[Fri Sep 04 05:47:40 UTC 2026][INFO] [Action] E SplitContainer - 308310
[Fri Sep 04 05:47:42 UTC 2026][INFO] [Action] E DeleteContent - (r,308310,308310),F
[Fri Sep 04 05:47:44 UTC 2026][INFO] [Action] E AddTextContainer - (c,308515,2),0,0,0
[Fri Sep 04 05:47:48 UTC 2026][INFO] [Action] E AddTextContainer - (c,308799,2),0,0,0
[Fri Sep 04 05:47:54 UTC 2026][INFO] [Action] E SplitContainer - 308644
[Fri Sep 04 05:47:58 UTC 2026][INFO] [Action] E SplitContainer - 308416
[Fri Sep 04 05:48:08 UTC 2026][INFO] [Action] E UpdateStyle - (c,308740,2),49:0.250000:2,(r,308740,308740),F
[Fri Sep 04 05:48:11 UTC 2026][INFO] [Action] E AddTextContainer - (c,308799,2),0,0,0
[Fri Sep 04 05:48:12 UTC 2026][INFO] [Action] E AddTextContainer - (c,308800,1),1,0,0
[Fri Sep 04 05:48:13 UTC 2026][INFO] [Action] E AddTextContainer - (c,308801,1),1,0,0
[Fri Sep 04 05:48:13 UTC 2026][INFO] [Action] E AddTextContainer - (c,308802,1),1,0,0
[Fri Sep 04 05:48:25 UTC 2026][INFO] [Action] E UpdateStyle - (r,308968,309032),48:3.000000:2,(r,308968,309032),F
[Fri Sep 04 05:48:25 UTC 2026][INFO] [Action] E UpdateStyle - (r,308968,309032),48:2.000000:2,(r,308968,309032),F
[Fri Sep 04 05:48:26 UTC 2026][INFO] [Action] E UpdateStyle - (r,308968,309032),48:1.000000:2,(r,308968,309032),F
[Fri Sep 04 05:48:26 UTC 2026][INFO] [Action] E UpdateStyle - (r,308968,309032),48:0.000000:2,(r,308968,309032),F
[Fri Sep 04 05:48:27 UTC 2026][INFO] [Action] E UpdateStyle - (r,308968,309032),36:5.000000:2,(r,308968,309032),F
[Fri Sep 04 05:48:28 UTC 2026][INFO] [Action] E UpdateStyle - (r,308968,309032),36:4.000000:2,(r,308968,309032),F
[Fri Sep 04 05:48:28 UTC 2026][INFO] [Action] E UpdateStyle - (r,308968,309032),36:3.000000:2,(r,308968,309032),F
[Fri Sep 04 05:48:28 UTC 2026][INFO] [Action] E UpdateStyle - (r,308968,309032),36:2.000000:2,(r,308968,309032),F
[Fri Sep 04 05:48:28 UTC 2026][INFO] [Action] E UpdateStyle - (r,308968,309032),36:1.000000:2,(r,308968,309032),F
[Fri Sep 04 05:48:28 UTC 2026][INFO] [Action] E UpdateStyle - (r,308968,309032),36:0.000000:2,(r,308968,309032),F
[Fri Sep 04 05:48:37 UTC 2026][INFO] [Action] E UpdateStyle - (r,308825,308834),13:361:3,(r,308825,308834),F
[Fri Sep 04 05:48:42 UTC 2026][INFO] [Action] E UpdateStyle - (r,308962,308973),13:361:3,(r,308962,308973),F
[Fri Sep 04 05:48:47 UTC 2026][INFO] [Action] E UpdateStyle - (r,309035,309045),13:361:3,(r,309035,309045),F
[Fri Sep 04 05:48:52 UTC 2026][INFO] [Action] E UpdateStyle - (c,308824,2),49:0.250000:2,(r,308824,308824),F
[Fri Sep 04 05:48:53 UTC 2026][INFO] [Action] E UpdateStyle - (c,308824,2),49:0.500000:2,(r,308824,308824),F
[Fri Sep 04 05:49:04 UTC 2026][INFO] [Action] E UpdateStyle - (c,309381,2),49:0.250000:2,(r,309381,309381),F
[Fri Sep 04 05:49:10 UTC 2026][INFO] [Action] E UpdateStyle - (c,309697,2),49:0.250000:2,(r,309697,309697),F
[Fri Sep 04 05:49:16 UTC 2026][INFO] [Action] E SplitContainer - 309944
[Fri Sep 04 05:49:19 UTC 2026][INFO] [Action] E UpdateStyle - (c,309943,2),49:0.250000:2,(r,309943,309943),F
[Fri Sep 04 05:49:32 UTC 2026][INFO] [Action] E UpdateStyle - (c,310383,2),49:0.250000:2,(r,310383,310383),F
[Fri Sep 04 05:49:44 UTC 2026][INFO] [Action] E UpdateStyle - (c,310466,2),49:0.250000:2,(r,310466,310466),F
[Fri Sep 04 05:49:49 UTC 2026][INFO] [Action] E UpdateStyle - (r,310467,310476),13:361:3,(r,310467,310476),F
[Fri Sep 04 05:49:54 UTC 2026][INFO] [Action] E UpdateStyle - (r,310605,310617),13:361:3,(r,310605,310617),F
[Fri Sep 04 05:49:59 UTC 2026][INFO] [Action] E UpdateStyle - (r,310746,310757),13:361:3,(r,310746,310757),F
[Fri Sep 04 05:50:03 UTC 2026][INFO] [Action] E UpdateStyle - (r,310466,310466),49:0.500000:2,(r,310466,310466),F
[Fri Sep 04 05:50:11 UTC 2026][INFO] [Action] E SplitContainer - 311031
[Fri Sep 04 05:50:14 UTC 2026][INFO] [Action] E DeleteContent - (r,311031,311031),F
[Fri Sep 04 05:50:19 UTC 2026][INFO] [Action] E SplitContainer - 311150
[Fri Sep 04 05:50:25 UTC 2026][INFO] [Action] E UpdateStyle - (c,311545,2),49:0.250000:2,(r,311545,311545),F
[Fri Sep 04 05:50:31 UTC 2026][INFO] [Action] E UpdateStyle - (c,311149,2),49:0.250000:2,(r,311149,311149),F
[Fri Sep 04 05:50:34 UTC 2026][INFO] [Action] E UpdateStyle - (c,311030,2),49:0.250000:2,(r,311030,311030),F
[Fri Sep 04 05:50:46 UTC 2026][INFO] [Action] E UpdateStyle - (c,311733,2),49:0.250000:2,(r,311733,311733),F
[Fri Sep 04 05:50:48 UTC 2026][INFO] [Action] E UpdateStyle - (c,311733,2),49:0.000000:2,(r,311733,311733),F
[Fri Sep 04 05:50:52 UTC 2026][INFO] [Action] E SplitContainer - 311734
[Fri Sep 04 05:50:55 UTC 2026][INFO] [Action] U SplitContainer
[Fri Sep 04 05:50:59 UTC 2026][INFO] [Action] E UpdateStyle - (c,311733,2),49:0.250000:2,(r,311733,311733),F
[Fri Sep 04 05:51:01 UTC 2026][INFO] [Action] E UpdateStyle - (c,311733,2),49:0.000000:2,(r,311733,311733),F
[Fri Sep 04 05:51:11 UTC 2026][INFO] [Action] E UpdateStyle - (r,311736,311741),47:0.750000:2,(r,311736,311741),F
[Fri Sep 04 05:51:13 UTC 2026][INFO] [Action] E UpdateStyle - (r,311736,311741),47:0.500000:2,(r,311736,311741),F
[Fri Sep 04 05:51:16 UTC 2026][INFO] [Action] E SplitContainer - 311734
[Fri Sep 04 05:51:21 UTC 2026][INFO] [Action] E UpdateStyle - (c,311780,2),47:0.250000:2,(r,311780,311780),F
[Fri Sep 04 05:51:21 UTC 2026][INFO] [Action] E UpdateStyle - (c,311780,2),47:0.000000:2,(r,311780,311780),F
[Fri Sep 04 05:51:26 UTC 2026][INFO] [Action] E UpdateStyle - (c,311780,2),47:0.250000:2,(r,311780,311780),F
[Fri Sep 04 05:51:35 UTC 2026][INFO] [Action] E SplitContainer - 311855
[Fri Sep 04 05:51:44 UTC 2026][INFO] [Action] E SplitContainer - 311362
[Fri Sep 04 05:51:51 UTC 2026][INFO] [Action] E AddTextContainer - (c,311224,2),0,0,0
[Fri Sep 04 05:51:55 UTC 2026][INFO] [Action] U AddTextContainer
[Fri Sep 04 05:51:59 UTC 2026][INFO] [Action] E UpdateStyle - (c,311224,2),49:0.250000:2,(r,311224,311224),F
[Fri Sep 04 05:52:11 UTC 2026][INFO] [Action] E AddTextContainer - (c,312138,2),0,0,0
[Fri Sep 04 05:52:13 UTC 2026][INFO] [Action] E AddTextContainer - (c,312260,2),0,0,0
[Fri Sep 04 05:52:16 UTC 2026][INFO] [Action] E AddTextContainer - (c,312485,2),0,0,0
[Fri Sep 04 05:52:21 UTC 2026][INFO] [Action] E SplitContainer - 312716
[Fri Sep 04 05:52:27 UTC 2026][INFO] [Action] E AddTextContainer - (c,312878,2),0,0,0
[Fri Sep 04 05:52:28 UTC 2026][INFO] [Action] E AddTextContainer - (c,312715,2),0,0,0
[Fri Sep 04 05:52:38 UTC 2026][INFO] [Action] E AddTextContainer - (c,313296,2),0,0,0
[Fri Sep 04 05:52:43 UTC 2026][INFO] [Action] E AddTextContainer - (c,313495,2),0,0,0
[Fri Sep 04 05:52:45 UTC 2026][INFO] [Action] E AddTextContainer - (c,313699,2),0,0,0
[Fri Sep 04 05:52:49 UTC 2026][INFO] [Action] E SplitContainer - 313854
[Fri Sep 04 05:52:53 UTC 2026][INFO] [Action] E UpdateStyle - (c,313853,2),49:0.250000:2,(r,313853,313853),F
[Fri Sep 04 05:52:54 UTC 2026][INFO] [Action] E UpdateStyle - (c,313853,2),49:0.500000:2,(r,313853,313853),F
[Fri Sep 04 05:52:57 UTC 2026][INFO] [Action] E AddTextContainer - (c,314187,2),0,0,0
[Fri Sep 04 05:53:04 UTC 2026][INFO] [Action] E SplitContainer - 314172
[Fri Sep 04 05:53:08 UTC 2026][INFO] [Action] E UpdateStyle - (c,314127,2),49:0.250000:2,(r,314127,314127),F
[Fri Sep 04 05:53:08 UTC 2026][INFO] [Action] E UpdateStyle - (c,314127,2),49:0.500000:2,(r,314127,314127),F
[Fri Sep 04 05:53:13 UTC 2026][INFO] [Action] E UpdateStyle - (c,314010,2),49:0.250000:2,(r,314010,314010),F
[Fri Sep 04 05:53:19 UTC 2026][INFO] [Action] E AddTextContainer - (c,314418,2),0,0,0
[Fri Sep 04 05:53:26 UTC 2026][INFO] [Action] E SplitContainer - 314638
[Fri Sep 04 05:53:36 UTC 2026][INFO] [Action] E SplitContainer - 314837
[Fri Sep 04 05:53:39 UTC 2026][INFO] [Action] E SplitContainer - 314920
[Fri Sep 04 05:53:44 UTC 2026][INFO] [Action] E UpdateStyle - (c,314991,2),49:0.250000:2,(r,314991,314991),F
[Fri Sep 04 05:53:45 UTC 2026][INFO] [Action] E UpdateStyle - (c,314991,2),49:0.500000:2,(r,314991,314991),F
[Fri Sep 04 05:53:47 UTC 2026][INFO] [Action] E AddTextContainer - (c,315183,2),0,0,0
[Fri Sep 04 05:53:54 UTC 2026][INFO] [Action] E UpdateStyle - (c,315328,2),49:0.250000:2,(r,315328,315328),F
[Fri Sep 04 05:53:54 UTC 2026][INFO] [Action] E UpdateStyle - (c,315328,2),49:0.500000:2,(r,315328,315328),F
[Fri Sep 04 05:53:54 UTC 2026][INFO] [Action] E UpdateStyle - (c,315328,2),49:0.750000:2,(r,315328,315328),F
[Fri Sep 04 05:53:54 UTC 2026][INFO] [Action] E UpdateStyle - (c,315328,2),49:1.000000:2,(r,315328,315328),F
[Fri Sep 04 05:54:00 UTC 2026][INFO] [Action] E UpdateStyle - (c,315309,1),47:3.500000:2,(r,315309,315309),F
[Fri Sep 04 05:54:00 UTC 2026][INFO] [Action] E UpdateStyle - (c,315309,1),47:3.250000:2,(r,315309,315309),F
[Fri Sep 04 05:54:00 UTC 2026][INFO] [Action] E UpdateStyle - (c,315309,1),47:3.000000:2,(r,315309,315309),F
[Fri Sep 04 05:54:01 UTC 2026][INFO] [Action] E UpdateStyle - (c,315309,1),47:2.750000:2,(r,315309,315309),F
[Fri Sep 04 05:54:07 UTC 2026][INFO] [Action] E UpdateStyle - (r,315329,315338),13:361:3,(r,315329,315338),F
[Fri Sep 04 05:54:13 UTC 2026][INFO] [Action] E UpdateStyle - (r,315505,315517),13:361:3,(r,315505,315517),F
[Fri Sep 04 05:54:18 UTC 2026][INFO] [Action] E UpdateStyle - (r,315607,315618),13:361:3,(r,315607,315618),F
[Fri Sep 04 05:54:31 UTC 2026][INFO] [Action] E SplitContainer - 315678
[Fri Sep 04 05:54:34 UTC 2026][INFO] [Action] E DeleteContent - (r,315678,315678),F
[Fri Sep 04 05:54:36 UTC 2026][INFO] [Action] E UpdateStyle - (c,315678,1),47:0.500000:2,(r,315678,315678),F
[Fri Sep 04 05:54:37 UTC 2026][INFO] [Action] E UpdateStyle - (c,315678,1),47:0.250000:2,(r,315678,315678),F
[Fri Sep 04 05:54:37 UTC 2026][INFO] [Action] E UpdateStyle - (c,315678,1),47:0.000000:2,(r,315678,315678),F
[Fri Sep 04 05:54:56 UTC 2026][INFO] [Action] E UpdateStyle - (r,316537,317239),16:10.000000:2,(r,316537,317239),F
[Fri Sep 04 05:55:02 UTC 2026][INFO] [Action] E UpdateStyle - (r,317231,317293),16:10.000000:2,(r,317231,317293),F
[Fri Sep 04 05:55:09 UTC 2026][INFO] [Action] E UpdateStyle - (r,315803,316535),16:8.000000:2,(r,315803,316535),F
[Fri Sep 04 05:55:11 UTC 2026][INFO] [Action] E UpdateStyle - (r,315803,316535),16:10.000000:2,(r,315803,316535),F
[Fri Sep 04 05:55:18 UTC 2026][INFO] [Action] E UpdateStyle - (c,315802,2),49:1.000000:2,(r,315802,315802),F
[Fri Sep 04 05:55:24 UTC 2026][INFO] [Action] E UpdateStyle - (c,316535,2),49:0.250000:2,(r,316535,316535),F
[Fri Sep 04 05:55:29 UTC 2026][INFO] [Action] E InsertTextContent - (c,316535,2),[.]
[Fri Sep 04 05:55:40 UTC 2026][INFO] [Action] E DeleteContent - (c,316432,1),B
[Fri Sep 04 05:55:40 UTC 2026][INFO] [Action] E DeleteContent - (c,316431,1),B
[Fri Sep 04 05:55:40 UTC 2026][INFO] [Action] E DeleteContent - (c,316430,1),B
[Fri Sep 04 05:55:41 UTC 2026][INFO] [Action] E DeleteContent - (c,316429,1),B
[Fri Sep 04 05:55:51 UTC 2026][INFO] [Action] E UpdateStyle - (c,316549,2),49:0.750000:2,(r,316549,316549),F
[Fri Sep 04 05:55:53 UTC 2026][INFO] [Action] E UpdateStyle - (c,316549,2),49:0.500000:2,(r,316549,316549),F
[Fri Sep 04 05:55:57 UTC 2026][INFO] [Action] E UpdateStyle - (c,316532,2),49:0.000000:2,(r,316532,316532),F
[Fri Sep 04 05:56:02 UTC 2026][INFO] [Action] E RemoveSectionBreak - 317291,1
[Fri Sep 04 05:56:05 UTC 2026][INFO] [Action] U RemoveSectionBreak
[Fri Sep 04 05:56:09 UTC 2026][INFO] [Action] E RemoveSectionBreak - 317293,0
[Fri Sep 04 05:56:12 UTC 2026][INFO] [Action] U RemoveSectionBreak
[Fri Sep 04 05:56:14 UTC 2026][INFO] [Action] E MergeContainer - 317291,1
[Fri Sep 04 05:56:42 UTC 2026][INFO] [Action] E UpdateStyle - (r,326092,326105),16:12.000000:2,(r,326092,326105),F
[Fri Sep 04 05:56:47 UTC 2026][INFO] [Action] E UpdateStyle - (r,326894,326958),16:10.000000:2,(r,326894,326958),F
[Fri Sep 04 05:56:59 UTC 2026][INFO] [Action] E SplitContainer - 326917
[Fri Sep 04 05:57:03 UTC 2026][INFO] [Action] E MergeContainer - 326892,1
[Fri Sep 04 05:57:09 UTC 2026][INFO] [Action] E UpdateStyle - (c,325779,2),49:0.250000:2,(r,325779,325779),F
[Fri Sep 04 05:57:11 UTC 2026][INFO] [Action] E UpdateStyle - (c,325779,2),49:0.500000:2,(r,325779,325779),F
[Fri Sep 04 05:57:15 UTC 2026][INFO] [Action] E UpdateStyle - (c,325846,2),49:0.250000:2,(r,325846,325846),F
[Fri Sep 04 05:57:16 UTC 2026][INFO] [Action] E UpdateStyle - (c,325846,2),49:0.500000:2,(r,325846,325846),F
[Fri Sep 04 05:57:21 UTC 2026][INFO] [Action] E UpdateStyle - (c,325943,2),49:0.250000:2,(r,325943,325943),F
[Fri Sep 04 05:57:21 UTC 2026][INFO] [Action] E UpdateStyle - (c,325943,2),49:0.500000:2,(r,325943,325943),F
[Fri Sep 04 05:57:27 UTC 2026][INFO] [Action] E UpdateStyle - (c,326441,2),49:0.250000:2,(r,326441,326441),F
[Fri Sep 04 05:57:42 UTC 2026][INFO] [Action] E SplitContainer - 326843
[Fri Sep 04 05:57:48 UTC 2026][INFO] [Action] E UpdateStyle - (c,326842,2),49:0.750000:2,(r,326842,326842),F
[Fri Sep 04 05:57:49 UTC 2026][INFO] [Action] E UpdateStyle - (c,326842,2),49:0.500000:2,(r,326842,326842),F
[Fri Sep 04 05:57:49 UTC 2026][INFO] [Action] E UpdateStyle - (c,326842,2),49:0.250000:2,(r,326842,326842),F
[Fri Sep 04 05:57:51 UTC 2026][INFO] [Action] E UpdateStyle - (c,326842,2),49:0.000000:2,(r,326842,326842),F
[Fri Sep 04 05:58:02 UTC 2026][INFO] [Action] E SplitContainer - 326583
[Fri Sep 04 05:58:14 UTC 2026][INFO] [Action] E SplitContainer - 326572
[Fri Sep 04 05:58:17 UTC 2026][INFO] [Action] E MergeContainer - 326582,0
[Fri Sep 04 05:58:51 UTC 2026][INFO] [Action] E UpdateStyle - (r,324993,325051),16:12.000000:2,(r,324993,325051),F
[Fri Sep 04 05:59:14 UTC 2026][INFO] [Action] E UpdateStyle - (c,324017,2),49:1.250000:2,(r,324017,324017),F
[Fri Sep 04 05:59:15 UTC 2026][INFO] [Action] E UpdateStyle - (c,324017,2),49:1.000000:2,(r,324017,324017),F
[Fri Sep 04 05:59:16 UTC 2026][INFO] [Action] E UpdateStyle - (c,324017,2),49:0.750000:2,(r,324017,324017),F
[Fri Sep 04 05:59:16 UTC 2026][INFO] [Action] E UpdateStyle - (c,324017,2),49:0.500000:2,(r,324017,324017),F
[Fri Sep 04 05:59:29 UTC 2026][INFO] [Action] E UpdateStyle - (r,323467,323481),16:12.000000:2,(r,323467,323481),F
[Fri Sep 04 05:59:47 UTC 2026][INFO] [Action] E SplitContainer - 323802
[Fri Sep 04 05:59:57 UTC 2026][INFO] [Action] E AddTextContainer - (c,324319,1),1,0,0
[Fri Sep 04 06:00:01 UTC 2026][INFO] [Action] U AddTextContainer
[Fri Sep 04 06:00:04 UTC 2026][INFO] [Action] E UpdateStyle - (c,324319,1),47:0.250000:2,(r,324319,324319),F
[Fri Sep 04 06:00:05 UTC 2026][INFO] [Action] E UpdateStyle - (c,324319,1),47:0.500000:2,(r,324319,324319),F
[Fri Sep 04 06:00:09 UTC 2026][INFO] [Action] E DeleteContent - (c,324458,2),B
[Fri Sep 04 06:00:17 UTC 2026][INFO] [Action] E MergeContainer - 324990,1
[Fri Sep 04 06:00:31 UTC 2026][INFO] [Action] E UpdateStyle - (c,321976,2),49:0.750000:2,(r,321976,321976),F
[Fri Sep 04 06:00:34 UTC 2026][INFO] [Action] E UpdateStyle - (c,321976,2),49:1.000000:2,(r,321976,321976),F
[Fri Sep 04 06:00:37 UTC 2026][INFO] [Action] E UpdateStyle - (c,323481,2),49:0.250000:2,(r,323481,323481),F
[Fri Sep 04 06:00:40 UTC 2026][INFO] [Action] E UpdateStyle - (c,323481,2),49:0.000000:2,(r,323481,323481),F
[Fri Sep 04 06:00:45 UTC 2026][INFO] [Action] E UpdateStyle - (c,323529,2),49:0.250000:2,(r,323529,323529),F
[Fri Sep 04 06:00:46 UTC 2026][INFO] [Action] E UpdateStyle - (c,323529,2),49:0.500000:2,(r,323529,323529),F
[Fri Sep 04 06:00:53 UTC 2026][INFO] [Action] E UpdateStyle - (c,323465,2),49:1.250000:2,(r,323465,323465),F
[Fri Sep 04 06:00:54 UTC 2026][INFO] [Action] E UpdateStyle - (c,323465,2),49:1.500000:2,(r,323465,323465),F
[Fri Sep 04 06:00:56 UTC 2026][INFO] [Action] E UpdateStyle - (c,323465,2),49:1.250000:2,(r,323465,323465),F
[Fri Sep 04 06:01:08 UTC 2026][INFO] [Action] E UpdateStyle - (c,324017,2),49:0.750000:2,(r,324017,324017),F
[Fri Sep 04 06:01:09 UTC 2026][INFO] [Action] E UpdateStyle - (c,324017,2),49:0.500000:2,(r,324017,324017),F
[Fri Sep 04 06:01:24 UTC 2026][INFO] [Action] E UpdateStyle - (c,322338,2),49:0.250000:2,(r,322338,322338),F
[Fri Sep 04 06:01:31 UTC 2026][INFO] [Action] E SplitContainer - 322393
[Fri Sep 04 06:01:36 UTC 2026][INFO] [Action] E UpdateStyle - (c,322392,2),49:0.250000:2,(r,322392,322392),F
[Fri Sep 04 06:01:37 UTC 2026][INFO] [Action] E UpdateStyle - (c,322392,2),49:0.000000:2,(r,322392,322392),F
[Fri Sep 04 06:01:44 UTC 2026][INFO] [Action] E SplitContainer - 322439
[Fri Sep 04 06:01:48 UTC 2026][INFO] [Action] E UpdateStyle - (c,322438,2),49:0.250000:2,(r,322438,322438),F
[Fri Sep 04 06:01:48 UTC 2026][INFO] [Action] E UpdateStyle - (c,322438,2),49:0.000000:2,(r,322438,322438),F
[Fri Sep 04 06:01:57 UTC 2026][INFO] [Action] E SplitContainer - 322486
[Fri Sep 04 06:02:01 UTC 2026][INFO] [Action] E UpdateStyle - (c,322485,2),49:0.250000:2,(r,322485,322485),F
[Fri Sep 04 06:02:01 UTC 2026][INFO] [Action] E UpdateStyle - (c,322485,2),49:0.000000:2,(r,322485,322485),F
[Fri Sep 04 06:02:19 UTC 2026][INFO] [Action] E UpdateStyle - (r,322526,322528),49:0.250000:2,(r,322526,322528),F
[Fri Sep 04 06:02:29 UTC 2026][INFO] [Action] E UpdateStyle - (c,322808,2),49:0.250000:2,(r,322808,322808),F
[Fri Sep 04 06:02:36 UTC 2026][INFO] [Action] E UpdateStyle - (c,323071,2),49:0.250000:2,(r,323071,323071),F
[Fri Sep 04 06:03:05 UTC 2026][INFO] [Action] E MergeContainer - 324833,1
[Fri Sep 04 06:03:08 UTC 2026][INFO] [Action] E UpdateStyle - (c,324832,2),49:0.250000:2,(r,324832,324832),F
[Fri Sep 04 06:03:08 UTC 2026][INFO] [Action] E UpdateStyle - (c,324832,2),49:0.500000:2,(r,324832,324832),F
[Fri Sep 04 06:03:17 UTC 2026][INFO] [Action] E UpdateStyle - (c,324017,2),49:0.250000:2,(r,324017,324017),F
[Fri Sep 04 06:03:33 UTC 2026][INFO] [Action] E SaveBook - Save
[Fri Sep 04 15:03:32 UTC 2026][INFO] [Action] EE OpenBook - REV2_The_Murder_That_Hadnt_Happened_Yet_DIALOGUE_KC.kcb
[Fri Sep 04 15:04:08 UTC 2026][INFO] [Action] E SplitContainer - 8627
[Fri Sep 04 15:04:15 UTC 2026][INFO] [Action] E SplitContainer - 8168
[Fri Sep 04 15:04:17 UTC 2026][INFO] [Action] E SplitContainer - 8196
[Fri Sep 04 15:04:19 UTC 2026][INFO] [Action] E SplitContainer - 8227
[Fri Sep 04 15:04:23 UTC 2026][INFO] [Action] E SplitContainer - 8259
[Fri Sep 04 15:04:33 UTC 2026][INFO] [Action] E UpdateStyle - (c,8303,2),49:0.250000:2,(r,8303,8303),F
[Fri Sep 04 15:04:34 UTC 2026][INFO] [Action] E UpdateStyle - (c,8303,2),49:0.500000:2,(r,8303,8303),F
[Fri Sep 04 15:04:41 UTC 2026][INFO] [Action] E UpdateStyle - (c,8626,2),49:0.250000:2,(r,8626,8626),F
[Fri Sep 04 15:04:42 UTC 2026][INFO] [Action] E UpdateStyle - (c,8626,2),49:0.500000:2,(r,8626,8626),F
[Fri Sep 04 15:04:48 UTC 2026][INFO] [Action] E SplitContainer - 8341
[Fri Sep 04 15:04:53 UTC 2026][INFO] [Action] U SplitContainer
[Fri Sep 04 15:04:56 UTC 2026][INFO] [Action] E SplitContainer - 8355
[Fri Sep 04 15:05:01 UTC 2026][INFO] [Action] E UpdateStyle - (c,8354,2),49:0.250000:2,(r,8354,8354),F
[Fri Sep 04 15:05:10 UTC 2026][INFO] [Action] E SplitContainer - 8432
[Fri Sep 04 15:05:47 UTC 2026][INFO] [Action] E UpdateStyle - (c,7948,2),49:0.250000:2,(r,7948,7948),F
[Fri Sep 04 15:05:54 UTC 2026][INFO] [Action] E UpdateStyle - (c,7235,2),49:0.250000:2,(r,7235,7235),F
[Fri Sep 04 15:06:00 UTC 2026][INFO] [Action] E UpdateStyle - (c,7074,2),49:0.250000:2,(r,7074,7074),F
[Fri Sep 04 15:06:07 UTC 2026][INFO] [Action] E SplitContainer - 7384
[Fri Sep 04 15:06:14 UTC 2026][INFO] [Action] E UpdateStyle - (c,6828,2),49:0.250000:2,(r,6828,6828),F
[Fri Sep 04 15:06:32 UTC 2026][INFO] [Action] E UpdateStyle - (c,5400,2),49:0.250000:2,(r,5400,5400),F
[Fri Sep 04 15:06:39 UTC 2026][INFO] [Action] E UpdateStyle - (c,5958,2),49:0.250000:2,(r,5958,5958),F
[Fri Sep 04 15:06:48 UTC 2026][INFO] [Action] E UpdateStyle - (c,6281,2),49:0.250000:2,(r,6281,6281),F
[Fri Sep 04 15:06:53 UTC 2026][INFO] [Action] E UpdateStyle - (c,5159,2),49:0.250000:2,(r,5159,5159),F
[Fri Sep 04 15:07:06 UTC 2026][INFO] [Action] E SplitContainer - 5653
[Fri Sep 04 15:07:17 UTC 2026][INFO] [Action] E UpdateStyle - (c,3469,2),49:0.250000:2,(r,3469,3469),F
[Fri Sep 04 15:07:23 UTC 2026][INFO] [Action] E UpdateStyle - (c,3899,2),49:0.250000:2,(r,3899,3899),F
[Fri Sep 04 15:07:28 UTC 2026][INFO] [Action] E UpdateStyle - (c,4143,2),49:0.250000:2,(r,4143,4143),F
[Fri Sep 04 15:07:32 UTC 2026][INFO] [Action] E UpdateStyle - (c,4493,2),49:0.250000:2,(r,4493,4493),F
[Fri Sep 04 15:07:37 UTC 2026][INFO] [Action] E UpdateStyle - (c,4624,2),49:0.250000:2,(r,4624,4624),F
[Fri Sep 04 15:07:50 UTC 2026][INFO] [Action] E SplitContainer - 2352
[Fri Sep 04 15:07:57 UTC 2026][INFO] [Action] E UpdateStyle - (c,2857,2),49:0.250000:2,(r,2857,2857),F
[Fri Sep 04 15:08:05 UTC 2026][INFO] [Action] E InsertTextContent - (c,3075,2),[SPACE]
[Fri Sep 04 15:08:07 UTC 2026][INFO] [Action] E MergeContainer - 3076,0
[Fri Sep 04 15:08:12 UTC 2026][INFO] [Action] E SplitContainer - 3137
[Fri Sep 04 15:08:17 UTC 2026][INFO] [Action] E UpdateStyle - (c,3269,2),49:0.250000:2,(r,3269,3269),F
[Fri Sep 04 15:08:30 UTC 2026][INFO] [Action] E UpdateStyle - (c,4842,2),49:0.250000:2,(r,4842,4842),F
[Fri Sep 04 15:09:00 UTC 2026][INFO] [Action] E UpdateStyle - (c,8168,2),49:0.250000:2,(r,8168,8168),F
[Fri Sep 04 15:09:24 UTC 2026][INFO] [Action] E UpdateStyle - (c,10522,2),49:0.250000:2,(r,10522,10522),F
[Fri Sep 04 15:09:32 UTC 2026][INFO] [Action] E UpdateStyle - (c,10565,2),49:0.250000:2,(r,10565,10565),F
[Fri Sep 04 15:09:33 UTC 2026][INFO] [Action] E UpdateStyle - (c,10565,2),49:0.500000:2,(r,10565,10565),F
[Fri Sep 04 15:09:39 UTC 2026][INFO] [Action] E UpdateStyle - (c,10596,2),49:0.250000:2,(r,10596,10596),F
[Fri Sep 04 15:09:42 UTC 2026][INFO] [Action] E UpdateStyle - (c,10639,2),49:0.250000:2,(r,10639,10639),F
[Fri Sep 04 15:09:43 UTC 2026][INFO] [Action] E UpdateStyle - (c,10639,2),49:0.500000:2,(r,10639,10639),F
[Fri Sep 04 15:09:47 UTC 2026][INFO] [Action] E UpdateStyle - (c,10745,2),49:0.250000:2,(r,10745,10745),F
[Fri Sep 04 15:09:48 UTC 2026][INFO] [Action] E UpdateStyle - (c,10745,2),49:0.500000:2,(r,10745,10745),F
[Fri Sep 04 15:09:53 UTC 2026][INFO] [Action] E UpdateStyle - (c,11019,2),49:0.250000:2,(r,11019,11019),F
[Fri Sep 04 15:09:58 UTC 2026][INFO] [Action] E UpdateStyle - (c,11042,2),49:0.250000:2,(r,11042,11042),F
[Fri Sep 04 15:09:59 UTC 2026][INFO] [Action] E UpdateStyle - (c,11042,2),49:0.500000:2,(r,11042,11042),F
[Fri Sep 04 15:10:03 UTC 2026][INFO] [Action] E UpdateStyle - (c,11270,2),49:0.250000:2,(r,11270,11270),F
[Fri Sep 04 15:10:05 UTC 2026][INFO] [Action] E UpdateStyle - (c,11270,2),49:0.500000:2,(r,11270,11270),F
[Fri Sep 04 15:10:14 UTC 2026][INFO] [Action] E UpdateStyle - (c,11055,2),49:0.250000:2,(r,11055,11055),F
[Fri Sep 04 15:10:20 UTC 2026][INFO] [Action] E UpdateStyle - (c,11037,2),34:320:3,(r,11037,11037),F
[Fri Sep 04 15:10:46 UTC 2026][INFO] [Action] E SplitContainer - 14038
[Fri Sep 04 15:10:54 UTC 2026][INFO] [Action] E UpdateStyle - (c,14038,1),49:0.250000:2,(r,14038,14038),F
[Fri Sep 04 15:10:59 UTC 2026][INFO] [Action] E UpdateStyle - (c,14038,1),49:0.500000:2,(r,14038,14038),F
[Fri Sep 04 15:11:05 UTC 2026][INFO] [Action] E UpdateStyle - (c,14038,1),49:0.250000:2,(r,14038,14038),F
[Fri Sep 04 15:11:05 UTC 2026][INFO] [Action] E UpdateStyle - (c,14038,1),49:0.000000:2,(r,14038,14038),F
[Fri Sep 04 15:11:08 UTC 2026][INFO] [Action] E UpdateStyle - (c,14037,2),49:0.250000:2,(r,14037,14037),F
[Fri Sep 04 15:11:41 UTC 2026][INFO] [Action] E InsertTextContent - (r,14197,14305),[SPACE]
[Fri Sep 04 15:11:49 UTC 2026][INFO] [Action] E InsertTextContent - (r,14197,14281),[SPACE]
[Fri Sep 04 15:11:58 UTC 2026][INFO] [Action] E UpdateStyle - (c,14197,2),49:0.250000:2,(r,14197,14197),F
[Fri Sep 04 15:12:25 UTC 2026][INFO] [Action] E UpdateStyle - (c,13667,2),49:0.250000:2,(r,13667,13667),F
[Fri Sep 04 15:12:40 UTC 2026][INFO] [Action] E Cut - (r,14198,14303)
[Fri Sep 04 15:12:43 UTC 2026][INFO] [Action] E InsertTextContent - (c,13667,2),[SPACE]
[Fri Sep 04 15:12:45 UTC 2026][INFO] [Action] E Paste - (c,13668,2),108
[Fri Sep 04 15:12:51 UTC 2026][INFO] [Action] E SplitContainer - 13669
[Fri Sep 04 15:13:24 UTC 2026][INFO] [Action] E SplitContainer - 14484
[Fri Sep 04 15:13:24 UTC 2026][INFO] [Action] E AddTextContainer - (c,14484,1),1,0,0
[Fri Sep 04 15:13:29 UTC 2026][INFO] [Action] E MergeContainer - 14484,1
[Fri Sep 04 15:13:43 UTC 2026][INFO] [Action] E Cut - (r,14533,14540)
[Fri Sep 04 15:13:48 UTC 2026][INFO] [Action] E Paste - (c,14483,2),12
[Fri Sep 04 15:13:53 UTC 2026][INFO] [Action] E InsertTextContent - (c,14540,2),[SPACE]
[Fri Sep 04 15:13:54 UTC 2026][INFO] [Action] E MergeContainer - 14541,0
[Fri Sep 04 15:14:08 UTC 2026][INFO] [Action] E SplitContainer - 14780
[Fri Sep 04 15:15:05 UTC 2026][INFO] [Action] E SplitContainer - 19006
[Fri Sep 04 15:15:09 UTC 2026][INFO] [Action] E SplitContainer - 19145
[Fri Sep 04 15:15:13 UTC 2026][INFO] [Action] E SplitContainer - 19333
[Fri Sep 04 15:15:27 UTC 2026][INFO] [Action] E SplitContainer - 20206
[Fri Sep 04 15:15:34 UTC 2026][INFO] [Action] E SplitContainer - 20314
[Fri Sep 04 15:15:42 UTC 2026][INFO] [Action] E SplitContainer - 20534
[Fri Sep 04 15:15:51 UTC 2026][INFO] [Action] E SplitContainer - 20741
[Fri Sep 04 15:16:01 UTC 2026][INFO] [Action] E InsertTextContent - (c,20755,2),[SPACE]
[Fri Sep 04 15:16:02 UTC 2026][INFO] [Action] E MergeContainer - 20756,0
[Fri Sep 04 15:17:58 UTC 2026][INFO] [Action] E SplitContainer - 20757
[Fri Sep 04 15:18:00 UTC 2026][INFO] [Action] E InsertTextContent - (c,20757,1),[P]
[Fri Sep 04 15:18:00 UTC 2026][INFO] [Action] E InsertTextContent - (c,20757,2),[e]
[Fri Sep 04 15:18:01 UTC 2026][INFO] [Action] E InsertTextContent - (c,20758,2),[n]
[Fri Sep 04 15:18:01 UTC 2026][INFO] [Action] E InsertTextContent - (c,20759,2),[n]
[Fri Sep 04 15:18:02 UTC 2026][INFO] [Action] E InsertTextContent - (c,20760,2),[y]
[Fri Sep 04 15:18:02 UTC 2026][INFO] [Action] E InsertTextContent - (c,20761,2),[SPACE]
[Fri Sep 04 15:18:04 UTC 2026][INFO] [Action] E InsertTextContent - (c,20762,2),[a]
[Fri Sep 04 15:18:05 UTC 2026][INFO] [Action] E InsertTextContent - (c,20763,2),[s]
[Fri Sep 04 15:18:05 UTC 2026][INFO] [Action] E InsertTextContent - (c,20764,2),[k]
[Fri Sep 04 15:18:06 UTC 2026][INFO] [Action] E InsertTextContent - (c,20765,2),[e]
[Fri Sep 04 15:18:06 UTC 2026][INFO] [Action] E InsertTextContent - (c,20766,2),[d]
[Fri Sep 04 15:18:09 UTC 2026][INFO] [Action] E InsertTextContent - (c,20767,2),[.]
[Fri Sep 04 15:18:09 UTC 2026][INFO] [Action] E InsertTextContent - (c,20768,2),[SPACE]
[Fri Sep 04 15:18:11 UTC 2026][INFO] [Action] E DeleteContent - (c,20769,2),B
[Fri Sep 04 15:18:12 UTC 2026][INFO] [Action] E DeleteContent - (c,20769,1),B
[Fri Sep 04 15:18:14 UTC 2026][INFO] [Action] E InsertTextContent - (c,20768,1),[.]
[Fri Sep 04 15:18:14 UTC 2026][INFO] [Action] E InsertTextContent - (c,20768,2),[SPACE]
[Fri Sep 04 15:18:15 UTC 2026][INFO] [Action] E DeleteContent - (c,20769,2),B
[Fri Sep 04 15:18:16 UTC 2026][INFO] [Action] E DeleteContent - (c,20769,1),B
[Fri Sep 04 15:18:19 UTC 2026][INFO] [Action] E InsertTextContent - (c,20768,1),[,]
[Fri Sep 04 15:18:20 UTC 2026][INFO] [Action] E InsertTextContent - (c,20768,2),[SPACE]
[Fri Sep 04 15:21:42 UTC 2026][INFO] [Action] E SplitContainer - 22455
[Fri Sep 04 15:22:08 UTC 2026][INFO] [Action] E SplitContainer - 23367
[Fri Sep 04 15:22:37 UTC 2026][INFO] [Action] E InsertTextContent - (c,23477,2),[SPACE]
[Fri Sep 04 15:22:37 UTC 2026][INFO] [Action] E MergeContainer - 23478,0
[Fri Sep 04 15:22:50 UTC 2026][INFO] [Action] E SplitContainer - 23595
[Fri Sep 04 15:23:30 UTC 2026][INFO] [Action] E UpdateStyle - (r,24145,24148),12:382:3,(r,24145,24148),F
[Fri Sep 04 15:24:12 UTC 2026][INFO] [Action] E SplitContainer - 24443
[Fri Sep 04 15:24:50 UTC 2026][INFO] [Action] E SplitContainer - 24634
[Fri Sep 04 15:28:27 UTC 2026][INFO] [Action] E UpdateStyle - (r,27687,27731),48:1.000000:2,(r,27687,27731),F
[Fri Sep 04 15:28:28 UTC 2026][INFO] [Action] E UpdateStyle - (r,27687,27731),48:2.000000:2,(r,27687,27731),F
[Fri Sep 04 15:28:28 UTC 2026][INFO] [Action] E UpdateStyle - (r,27687,27731),48:3.000000:2,(r,27687,27731),F
[Fri Sep 04 15:28:28 UTC 2026][INFO] [Action] E UpdateStyle - (r,27687,27731),48:4.000000:2,(r,27687,27731),F
[Fri Sep 04 15:28:28 UTC 2026][INFO] [Action] E UpdateStyle - (r,27687,27731),48:5.000000:2,(r,27687,27731),F
[Fri Sep 04 15:28:28 UTC 2026][INFO] [Action] E UpdateStyle - (r,27687,27731),48:6.000000:2,(r,27687,27731),F
[Fri Sep 04 15:28:28 UTC 2026][INFO] [Action] E UpdateStyle - (r,27687,27731),48:7.000000:2,(r,27687,27731),F
[Fri Sep 04 15:28:29 UTC 2026][INFO] [Action] E UpdateStyle - (r,27687,27731),48:8.000000:2,(r,27687,27731),F
[Fri Sep 04 15:28:29 UTC 2026][INFO] [Action] E UpdateStyle - (r,27687,27731),48:9.000000:2,(r,27687,27731),F
[Fri Sep 04 15:28:29 UTC 2026][INFO] [Action] E UpdateStyle - (r,27687,27731),48:10.000000:2,(r,27687,27731),F
[Fri Sep 04 15:28:29 UTC 2026][INFO] [Action] E UpdateStyle - (r,27687,27731),48:11.000000:2,(r,27687,27731),F
[Fri Sep 04 15:28:29 UTC 2026][INFO] [Action] E UpdateStyle - (r,27687,27731),48:12.000000:2,(r,27687,27731),F
[Fri Sep 04 15:28:30 UTC 2026][INFO] [Action] E UpdateStyle - (r,27687,27731),48:13.000000:2,(r,27687,27731),F
[Fri Sep 04 15:28:30 UTC 2026][INFO] [Action] E UpdateStyle - (r,27687,27731),48:14.000000:2,(r,27687,27731),F
[Fri Sep 04 15:28:30 UTC 2026][INFO] [Action] E UpdateStyle - (r,27687,27731),48:15.000000:2,(r,27687,27731),F
[Fri Sep 04 15:28:30 UTC 2026][INFO] [Action] E UpdateStyle - (r,27687,27731),48:16.000000:2,(r,27687,27731),F
[Fri Sep 04 15:28:31 UTC 2026][INFO] [Action] E UpdateStyle - (r,27687,27731),48:17.000000:2,(r,27687,27731),F
[Fri Sep 04 15:28:31 UTC 2026][INFO] [Action] E UpdateStyle - (r,27687,27731),48:18.000000:2,(r,27687,27731),F
[Fri Sep 04 15:28:31 UTC 2026][INFO] [Action] E UpdateStyle - (r,27687,27731),48:19.000000:2,(r,27687,27731),F
[Fri Sep 04 15:28:31 UTC 2026][INFO] [Action] E UpdateStyle - (r,27687,27731),48:20.000000:2,(r,27687,27731),F
[Fri Sep 04 15:28:31 UTC 2026][INFO] [Action] E UpdateStyle - (r,27687,27731),48:21.000000:2,(r,27687,27731),F
[Fri Sep 04 15:28:32 UTC 2026][INFO] [Action] E UpdateStyle - (r,27687,27731),48:22.000000:2,(r,27687,27731),F
[Fri Sep 04 15:28:32 UTC 2026][INFO] [Action] E UpdateStyle - (r,27687,27731),48:23.000000:2,(r,27687,27731),F
[Fri Sep 04 15:28:32 UTC 2026][INFO] [Action] E UpdateStyle - (r,27687,27731),48:24.000000:2,(r,27687,27731),F
[Fri Sep 04 15:28:32 UTC 2026][INFO] [Action] E UpdateStyle - (r,27687,27731),48:25.000000:2,(r,27687,27731),F
[Fri Sep 04 15:28:33 UTC 2026][INFO] [Action] E UpdateStyle - (r,27687,27731),48:26.000000:2,(r,27687,27731),F
[Fri Sep 04 15:28:33 UTC 2026][INFO] [Action] E UpdateStyle - (r,27687,27731),48:27.000000:2,(r,27687,27731),F
[Fri Sep 04 15:28:33 UTC 2026][INFO] [Action] E UpdateStyle - (r,27687,27731),48:28.000000:2,(r,27687,27731),F
[Fri Sep 04 15:28:33 UTC 2026][INFO] [Action] E UpdateStyle - (r,27687,27731),48:29.000000:2,(r,27687,27731),F
[Fri Sep 04 15:28:34 UTC 2026][INFO] [Action] E UpdateStyle - (r,27687,27731),48:30.000000:2,(r,27687,27731),F
[Fri Sep 04 15:28:34 UTC 2026][INFO] [Action] E UpdateStyle - (r,27687,27731),48:31.000000:2,(r,27687,27731),F
[Fri Sep 04 15:28:34 UTC 2026][INFO] [Action] E UpdateStyle - (r,27687,27731),48:32.000000:2,(r,27687,27731),F
[Fri Sep 04 15:28:34 UTC 2026][INFO] [Action] E UpdateStyle - (r,27687,27731),48:33.000000:2,(r,27687,27731),F
[Fri Sep 04 15:28:34 UTC 2026][INFO] [Action] E UpdateStyle - (r,27687,27731),48:34.000000:2,(r,27687,27731),F
[Fri Sep 04 15:28:35 UTC 2026][INFO] [Action] E UpdateStyle - (r,27687,27731),48:35.000000:2,(r,27687,27731),F
[Fri Sep 04 15:28:40 UTC 2026][INFO] [Action] E UpdateStyle - (c,27686,2),49:0.250000:2,(r,27686,27686),F
[Fri Sep 04 15:28:47 UTC 2026][INFO] [Action] E UpdateStyle - (c,27766,2),49:0.250000:2,(r,27766,27766),F
[Fri Sep 04 15:28:47 UTC 2026][INFO] [Action] E UpdateStyle - (c,27766,2),49:0.500000:2,(r,27766,27766),F
[Fri Sep 04 15:29:09 UTC 2026][INFO] [Action] E SplitContainer - 28104
[Fri Sep 04 15:29:15 UTC 2026][INFO] [Action] E SplitContainer - 28145
[Fri Sep 04 15:29:19 UTC 2026][INFO] [Action] E SplitContainer - 28213
[Fri Sep 04 15:29:21 UTC 2026][INFO] [Action] E InsertTextContent - (c,28227,2),[SPACE]
[Fri Sep 04 15:29:22 UTC 2026][INFO] [Action] E MergeContainer - 28228,0
[Fri Sep 04 15:29:26 UTC 2026][INFO] [Action] E SplitContainer - 28238
[Fri Sep 04 15:29:27 UTC 2026][INFO] [Action] E InsertTextContent - (c,28251,2),[SPACE]
[Fri Sep 04 15:29:29 UTC 2026][INFO] [Action] E MergeContainer - 28252,0
[Fri Sep 04 15:30:58 UTC 2026][INFO] [Action] E DeleteContent - (r,28238,28259),B
[Fri Sep 04 15:31:05 UTC 2026][INFO] [Action] E SplitContainer - 28274
[Fri Sep 04 15:31:09 UTC 2026][INFO] [Action] E SplitContainer - 28353
[Fri Sep 04 15:31:26 UTC 2026][INFO] [Action] E SplitContainer - 28723
[Fri Sep 04 15:31:47 UTC 2026][INFO] [Action] E SplitContainer - 28883
[Fri Sep 04 15:31:54 UTC 2026][INFO] [Action] E SplitContainer - 28827
[Fri Sep 04 15:32:07 UTC 2026][INFO] [Action] E SplitContainer - 28031
[Fri Sep 04 15:32:48 UTC 2026][INFO] [Action] E UpdateStyle - (c,30761,2),49:0.250000:2,(r,30761,30761),F
[Fri Sep 04 15:32:52 UTC 2026][INFO] [Action] E UpdateStyle - (c,30802,2),49:0.250000:2,(r,30802,30802),F
[Fri Sep 04 15:32:59 UTC 2026][INFO] [Action] E SplitContainer - 30880
[Fri Sep 04 15:33:09 UTC 2026][INFO] [Action] E SplitContainer - 30696
[Fri Sep 04 15:33:14 UTC 2026][INFO] [Action] E SplitContainer - 30186
[Fri Sep 04 15:33:31 UTC 2026][INFO] [Action] E SplitContainer - 30298
[Fri Sep 04 15:33:39 UTC 2026][INFO] [Action] E UpdateStyle - (r,30762,30802),48:1.000000:2,(r,30762,30802),F
[Fri Sep 04 15:33:40 UTC 2026][INFO] [Action] E UpdateStyle - (r,30762,30802),48:2.000000:2,(r,30762,30802),F
[Fri Sep 04 15:33:40 UTC 2026][INFO] [Action] E UpdateStyle - (r,30762,30802),48:3.000000:2,(r,30762,30802),F
[Fri Sep 04 15:33:40 UTC 2026][INFO] [Action] E UpdateStyle - (r,30762,30802),48:4.000000:2,(r,30762,30802),F
[Fri Sep 04 15:33:40 UTC 2026][INFO] [Action] E UpdateStyle - (r,30762,30802),48:5.000000:2,(r,30762,30802),F
[Fri Sep 04 15:33:40 UTC 2026][INFO] [Action] E UpdateStyle - (r,30762,30802),48:6.000000:2,(r,30762,30802),F
[Fri Sep 04 15:33:41 UTC 2026][INFO] [Action] E UpdateStyle - (r,30762,30802),48:7.000000:2,(r,30762,30802),F
[Fri Sep 04 15:33:41 UTC 2026][INFO] [Action] E UpdateStyle - (r,30762,30802),48:8.000000:2,(r,30762,30802),F
[Fri Sep 04 15:33:41 UTC 2026][INFO] [Action] E UpdateStyle - (r,30762,30802),48:9.000000:2,(r,30762,30802),F
[Fri Sep 04 15:33:41 UTC 2026][INFO] [Action] E UpdateStyle - (r,30762,30802),48:10.000000:2,(r,30762,30802),F
[Fri Sep 04 15:33:41 UTC 2026][INFO] [Action] E UpdateStyle - (r,30762,30802),48:11.000000:2,(r,30762,30802),F
[Fri Sep 04 15:33:42 UTC 2026][INFO] [Action] E UpdateStyle - (r,30762,30802),48:12.000000:2,(r,30762,30802),F
[Fri Sep 04 15:33:42 UTC 2026][INFO] [Action] E UpdateStyle - (r,30762,30802),48:13.000000:2,(r,30762,30802),F
[Fri Sep 04 15:33:44 UTC 2026][INFO] [Action] E UpdateStyle - (r,30762,30802),13:350:3,(r,30762,30802),F
[Fri Sep 04 15:33:52 UTC 2026][INFO] [Action] E UpdateStyle - (c,30931,2),49:0.250000:2,(r,30931,30931),F
[Fri Sep 04 15:33:57 UTC 2026][INFO] [Action] E UpdateStyle - (c,30993,2),49:0.250000:2,(r,30993,30993),F
[Fri Sep 04 15:33:58 UTC 2026][INFO] [Action] E UpdateStyle - (c,30993,2),49:0.500000:2,(r,30993,30993),F
[Fri Sep 04 15:34:02 UTC 2026][INFO] [Action] E UpdateStyle - (r,30932,30979),13:350:3,(r,30932,30979),F
[Fri Sep 04 15:34:05 UTC 2026][INFO] [Action] E UpdateStyle - (r,30932,30979),48:1.000000:2,(r,30932,30979),F
[Fri Sep 04 15:34:05 UTC 2026][INFO] [Action] E UpdateStyle - (r,30932,30979),48:2.000000:2,(r,30932,30979),F
[Fri Sep 04 15:34:05 UTC 2026][INFO] [Action] E UpdateStyle - (r,30932,30979),48:3.000000:2,(r,30932,30979),F
[Fri Sep 04 15:34:05 UTC 2026][INFO] [Action] E UpdateStyle - (r,30932,30979),48:4.000000:2,(r,30932,30979),F
[Fri Sep 04 15:34:05 UTC 2026][INFO] [Action] E UpdateStyle - (r,30932,30979),48:5.000000:2,(r,30932,30979),F
[Fri Sep 04 15:34:06 UTC 2026][INFO] [Action] E UpdateStyle - (r,30932,30979),48:6.000000:2,(r,30932,30979),F
[Fri Sep 04 15:34:06 UTC 2026][INFO] [Action] E UpdateStyle - (r,30932,30979),48:7.000000:2,(r,30932,30979),F
[Fri Sep 04 15:34:06 UTC 2026][INFO] [Action] E UpdateStyle - (r,30932,30979),48:8.000000:2,(r,30932,30979),F
[Fri Sep 04 15:34:06 UTC 2026][INFO] [Action] E UpdateStyle - (r,30932,30979),48:9.000000:2,(r,30932,30979),F
[Fri Sep 04 15:34:06 UTC 2026][INFO] [Action] E UpdateStyle - (r,30932,30979),48:10.000000:2,(r,30932,30979),F
[Fri Sep 04 15:34:07 UTC 2026][INFO] [Action] E UpdateStyle - (r,30932,30979),48:11.000000:2,(r,30932,30979),F
[Fri Sep 04 15:34:12 UTC 2026][INFO] [Action] E UpdateStyle - (r,30980,30993),13:350:3,(r,30980,30993),F
[Fri Sep 04 15:34:15 UTC 2026][INFO] [Action] E UpdateStyle - (r,30980,30993),48:1.000000:2,(r,30980,30993),F
[Fri Sep 04 15:34:15 UTC 2026][INFO] [Action] E UpdateStyle - (r,30980,30993),48:2.000000:2,(r,30980,30993),F
[Fri Sep 04 15:34:15 UTC 2026][INFO] [Action] E UpdateStyle - (r,30980,30993),48:3.000000:2,(r,30980,30993),F
[Fri Sep 04 15:34:15 UTC 2026][INFO] [Action] E UpdateStyle - (r,30980,30993),48:4.000000:2,(r,30980,30993),F
[Fri Sep 04 15:34:16 UTC 2026][INFO] [Action] E UpdateStyle - (r,30980,30993),48:5.000000:2,(r,30980,30993),F
[Fri Sep 04 15:34:16 UTC 2026][INFO] [Action] E UpdateStyle - (r,30980,30993),48:6.000000:2,(r,30980,30993),F
[Fri Sep 04 15:34:16 UTC 2026][INFO] [Action] E UpdateStyle - (r,30980,30993),48:7.000000:2,(r,30980,30993),F
[Fri Sep 04 15:34:16 UTC 2026][INFO] [Action] E UpdateStyle - (r,30980,30993),48:8.000000:2,(r,30980,30993),F
[Fri Sep 04 15:34:17 UTC 2026][INFO] [Action] E UpdateStyle - (r,30980,30993),48:9.000000:2,(r,30980,30993),F
[Fri Sep 04 15:34:17 UTC 2026][INFO] [Action] E UpdateStyle - (r,30980,30993),48:10.000000:2,(r,30980,30993),F
[Fri Sep 04 15:34:18 UTC 2026][INFO] [Action] E UpdateStyle - (r,30980,30993),48:11.000000:2,(r,30980,30993),F
[Fri Sep 04 15:34:53 UTC 2026][INFO] [Action] E UpdateStyle - (r,31193,31233),11:Bookerly,serif:4,(r,31193,31233),F
[Fri Sep 04 15:34:55 UTC 2026][INFO] [Action] E UpdateStyle - (r,31193,31233),11:AmazonEmber,sans-serif:4,(r,31193,31233),F
[Fri Sep 04 15:35:08 UTC 2026][INFO] [Action] U UpdateStyle
[Fri Sep 04 15:35:22 UTC 2026][INFO] [Action] E UpdateStyle - (r,31193,31233),16:8.000000:2,(r,31193,31233),F
[Fri Sep 04 15:35:35 UTC 2026][INFO] [Action] E UpdateStyle - (r,31704,31712),11:Bookerly,serif:4,(r,31704,31712),F
[Fri Sep 04 15:35:37 UTC 2026][INFO] [Action] E UpdateStyle - (r,31704,31712),11:AmazonEmber,sans-serif:4,(r,31704,31712),F
[Fri Sep 04 15:35:48 UTC 2026][INFO] [Action] E UpdateStyle - (c,32478,2),49:0.250000:2,(r,32478,32478),F
[Fri Sep 04 15:35:54 UTC 2026][INFO] [Action] E UpdateStyle - (c,32511,2),49:0.250000:2,(r,32511,32511),F
[Fri Sep 04 15:35:58 UTC 2026][INFO] [Action] E UpdateStyle - (r,32479,32511),11:Bookerly,serif:4,(r,32479,32511),F
[Fri Sep 04 15:36:01 UTC 2026][INFO] [Action] E UpdateStyle - (r,32479,32511),11:AmazonEmber,sans-serif:4,(r,32479,32511),F
[Fri Sep 04 15:37:38 UTC 2026][INFO] [Action] E UpdateStyle - (c,32546,2),49:0.250000:2,(r,32546,32546),F
[Fri Sep 04 15:37:42 UTC 2026][INFO] [Action] E UpdateStyle - (c,32561,2),49:0.250000:2,(r,32561,32561),F
[Fri Sep 04 15:37:43 UTC 2026][INFO] [Action] E UpdateStyle - (c,32561,2),49:0.500000:2,(r,32561,32561),F
[Fri Sep 04 15:37:48 UTC 2026][INFO] [Action] E UpdateStyle - (r,32547,32561),13:350:3,(r,32547,32561),F
[Fri Sep 04 15:37:49 UTC 2026][INFO] [Action] E UpdateStyle - (r,32547,32561),11:Bookerly,serif:4,(r,32547,32561),F
[Fri Sep 04 15:37:50 UTC 2026][INFO] [Action] E UpdateStyle - (r,32547,32561),11:AmazonEmber,sans-serif:4,(r,32547,32561),F
[Fri Sep 04 15:37:55 UTC 2026][INFO] [Action] E UpdateStyle - (c,33080,2),49:0.250000:2,(r,33080,33080),F
[Fri Sep 04 15:38:20 UTC 2026][INFO] [Action] E SaveBook - Save
[Fri Sep 04 15:56:52 UTC 2026][INFO] [Action] E SplitContainer - 32625
[Fri Sep 04 15:56:58 UTC 2026][INFO] [Action] E SplitContainer - 32893
[Fri Sep 04 15:57:00 UTC 2026][INFO] [Action] E SplitContainer - 32961
[Fri Sep 04 15:57:26 UTC 2026][INFO] [Action] E UpdateStyle - (r,33911,33940),13:350:3,(r,33911,33940),F
[Fri Sep 04 15:57:49 UTC 2026][INFO] [Action] E UpdateStyle - (c,35034,2),49:0.250000:2,(r,35034,35034),F
[Fri Sep 04 15:58:12 UTC 2026][INFO] [Action] E SplitContainer - 35252
[Fri Sep 04 15:58:25 UTC 2026][INFO] [Action] E MergeContainer - 36072,1
[Fri Sep 04 15:58:45 UTC 2026][INFO] [Action] E UpdateStyle - (r,37552,37565),11:Bookerly,serif:4,(r,37552,37565),F
[Fri Sep 04 15:58:46 UTC 2026][INFO] [Action] E UpdateStyle - (r,37552,37565),11:AmazonEmber,sans-serif:4,(r,37552,37565),F
[Fri Sep 04 15:58:54 UTC 2026][INFO] [Action] E UpdateStyle - (r,37552,37561),13:361:3,(r,37552,37561),F
[Fri Sep 04 15:58:55 UTC 2026][INFO] [Action] E UpdateStyle - (r,37552,37561),13:350:3,(r,37552,37561),F
[Fri Sep 04 15:59:15 UTC 2026][INFO] [Action] E SplitContainer - 38387
[Fri Sep 04 15:59:24 UTC 2026][INFO] [Action] E SplitContainer - 38881
[Fri Sep 04 15:59:25 UTC 2026][INFO] [Action] E AddTextContainer - (c,38893,2),0,0,0
[Fri Sep 04 15:59:29 UTC 2026][INFO] [Action] U AddTextContainer
[Fri Sep 04 15:59:32 UTC 2026][INFO] [Action] E UpdateStyle - (c,38893,2),49:0.250000:2,(r,38893,38893),F
[Fri Sep 04 15:59:32 UTC 2026][INFO] [Action] E UpdateStyle - (c,38893,2),49:0.500000:2,(r,38893,38893),F
[Fri Sep 04 15:59:36 UTC 2026][INFO] [Action] E UpdateStyle - (c,38880,2),49:0.250000:2,(r,38880,38880),F
[Fri Sep 04 15:59:41 UTC 2026][INFO] [Action] E UpdateStyle - (r,38892,38893),34:320:3,(r,38892,38893),F
[Fri Sep 04 15:59:45 UTC 2026][INFO] [Action] E UpdateStyle - (r,38892,38893),13:350:3,(r,38892,38893),F
[Fri Sep 04 15:59:48 UTC 2026][INFO] [Action] E UpdateStyle - (r,38881,38893),13:361:3,(r,38881,38893),F
[Fri Sep 04 15:59:49 UTC 2026][INFO] [Action] E UpdateStyle - (r,38881,38893),13:350:3,(r,38881,38893),F
[Fri Sep 04 15:59:57 UTC 2026][INFO] [Action] E UpdateStyle - (r,38881,38893),11:Bookerly,serif:4,(r,38881,38893),F
[Fri Sep 04 15:59:59 UTC 2026][INFO] [Action] E UpdateStyle - (r,38881,38893),11:AmazonEmber,sans-serif:4,(r,38881,38893),F
[Fri Sep 04 16:00:09 UTC 2026][INFO] [Action] E UpdateStyle - (c,40316,2),49:0.250000:2,(r,40316,40316),F
[Fri Sep 04 16:00:13 UTC 2026][INFO] [Action] E UpdateStyle - (c,40313,2),49:0.250000:2,(r,40313,40313),F
[Fri Sep 04 16:00:19 UTC 2026][INFO] [Action] E SplitContainer - 40125
[Fri Sep 04 16:00:46 UTC 2026][INFO] [Action] E SplitContainer - 41963
[Fri Sep 04 16:00:50 UTC 2026][INFO] [Action] E SplitContainer - 41995
[Fri Sep 04 16:00:54 UTC 2026][INFO] [Action] E SplitContainer - 42024
[Fri Sep 04 16:01:13 UTC 2026][INFO] [Action] E UpdateStyle - (r,42789,42821),11:Bookerly,serif:4,(r,42789,42821),F
[Fri Sep 04 16:01:15 UTC 2026][INFO] [Action] E UpdateStyle - (r,42789,42821),11:AmazonEmber,sans-serif:4,(r,42789,42821),F
[Fri Sep 04 16:01:17 UTC 2026][INFO] [Action] E UpdateStyle - (r,42789,42821),13:361:3,(r,42789,42821),F
[Fri Sep 04 16:01:24 UTC 2026][INFO] [Action] E UpdateStyle - (r,42789,42821),13:350:3,(r,42789,42821),F
[Fri Sep 04 16:01:31 UTC 2026][INFO] [Action] E UpdateStyle - (r,42913,42949),11:Bookerly,serif:4,(r,42913,42949),F
[Fri Sep 04 16:01:33 UTC 2026][INFO] [Action] E UpdateStyle - (r,42913,42949),11:AmazonEmber,sans-serif:4,(r,42913,42949),F
[Fri Sep 04 16:01:35 UTC 2026][INFO] [Action] E UpdateStyle - (r,42913,42949),13:350:3,(r,42913,42949),F
[Fri Sep 04 16:01:39 UTC 2026][INFO] [Action] E UpdateStyle - (r,42913,42949),16:10.000000:2,(r,42913,42949),F
[Fri Sep 04 16:01:45 UTC 2026][INFO] [Action] E UpdateStyle - (r,42789,42821),16:10.000000:2,(r,42789,42821),F
[Fri Sep 04 16:01:56 UTC 2026][INFO] [Action] E UpdateStyle - (r,42823,42912),16:12.000000:2,(r,42823,42912),F
[Fri Sep 04 16:02:30 UTC 2026][INFO] [Action] E SplitContainer - 43717
[Fri Sep 04 16:02:47 UTC 2026][INFO] [Action] E SplitContainer - 45136
[Fri Sep 04 16:03:11 UTC 2026][INFO] [Action] E SplitContainer - 46872
[Fri Sep 04 16:03:18 UTC 2026][INFO] [Action] E SplitContainer - 47048
[Fri Sep 04 16:03:25 UTC 2026][INFO] [Action] E SplitContainer - 47117
[Fri Sep 04 16:03:29 UTC 2026][INFO] [Action] E UpdateStyle - (c,47116,2),49:0.250000:2,(r,47116,47116),F
[Fri Sep 04 16:03:41 UTC 2026][INFO] [Action] E SplitContainer - 47213
[Fri Sep 04 16:03:49 UTC 2026][INFO] [Action] E SplitContainer - 47341
[Fri Sep 04 16:03:53 UTC 2026][INFO] [Action] E SplitContainer - 47441
[Fri Sep 04 16:04:04 UTC 2026][INFO] [Action] E SplitContainer - 47555
[Fri Sep 04 16:04:11 UTC 2026][INFO] [Action] E SplitContainer - 47742
[Fri Sep 04 16:04:18 UTC 2026][INFO] [Action] E SplitContainer - 47775
[Fri Sep 04 16:04:22 UTC 2026][INFO] [Action] E SplitContainer - 47864
[Fri Sep 04 16:04:32 UTC 2026][INFO] [Action] E UpdateStyle - (c,48100,2),49:0.250000:2,(r,48100,48100),F
[Fri Sep 04 16:04:43 UTC 2026][INFO] [Action] E SplitContainer - 48446
[Fri Sep 04 16:04:50 UTC 2026][INFO] [Action] E SaveBook - Save
[Fri Sep 04 17:56:40 UTC 2026][INFO] [Action] E SplitContainer - 56409
[Fri Sep 04 17:56:56 UTC 2026][INFO] [Action] E SplitContainer - 56075
[Fri Sep 04 17:56:59 UTC 2026][INFO] [Action] E SplitContainer - 56100
[Fri Sep 04 17:57:06 UTC 2026][INFO] [Action] E SplitContainer - 55903
[Fri Sep 04 17:57:10 UTC 2026][INFO] [Action] E SplitContainer - 55879
[Fri Sep 04 17:57:16 UTC 2026][INFO] [Action] E UpdateStyle - (c,56445,2),49:0.250000:2,(r,56445,56445),F
[Fri Sep 04 17:57:22 UTC 2026][INFO] [Action] E UpdateStyle - (r,56446,56451),11:Bookerly,serif:4,(r,56446,56451),F
[Fri Sep 04 17:57:25 UTC 2026][INFO] [Action] E UpdateStyle - (r,56446,56451),11:AmazonEmber,sans-serif:4,(r,56446,56451),F
[Fri Sep 04 17:58:03 UTC 2026][INFO] [Action] E InsertTextContent - (c,57409,2),[SPACE]
[Fri Sep 04 17:58:04 UTC 2026][INFO] [Action] E MergeContainer - 57410,0
[Fri Sep 04 23:40:41 UTC 2026][INFO] [Action] E SaveBook - Save
[Fri Sep 04 23:40:58 UTC 2026][INFO] [Action] E SaveBook - Save
[Sat Sep 05 02:41:34 UTC 2026][INFO] [Action] E SaveBook - Save
[Sat Sep 05 02:41:41 UTC 2026][INFO] [Action] E SaveBook - SaveforExport
[Sat Sep 05 02:42:55 UTC 2026][INFO] [Action] EE ExportAction
[Sat Sep 05 02:43:00 UTC 2026][INFO] [Action] E SaveBook - Save
[Sat Sep 05 02:43:02 UTC 2026][INFO] Logger Terminated
