[Fri Aug 28 21:18:09 UTC 2026][INFO] [Action] EE NewBook
[Fri Aug 28 21:19:18 UTC 2026][INFO] [Action] E AutoChapterGroupAction - 0
[Fri Aug 28 21:19:56 UTC 2026][INFO] [Action] E AddTextContainer - (c,107,1),1,0,0
[Fri Aug 28 21:20:02 UTC 2026][INFO] [Action] E AddTextContainer - (c,162,1),1,0,0
[Fri Aug 28 21:20:06 UTC 2026][INFO] [Action] E AddTextContainer - (c,171,1),1,0,0
[Fri Aug 28 21:20:06 UTC 2026][INFO] [Action] E AddTextContainer - (c,172,1),1,0,0
[Fri Aug 28 21:20:07 UTC 2026][INFO] [Action] E AddTextContainer - (c,173,1),1,0,0
[Fri Aug 28 21:20:09 UTC 2026][INFO] [Action] E AddTextContainer - (c,174,1),1,0,0
[Fri Aug 28 21:20:09 UTC 2026][INFO] [Action] E AddTextContainer - (c,175,1),1,0,0
[Fri Aug 28 21:20:09 UTC 2026][INFO] [Action] E AddTextContainer - (c,176,1),1,0,0
[Fri Aug 28 21:20:10 UTC 2026][INFO] [Action] E AddTextContainer - (c,177,1),1,0,0
[Fri Aug 28 21:20:10 UTC 2026][INFO] [Action] E AddTextContainer - (c,178,1),1,0,0
[Fri Aug 28 21:20:10 UTC 2026][INFO] [Action] E AddTextContainer - (c,179,1),1,0,0
[Fri Aug 28 21:20:10 UTC 2026][INFO] [Action] E AddTextContainer - (c,180,1),1,0,0
[Fri Aug 28 21:20:11 UTC 2026][INFO] [Action] E AddTextContainer - (c,181,1),1,0,0
[Fri Aug 28 21:20:11 UTC 2026][INFO] [Action] E AddTextContainer - (c,182,1),1,0,0
[Fri Aug 28 21:20:13 UTC 2026][INFO] [Action] E InsertTextContent - (c,183,1),[SPACE]
[Fri Aug 28 21:20:13 UTC 2026][INFO] [Action] E InsertTextContent - (c,183,2),[SPACE]
[Fri Aug 28 21:20:14 UTC 2026][INFO] [Action] E InsertTextContent - (c,184,2),[SPACE]
[Fri Aug 28 21:20:14 UTC 2026][INFO] [Action] E InsertTextContent - (c,185,2),[SPACE]
[Fri Aug 28 21:20:14 UTC 2026][INFO] [Action] E InsertTextContent - (c,186,2),[SPACE]
[Fri Aug 28 21:20:14 UTC 2026][INFO] [Action] E InsertTextContent - (c,187,2),[SPACE]
[Fri Aug 28 21:20:14 UTC 2026][INFO] [Action] E InsertTextContent - (c,188,2),[SPACE]
[Fri Aug 28 21:20:14 UTC 2026][INFO] [Action] E InsertTextContent - (c,189,2),[SPACE]
[Fri Aug 28 21:20:15 UTC 2026][INFO] [Action] E InsertTextContent - (c,190,2),[SPACE]
[Fri Aug 28 21:20:15 UTC 2026][INFO] [Action] E InsertTextContent - (c,191,2),[SPACE]
[Fri Aug 28 21:20:32 UTC 2026][INFO] [Action] E Copy - (r,152,161)
[Fri Aug 28 21:20:39 UTC 2026][INFO] [Action] E Paste - (c,227,2),12
[Fri Aug 28 21:20:43 UTC 2026][INFO] [Action] E DeleteContent - (c,193,1),B
[Fri Aug 28 21:20:44 UTC 2026][INFO] [Action] E DeleteContent - (c,192,1),B
[Fri Aug 28 21:20:44 UTC 2026][INFO] [Action] E DeleteContent - (c,191,1),B
[Fri Aug 28 21:20:44 UTC 2026][INFO] [Action] E DeleteContent - (c,190,1),B
[Fri Aug 28 21:20:44 UTC 2026][INFO] [Action] E DeleteContent - (c,189,1),B
[Fri Aug 28 21:20:45 UTC 2026][INFO] [Action] E DeleteContent - (c,188,1),B
[Fri Aug 28 21:20:45 UTC 2026][INFO] [Action] E DeleteContent - (c,187,1),B
[Fri Aug 28 21:20:47 UTC 2026][INFO] [Action] E DeleteContent - (c,186,1),B
[Fri Aug 28 21:20:47 UTC 2026][INFO] [Action] E DeleteContent - (c,185,1),B
[Fri Aug 28 21:20:48 UTC 2026][INFO] [Action] E DeleteContent - (c,184,1),B
[Fri Aug 28 21:20:48 UTC 2026][INFO] [Action] E MergeContainer - 183,1
[Fri Aug 28 21:21:39 UTC 2026][INFO] [Action] E DeleteContent - (r,541,541),B
[Fri Aug 28 21:21:40 UTC 2026][INFO] [Action] E DeleteContent - (c,540,2),B
[Fri Aug 28 21:21:41 UTC 2026][INFO] [Action] E DeleteContent - (c,540,1),B
[Fri Aug 28 21:21:44 UTC 2026][INFO] [Action] E InsertTextContent - (c,539,1),[e]
[Fri Aug 28 21:21:45 UTC 2026][INFO] [Action] E InsertTextContent - (c,539,2),[SPACE]
[Fri Aug 28 21:21:46 UTC 2026][INFO] [Action] E InsertTextContent - (c,540,2),[U]
[Fri Aug 28 21:21:55 UTC 2026][INFO] [Action] E DeleteContent - (r,540,540),B
[Fri Aug 28 21:21:56 UTC 2026][INFO] [Action] E DeleteContent - (c,539,2),B
[Fri Aug 28 21:21:56 UTC 2026][INFO] [Action] E DeleteContent - (c,539,1),B
[Fri Aug 28 21:21:57 UTC 2026][INFO] [Action] E DeleteContent - (c,538,1),B
[Fri Aug 28 21:22:03 UTC 2026][INFO] [Action] E DeleteContent - (c,570,1),B
[Fri Aug 28 21:22:04 UTC 2026][INFO] [Action] E DeleteContent - (c,569,1),B
[Fri Aug 28 21:22:04 UTC 2026][INFO] [Action] E DeleteContent - (c,568,1),B
[Fri Aug 28 21:22:04 UTC 2026][INFO] [Action] E DeleteContent - (c,567,1),B
[Fri Aug 28 21:22:05 UTC 2026][INFO] [Action] E DeleteContent - (c,566,1),B
[Fri Aug 28 21:22:05 UTC 2026][INFO] [Action] E DeleteContent - (c,565,1),B
[Fri Aug 28 21:22:05 UTC 2026][INFO] [Action] E DeleteContent - (c,564,1),B
[Fri Aug 28 21:22:06 UTC 2026][INFO] [Action] E DeleteContent - (c,563,1),B
[Fri Aug 28 21:22:07 UTC 2026][INFO] [Action] E DeleteContent - (c,562,1),B
[Fri Aug 28 21:22:07 UTC 2026][INFO] [Action] E DeleteContent - (c,561,1),B
[Fri Aug 28 21:22:07 UTC 2026][INFO] [Action] E DeleteContent - (c,560,1),B
[Fri Aug 28 21:22:08 UTC 2026][INFO] [Action] E DeleteContent - (c,559,1),B
[Fri Aug 28 21:22:08 UTC 2026][INFO] [Action] E DeleteContent - (c,558,1),B
[Fri Aug 28 21:22:08 UTC 2026][INFO] [Action] E DeleteContent - (c,557,1),B
[Fri Aug 28 21:22:09 UTC 2026][INFO] [Action] E DeleteContent - (c,556,1),B
[Fri Aug 28 21:22:09 UTC 2026][INFO] [Action] E DeleteContent - (c,555,1),B
[Fri Aug 28 21:22:09 UTC 2026][INFO] [Action] E DeleteContent - (c,554,1),B
[Fri Aug 28 21:22:55 UTC 2026][INFO] [Action] E DeleteContent - (r,909,970),B
[Fri Aug 28 21:23:12 UTC 2026][INFO] [Action] E DeleteContent - (r,932,939),B
[Fri Aug 28 21:23:14 UTC 2026][INFO] [Action] E DeleteContent - (r,932,932),F
[Fri Aug 28 21:23:16 UTC 2026][INFO] [Action] E DeleteContent - (r,932,932),F
[Fri Aug 28 21:24:19 UTC 2026][INFO] [Action] E DeleteContent - (r,954,954),B
[Fri Aug 28 21:24:19 UTC 2026][INFO] [Action] E DeleteContent - (c,953,2),B
[Fri Aug 28 21:24:22 UTC 2026][INFO] [Action] E DeleteContent - (c,953,1),B
[Fri Aug 28 21:24:22 UTC 2026][INFO] [Action] E DeleteContent - (c,952,1),B
[Fri Aug 28 21:24:22 UTC 2026][INFO] [Action] E DeleteContent - (c,951,1),B
[Fri Aug 28 21:24:23 UTC 2026][INFO] [Action] E DeleteContent - (c,950,1),B
[Fri Aug 28 21:24:24 UTC 2026][INFO] [Action] E DeleteContent - (c,949,1),B
[Fri Aug 28 21:24:25 UTC 2026][INFO] [Action] E DeleteContent - (c,948,1),B
[Fri Aug 28 21:24:49 UTC 2026][INFO] [Action] E InsertTextContent - (r,931,931),[SPACE]
[Fri Aug 28 21:24:49 UTC 2026][INFO] [Action] E InsertTextContent - (c,931,2),[a]
[Fri Aug 28 21:24:52 UTC 2026][INFO] [Action] E InsertTextContent - (c,932,2),[n]
[Fri Aug 28 21:24:52 UTC 2026][INFO] [Action] E InsertTextContent - (c,933,2),[SPACE]
[Fri Aug 28 21:25:07 UTC 2026][INFO] [Action] E DeleteContent - (r,916,916),B
[Fri Aug 28 21:25:07 UTC 2026][INFO] [Action] E DeleteContent - (c,915,2),B
[Fri Aug 28 21:25:08 UTC 2026][INFO] [Action] E DeleteContent - (c,915,1),B
[Fri Aug 28 21:25:08 UTC 2026][INFO] [Action] E DeleteContent - (c,914,1),B
[Fri Aug 28 21:25:08 UTC 2026][INFO] [Action] E DeleteContent - (c,913,1),B
[Fri Aug 28 21:25:09 UTC 2026][INFO] [Action] E DeleteContent - (c,912,1),B
[Fri Aug 28 21:25:09 UTC 2026][INFO] [Action] E DeleteContent - (c,911,1),B
[Fri Aug 28 21:25:10 UTC 2026][INFO] [Action] E DeleteContent - (c,910,1),B
[Fri Aug 28 21:25:39 UTC 2026][INFO] [Action] E SplitContainer - 320687
[Fri Aug 28 21:25:50 UTC 2026][INFO] [Action] E SplitContainer - 320718
[Fri Aug 28 21:25:52 UTC 2026][INFO] [Action] E InsertTextContent - (c,320718,1),[\]
[Fri Aug 28 21:25:55 UTC 2026][INFO] [Action] E DeleteContent - (c,320718,2),B
[Fri Aug 28 21:25:55 UTC 2026][INFO] [Action] E MergeContainer - 320718,1
[Fri Aug 28 21:25:59 UTC 2026][INFO] [Action] E InsertTextContent - (c,320718,2),[SPACE]
[Fri Aug 28 21:25:59 UTC 2026][INFO] [Action] E InsertTextContent - (c,320719,2),[SPACE]
[Fri Aug 28 21:25:59 UTC 2026][INFO] [Action] E InsertTextContent - (c,320720,2),[SPACE]
[Fri Aug 28 21:26:00 UTC 2026][INFO] [Action] E InsertTextContent - (c,320721,2),[SPACE]
[Fri Aug 28 21:26:00 UTC 2026][INFO] [Action] E InsertTextContent - (c,320722,2),[SPACE]
[Fri Aug 28 21:26:00 UTC 2026][INFO] [Action] E InsertTextContent - (c,320723,2),[SPACE]
[Fri Aug 28 21:26:00 UTC 2026][INFO] [Action] E InsertTextContent - (c,320724,2),[SPACE]
[Fri Aug 28 21:26:00 UTC 2026][INFO] [Action] E InsertTextContent - (c,320725,2),[SPACE]
[Fri Aug 28 21:26:00 UTC 2026][INFO] [Action] E InsertTextContent - (c,320726,2),[SPACE]
[Fri Aug 28 21:26:01 UTC 2026][INFO] [Action] E InsertTextContent - (c,320727,2),[SPACE]
[Fri Aug 28 21:26:01 UTC 2026][INFO] [Action] E InsertTextContent - (c,320728,2),[SPACE]
[Fri Aug 28 21:26:02 UTC 2026][INFO] [Action] E InsertTextContent - (c,320729,2),[SPACE]
[Fri Aug 28 21:26:02 UTC 2026][INFO] [Action] E InsertTextContent - (c,320730,2),[SPACE]
[Fri Aug 28 21:26:02 UTC 2026][INFO] [Action] E InsertTextContent - (c,320731,2),[SPACE]
[Fri Aug 28 21:26:02 UTC 2026][INFO] [Action] E InsertTextContent - (c,320732,2),[SPACE]
[Fri Aug 28 21:26:02 UTC 2026][INFO] [Action] E InsertTextContent - (c,320733,2),[SPACE]
[Fri Aug 28 21:26:02 UTC 2026][INFO] [Action] E InsertTextContent - (c,320734,2),[SPACE]
[Fri Aug 28 21:26:02 UTC 2026][INFO] [Action] E InsertTextContent - (c,320735,2),[SPACE]
[Fri Aug 28 21:26:03 UTC 2026][INFO] [Action] E InsertTextContent - (c,320736,2),[SPACE]
[Fri Aug 28 21:26:03 UTC 2026][INFO] [Action] E InsertTextContent - (c,320737,2),[SPACE]
[Fri Aug 28 21:26:03 UTC 2026][INFO] [Action] E InsertTextContent - (c,320738,2),[SPACE]
[Fri Aug 28 21:26:03 UTC 2026][INFO] [Action] E InsertTextContent - (c,320739,2),[SPACE]
[Fri Aug 28 21:26:03 UTC 2026][INFO] [Action] E InsertTextContent - (c,320740,2),[SPACE]
[Fri Aug 28 21:26:03 UTC 2026][INFO] [Action] E InsertTextContent - (c,320741,2),[SPACE]
[Fri Aug 28 21:26:04 UTC 2026][INFO] [Action] E InsertTextContent - (c,320742,2),[SPACE]
[Fri Aug 28 21:26:04 UTC 2026][INFO] [Action] E InsertTextContent - (c,320743,2),[SPACE]
[Fri Aug 28 21:26:04 UTC 2026][INFO] [Action] E InsertTextContent - (c,320744,2),[SPACE]
[Fri Aug 28 21:26:04 UTC 2026][INFO] [Action] E InsertTextContent - (c,320745,2),[SPACE]
[Fri Aug 28 21:26:04 UTC 2026][INFO] [Action] E InsertTextContent - (c,320746,2),[SPACE]
[Fri Aug 28 21:26:04 UTC 2026][INFO] [Action] E InsertTextContent - (c,320747,2),[SPACE]
[Fri Aug 28 21:26:05 UTC 2026][INFO] [Action] E InsertTextContent - (c,320748,2),[SPACE]
[Fri Aug 28 21:26:05 UTC 2026][INFO] [Action] E InsertTextContent - (c,320749,2),[SPACE]
[Fri Aug 28 21:26:05 UTC 2026][INFO] [Action] E InsertTextContent - (c,320750,2),[SPACE]
[Fri Aug 28 21:26:05 UTC 2026][INFO] [Action] E InsertTextContent - (c,320751,2),[SPACE]
[Fri Aug 28 21:26:05 UTC 2026][INFO] [Action] E InsertTextContent - (c,320752,2),[SPACE]
[Fri Aug 28 21:26:05 UTC 2026][INFO] [Action] E InsertTextContent - (c,320753,2),[SPACE]
[Fri Aug 28 21:26:06 UTC 2026][INFO] [Action] E InsertTextContent - (c,320754,2),[SPACE]
[Fri Aug 28 21:26:06 UTC 2026][INFO] [Action] E InsertTextContent - (c,320755,2),[SPACE]
[Fri Aug 28 21:26:06 UTC 2026][INFO] [Action] E InsertTextContent - (c,320756,2),[SPACE]
[Fri Aug 28 21:26:06 UTC 2026][INFO] [Action] E InsertTextContent - (c,320757,2),[SPACE]
[Fri Aug 28 21:26:06 UTC 2026][INFO] [Action] E InsertTextContent - (c,320758,2),[SPACE]
[Fri Aug 28 21:26:06 UTC 2026][INFO] [Action] E InsertTextContent - (c,320759,2),[SPACE]
[Fri Aug 28 21:26:07 UTC 2026][INFO] [Action] E InsertTextContent - (c,320760,2),[SPACE]
[Fri Aug 28 21:26:07 UTC 2026][INFO] [Action] E InsertTextContent - (c,320761,2),[SPACE]
[Fri Aug 28 21:26:07 UTC 2026][INFO] [Action] E InsertTextContent - (c,320762,2),[SPACE]
[Fri Aug 28 21:26:16 UTC 2026][INFO] [Action] E MergeContainer - 320687,1
[Fri Aug 28 21:26:17 UTC 2026][INFO] [Action] E InsertTextContent - (c,320686,2),[SPACE]
[Fri Aug 28 21:26:18 UTC 2026][INFO] [Action] E InsertTextContent - (c,320687,2),[SPACE]
[Fri Aug 28 21:26:18 UTC 2026][INFO] [Action] E InsertTextContent - (c,320688,2),[SPACE]
[Fri Aug 28 21:26:18 UTC 2026][INFO] [Action] E InsertTextContent - (c,320689,2),[SPACE]
[Fri Aug 28 21:26:18 UTC 2026][INFO] [Action] E InsertTextContent - (c,320690,2),[SPACE]
[Fri Aug 28 21:26:18 UTC 2026][INFO] [Action] E InsertTextContent - (c,320691,2),[SPACE]
[Fri Aug 28 21:26:18 UTC 2026][INFO] [Action] E InsertTextContent - (c,320692,2),[SPACE]
[Fri Aug 28 21:26:19 UTC 2026][INFO] [Action] E InsertTextContent - (c,320693,2),[SPACE]
[Fri Aug 28 21:26:19 UTC 2026][INFO] [Action] E InsertTextContent - (c,320694,2),[SPACE]
[Fri Aug 28 21:26:19 UTC 2026][INFO] [Action] E InsertTextContent - (c,320695,2),[SPACE]
[Fri Aug 28 21:26:19 UTC 2026][INFO] [Action] E InsertTextContent - (c,320696,2),[SPACE]
[Fri Aug 28 21:26:19 UTC 2026][INFO] [Action] E InsertTextContent - (c,320697,2),[SPACE]
[Fri Aug 28 21:26:19 UTC 2026][INFO] [Action] E InsertTextContent - (c,320698,2),[SPACE]
[Fri Aug 28 21:26:19 UTC 2026][INFO] [Action] E InsertTextContent - (c,320699,2),[SPACE]
[Fri Aug 28 21:26:20 UTC 2026][INFO] [Action] E InsertTextContent - (c,320700,2),[SPACE]
[Fri Aug 28 21:26:20 UTC 2026][INFO] [Action] E InsertTextContent - (c,320701,2),[SPACE]
[Fri Aug 28 21:26:20 UTC 2026][INFO] [Action] E InsertTextContent - (c,320702,2),[SPACE]
[Fri Aug 28 21:26:20 UTC 2026][INFO] [Action] E InsertTextContent - (c,320703,2),[SPACE]
[Fri Aug 28 21:26:20 UTC 2026][INFO] [Action] E InsertTextContent - (c,320704,2),[SPACE]
[Fri Aug 28 21:26:20 UTC 2026][INFO] [Action] E InsertTextContent - (c,320705,2),[SPACE]
[Fri Aug 28 21:26:21 UTC 2026][INFO] [Action] E InsertTextContent - (c,320706,2),[SPACE]
[Fri Aug 28 21:26:21 UTC 2026][INFO] [Action] E InsertTextContent - (c,320707,2),[SPACE]
[Fri Aug 28 21:26:21 UTC 2026][INFO] [Action] E InsertTextContent - (c,320708,2),[SPACE]
[Fri Aug 28 21:26:21 UTC 2026][INFO] [Action] E InsertTextContent - (c,320709,2),[SPACE]
[Fri Aug 28 21:26:21 UTC 2026][INFO] [Action] E InsertTextContent - (c,320710,2),[SPACE]
[Fri Aug 28 21:26:21 UTC 2026][INFO] [Action] E InsertTextContent - (c,320711,2),[SPACE]
[Fri Aug 28 21:26:22 UTC 2026][INFO] [Action] E InsertTextContent - (c,320712,2),[SPACE]
[Fri Aug 28 21:26:22 UTC 2026][INFO] [Action] E InsertTextContent - (c,320713,2),[SPACE]
[Fri Aug 28 21:26:22 UTC 2026][INFO] [Action] E InsertTextContent - (c,320714,2),[SPACE]
[Fri Aug 28 21:26:22 UTC 2026][INFO] [Action] E InsertTextContent - (c,320715,2),[SPACE]
[Fri Aug 28 21:26:22 UTC 2026][INFO] [Action] E InsertTextContent - (c,320716,2),[SPACE]
[Fri Aug 28 21:26:22 UTC 2026][INFO] [Action] E InsertTextContent - (c,320717,2),[SPACE]
[Fri Aug 28 21:26:23 UTC 2026][INFO] [Action] E InsertTextContent - (c,320718,2),[SPACE]
[Fri Aug 28 21:26:23 UTC 2026][INFO] [Action] E InsertTextContent - (c,320719,2),[SPACE]
[Fri Aug 28 21:26:24 UTC 2026][INFO] [Action] E InsertTextContent - (c,320720,2),[SPACE]
[Fri Aug 28 21:26:24 UTC 2026][INFO] [Action] E InsertTextContent - (c,320721,2),[SPACE]
[Fri Aug 28 21:26:24 UTC 2026][INFO] [Action] E InsertTextContent - (c,320722,2),[SPACE]
[Fri Aug 28 21:26:25 UTC 2026][INFO] [Action] E InsertTextContent - (c,320723,2),[SPACE]
[Fri Aug 28 21:26:25 UTC 2026][INFO] [Action] E InsertTextContent - (c,320724,2),[SPACE]
[Fri Aug 28 21:26:25 UTC 2026][INFO] [Action] E InsertTextContent - (c,320725,2),[SPACE]
[Fri Aug 28 21:26:25 UTC 2026][INFO] [Action] E InsertTextContent - (c,320726,2),[SPACE]
[Fri Aug 28 21:26:25 UTC 2026][INFO] [Action] E InsertTextContent - (c,320727,2),[SPACE]
[Fri Aug 28 21:26:25 UTC 2026][INFO] [Action] E InsertTextContent - (c,320728,2),[SPACE]
[Fri Aug 28 21:26:27 UTC 2026][INFO] [Action] E InsertTextContent - (c,320729,2),[SPACE]
[Fri Aug 28 21:26:27 UTC 2026][INFO] [Action] E InsertTextContent - (c,320730,2),[SPACE]
[Fri Aug 28 21:26:27 UTC 2026][INFO] [Action] E InsertTextContent - (c,320731,2),[SPACE]
[Fri Aug 28 21:26:27 UTC 2026][INFO] [Action] E InsertTextContent - (c,320732,2),[SPACE]
[Fri Aug 28 21:26:28 UTC 2026][INFO] [Action] E InsertTextContent - (c,320733,2),[SPACE]
[Fri Aug 28 21:26:28 UTC 2026][INFO] [Action] E InsertTextContent - (c,320734,2),[SPACE]
[Fri Aug 28 21:26:28 UTC 2026][INFO] [Action] E InsertTextContent - (c,320735,2),[SPACE]
[Fri Aug 28 21:26:28 UTC 2026][INFO] [Action] E InsertTextContent - (c,320736,2),[SPACE]
[Fri Aug 28 21:26:28 UTC 2026][INFO] [Action] E InsertTextContent - (c,320737,2),[SPACE]
[Fri Aug 28 21:26:29 UTC 2026][INFO] [Action] E InsertTextContent - (c,320738,2),[SPACE]
[Fri Aug 28 21:26:29 UTC 2026][INFO] [Action] E InsertTextContent - (c,320739,2),[SPACE]
[Fri Aug 28 21:26:29 UTC 2026][INFO] [Action] E InsertTextContent - (c,320740,2),[SPACE]
[Fri Aug 28 21:26:29 UTC 2026][INFO] [Action] E InsertTextContent - (c,320741,2),[SPACE]
[Fri Aug 28 21:26:30 UTC 2026][INFO] [Action] E InsertTextContent - (c,320742,2),[SPACE]
[Fri Aug 28 21:26:30 UTC 2026][INFO] [Action] E InsertTextContent - (c,320743,2),[SPACE]
[Fri Aug 28 21:26:30 UTC 2026][INFO] [Action] E InsertTextContent - (c,320744,2),[SPACE]
[Fri Aug 28 21:26:30 UTC 2026][INFO] [Action] E InsertTextContent - (c,320745,2),[SPACE]
[Fri Aug 28 21:26:31 UTC 2026][INFO] [Action] E InsertTextContent - (c,320746,2),[SPACE]
[Fri Aug 28 21:26:31 UTC 2026][INFO] [Action] E InsertTextContent - (c,320747,2),[SPACE]
[Fri Aug 28 21:26:31 UTC 2026][INFO] [Action] E InsertTextContent - (c,320748,2),[SPACE]
[Fri Aug 28 21:26:31 UTC 2026][INFO] [Action] E InsertTextContent - (c,320749,2),[SPACE]
[Fri Aug 28 21:26:31 UTC 2026][INFO] [Action] E InsertTextContent - (c,320750,2),[SPACE]
[Fri Aug 28 21:26:40 UTC 2026][INFO] [Action] E SplitContainer - 320829
[Fri Aug 28 21:26:43 UTC 2026][INFO] [Action] E MergeContainer - 320829,1
[Fri Aug 28 21:26:44 UTC 2026][INFO] [Action] E InsertTextContent - (c,320828,2),[SPACE]
[Fri Aug 28 21:26:44 UTC 2026][INFO] [Action] E InsertTextContent - (c,320829,2),[SPACE]
[Fri Aug 28 21:26:44 UTC 2026][INFO] [Action] E InsertTextContent - (c,320830,2),[SPACE]
[Fri Aug 28 21:26:44 UTC 2026][INFO] [Action] E InsertTextContent - (c,320831,2),[SPACE]
[Fri Aug 28 21:26:44 UTC 2026][INFO] [Action] E InsertTextContent - (c,320832,2),[SPACE]
[Fri Aug 28 21:26:44 UTC 2026][INFO] [Action] E InsertTextContent - (c,320833,2),[SPACE]
[Fri Aug 28 21:26:45 UTC 2026][INFO] [Action] E InsertTextContent - (c,320834,2),[SPACE]
[Fri Aug 28 21:26:45 UTC 2026][INFO] [Action] E InsertTextContent - (c,320835,2),[SPACE]
[Fri Aug 28 21:26:45 UTC 2026][INFO] [Action] E InsertTextContent - (c,320836,2),[SPACE]
[Fri Aug 28 21:26:45 UTC 2026][INFO] [Action] E InsertTextContent - (c,320837,2),[SPACE]
[Fri Aug 28 21:26:47 UTC 2026][INFO] [Action] E InsertTextContent - (c,320838,2),[SPACE]
[Fri Aug 28 21:26:47 UTC 2026][INFO] [Action] E InsertTextContent - (c,320839,2),[SPACE]
[Fri Aug 28 21:26:47 UTC 2026][INFO] [Action] E InsertTextContent - (c,320840,2),[SPACE]
[Fri Aug 28 21:26:47 UTC 2026][INFO] [Action] E InsertTextContent - (c,320841,2),[SPACE]
[Fri Aug 28 21:26:48 UTC 2026][INFO] [Action] E InsertTextContent - (c,320842,2),[SPACE]
[Fri Aug 28 21:26:48 UTC 2026][INFO] [Action] E InsertTextContent - (c,320843,2),[SPACE]
[Fri Aug 28 21:26:48 UTC 2026][INFO] [Action] E InsertTextContent - (c,320844,2),[SPACE]
[Fri Aug 28 21:26:48 UTC 2026][INFO] [Action] E InsertTextContent - (c,320845,2),[SPACE]
[Fri Aug 28 21:26:48 UTC 2026][INFO] [Action] E InsertTextContent - (c,320846,2),[SPACE]
[Fri Aug 28 21:26:48 UTC 2026][INFO] [Action] E InsertTextContent - (c,320847,2),[SPACE]
[Fri Aug 28 21:26:49 UTC 2026][INFO] [Action] E InsertTextContent - (c,320848,2),[SPACE]
[Fri Aug 28 21:26:49 UTC 2026][INFO] [Action] E InsertTextContent - (c,320849,2),[SPACE]
[Fri Aug 28 21:26:49 UTC 2026][INFO] [Action] E InsertTextContent - (c,320850,2),[SPACE]
[Fri Aug 28 21:27:12 UTC 2026][INFO] [Action] E InsertTextContent - (r,320686,320750),[SPACE]
[Fri Aug 28 21:27:16 UTC 2026][INFO] [Action] E InsertTextContent - (r,320718,320788),[SPACE]
[Fri Aug 28 21:27:19 UTC 2026][INFO] [Action] E InsertTextContent - (c,320718,2),[w]
[Fri Aug 28 21:27:22 UTC 2026][INFO] [Action] E SplitContainer - 320719
[Fri Aug 28 21:27:27 UTC 2026][INFO] [Action] E SplitContainer - 320688
[Fri Aug 28 21:27:33 UTC 2026][INFO] [Action] E InsertTextContent - (c,320767,2),[SPACE]
[Fri Aug 28 21:27:33 UTC 2026][INFO] [Action] E InsertTextContent - (c,320768,2),[SPACE]
[Fri Aug 28 21:27:33 UTC 2026][INFO] [Action] E InsertTextContent - (c,320769,2),[SPACE]
[Fri Aug 28 21:27:34 UTC 2026][INFO] [Action] E InsertTextContent - (c,320770,2),[SPACE]
[Fri Aug 28 21:27:34 UTC 2026][INFO] [Action] E InsertTextContent - (c,320771,2),[SPACE]
[Fri Aug 28 21:27:34 UTC 2026][INFO] [Action] E InsertTextContent - (c,320772,2),[SPACE]
[Fri Aug 28 21:27:34 UTC 2026][INFO] [Action] E InsertTextContent - (c,320773,2),[SPACE]
[Fri Aug 28 21:27:34 UTC 2026][INFO] [Action] E InsertTextContent - (c,320774,2),[SPACE]
[Fri Aug 28 21:27:35 UTC 2026][INFO] [Action] E InsertTextContent - (c,320775,2),[SPACE]
[Fri Aug 28 21:27:35 UTC 2026][INFO] [Action] E InsertTextContent - (c,320776,2),[SPACE]
[Fri Aug 28 21:27:35 UTC 2026][INFO] [Action] E InsertTextContent - (c,320777,2),[SPACE]
[Fri Aug 28 21:27:35 UTC 2026][INFO] [Action] E InsertTextContent - (c,320778,2),[SPACE]
[Fri Aug 28 21:27:36 UTC 2026][INFO] [Action] E InsertTextContent - (c,320779,2),[SPACE]
[Fri Aug 28 21:27:36 UTC 2026][INFO] [Action] E InsertTextContent - (c,320780,2),[SPACE]
[Fri Aug 28 21:27:36 UTC 2026][INFO] [Action] E InsertTextContent - (c,320781,2),[SPACE]
[Fri Aug 28 21:27:36 UTC 2026][INFO] [Action] E InsertTextContent - (c,320782,2),[SPACE]
[Fri Aug 28 21:27:36 UTC 2026][INFO] [Action] E InsertTextContent - (c,320783,2),[SPACE]
[Fri Aug 28 21:27:37 UTC 2026][INFO] [Action] E InsertTextContent - (c,320784,2),[SPACE]
[Fri Aug 28 21:27:37 UTC 2026][INFO] [Action] E InsertTextContent - (c,320785,2),[SPACE]
[Fri Aug 28 21:27:50 UTC 2026][INFO] [Action] E AddTextContainer - (c,320719,1),1,0,0
[Fri Aug 28 21:27:51 UTC 2026][INFO] [Action] E MergeContainer - 320720,1
[Fri Aug 28 21:28:03 UTC 2026][INFO] [Action] E InsertTextContent - (c,320718,2),[.]
[Fri Aug 28 21:28:05 UTC 2026][INFO] [Action] E SplitContainer - 320719
[Fri Aug 28 21:28:15 UTC 2026][INFO] [Action] E InsertTextContent - (c,320719,2),[SPACE]
[Fri Aug 28 21:28:16 UTC 2026][INFO] [Action] E InsertTextContent - (c,320720,2),[SPACE]
[Fri Aug 28 21:28:16 UTC 2026][INFO] [Action] E InsertTextContent - (c,320721,2),[SPACE]
[Fri Aug 28 21:28:16 UTC 2026][INFO] [Action] E InsertTextContent - (c,320722,2),[SPACE]
[Fri Aug 28 21:28:16 UTC 2026][INFO] [Action] E InsertTextContent - (c,320723,2),[SPACE]
[Fri Aug 28 21:28:16 UTC 2026][INFO] [Action] E InsertTextContent - (c,320724,2),[SPACE]
[Fri Aug 28 21:28:16 UTC 2026][INFO] [Action] E InsertTextContent - (c,320725,2),[SPACE]
[Fri Aug 28 21:28:17 UTC 2026][INFO] [Action] E InsertTextContent - (c,320726,2),[SPACE]
[Fri Aug 28 21:28:17 UTC 2026][INFO] [Action] E InsertTextContent - (c,320727,2),[SPACE]
[Fri Aug 28 21:28:17 UTC 2026][INFO] [Action] E InsertTextContent - (c,320728,2),[SPACE]
[Fri Aug 28 21:28:17 UTC 2026][INFO] [Action] E InsertTextContent - (c,320729,2),[SPACE]
[Fri Aug 28 21:28:17 UTC 2026][INFO] [Action] E InsertTextContent - (c,320730,2),[SPACE]
[Fri Aug 28 21:28:17 UTC 2026][INFO] [Action] E InsertTextContent - (c,320731,2),[SPACE]
[Fri Aug 28 21:28:17 UTC 2026][INFO] [Action] E InsertTextContent - (c,320732,2),[SPACE]
[Fri Aug 28 21:28:17 UTC 2026][INFO] [Action] E InsertTextContent - (c,320733,2),[SPACE]
[Fri Aug 28 21:28:17 UTC 2026][INFO] [Action] E InsertTextContent - (c,320734,2),[SPACE]
[Fri Aug 28 21:28:18 UTC 2026][INFO] [Action] E InsertTextContent - (c,320735,2),[SPACE]
[Fri Aug 28 21:28:18 UTC 2026][INFO] [Action] E InsertTextContent - (c,320736,2),[SPACE]
[Fri Aug 28 21:28:18 UTC 2026][INFO] [Action] E InsertTextContent - (c,320737,2),[SPACE]
[Fri Aug 28 21:28:18 UTC 2026][INFO] [Action] E InsertTextContent - (c,320738,2),[SPACE]
[Fri Aug 28 21:28:18 UTC 2026][INFO] [Action] E InsertTextContent - (c,320739,2),[SPACE]
[Fri Aug 28 21:28:18 UTC 2026][INFO] [Action] E InsertTextContent - (c,320740,2),[SPACE]
[Fri Aug 28 21:28:18 UTC 2026][INFO] [Action] E InsertTextContent - (c,320741,2),[SPACE]
[Fri Aug 28 21:28:18 UTC 2026][INFO] [Action] E InsertTextContent - (c,320742,2),[SPACE]
[Fri Aug 28 21:28:18 UTC 2026][INFO] [Action] E InsertTextContent - (c,320743,2),[SPACE]
[Fri Aug 28 21:28:19 UTC 2026][INFO] [Action] E InsertTextContent - (c,320744,2),[SPACE]
[Fri Aug 28 21:28:19 UTC 2026][INFO] [Action] E InsertTextContent - (c,320745,2),[SPACE]
[Fri Aug 28 21:28:19 UTC 2026][INFO] [Action] E InsertTextContent - (c,320746,2),[SPACE]
[Fri Aug 28 21:28:19 UTC 2026][INFO] [Action] E InsertTextContent - (c,320747,2),[SPACE]
[Fri Aug 28 21:28:19 UTC 2026][INFO] [Action] E InsertTextContent - (c,320748,2),[SPACE]
[Fri Aug 28 21:28:19 UTC 2026][INFO] [Action] E InsertTextContent - (c,320749,2),[SPACE]
[Fri Aug 28 21:28:19 UTC 2026][INFO] [Action] E InsertTextContent - (c,320750,2),[SPACE]
[Fri Aug 28 21:28:19 UTC 2026][INFO] [Action] E InsertTextContent - (c,320751,2),[SPACE]
[Fri Aug 28 21:28:20 UTC 2026][INFO] [Action] E InsertTextContent - (c,320752,2),[SPACE]
[Fri Aug 28 21:28:20 UTC 2026][INFO] [Action] E InsertTextContent - (c,320753,2),[SPACE]
[Fri Aug 28 21:28:20 UTC 2026][INFO] [Action] E InsertTextContent - (c,320754,2),[SPACE]
[Fri Aug 28 21:28:20 UTC 2026][INFO] [Action] E InsertTextContent - (c,320755,2),[SPACE]
[Fri Aug 28 21:28:20 UTC 2026][INFO] [Action] E InsertTextContent - (c,320756,2),[SPACE]
[Fri Aug 28 21:28:20 UTC 2026][INFO] [Action] E InsertTextContent - (c,320757,2),[SPACE]
[Fri Aug 28 21:28:20 UTC 2026][INFO] [Action] E InsertTextContent - (c,320758,2),[SPACE]
[Fri Aug 28 21:28:20 UTC 2026][INFO] [Action] E InsertTextContent - (c,320759,2),[SPACE]
[Fri Aug 28 21:28:21 UTC 2026][INFO] [Action] E InsertTextContent - (c,320760,2),[SPACE]
[Fri Aug 28 21:28:21 UTC 2026][INFO] [Action] E InsertTextContent - (c,320761,2),[SPACE]
[Fri Aug 28 21:28:21 UTC 2026][INFO] [Action] E InsertTextContent - (c,320762,2),[SPACE]
[Fri Aug 28 21:28:21 UTC 2026][INFO] [Action] E InsertTextContent - (c,320763,2),[SPACE]
[Fri Aug 28 21:28:21 UTC 2026][INFO] [Action] E InsertTextContent - (c,320764,2),[SPACE]
[Fri Aug 28 21:28:21 UTC 2026][INFO] [Action] E InsertTextContent - (c,320765,2),[SPACE]
[Fri Aug 28 21:28:22 UTC 2026][INFO] [Action] E InsertTextContent - (c,320766,2),[SPACE]
[Fri Aug 28 21:28:22 UTC 2026][INFO] [Action] E InsertTextContent - (c,320767,2),[SPACE]
[Fri Aug 28 21:28:22 UTC 2026][INFO] [Action] E InsertTextContent - (c,320768,2),[SPACE]
[Fri Aug 28 21:28:22 UTC 2026][INFO] [Action] E InsertTextContent - (c,320769,2),[SPACE]
[Fri Aug 28 21:28:22 UTC 2026][INFO] [Action] E InsertTextContent - (c,320770,2),[SPACE]
[Fri Aug 28 21:28:22 UTC 2026][INFO] [Action] E InsertTextContent - (c,320771,2),[SPACE]
[Fri Aug 28 21:28:22 UTC 2026][INFO] [Action] E InsertTextContent - (c,320772,2),[SPACE]
[Fri Aug 28 21:28:22 UTC 2026][INFO] [Action] E InsertTextContent - (c,320773,2),[SPACE]
[Fri Aug 28 21:28:23 UTC 2026][INFO] [Action] E InsertTextContent - (c,320774,2),[SPACE]
[Fri Aug 28 21:28:23 UTC 2026][INFO] [Action] E InsertTextContent - (c,320775,2),[SPACE]
[Fri Aug 28 21:28:23 UTC 2026][INFO] [Action] E InsertTextContent - (c,320776,2),[SPACE]
[Fri Aug 28 21:28:23 UTC 2026][INFO] [Action] E InsertTextContent - (c,320777,2),[SPACE]
[Fri Aug 28 21:28:23 UTC 2026][INFO] [Action] E InsertTextContent - (c,320778,2),[SPACE]
[Fri Aug 28 21:28:23 UTC 2026][INFO] [Action] E InsertTextContent - (c,320779,2),[SPACE]
[Fri Aug 28 21:28:23 UTC 2026][INFO] [Action] E InsertTextContent - (c,320780,2),[SPACE]
[Fri Aug 28 21:28:23 UTC 2026][INFO] [Action] E InsertTextContent - (c,320781,2),[SPACE]
[Fri Aug 28 21:28:23 UTC 2026][INFO] [Action] E InsertTextContent - (c,320782,2),[SPACE]
[Fri Aug 28 21:28:24 UTC 2026][INFO] [Action] E InsertTextContent - (c,320783,2),[SPACE]
[Fri Aug 28 21:28:24 UTC 2026][INFO] [Action] E InsertTextContent - (c,320784,2),[SPACE]
[Fri Aug 28 21:28:24 UTC 2026][INFO] [Action] E InsertTextContent - (c,320785,2),[SPACE]
[Fri Aug 28 21:28:24 UTC 2026][INFO] [Action] E InsertTextContent - (c,320786,2),[SPACE]
[Fri Aug 28 21:28:24 UTC 2026][INFO] [Action] E InsertTextContent - (c,320787,2),[SPACE]
[Fri Aug 28 21:28:24 UTC 2026][INFO] [Action] E InsertTextContent - (c,320788,2),[SPACE]
[Fri Aug 28 21:28:24 UTC 2026][INFO] [Action] E InsertTextContent - (c,320789,2),[SPACE]
[Fri Aug 28 21:28:24 UTC 2026][INFO] [Action] E InsertTextContent - (c,320790,2),[SPACE]
[Fri Aug 28 21:28:24 UTC 2026][INFO] [Action] E InsertTextContent - (c,320791,2),[SPACE]
[Fri Aug 28 21:28:24 UTC 2026][INFO] [Action] E InsertTextContent - (c,320792,2),[SPACE]
[Fri Aug 28 21:28:25 UTC 2026][INFO] [Action] E InsertTextContent - (c,320793,2),[SPACE]
[Fri Aug 28 21:28:25 UTC 2026][INFO] [Action] E InsertTextContent - (c,320794,2),[SPACE]
[Fri Aug 28 21:28:25 UTC 2026][INFO] [Action] E InsertTextContent - (c,320795,2),[SPACE]
[Fri Aug 28 21:28:25 UTC 2026][INFO] [Action] E InsertTextContent - (c,320796,2),[SPACE]
[Fri Aug 28 21:28:25 UTC 2026][INFO] [Action] E InsertTextContent - (c,320797,2),[SPACE]
[Fri Aug 28 21:28:25 UTC 2026][INFO] [Action] E InsertTextContent - (c,320798,2),[SPACE]
[Fri Aug 28 21:28:25 UTC 2026][INFO] [Action] E InsertTextContent - (c,320799,2),[SPACE]
[Fri Aug 28 21:28:25 UTC 2026][INFO] [Action] E InsertTextContent - (c,320800,2),[SPACE]
[Fri Aug 28 21:28:26 UTC 2026][INFO] [Action] E InsertTextContent - (c,320801,2),[SPACE]
[Fri Aug 28 21:28:26 UTC 2026][INFO] [Action] E InsertTextContent - (c,320802,2),[SPACE]
[Fri Aug 28 21:28:26 UTC 2026][INFO] [Action] E InsertTextContent - (c,320803,2),[SPACE]
[Fri Aug 28 21:28:26 UTC 2026][INFO] [Action] E InsertTextContent - (c,320804,2),[SPACE]
[Fri Aug 28 21:28:26 UTC 2026][INFO] [Action] E InsertTextContent - (c,320805,2),[SPACE]
[Fri Aug 28 21:28:26 UTC 2026][INFO] [Action] E InsertTextContent - (c,320806,2),[SPACE]
[Fri Aug 28 21:28:26 UTC 2026][INFO] [Action] E InsertTextContent - (c,320807,2),[SPACE]
[Fri Aug 28 21:28:26 UTC 2026][INFO] [Action] E InsertTextContent - (c,320808,2),[SPACE]
[Fri Aug 28 21:28:27 UTC 2026][INFO] [Action] E InsertTextContent - (c,320809,2),[SPACE]
[Fri Aug 28 21:28:27 UTC 2026][INFO] [Action] E InsertTextContent - (c,320810,2),[SPACE]
[Fri Aug 28 21:28:27 UTC 2026][INFO] [Action] E InsertTextContent - (c,320811,2),[SPACE]
[Fri Aug 28 21:28:27 UTC 2026][INFO] [Action] E InsertTextContent - (c,320812,2),[SPACE]
[Fri Aug 28 21:28:27 UTC 2026][INFO] [Action] E InsertTextContent - (c,320813,2),[SPACE]
[Fri Aug 28 21:28:27 UTC 2026][INFO] [Action] E InsertTextContent - (c,320814,2),[SPACE]
[Fri Aug 28 21:28:27 UTC 2026][INFO] [Action] E InsertTextContent - (c,320815,2),[SPACE]
[Fri Aug 28 21:28:27 UTC 2026][INFO] [Action] E InsertTextContent - (c,320816,2),[SPACE]
[Fri Aug 28 21:28:28 UTC 2026][INFO] [Action] E InsertTextContent - (c,320817,2),[SPACE]
[Fri Aug 28 21:28:28 UTC 2026][INFO] [Action] E InsertTextContent - (c,320818,2),[SPACE]
[Fri Aug 28 21:28:28 UTC 2026][INFO] [Action] E InsertTextContent - (c,320819,2),[SPACE]
[Fri Aug 28 21:28:28 UTC 2026][INFO] [Action] E InsertTextContent - (c,320820,2),[SPACE]
[Fri Aug 28 21:28:28 UTC 2026][INFO] [Action] E InsertTextContent - (c,320821,2),[SPACE]
[Fri Aug 28 21:28:28 UTC 2026][INFO] [Action] E InsertTextContent - (c,320822,2),[SPACE]
[Fri Aug 28 21:28:29 UTC 2026][INFO] [Action] E InsertTextContent - (c,320823,2),[SPACE]
[Fri Aug 28 21:28:29 UTC 2026][INFO] [Action] E InsertTextContent - (c,320824,2),[SPACE]
[Fri Aug 28 21:28:29 UTC 2026][INFO] [Action] E InsertTextContent - (c,320825,2),[SPACE]
[Fri Aug 28 21:28:29 UTC 2026][INFO] [Action] E InsertTextContent - (c,320826,2),[SPACE]
[Fri Aug 28 21:28:29 UTC 2026][INFO] [Action] E InsertTextContent - (c,320827,2),[SPACE]
[Fri Aug 28 21:28:29 UTC 2026][INFO] [Action] E InsertTextContent - (c,320828,2),[SPACE]
[Fri Aug 28 21:28:29 UTC 2026][INFO] [Action] E InsertTextContent - (c,320829,2),[SPACE]
[Fri Aug 28 21:28:29 UTC 2026][INFO] [Action] E InsertTextContent - (c,320830,2),[SPACE]
[Fri Aug 28 21:28:29 UTC 2026][INFO] [Action] E InsertTextContent - (c,320831,2),[SPACE]
[Fri Aug 28 21:28:30 UTC 2026][INFO] [Action] E InsertTextContent - (c,320832,2),[SPACE]
[Fri Aug 28 21:28:30 UTC 2026][INFO] [Action] E InsertTextContent - (c,320833,2),[SPACE]
[Fri Aug 28 21:28:30 UTC 2026][INFO] [Action] E InsertTextContent - (c,320834,2),[SPACE]
[Fri Aug 28 21:28:30 UTC 2026][INFO] [Action] E InsertTextContent - (c,320835,2),[SPACE]
[Fri Aug 28 21:28:30 UTC 2026][INFO] [Action] E InsertTextContent - (c,320836,2),[SPACE]
[Fri Aug 28 21:28:30 UTC 2026][INFO] [Action] E InsertTextContent - (c,320837,2),[SPACE]
[Fri Aug 28 21:28:30 UTC 2026][INFO] [Action] E InsertTextContent - (c,320838,2),[SPACE]
[Fri Aug 28 21:28:30 UTC 2026][INFO] [Action] E InsertTextContent - (c,320839,2),[SPACE]
[Fri Aug 28 21:28:30 UTC 2026][INFO] [Action] E InsertTextContent - (c,320840,2),[SPACE]
[Fri Aug 28 21:28:30 UTC 2026][INFO] [Action] E InsertTextContent - (c,320841,2),[SPACE]
[Fri Aug 28 21:28:30 UTC 2026][INFO] [Action] E InsertTextContent - (c,320842,2),[SPACE]
[Fri Aug 28 21:28:31 UTC 2026][INFO] [Action] E InsertTextContent - (c,320843,2),[SPACE]
[Fri Aug 28 21:28:31 UTC 2026][INFO] [Action] E InsertTextContent - (c,320844,2),[SPACE]
[Fri Aug 28 21:28:31 UTC 2026][INFO] [Action] E InsertTextContent - (c,320845,2),[SPACE]
[Fri Aug 28 21:28:31 UTC 2026][INFO] [Action] E InsertTextContent - (c,320846,2),[SPACE]
[Fri Aug 28 21:28:31 UTC 2026][INFO] [Action] E InsertTextContent - (c,320847,2),[SPACE]
[Fri Aug 28 21:28:31 UTC 2026][INFO] [Action] E InsertTextContent - (c,320848,2),[SPACE]
[Fri Aug 28 21:28:31 UTC 2026][INFO] [Action] E InsertTextContent - (c,320849,2),[SPACE]
[Fri Aug 28 21:28:31 UTC 2026][INFO] [Action] E InsertTextContent - (c,320850,2),[SPACE]
[Fri Aug 28 21:28:31 UTC 2026][INFO] [Action] E InsertTextContent - (c,320851,2),[SPACE]
[Fri Aug 28 21:28:31 UTC 2026][INFO] [Action] E InsertTextContent - (c,320852,2),[SPACE]
[Fri Aug 28 21:28:31 UTC 2026][INFO] [Action] E InsertTextContent - (c,320853,2),[SPACE]
[Fri Aug 28 21:28:31 UTC 2026][INFO] [Action] E InsertTextContent - (c,320854,2),[SPACE]
[Fri Aug 28 21:28:32 UTC 2026][INFO] [Action] E InsertTextContent - (c,320855,2),[SPACE]
[Fri Aug 28 21:28:32 UTC 2026][INFO] [Action] E InsertTextContent - (c,320856,2),[SPACE]
[Fri Aug 28 21:28:32 UTC 2026][INFO] [Action] E InsertTextContent - (c,320857,2),[SPACE]
[Fri Aug 28 21:28:32 UTC 2026][INFO] [Action] E InsertTextContent - (c,320858,2),[SPACE]
[Fri Aug 28 21:28:32 UTC 2026][INFO] [Action] E InsertTextContent - (c,320859,2),[SPACE]
[Fri Aug 28 21:28:32 UTC 2026][INFO] [Action] E InsertTextContent - (c,320860,2),[SPACE]
[Fri Aug 28 21:28:32 UTC 2026][INFO] [Action] E InsertTextContent - (c,320861,2),[SPACE]
[Fri Aug 28 21:28:32 UTC 2026][INFO] [Action] E InsertTextContent - (c,320862,2),[SPACE]
[Fri Aug 28 21:28:32 UTC 2026][INFO] [Action] E InsertTextContent - (c,320863,2),[SPACE]
[Fri Aug 28 21:28:32 UTC 2026][INFO] [Action] E InsertTextContent - (c,320864,2),[SPACE]
[Fri Aug 28 21:28:33 UTC 2026][INFO] [Action] E InsertTextContent - (c,320865,2),[SPACE]
[Fri Aug 28 21:28:33 UTC 2026][INFO] [Action] E InsertTextContent - (c,320866,2),[SPACE]
[Fri Aug 28 21:28:33 UTC 2026][INFO] [Action] E InsertTextContent - (c,320867,2),[SPACE]
[Fri Aug 28 21:28:33 UTC 2026][INFO] [Action] E InsertTextContent - (c,320868,2),[SPACE]
[Fri Aug 28 21:28:33 UTC 2026][INFO] [Action] E InsertTextContent - (c,320869,2),[SPACE]
[Fri Aug 28 21:28:34 UTC 2026][INFO] [Action] E InsertTextContent - (c,320870,2),[SPACE]
[Fri Aug 28 21:28:37 UTC 2026][INFO] [Action] E InsertTextContent - (c,320718,2),[.]
[Fri Aug 28 21:28:41 UTC 2026][INFO] [Action] E InsertTextContent - (r,320718,320719),[/]
[Fri Aug 28 21:28:47 UTC 2026][INFO] [Action] U InsertTextContent
[Fri Aug 28 21:28:50 UTC 2026][INFO] [Action] E DeleteContent - (c,320719,2),B
[Fri Aug 28 21:28:52 UTC 2026][INFO] [Action] E InsertTextContent - (c,320718,2),[,]
[Fri Aug 28 21:29:00 UTC 2026][INFO] [Action] E DeleteContent - (r,320720,320799),B
[Fri Aug 28 21:29:01 UTC 2026][INFO] [Action] E MergeContainer - 320720,1
[Fri Aug 28 21:29:03 UTC 2026][INFO] [Action] E DeleteContent - (r,320720,320720),F
[Fri Aug 28 21:29:04 UTC 2026][INFO] [Action] E DeleteContent - (r,320720,320720),F
[Fri Aug 28 21:29:05 UTC 2026][INFO] [Action] E DeleteContent - (r,320720,320720),F
[Fri Aug 28 21:29:05 UTC 2026][INFO] [Action] E DeleteContent - (r,320720,320720),F
[Fri Aug 28 21:29:05 UTC 2026][INFO] [Action] E DeleteContent - (r,320720,320720),F
[Fri Aug 28 21:29:05 UTC 2026][INFO] [Action] E DeleteContent - (r,320720,320720),F
[Fri Aug 28 21:29:06 UTC 2026][INFO] [Action] E DeleteContent - (r,320720,320720),F
[Fri Aug 28 21:29:06 UTC 2026][INFO] [Action] E DeleteContent - (r,320720,320720),F
[Fri Aug 28 21:29:06 UTC 2026][INFO] [Action] E DeleteContent - (r,320720,320720),F
[Fri Aug 28 21:29:06 UTC 2026][INFO] [Action] E DeleteContent - (r,320720,320720),F
[Fri Aug 28 21:29:09 UTC 2026][INFO] [Action] E MergeContainer - 320783,1
[Fri Aug 28 21:29:15 UTC 2026][INFO] [Action] E DeleteContent - (c,320783,1),B
[Fri Aug 28 21:29:18 UTC 2026][INFO] [Action] E MergeContainer - 320688,1
[Fri Aug 28 21:29:32 UTC 2026][INFO] [Action] E InsertTextContent - (r,320720,320781),[SPACE]
[Fri Aug 28 21:29:41 UTC 2026][INFO] [Action] E InsertTextContent - (c,320685,2),[SPACE]
[Fri Aug 28 21:29:42 UTC 2026][INFO] [Action] E InsertTextContent - (c,320686,2),[SPACE]
[Fri Aug 28 21:29:43 UTC 2026][INFO] [Action] E InsertTextContent - (c,320687,2),[SPACE]
[Fri Aug 28 21:29:43 UTC 2026][INFO] [Action] E InsertTextContent - (c,320688,2),[SPACE]
[Fri Aug 28 21:29:43 UTC 2026][INFO] [Action] E InsertTextContent - (c,320689,2),[SPACE]
[Fri Aug 28 21:29:44 UTC 2026][INFO] [Action] E InsertTextContent - (c,320690,2),[SPACE]
[Fri Aug 28 21:29:44 UTC 2026][INFO] [Action] E InsertTextContent - (c,320691,2),[SPACE]
[Fri Aug 28 21:29:44 UTC 2026][INFO] [Action] E InsertTextContent - (c,320692,2),[SPACE]
[Fri Aug 28 21:29:45 UTC 2026][INFO] [Action] E InsertTextContent - (c,320693,2),[SPACE]
[Fri Aug 28 21:29:45 UTC 2026][INFO] [Action] E InsertTextContent - (c,320694,2),[SPACE]
[Fri Aug 28 21:29:45 UTC 2026][INFO] [Action] E InsertTextContent - (c,320695,2),[SPACE]
[Fri Aug 28 21:29:46 UTC 2026][INFO] [Action] E InsertTextContent - (c,320696,2),[SPACE]
[Fri Aug 28 21:29:46 UTC 2026][INFO] [Action] E InsertTextContent - (c,320697,2),[SPACE]
[Fri Aug 28 21:29:46 UTC 2026][INFO] [Action] E InsertTextContent - (c,320698,2),[SPACE]
[Fri Aug 28 21:29:47 UTC 2026][INFO] [Action] E InsertTextContent - (c,320699,2),[SPACE]
[Fri Aug 28 21:29:47 UTC 2026][INFO] [Action] E InsertTextContent - (c,320700,2),[SPACE]
[Fri Aug 28 21:29:47 UTC 2026][INFO] [Action] E InsertTextContent - (c,320701,2),[SPACE]
[Fri Aug 28 21:29:47 UTC 2026][INFO] [Action] E InsertTextContent - (c,320702,2),[SPACE]
[Fri Aug 28 21:29:47 UTC 2026][INFO] [Action] E InsertTextContent - (c,320703,2),[SPACE]
[Fri Aug 28 21:29:48 UTC 2026][INFO] [Action] E InsertTextContent - (c,320704,2),[SPACE]
[Fri Aug 28 21:29:48 UTC 2026][INFO] [Action] E InsertTextContent - (c,320705,2),[SPACE]
[Fri Aug 28 21:29:48 UTC 2026][INFO] [Action] E InsertTextContent - (c,320706,2),[SPACE]
[Fri Aug 28 21:29:48 UTC 2026][INFO] [Action] E InsertTextContent - (c,320707,2),[SPACE]
[Fri Aug 28 21:29:48 UTC 2026][INFO] [Action] E InsertTextContent - (c,320708,2),[SPACE]
[Fri Aug 28 21:29:58 UTC 2026][INFO] [Action] E InsertTextContent - (c,320709,2),[SPACE]
[Fri Aug 28 21:29:59 UTC 2026][INFO] [Action] E InsertTextContent - (c,320710,2),[SPACE]
[Fri Aug 28 21:29:59 UTC 2026][INFO] [Action] E InsertTextContent - (c,320711,2),[SPACE]
[Fri Aug 28 21:30:00 UTC 2026][INFO] [Action] E InsertTextContent - (c,320712,2),[SPACE]
[Fri Aug 28 21:30:00 UTC 2026][INFO] [Action] E InsertTextContent - (c,320713,2),[SPACE]
[Fri Aug 28 21:30:00 UTC 2026][INFO] [Action] E InsertTextContent - (c,320714,2),[SPACE]
[Fri Aug 28 21:30:01 UTC 2026][INFO] [Action] E InsertTextContent - (c,320715,2),[SPACE]
[Fri Aug 28 21:30:01 UTC 2026][INFO] [Action] E InsertTextContent - (c,320716,2),[SPACE]
[Fri Aug 28 21:30:01 UTC 2026][INFO] [Action] E InsertTextContent - (c,320717,2),[SPACE]
[Fri Aug 28 21:30:01 UTC 2026][INFO] [Action] E InsertTextContent - (c,320718,2),[SPACE]
[Fri Aug 28 21:30:05 UTC 2026][INFO] [Action] E InsertTextContent - (c,320719,2),[SPACE]
[Fri Aug 28 21:30:05 UTC 2026][INFO] [Action] E InsertTextContent - (c,320720,2),[SPACE]
[Fri Aug 28 21:30:06 UTC 2026][INFO] [Action] E InsertTextContent - (c,320721,2),[SPACE]
[Fri Aug 28 21:30:06 UTC 2026][INFO] [Action] E InsertTextContent - (c,320722,2),[SPACE]
[Fri Aug 28 21:30:46 UTC 2026][INFO] [Action] E SaveBook - Save
[Fri Aug 28 23:54:49 UTC 2026][INFO] [Action] E AddTextContainer - (c,320414,2),0,0,0
[Fri Aug 28 23:54:55 UTC 2026][INFO] [Action] E AddTextContainer - (c,321592,2),0,0,0
[Fri Aug 28 23:55:00 UTC 2026][INFO] [Action] E DeleteContent - (c,321587,2),B
[Fri Aug 28 23:55:03 UTC 2026][INFO] [Action] E DeleteContent - (c,321586,2),B
[Fri Aug 28 23:55:06 UTC 2026][INFO] [Action] E AddTextContainer - (c,321590,2),0,0,0
[Fri Aug 28 23:55:11 UTC 2026][INFO] [Action] E AddTextContainer - (c,322258,2),0,0,0
[Fri Aug 28 23:55:13 UTC 2026][INFO] [Action] E AddTextContainer - (c,322259,1),1,0,0
[Fri Aug 28 23:55:20 UTC 2026][INFO] [Action] E AddTextContainer - (c,322842,2),0,0,0
[Fri Aug 28 23:55:24 UTC 2026][INFO] [Action] E AddTextContainer - (c,322843,1),1,0,0
[Fri Aug 28 23:55:25 UTC 2026][INFO] [Action] E AddTextContainer - (c,323165,2),0,0,0
[Fri Aug 28 23:55:27 UTC 2026][INFO] [Action] E AddTextContainer - (c,322842,2),0,0,0
[Fri Aug 28 23:55:48 UTC 2026][INFO] [Action] E AddTextContainer - (c,162,2),0,0,0
[Fri Aug 28 23:55:48 UTC 2026][INFO] [Action] E AddTextContainer - (c,163,1),1,0,0
[Fri Aug 28 23:55:49 UTC 2026][INFO] [Action] E AddTextContainer - (c,164,1),1,0,0
[Fri Aug 28 23:55:50 UTC 2026][INFO] [Action] E AddTextContainer - (c,165,1),1,0,0
[Fri Aug 28 23:55:53 UTC 2026][INFO] [Action] E AddTextContainer - (c,106,2),0,0,0
[Fri Aug 28 23:55:56 UTC 2026][INFO] [Action] E MergeContainer - 179,1
[Fri Aug 28 23:55:57 UTC 2026][INFO] [Action] E MergeContainer - 165,1
[Fri Aug 28 23:56:00 UTC 2026][INFO] [Action] E AddTextContainer - (c,107,1),1,0,0
[Fri Aug 28 23:56:01 UTC 2026][INFO] [Action] E AddTextContainer - (c,37,2),0,0,0
[Fri Aug 28 23:56:19 UTC 2026][INFO] [Action] E AddTextContainer - (c,252,2),0,0,0
[Fri Aug 28 23:56:25 UTC 2026][INFO] [Action] E RemoveSectionBreak - 245,0
[Fri Aug 28 23:56:27 UTC 2026][INFO] [Action] U RemoveSectionBreak
[Fri Aug 28 23:56:47 UTC 2026][INFO] [Action] E MergeContainer - 252,0
[Fri Aug 28 23:57:05 UTC 2026][INFO] [Action] E Cut - (r,245,252)
[Fri Aug 28 23:57:10 UTC 2026][INFO] [Action] E AddTextContainer - (c,245,1),1,0,0
[Fri Aug 28 23:57:15 UTC 2026][INFO] [Action] E Paste - (c,245,2),8
[Fri Aug 28 23:57:19 UTC 2026][INFO] [Action] U Paste
[Fri Aug 28 23:57:34 UTC 2026][INFO] [Action] U AddTextContainer
[Fri Aug 28 23:57:35 UTC 2026][INFO] [Action] U Cut
[Fri Aug 28 23:57:39 UTC 2026][INFO] [Action] R Cut
[Fri Aug 28 23:57:41 UTC 2026][INFO] [Action] E AddTextContainer - (c,245,1),1,0,0
[Fri Aug 28 23:57:42 UTC 2026][INFO] [Action] E AddTextContainer - (c,246,1),1,0,0
[Fri Aug 28 23:57:44 UTC 2026][INFO] [Action] E AddTextContainer - (c,246,1),1,0,0
[Fri Aug 28 23:57:48 UTC 2026][INFO] [Action] E InsertTextContent - (c,246,1),[C]
[Fri Aug 28 23:57:49 UTC 2026][INFO] [Action] E InsertTextContent - (c,246,2),[O]
[Fri Aug 28 23:57:49 UTC 2026][INFO] [Action] E InsertTextContent - (c,247,2),[N]
[Fri Aug 28 23:57:50 UTC 2026][INFO] [Action] E InsertTextContent - (c,248,2),[T]
[Fri Aug 28 23:57:51 UTC 2026][INFO] [Action] E InsertTextContent - (c,249,2),[E]
[Fri Aug 28 23:57:52 UTC 2026][INFO] [Action] E InsertTextContent - (c,250,2),[N]
[Fri Aug 28 23:57:52 UTC 2026][INFO] [Action] E InsertTextContent - (c,251,2),[T]
[Fri Aug 28 23:57:52 UTC 2026][INFO] [Action] E InsertTextContent - (c,252,2),[S]
[Fri Aug 28 23:57:59 UTC 2026][INFO] [Action] E UpdateStyle - (r,246,253),34:320:3,(r,246,253),F
[Fri Aug 28 23:58:03 UTC 2026][INFO] [Action] E UpdateStyle - (r,246,253),16:16.000000:2,(r,246,253),F
[Fri Aug 28 23:58:06 UTC 2026][INFO] [Action] E UpdateStyle - (r,246,253),16:24.000000:2,(r,246,253),F
[Fri Aug 28 23:58:17 UTC 2026][INFO] [Action] E InsertTextContent - (c,253,2),[SPACE]
[Fri Aug 28 23:58:18 UTC 2026][INFO] [Action] E InsertTextContent - (c,254,2),[SPACE]
[Fri Aug 28 23:58:19 UTC 2026][INFO] [Action] E InsertTextContent - (c,255,2),[SPACE]
[Fri Aug 28 23:58:21 UTC 2026][INFO] [Action] E DeleteContent - (c,256,2),B
[Fri Aug 28 23:58:32 UTC 2026][INFO] [Action] E AddTextContainer - (c,1123,2),0,0,0
[Fri Aug 28 23:58:39 UTC 2026][INFO] [Action] E UpdateStyle - (r,1116,1123),16:16.000000:2,(r,1116,1123),F
[Fri Aug 28 23:58:50 UTC 2026][INFO] [Action] U UpdateStyle
[Fri Aug 28 23:58:54 UTC 2026][INFO] [Action] E UpdateStyle - (r,1116,1123),16:14.000000:2,(r,1116,1123),F
[Fri Aug 28 23:59:14 UTC 2026][INFO] [Action] E AddTextContainer - (c,7889,2),0,0,0
[Fri Aug 28 23:59:34 UTC 2026][INFO] [Action] E UpdateStyle - (r,7846,7854),16:20.000000:2,(r,7846,7854),F
[Fri Aug 28 23:59:43 UTC 2026][INFO] [Action] E UpdateStyle - (r,7855,7889),16:24.000000:2,(r,7855,7889),F
[Fri Aug 28 23:59:47 UTC 2026][INFO] [Action] E UpdateStyle - (r,7855,7889),16:18.000000:2,(r,7855,7889),F
[Fri Aug 28 23:59:50 UTC 2026][INFO] [Action] E UpdateStyle - (r,7855,7889),16:14.000000:2,(r,7855,7889),F
[Fri Aug 28 23:59:54 UTC 2026][INFO] [Action] E UpdateStyle - (r,7855,7889),16:16.000000:2,(r,7855,7889),F
[Fri Aug 28 23:59:56 UTC 2026][INFO] [Action] E UpdateStyle - (r,7855,7889),16:14.000000:2,(r,7855,7889),F
[Sat Aug 29 00:00:07 UTC 2026][INFO] [Action] E UpdateStyle - (r,7846,7854),16:14.000000:2,(r,7846,7854),F
[Sat Aug 29 00:00:37 UTC 2026][INFO] [Action] E AddTextContainer - (c,10035,2),0,0,0
[Sat Aug 29 00:00:40 UTC 2026][INFO] [Action] U AddTextContainer
[Sat Aug 29 00:04:11 UTC 2026][INFO] [Action] E InsertGenericPageAction - 18,3
[Sat Aug 29 00:04:20 UTC 2026][INFO] [Action] U InsertGenericPageAction
[Sat Aug 29 00:04:25 UTC 2026][INFO] [Action] E AddTextContainer - (c,10035,2),0,0,0
[Sat Aug 29 00:04:26 UTC 2026][INFO] [Action] E AddTextContainer - (c,10036,1),1,0,0
[Sat Aug 29 00:04:34 UTC 2026][INFO] [Action] E AddTextContainer - (c,10012,2),0,0,0
[Sat Aug 29 00:04:41 UTC 2026][INFO] [Action] E MergeContainer - 10038,0
[Sat Aug 29 00:05:23 UTC 2026][INFO] [Action] E AddTextContainer - (c,32240,2),0,0,0
[Sat Aug 29 00:05:26 UTC 2026][INFO] [Action] E AddTextContainer - (c,32276,2),0,0,0
[Sat Aug 29 00:05:28 UTC 2026][INFO] [Action] E AddTextContainer - (c,32312,2),0,0,0
[Sat Aug 29 00:05:30 UTC 2026][INFO] [Action] E AddTextContainer - (c,32329,2),0,0,0
[Sat Aug 29 00:05:36 UTC 2026][INFO] [Action] E AddTextContainer - (c,32844,2),0,0,0
[Sat Aug 29 00:05:38 UTC 2026][INFO] [Action] E AddTextContainer - (c,32882,2),0,0,0
[Sat Aug 29 00:05:46 UTC 2026][INFO] [Action] E AddTextContainer - (c,33675,2),0,0,0
[Sat Aug 29 00:05:47 UTC 2026][INFO] [Action] E AddTextContainer - (c,33701,2),0,0,0
[Sat Aug 29 00:06:03 UTC 2026][INFO] [Action] E AddTextContainer - (c,35863,2),0,0,0
[Sat Aug 29 00:06:03 UTC 2026][INFO] [Action] E AddTextContainer - (c,35864,1),1,0,0
[Sat Aug 29 00:06:03 UTC 2026][INFO] [Action] E AddTextContainer - (c,35865,1),1,0,0
[Sat Aug 29 00:06:07 UTC 2026][INFO] [Action] E AddTextContainer - (c,35866,1),1,0,0
[Sat Aug 29 00:06:08 UTC 2026][INFO] [Action] E AddTextContainer - (c,35867,1),1,0,0
[Sat Aug 29 00:06:08 UTC 2026][INFO] [Action] E AddTextContainer - (c,35868,1),1,0,0
[Sat Aug 29 00:06:14 UTC 2026][INFO] [Action] E AddTextContainer - (c,36003,2),0,0,0
[Sat Aug 29 00:06:19 UTC 2026][INFO] [Action] E AddTextContainer - (c,36004,1),1,0,0
[Sat Aug 29 00:06:20 UTC 2026][INFO] [Action] E AddTextContainer - (c,36040,2),0,0,0
[Sat Aug 29 00:06:22 UTC 2026][INFO] [Action] E AddTextContainer - (c,36093,2),0,0,0
[Sat Aug 29 00:06:28 UTC 2026][INFO] [Action] E AddTextContainer - (c,36179,2),0,0,0
[Sat Aug 29 00:06:43 UTC 2026][INFO] [Action] E UpdateStyle - (r,36254,36283),16:14.000000:2,(r,36254,36283),F
[Sat Aug 29 00:06:50 UTC 2026][INFO] [Action] E InsertTextContent - (c,36254,1),[SPACE]
[Sat Aug 29 00:06:51 UTC 2026][INFO] [Action] E InsertTextContent - (c,36254,2),[SPACE]
[Sat Aug 29 00:06:57 UTC 2026][INFO] [Action] E UpdateStyle - (r,36254,36264),34:320:3,(r,36254,36264),F
[Sat Aug 29 00:06:59 UTC 2026][INFO] [Action] E UpdateStyle - (r,36254,36264),34:320:3,(r,36254,36264),F
[Sat Aug 29 00:07:04 UTC 2026][INFO] [Action] E MergeContainer - 36265,1
[Sat Aug 29 00:07:06 UTC 2026][INFO] [Action] U MergeContainer
[Sat Aug 29 00:07:08 UTC 2026][INFO] [Action] E InsertTextContent - (c,36256,1),[SPACE]
[Sat Aug 29 00:07:08 UTC 2026][INFO] [Action] E InsertTextContent - (c,36256,2),[SPACE]
[Sat Aug 29 00:07:09 UTC 2026][INFO] [Action] E InsertTextContent - (c,36257,2),[SPACE]
[Sat Aug 29 00:07:09 UTC 2026][INFO] [Action] E InsertTextContent - (c,36258,2),[SPACE]
[Sat Aug 29 00:07:16 UTC 2026][INFO] [Action] E AddTextContainer - (c,37330,2),0,0,0
[Sat Aug 29 00:07:17 UTC 2026][INFO] [Action] E AddTextContainer - (c,37331,1),1,0,0
[Sat Aug 29 00:07:21 UTC 2026][INFO] [Action] E AddTextContainer - (c,36289,2),0,0,0
[Sat Aug 29 00:07:27 UTC 2026][INFO] [Action] E MergeContainer - 37332,0
[Sat Aug 29 00:07:29 UTC 2026][INFO] [Action] E AddTextContainer - (c,37346,2),0,0,0
[Sat Aug 29 00:07:58 UTC 2026][INFO] [Action] E AddTextContainer - (c,57440,2),0,0,0
[Sat Aug 29 00:07:59 UTC 2026][INFO] [Action] E AddTextContainer - (c,57441,1),1,0,0
[Sat Aug 29 00:07:59 UTC 2026][INFO] [Action] E AddTextContainer - (c,57442,1),1,0,0
[Sat Aug 29 00:07:59 UTC 2026][INFO] [Action] E AddTextContainer - (c,57443,1),1,0,0
[Sat Aug 29 00:07:59 UTC 2026][INFO] [Action] E AddTextContainer - (c,57444,1),1,0,0
[Sat Aug 29 00:08:00 UTC 2026][INFO] [Action] E AddTextContainer - (c,57445,1),1,0,0
[Sat Aug 29 00:08:00 UTC 2026][INFO] [Action] E AddTextContainer - (c,57446,1),1,0,0
[Sat Aug 29 00:08:00 UTC 2026][INFO] [Action] E AddTextContainer - (c,57447,1),1,0,0
[Sat Aug 29 00:08:01 UTC 2026][INFO] [Action] E AddTextContainer - (c,57448,1),1,0,0
[Sat Aug 29 00:08:07 UTC 2026][INFO] [Action] E AddTextContainer - (c,57687,2),0,0,0
[Sat Aug 29 00:08:19 UTC 2026][INFO] [Action] E AddTextContainer - (c,58132,2),0,0,0
[Sat Aug 29 00:08:53 UTC 2026][INFO] [Action] E MergeContainer - 57442,1
[Sat Aug 29 00:08:54 UTC 2026][INFO] [Action] E MergeContainer - 57441,1
[Sat Aug 29 00:08:56 UTC 2026][INFO] [Action] E MergeContainer - 57440,0
[Sat Aug 29 00:08:56 UTC 2026][INFO] [Action] E MergeContainer - 57440,0
[Sat Aug 29 00:08:57 UTC 2026][INFO] [Action] E MergeContainer - 57440,0
[Sat Aug 29 00:08:57 UTC 2026][INFO] [Action] E MergeContainer - 57440,0
[Sat Aug 29 00:08:58 UTC 2026][INFO] [Action] E MergeContainer - 57440,0
[Sat Aug 29 00:08:59 UTC 2026][INFO] [Action] E MergeContainer - 57440,0
[Sat Aug 29 00:09:03 UTC 2026][INFO] [Action] E AddTextContainer - (c,57450,2),0,0,0
[Sat Aug 29 00:09:06 UTC 2026][INFO] [Action] E AddTextContainer - (c,57498,2),0,0,0
[Sat Aug 29 00:09:08 UTC 2026][INFO] [Action] E AddTextContainer - (c,57499,1),1,0,0
[Sat Aug 29 00:09:08 UTC 2026][INFO] [Action] E AddTextContainer - (c,57500,1),1,0,0
[Sat Aug 29 00:09:08 UTC 2026][INFO] [Action] E AddTextContainer - (c,57501,1),1,0,0
[Sat Aug 29 00:09:09 UTC 2026][INFO] [Action] E AddTextContainer - (c,57502,1),1,0,0
[Sat Aug 29 00:09:10 UTC 2026][INFO] [Action] E AddTextContainer - (c,57503,1),1,0,0
[Sat Aug 29 00:09:12 UTC 2026][INFO] [Action] E MergeContainer - 57504,1
[Sat Aug 29 00:09:19 UTC 2026][INFO] [Action] E SaveBook - Save
[Sat Aug 29 00:09:27 UTC 2026][INFO] [Action] E AddTextContainer - (c,60424,2),0,0,0
[Sat Aug 29 00:09:32 UTC 2026][INFO] [Action] E UpdateStyle - (r,60398,60424),16:14.000000:2,(r,60398,60424),F
[Sat Aug 29 00:09:35 UTC 2026][INFO] [Action] E InsertTextContent - (c,60398,1),[SPACE]
[Sat Aug 29 00:09:35 UTC 2026][INFO] [Action] E InsertTextContent - (c,60398,2),[SPACE]
[Sat Aug 29 00:09:35 UTC 2026][INFO] [Action] E InsertTextContent - (c,60399,2),[SPACE]
[Sat Aug 29 00:09:35 UTC 2026][INFO] [Action] E InsertTextContent - (c,60400,2),[SPACE]
[Sat Aug 29 00:09:36 UTC 2026][INFO] [Action] E InsertTextContent - (c,60401,2),[SPACE]
[Sat Aug 29 00:09:36 UTC 2026][INFO] [Action] E InsertTextContent - (c,60402,2),[SPACE]
[Sat Aug 29 00:09:36 UTC 2026][INFO] [Action] E InsertTextContent - (c,60403,2),[SPACE]
[Sat Aug 29 00:09:36 UTC 2026][INFO] [Action] E InsertTextContent - (c,60404,2),[SPACE]
[Sat Aug 29 00:09:37 UTC 2026][INFO] [Action] E InsertTextContent - (c,60405,2),[SPACE]
[Sat Aug 29 00:09:45 UTC 2026][INFO] [Action] E AddTextContainer - (c,62675,2),0,0,0
[Sat Aug 29 00:09:46 UTC 2026][INFO] [Action] E AddTextContainer - (c,62709,2),0,0,0
[Sat Aug 29 00:09:49 UTC 2026][INFO] [Action] E AddTextContainer - (c,62744,2),0,0,0
[Sat Aug 29 00:09:50 UTC 2026][INFO] [Action] E AddTextContainer - (c,62781,2),0,0,0
[Sat Aug 29 00:10:07 UTC 2026][INFO] [Action] E AddTextContainer - (c,74573,2),0,0,0
[Sat Aug 29 00:10:43 UTC 2026][INFO] [Action] E AddTextContainer - (c,74642,2),0,0,0
[Sat Aug 29 00:10:47 UTC 2026][INFO] [Action] E AddTextContainer - (c,74771,2),0,0,0
[Sat Aug 29 00:10:49 UTC 2026][INFO] [Action] E AddTextContainer - (c,74801,2),0,0,0
[Sat Aug 29 00:11:03 UTC 2026][INFO] [Action] E AddTextContainer - (c,75531,2),0,0,0
[Sat Aug 29 00:11:08 UTC 2026][INFO] [Action] E UpdateStyle - (r,75495,75531),16:14.000000:2,(r,75495,75531),F
[Sat Aug 29 00:11:53 UTC 2026][INFO] [Action] E DeleteContent - (r,60398,60398),F
[Sat Aug 29 00:11:55 UTC 2026][INFO] [Action] E DeleteContent - (r,60398,60398),F
[Sat Aug 29 00:12:01 UTC 2026][INFO] [Action] E AddTextContainer - (c,59912,2),0,0,0
[Sat Aug 29 00:12:03 UTC 2026][INFO] [Action] E AddTextContainer - (c,59951,2),0,0,0
[Sat Aug 29 00:12:04 UTC 2026][INFO] [Action] E AddTextContainer - (c,59965,2),0,0,0
[Sat Aug 29 00:12:05 UTC 2026][INFO] [Action] E AddTextContainer - (c,59993,2),0,0,0
[Sat Aug 29 00:12:07 UTC 2026][INFO] [Action] E AddTextContainer - (c,60009,2),0,0,0
[Sat Aug 29 00:12:08 UTC 2026][INFO] [Action] E AddTextContainer - (c,60039,2),0,0,0
[Sat Aug 29 00:12:32 UTC 2026][INFO] [Action] E ItemChanged - -1,60404
[Sat Aug 29 00:12:35 UTC 2026][INFO] [Action] E ItemChanged - -1,75499
[Sat Aug 29 00:12:46 UTC 2026][INFO] [Action] E AddTextContainer - (c,75904,2),0,0,0
[Sat Aug 29 00:12:47 UTC 2026][INFO] [Action] E AddTextContainer - (c,75931,2),0,0,0
[Sat Aug 29 00:12:48 UTC 2026][INFO] [Action] E AddTextContainer - (c,75963,2),0,0,0
[Sat Aug 29 00:12:49 UTC 2026][INFO] [Action] E AddTextContainer - (c,75999,2),0,0,0
[Sat Aug 29 00:13:03 UTC 2026][INFO] [Action] E MergeContainer - 76001,1
[Sat Aug 29 00:13:04 UTC 2026][INFO] [Action] E AddTextContainer - (c,76000,1),1,0,0
[Sat Aug 29 00:13:11 UTC 2026][INFO] [Action] E UpdateStyle - (r,76001,76211),34:59:3,(r,76001,76211),F
[Sat Aug 29 00:13:43 UTC 2026][INFO] [Action] E AddTextContainer - (c,90269,2),0,0,0
[Sat Aug 29 00:13:45 UTC 2026][INFO] [Action] E AddTextContainer - (c,90318,2),0,0,0
[Sat Aug 29 00:13:57 UTC 2026][INFO] [Action] E AddTextContainer - (c,95245,2),0,0,0
[Sat Aug 29 00:14:01 UTC 2026][INFO] [Action] E AddTextContainer - (c,95294,2),0,0,0
[Sat Aug 29 00:14:09 UTC 2026][INFO] [Action] E AddTextContainer - (c,95408,2),0,0,0
[Sat Aug 29 00:14:13 UTC 2026][INFO] [Action] E AddTextContainer - (c,95440,2),0,0,0
[Sat Aug 29 00:14:15 UTC 2026][INFO] [Action] E AddTextContainer - (c,95488,2),0,0,0
[Sat Aug 29 00:14:22 UTC 2026][INFO] [Action] E AddTextContainer - (c,98604,2),0,0,0
[Sat Aug 29 00:14:27 UTC 2026][INFO] [Action] E UpdateStyle - (r,98579,98604),34:320:3,(r,98579,98604),F
[Sat Aug 29 00:14:31 UTC 2026][INFO] [Action] E InsertTextContent - (c,98579,1),[SPACE]
[Sat Aug 29 00:14:31 UTC 2026][INFO] [Action] E InsertTextContent - (c,98579,2),[SPACE]
[Sat Aug 29 00:14:31 UTC 2026][INFO] [Action] E InsertTextContent - (c,98580,2),[SPACE]
[Sat Aug 29 00:14:32 UTC 2026][INFO] [Action] E InsertTextContent - (c,98581,2),[SPACE]
[Sat Aug 29 00:14:32 UTC 2026][INFO] [Action] E InsertTextContent - (c,98582,2),[SPACE]
[Sat Aug 29 00:14:38 UTC 2026][INFO] [Action] E SaveBook - Save
[Sat Aug 29 00:14:50 UTC 2026][INFO] [Action] E AddTextContainer - (c,102344,2),0,0,0
[Sat Aug 29 00:14:52 UTC 2026][INFO] [Action] E AddTextContainer - (c,102393,2),0,0,0
[Sat Aug 29 00:14:53 UTC 2026][INFO] [Action] E AddTextContainer - (c,102450,2),0,0,0
[Sat Aug 29 00:14:55 UTC 2026][INFO] [Action] E AddTextContainer - (c,102498,2),0,0,0
[Sat Aug 29 00:15:04 UTC 2026][INFO] [Action] E AddTextContainer - (c,105055,2),0,0,0
[Sat Aug 29 00:15:05 UTC 2026][INFO] [Action] E AddTextContainer - (c,105066,2),0,0,0
[Sat Aug 29 00:15:07 UTC 2026][INFO] [Action] E AddTextContainer - (c,105083,2),0,0,0
[Sat Aug 29 00:15:09 UTC 2026][INFO] [Action] E AddTextContainer - (c,105115,2),0,0,0
[Sat Aug 29 00:15:12 UTC 2026][INFO] [Action] E AddTextContainer - (c,105194,2),0,0,0
[Sat Aug 29 00:15:13 UTC 2026][INFO] [Action] E AddTextContainer - (c,105224,2),0,0,0
[Sat Aug 29 00:15:19 UTC 2026][INFO] [Action] E AddTextContainer - (c,105295,2),0,0,0
[Sat Aug 29 00:15:20 UTC 2026][INFO] [Action] E AddTextContainer - (c,105320,2),0,0,0
[Sat Aug 29 00:15:34 UTC 2026][INFO] [Action] E AddTextContainer - (c,115981,2),0,0,0
[Sat Aug 29 00:15:34 UTC 2026][INFO] [Action] E AddTextContainer - (c,115982,1),1,0,0
[Sat Aug 29 00:15:39 UTC 2026][INFO] [Action] E AddTextContainer - (c,116017,2),0,0,0
[Sat Aug 29 00:15:40 UTC 2026][INFO] [Action] E AddTextContainer - (c,116042,2),0,0,0
[Sat Aug 29 00:15:41 UTC 2026][INFO] [Action] E AddTextContainer - (c,116074,2),0,0,0
[Sat Aug 29 00:15:42 UTC 2026][INFO] [Action] E AddTextContainer - (c,116103,2),0,0,0
[Sat Aug 29 00:15:49 UTC 2026][INFO] [Action] E AddTextContainer - (c,116202,2),0,0,0
[Sat Aug 29 00:15:50 UTC 2026][INFO] [Action] E AddTextContainer - (c,116224,2),0,0,0
[Sat Aug 29 00:16:01 UTC 2026][INFO] [Action] E InsertTextContent - (c,116225,1),[SPACE]
[Sat Aug 29 00:16:05 UTC 2026][INFO] [Action] E DeleteContent - (c,116225,2),B
[Sat Aug 29 00:16:05 UTC 2026][INFO] [Action] E MergeContainer - 116225,1
[Sat Aug 29 00:16:14 UTC 2026][INFO] [Action] E AddTextContainer - (c,116224,2),0,0,0
[Sat Aug 29 00:16:17 UTC 2026][INFO] [Action] E AddTextContainer - (c,116203,1),1,0,0
[Sat Aug 29 00:16:18 UTC 2026][INFO] [Action] E AddTextContainer - (c,116204,1),1,0,0
[Sat Aug 29 00:16:25 UTC 2026][INFO] [Action] E UpdateStyle - (c,116206,1),34:320:3,(r,116206,116206),F
[Sat Aug 29 00:16:41 UTC 2026][INFO] [Action] E AddTextContainer - (c,120820,2),0,0,0
[Sat Aug 29 00:16:43 UTC 2026][INFO] [Action] E AddTextContainer - (c,120855,2),0,0,0
[Sat Aug 29 00:16:45 UTC 2026][INFO] [Action] E AddTextContainer - (c,120877,2),0,0,0
[Sat Aug 29 00:16:46 UTC 2026][INFO] [Action] E AddTextContainer - (c,120904,2),0,0,0
[Sat Aug 29 00:17:31 UTC 2026][INFO] [Action] E AddTextContainer - (c,129038,2),0,0,0
[Sat Aug 29 00:17:36 UTC 2026][INFO] [Action] E UpdateStyle - (r,129009,129038),16:14.000000:2,(r,129009,129038),F
[Sat Aug 29 00:17:40 UTC 2026][INFO] [Action] E InsertTextContent - (c,129009,1),[SPACE]
[Sat Aug 29 00:17:40 UTC 2026][INFO] [Action] E InsertTextContent - (c,129009,2),[SPACE]
[Sat Aug 29 00:17:40 UTC 2026][INFO] [Action] E InsertTextContent - (c,129010,2),[SPACE]
[Sat Aug 29 00:17:41 UTC 2026][INFO] [Action] E InsertTextContent - (c,129011,2),[SPACE]
[Sat Aug 29 00:17:41 UTC 2026][INFO] [Action] E InsertTextContent - (c,129012,2),[SPACE]
[Sat Aug 29 00:17:41 UTC 2026][INFO] [Action] E InsertTextContent - (c,129013,2),[SPACE]
[Sat Aug 29 00:18:03 UTC 2026][INFO] [Action] E UpdateStyle - (r,129953,130032),34:59:3,(r,129953,130032),F
[Sat Aug 29 00:18:11 UTC 2026][INFO] [Action] E UpdateStyle - (c,130122,1),34:59:3,(r,130122,130122),F
[Sat Aug 29 00:18:17 UTC 2026][INFO] [Action] E UpdateStyle - (r,130083,130613),34:59:3,(r,130083,130613),F
[Sat Aug 29 00:18:19 UTC 2026][INFO] [Action] E UpdateStyle - (r,130083,130613),34:59:3,(r,130083,130613),F
[Sat Aug 29 00:18:51 UTC 2026][INFO] [Action] E AddTextContainer - (c,138164,2),0,0,0
[Sat Aug 29 00:18:52 UTC 2026][INFO] [Action] E AddTextContainer - (c,138169,2),0,0,0
[Sat Aug 29 00:18:53 UTC 2026][INFO] [Action] E AddTextContainer - (c,138219,2),0,0,0
[Sat Aug 29 00:18:54 UTC 2026][INFO] [Action] E AddTextContainer - (c,138226,2),0,0,0
[Sat Aug 29 00:18:56 UTC 2026][INFO] [Action] E AddTextContainer - (c,138363,2),0,0,0
[Sat Aug 29 00:19:10 UTC 2026][INFO] [Action] E MergeContainer - 138170,1
[Sat Aug 29 00:19:12 UTC 2026][INFO] [Action] E AddTextContainer - (c,138169,2),0,0,0
[Sat Aug 29 00:19:15 UTC 2026][INFO] [Action] E MergeContainer - 138227,1
[Sat Aug 29 00:19:22 UTC 2026][INFO] [Action] E UpdateStyle - (r,138221,138226),34:59:3,(r,138221,138226),F
[Sat Aug 29 00:19:27 UTC 2026][INFO] [Action] E MergeContainer - 138220,1
[Sat Aug 29 00:19:51 UTC 2026][INFO] [Action] E UpdateStyle - (r,143443,143497),34:59:3,(r,143443,143497),F
[Sat Aug 29 00:19:54 UTC 2026][INFO] [Action] E UpdateStyle - (c,143569,2),34:59:3,(r,143569,143569),F
[Sat Aug 29 00:20:05 UTC 2026][INFO] [Action] E AddTextContainer - (c,144719,2),0,0,0
[Sat Aug 29 00:20:06 UTC 2026][INFO] [Action] E AddTextContainer - (c,144725,2),0,0,0
[Sat Aug 29 00:21:22 UTC 2026][INFO] [Action] E AddTextContainer - (c,146343,2),0,0,0
[Sat Aug 29 00:21:24 UTC 2026][INFO] [Action] E AddTextContainer - (c,146354,2),0,0,0
[Sat Aug 29 00:21:25 UTC 2026][INFO] [Action] E AddTextContainer - (c,146371,2),0,0,0
[Sat Aug 29 00:21:27 UTC 2026][INFO] [Action] E AddTextContainer - (c,146387,2),0,0,0
[Sat Aug 29 00:21:28 UTC 2026][INFO] [Action] E AddTextContainer - (c,146393,2),0,0,0
[Sat Aug 29 00:21:29 UTC 2026][INFO] [Action] E AddTextContainer - (c,146415,2),0,0,0
[Sat Aug 29 00:21:34 UTC 2026][INFO] [Action] E AddTextContainer - (c,147554,2),0,0,0
[Sat Aug 29 00:21:36 UTC 2026][INFO] [Action] E AddTextContainer - (c,147594,2),0,0,0
[Sat Aug 29 00:21:44 UTC 2026][INFO] [Action] E AddTextContainer - (c,150192,2),0,0,0
[Sat Aug 29 00:21:45 UTC 2026][INFO] [Action] E AddTextContainer - (c,150205,2),0,0,0
[Sat Aug 29 00:21:51 UTC 2026][INFO] [Action] E UpdateStyle - (r,150194,150312),34:59:3,(r,150194,150312),F
[Sat Aug 29 00:21:54 UTC 2026][INFO] [Action] U UpdateStyle
[Sat Aug 29 00:22:09 UTC 2026][INFO] [Action] E AddTextContainer - (c,154012,2),0,0,0
[Sat Aug 29 00:22:12 UTC 2026][INFO] [Action] E UpdateStyle - (r,153946,153980),34:320:3,(r,153946,153980),F
[Sat Aug 29 00:22:22 UTC 2026][INFO] [Action] E UpdateStyle - (r,153946,154012),16:14.000000:2,(r,153946,154012),F
[Sat Aug 29 00:22:26 UTC 2026][INFO] [Action] E InsertTextContent - (c,153986,1),[SPACE]
[Sat Aug 29 00:22:27 UTC 2026][INFO] [Action] E InsertTextContent - (c,153986,2),[SPACE]
[Sat Aug 29 00:22:28 UTC 2026][INFO] [Action] E InsertTextContent - (c,153987,2),[SPACE]
[Sat Aug 29 00:22:28 UTC 2026][INFO] [Action] E InsertTextContent - (c,153988,2),[SPACE]
[Sat Aug 29 00:22:28 UTC 2026][INFO] [Action] E InsertTextContent - (c,153989,2),[SPACE]
[Sat Aug 29 00:22:28 UTC 2026][INFO] [Action] E InsertTextContent - (c,153990,2),[SPACE]
[Sat Aug 29 00:22:29 UTC 2026][INFO] [Action] E InsertTextContent - (c,153991,2),[SPACE]
[Sat Aug 29 00:22:29 UTC 2026][INFO] [Action] E InsertTextContent - (c,153992,2),[SPACE]
[Sat Aug 29 00:22:31 UTC 2026][INFO] [Action] E DeleteContent - (c,153993,2),B
[Sat Aug 29 00:22:31 UTC 2026][INFO] [Action] E DeleteContent - (c,153993,1),B
[Sat Aug 29 00:22:32 UTC 2026][INFO] [Action] E DeleteContent - (c,153992,1),B
[Sat Aug 29 00:22:32 UTC 2026][INFO] [Action] E InsertTextContent - (c,153991,1),[\]
[Sat Aug 29 00:22:34 UTC 2026][INFO] [Action] E DeleteContent - (c,153991,2),B
[Sat Aug 29 00:22:34 UTC 2026][INFO] [Action] E DeleteContent - (c,153991,1),B
[Sat Aug 29 00:22:38 UTC 2026][INFO] [Action] E InsertTextContent - (c,153946,1),[SPACE]
[Sat Aug 29 00:22:38 UTC 2026][INFO] [Action] E InsertTextContent - (c,153946,2),[SPACE]
[Sat Aug 29 00:22:38 UTC 2026][INFO] [Action] E InsertTextContent - (c,153947,2),[SPACE]
[Sat Aug 29 00:22:38 UTC 2026][INFO] [Action] E InsertTextContent - (c,153948,2),[SPACE]
[Sat Aug 29 00:22:39 UTC 2026][INFO] [Action] E InsertTextContent - (c,153949,2),[SPACE]
[Sat Aug 29 00:22:39 UTC 2026][INFO] [Action] E InsertTextContent - (c,153950,2),[SPACE]
[Sat Aug 29 00:22:39 UTC 2026][INFO] [Action] E InsertTextContent - (c,153951,2),[SPACE]
[Sat Aug 29 00:22:39 UTC 2026][INFO] [Action] E InsertTextContent - (c,153952,2),[SPACE]
[Sat Aug 29 00:22:39 UTC 2026][INFO] [Action] E InsertTextContent - (c,153953,2),[SPACE]
[Sat Aug 29 00:22:40 UTC 2026][INFO] [Action] E InsertTextContent - (c,153954,2),[SPACE]
[Sat Aug 29 00:22:47 UTC 2026][INFO] [Action] E InsertTextContent - (c,153999,2),[SPACE]
[Sat Aug 29 00:22:48 UTC 2026][INFO] [Action] E DeleteContent - (c,154000,2),B
[Sat Aug 29 00:22:48 UTC 2026][INFO] [Action] E DeleteContent - (c,154000,1),B
[Sat Aug 29 00:22:55 UTC 2026][INFO] [Action] E UpdateStyle - (c,153971,1),34:59:3,(r,153971,153971),F
[Sat Aug 29 00:23:02 UTC 2026][INFO] [Action] E InsertTextContent - (c,153965,1),[SPACE]
[Sat Aug 29 00:23:02 UTC 2026][INFO] [Action] E InsertTextContent - (c,153965,2),[SPACE]
[Sat Aug 29 00:23:03 UTC 2026][INFO] [Action] E InsertTextContent - (c,153966,2),[SPACE]
[Sat Aug 29 00:23:03 UTC 2026][INFO] [Action] E InsertTextContent - (c,153967,2),[SPACE]
[Sat Aug 29 00:23:03 UTC 2026][INFO] [Action] E InsertTextContent - (c,153968,2),[SPACE]
[Sat Aug 29 00:23:03 UTC 2026][INFO] [Action] E InsertTextContent - (c,153969,2),[SPACE]
[Sat Aug 29 00:23:03 UTC 2026][INFO] [Action] E InsertTextContent - (c,153970,2),[SPACE]
[Sat Aug 29 00:23:04 UTC 2026][INFO] [Action] E InsertTextContent - (c,153971,2),[SPACE]
[Sat Aug 29 00:23:04 UTC 2026][INFO] [Action] E InsertTextContent - (c,153972,2),[SPACE]
[Sat Aug 29 00:23:04 UTC 2026][INFO] [Action] E InsertTextContent - (c,153973,2),[SPACE]
[Sat Aug 29 00:23:04 UTC 2026][INFO] [Action] E InsertTextContent - (c,153974,2),[SPACE]
[Sat Aug 29 00:23:04 UTC 2026][INFO] [Action] E InsertTextContent - (c,153975,2),[SPACE]
[Sat Aug 29 00:23:08 UTC 2026][INFO] [Action] E SplitContainer - 154011
[Sat Aug 29 00:23:11 UTC 2026][INFO] [Action] E AddTextContainer - (c,153964,2),0,0,0
[Sat Aug 29 00:23:18 UTC 2026][INFO] [Action] E UpdateStyle - (c,154012,2),34:320:3,(r,154012,154012),F
[Sat Aug 29 00:23:37 UTC 2026][INFO] [Action] E MergeContainer - 154012,1
[Sat Aug 29 00:23:40 UTC 2026][INFO] [Action] U MergeContainer
[Sat Aug 29 00:23:42 UTC 2026][INFO] [Action] E InsertTextContent - (c,153978,1),[SPACE]
[Sat Aug 29 00:23:48 UTC 2026][INFO] [Action] E SaveBook - Save
[Sat Aug 29 00:23:58 UTC 2026][INFO] [Action] E AddTextContainer - (c,155965,2),0,0,0
[Sat Aug 29 00:24:00 UTC 2026][INFO] [Action] E AddTextContainer - (c,155986,2),0,0,0
[Sat Aug 29 00:24:02 UTC 2026][INFO] [Action] E AddTextContainer - (c,155998,2),0,0,0
[Sat Aug 29 00:24:03 UTC 2026][INFO] [Action] E AddTextContainer - (c,156008,2),0,0,0
[Sat Aug 29 00:24:07 UTC 2026][INFO] [Action] E MergeContainer - 156009,1
[Sat Aug 29 00:24:36 UTC 2026][INFO] [Action] E SplitContainer - 156180
[Sat Aug 29 00:24:41 UTC 2026][INFO] [Action] E UpdateStyle - (c,156175,1),34:320:3,(r,156175,156175),F
[Sat Aug 29 00:24:46 UTC 2026][INFO] [Action] E AddTextContainer - (c,156180,1),1,0,0
[Sat Aug 29 00:24:46 UTC 2026][INFO] [Action] E AddTextContainer - (c,156181,1),1,0,0
[Sat Aug 29 00:24:47 UTC 2026][INFO] [Action] E AddTextContainer - (c,156182,1),1,0,0
[Sat Aug 29 00:24:52 UTC 2026][INFO] [Action] E MergeContainer - 156203,1
[Sat Aug 29 00:24:55 UTC 2026][INFO] [Action] U MergeContainer
[Sat Aug 29 00:25:02 UTC 2026][INFO] [Action] E SplitContainer - 156264
[Sat Aug 29 00:25:05 UTC 2026][INFO] [Action] E AddTextContainer - (c,156263,2),0,0,0
[Sat Aug 29 00:25:12 UTC 2026][INFO] [Action] E AddTextContainer - (c,157124,2),0,0,0
[Sat Aug 29 00:25:25 UTC 2026][INFO] [Action] E UpdateStyle - (c,157071,1),34:59:3,(r,157071,157071),F
[Sat Aug 29 00:25:28 UTC 2026][INFO] [Action] E MergeContainer - 157125,1
[Sat Aug 29 00:25:39 UTC 2026][INFO] [Action] E AddTextContainer - (c,162957,2),0,0,0
[Sat Aug 29 00:25:41 UTC 2026][INFO] [Action] E AddTextContainer - (c,163005,2),0,0,0
[Sat Aug 29 00:25:49 UTC 2026][INFO] [Action] E AddTextContainer - (c,164995,2),0,0,0
[Sat Aug 29 00:25:56 UTC 2026][INFO] [Action] E AddTextContainer - (c,164957,1),1,0,0
[Sat Aug 29 00:25:57 UTC 2026][INFO] [Action] E AddTextContainer - (c,164958,1),1,0,0
[Sat Aug 29 00:25:57 UTC 2026][INFO] [Action] E AddTextContainer - (c,164959,1),1,0,0
[Sat Aug 29 00:25:58 UTC 2026][INFO] [Action] E AddTextContainer - (c,164960,1),1,0,0
[Sat Aug 29 00:26:03 UTC 2026][INFO] [Action] E MergeContainer - 164961,1
[Sat Aug 29 00:26:04 UTC 2026][INFO] [Action] E MergeContainer - 164960,1
[Sat Aug 29 00:26:04 UTC 2026][INFO] [Action] E MergeContainer - 164959,1
[Sat Aug 29 00:26:04 UTC 2026][INFO] [Action] E MergeContainer - 164958,1
[Sat Aug 29 00:26:06 UTC 2026][INFO] [Action] E AddTextContainer - (c,164957,1),1,0,0
[Sat Aug 29 00:26:08 UTC 2026][INFO] [Action] E MergeContainer - 164958,1
[Sat Aug 29 00:26:12 UTC 2026][INFO] [Action] E AddTextContainer - (c,164996,1),1,0,0
[Sat Aug 29 00:26:21 UTC 2026][INFO] [Action] E AddTextContainer - (c,165013,2),0,0,0
[Sat Aug 29 00:26:24 UTC 2026][INFO] [Action] E AddTextContainer - (c,165078,2),0,0,0
[Sat Aug 29 00:26:25 UTC 2026][INFO] [Action] E AddTextContainer - (c,165115,2),0,0,0
[Sat Aug 29 00:26:28 UTC 2026][INFO] [Action] E AddTextContainer - (c,165124,2),0,0,0
[Sat Aug 29 00:26:29 UTC 2026][INFO] [Action] E AddTextContainer - (c,165141,2),0,0,0
[Sat Aug 29 00:26:31 UTC 2026][INFO] [Action] E AddTextContainer - (c,165199,2),0,0,0
[Sat Aug 29 00:26:33 UTC 2026][INFO] [Action] E AddTextContainer - (c,165204,2),0,0,0
[Sat Aug 29 00:26:35 UTC 2026][INFO] [Action] E AddTextContainer - (c,165215,2),0,0,0
[Sat Aug 29 00:26:36 UTC 2026][INFO] [Action] E AddTextContainer - (c,165232,2),0,0,0
[Sat Aug 29 00:26:38 UTC 2026][INFO] [Action] E AddTextContainer - (c,165256,2),0,0,0
[Sat Aug 29 00:26:39 UTC 2026][INFO] [Action] E AddTextContainer - (c,165262,2),0,0,0
[Sat Aug 29 00:26:48 UTC 2026][INFO] [Action] E AddTextContainer - (c,165276,2),0,0,0
[Sat Aug 29 00:26:49 UTC 2026][INFO] [Action] E AddTextContainer - (c,165319,2),0,0,0
[Sat Aug 29 00:26:57 UTC 2026][INFO] [Action] E SplitContainer - 165368
[Sat Aug 29 00:26:58 UTC 2026][INFO] [Action] E SplitContainer - 165426
[Sat Aug 29 00:27:00 UTC 2026][INFO] [Action] E AddTextContainer - (c,165367,2),0,0,0
[Sat Aug 29 00:27:02 UTC 2026][INFO] [Action] E AddTextContainer - (c,165426,2),0,0,0
[Sat Aug 29 00:27:11 UTC 2026][INFO] [Action] E UpdateStyle - (r,165429,165805),34:320:3,(r,165429,165805),F
[Sat Aug 29 00:27:13 UTC 2026][INFO] [Action] E UpdateStyle - (r,165429,165805),34:59:3,(r,165429,165805),F
[Sat Aug 29 00:27:24 UTC 2026][INFO] [Action] E AddTextContainer - (c,170475,2),0,0,0
[Sat Aug 29 00:27:25 UTC 2026][INFO] [Action] E AddTextContainer - (c,170504,2),0,0,0
[Sat Aug 29 00:27:29 UTC 2026][INFO] [Action] E AddTextContainer - (c,170768,2),0,0,0
[Sat Aug 29 00:27:34 UTC 2026][INFO] [Action] E UpdateStyle - (r,170737,170768),16:14.000000:2,(r,170737,170768),F
[Sat Aug 29 00:27:49 UTC 2026][INFO] [Action] E AddTextContainer - (c,174664,2),0,0,0
[Sat Aug 29 00:27:51 UTC 2026][INFO] [Action] E SplitContainer - 174718
[Sat Aug 29 00:27:52 UTC 2026][INFO] [Action] E AddTextContainer - (c,174718,1),1,0,0
[Sat Aug 29 00:27:54 UTC 2026][INFO] [Action] E UpdateStyle - (c,174719,1),34:59:3,(r,174719,174719),F
[Sat Aug 29 00:27:55 UTC 2026][INFO] [Action] E UpdateStyle - (c,174719,1),34:59:3,(r,174719,174719),F
[Sat Aug 29 00:28:03 UTC 2026][INFO] [Action] E AddTextContainer - (c,177597,2),0,0,0
[Sat Aug 29 00:28:06 UTC 2026][INFO] [Action] E AddTextContainer - (c,177640,2),0,0,0
[Sat Aug 29 00:28:11 UTC 2026][INFO] [Action] E UpdateStyle - (r,177640,177640),34:320:3,(r,177640,177640),F
[Sat Aug 29 00:28:16 UTC 2026][INFO] [Action] E AddTextContainer - (c,178342,2),0,0,0
[Sat Aug 29 00:28:17 UTC 2026][INFO] [Action] E AddTextContainer - (c,178360,2),0,0,0
[Sat Aug 29 00:28:19 UTC 2026][INFO] [Action] E AddTextContainer - (c,178366,2),0,0,0
[Sat Aug 29 00:28:20 UTC 2026][INFO] [Action] E AddTextContainer - (c,178391,2),0,0,0
[Sat Aug 29 00:28:30 UTC 2026][INFO] [Action] E AddTextContainer - (c,178427,2),0,0,0
[Sat Aug 29 00:28:31 UTC 2026][INFO] [Action] E AddTextContainer - (c,178428,1),1,0,0
[Sat Aug 29 00:28:31 UTC 2026][INFO] [Action] E AddTextContainer - (c,178429,1),1,0,0
[Sat Aug 29 00:28:40 UTC 2026][INFO] [Action] E AddTextContainer - (c,178452,2),0,0,0
[Sat Aug 29 00:28:46 UTC 2026][INFO] [Action] E AddTextContainer - (c,178463,2),0,0,0
[Sat Aug 29 00:28:53 UTC 2026][INFO] [Action] E AddTextContainer - (c,178791,2),0,0,0
[Sat Aug 29 00:28:54 UTC 2026][INFO] [Action] E AddTextContainer - (c,178818,2),0,0,0
[Sat Aug 29 00:29:02 UTC 2026][INFO] [Action] E AddTextContainer - (c,179788,2),0,0,0
[Sat Aug 29 00:29:06 UTC 2026][INFO] [Action] E UpdateStyle - (r,179759,179788),16:14.000000:2,(r,179759,179788),F
[Sat Aug 29 00:29:09 UTC 2026][INFO] [Action] E InsertTextContent - (c,179759,1),[SPACE]
[Sat Aug 29 00:29:10 UTC 2026][INFO] [Action] E InsertTextContent - (c,179759,2),[SPACE]
[Sat Aug 29 00:29:10 UTC 2026][INFO] [Action] E InsertTextContent - (c,179760,2),[SPACE]
[Sat Aug 29 00:29:10 UTC 2026][INFO] [Action] E InsertTextContent - (c,179761,2),[SPACE]
[Sat Aug 29 00:29:10 UTC 2026][INFO] [Action] E InsertTextContent - (c,179762,2),[SPACE]
[Sat Aug 29 00:29:10 UTC 2026][INFO] [Action] E InsertTextContent - (c,179763,2),[SPACE]
[Sat Aug 29 00:29:11 UTC 2026][INFO] [Action] E InsertTextContent - (c,179764,2),[SPACE]
[Sat Aug 29 00:29:12 UTC 2026][INFO] [Action] E InsertTextContent - (c,179765,2),[SPACE]
[Sat Aug 29 00:29:26 UTC 2026][INFO] [Action] E AddTextContainer - (c,188675,2),0,0,0
[Sat Aug 29 00:29:28 UTC 2026][INFO] [Action] E SplitContainer - 188736
[Sat Aug 29 00:29:29 UTC 2026][INFO] [Action] E AddTextContainer - (c,188736,1),1,0,0
[Sat Aug 29 00:29:30 UTC 2026][INFO] [Action] E UpdateStyle - (c,188737,1),34:59:3,(r,188737,188737),F
[Sat Aug 29 00:29:52 UTC 2026][INFO] [Action] E InsertTextContent - (c,191198,2),[SPACE]
[Sat Aug 29 00:29:53 UTC 2026][INFO] [Action] E MergeContainer - 191199,0
[Sat Aug 29 00:29:57 UTC 2026][INFO] [Action] E AddTextContainer - (c,191215,2),0,0,0
[Sat Aug 29 00:30:02 UTC 2026][INFO] [Action] E AddTextContainer - (c,191171,2),0,0,0
[Sat Aug 29 00:30:20 UTC 2026][INFO] [Action] E MergeContainer - 191172,1
[Sat Aug 29 00:30:21 UTC 2026][INFO] [Action] E MergeContainer - 191216,1
[Sat Aug 29 00:30:26 UTC 2026][INFO] [Action] E UpdateStyle - (c,191172,1),34:59:3,(r,191172,191172),F
[Sat Aug 29 00:30:56 UTC 2026][INFO] [Action] E AddTextContainer - (c,196223,2),0,0,0
[Sat Aug 29 00:30:58 UTC 2026][INFO] [Action] E AddTextContainer - (c,196242,2),0,0,0
[Sat Aug 29 00:31:03 UTC 2026][INFO] [Action] E AddTextContainer - (c,197281,2),0,0,0
[Sat Aug 29 00:31:06 UTC 2026][INFO] [Action] E UpdateStyle - (c,197281,2),34:320:3,(r,197281,197281),F
[Sat Aug 29 00:31:08 UTC 2026][INFO] [Action] E InsertTextContent - (c,197243,1),[SPACE]
[Sat Aug 29 00:31:08 UTC 2026][INFO] [Action] E InsertTextContent - (c,197243,2),[SPACE]
[Sat Aug 29 00:31:08 UTC 2026][INFO] [Action] E InsertTextContent - (c,197244,2),[SPACE]
[Sat Aug 29 00:31:09 UTC 2026][INFO] [Action] E InsertTextContent - (c,197245,2),[SPACE]
[Sat Aug 29 00:31:09 UTC 2026][INFO] [Action] E InsertTextContent - (c,197246,2),[SPACE]
[Sat Aug 29 00:31:13 UTC 2026][INFO] [Action] E UpdateStyle - (r,197243,197286),16:14.000000:2,(r,197243,197286),F
[Sat Aug 29 00:31:18 UTC 2026][INFO] [Action] E AddTextContainer - (c,197257,2),0,0,0
[Sat Aug 29 00:31:43 UTC 2026][INFO] [Action] E AddTextContainer - (c,208998,2),0,0,0
[Sat Aug 29 00:31:51 UTC 2026][INFO] [Action] E UpdateStyle - (r,208969,208998),34:320:3,(r,208969,208998),F
[Sat Aug 29 00:31:53 UTC 2026][INFO] [Action] E InsertTextContent - (c,208969,1),[SPACE]
[Sat Aug 29 00:31:53 UTC 2026][INFO] [Action] E InsertTextContent - (c,208969,2),[SPACE]
[Sat Aug 29 00:31:54 UTC 2026][INFO] [Action] E InsertTextContent - (c,208970,2),[SPACE]
[Sat Aug 29 00:31:54 UTC 2026][INFO] [Action] E InsertTextContent - (c,208971,2),[SPACE]
[Sat Aug 29 00:31:54 UTC 2026][INFO] [Action] E InsertTextContent - (c,208972,2),[SPACE]
[Sat Aug 29 00:31:54 UTC 2026][INFO] [Action] E InsertTextContent - (c,208973,2),[SPACE]
[Sat Aug 29 00:31:56 UTC 2026][INFO] [Action] E InsertTextContent - (c,208974,2),[SPACE]
[Sat Aug 29 00:32:00 UTC 2026][INFO] [Action] E AddTextContainer - (c,208985,2),0,0,0
[Sat Aug 29 00:32:13 UTC 2026][INFO] [Action] E AddTextContainer - (c,212120,2),0,0,0
[Sat Aug 29 00:32:15 UTC 2026][INFO] [Action] E AddTextContainer - (c,212126,2),0,0,0
[Sat Aug 29 00:32:29 UTC 2026][INFO] [Action] E UpdateStyle - (r,212277,212340),34:59:3,(r,212277,212340),F
[Sat Aug 29 00:32:50 UTC 2026][INFO] [Action] E UpdateStyle - (c,215630,1),34:59:3,(r,215630,215630),F
[Sat Aug 29 00:32:57 UTC 2026][INFO] [Action] E AddTextContainer - (c,216734,2),0,0,0
[Sat Aug 29 00:32:58 UTC 2026][INFO] [Action] E AddTextContainer - (c,216701,2),0,0,0
[Sat Aug 29 00:33:02 UTC 2026][INFO] [Action] E UpdateStyle - (r,216692,216735),16:14.000000:2,(r,216692,216735),F
[Sat Aug 29 00:33:08 UTC 2026][INFO] [Action] E MergeContainer - 216702,1
[Sat Aug 29 00:33:16 UTC 2026][INFO] [Action] E InsertTextContent - (c,216692,1),[SPACE]
[Sat Aug 29 00:33:16 UTC 2026][INFO] [Action] E InsertTextContent - (c,216692,2),[SPACE]
[Sat Aug 29 00:33:16 UTC 2026][INFO] [Action] E InsertTextContent - (c,216693,2),[SPACE]
[Sat Aug 29 00:33:17 UTC 2026][INFO] [Action] E InsertTextContent - (c,216694,2),[SPACE]
[Sat Aug 29 00:33:17 UTC 2026][INFO] [Action] E InsertTextContent - (c,216695,2),[SPACE]
[Sat Aug 29 00:33:17 UTC 2026][INFO] [Action] E InsertTextContent - (c,216696,2),[SPACE]
[Sat Aug 29 00:33:17 UTC 2026][INFO] [Action] E InsertTextContent - (c,216697,2),[SPACE]
[Sat Aug 29 00:33:17 UTC 2026][INFO] [Action] E InsertTextContent - (c,216698,2),[SPACE]
[Sat Aug 29 00:33:17 UTC 2026][INFO] [Action] E InsertTextContent - (c,216699,2),[SPACE]
[Sat Aug 29 00:33:57 UTC 2026][INFO] [Action] E UpdateStyle - (r,223330,223420),34:59:3,(r,223330,223420),F
[Sat Aug 29 00:34:06 UTC 2026][INFO] [Action] E UpdateStyle - (r,221159,222661),34:59:3,(r,221159,222661),F
[Sat Aug 29 00:34:17 UTC 2026][INFO] [Action] E UpdateStyle - (r,218809,219976),34:59:3,(r,218809,219976),F
[Sat Aug 29 00:34:19 UTC 2026][INFO] [Action] E UpdateStyle - (r,218809,219976),34:59:3,(r,218809,219976),F
[Sat Aug 29 00:34:26 UTC 2026][INFO] [Action] E AddTextContainer - (c,224260,2),0,0,0
[Sat Aug 29 00:34:28 UTC 2026][INFO] [Action] E AddTextContainer - (c,224275,2),0,0,0
[Sat Aug 29 00:34:35 UTC 2026][INFO] [Action] E AddTextContainer - (c,224317,2),0,0,0
[Sat Aug 29 00:34:44 UTC 2026][INFO] [Action] E AddTextContainer - (c,224420,2),0,0,0
[Sat Aug 29 00:34:46 UTC 2026][INFO] [Action] E AddTextContainer - (c,224421,1),1,0,0
[Sat Aug 29 00:34:48 UTC 2026][INFO] [Action] E MergeContainer - 224422,1
[Sat Aug 29 00:34:49 UTC 2026][INFO] [Action] E InsertTextContent - (c,224425,2),[\]
[Sat Aug 29 00:34:50 UTC 2026][INFO] [Action] E DeleteContent - (c,224426,2),B
[Sat Aug 29 00:34:50 UTC 2026][INFO] [Action] E AddTextContainer - (c,224425,2),0,0,0
[Sat Aug 29 00:34:54 UTC 2026][INFO] [Action] E AddTextContainer - (c,224571,2),0,0,0
[Sat Aug 29 00:34:55 UTC 2026][INFO] [Action] E AddTextContainer - (c,224576,2),0,0,0
[Sat Aug 29 00:34:58 UTC 2026][INFO] [Action] E AddTextContainer - (c,224672,2),0,0,0
[Sat Aug 29 00:34:59 UTC 2026][INFO] [Action] E AddTextContainer - (c,224704,2),0,0,0
[Sat Aug 29 00:35:09 UTC 2026][INFO] [Action] E UpdateStyle - (r,224706,224855),34:59:3,(r,224706,224855),F
[Sat Aug 29 00:35:17 UTC 2026][INFO] [Action] E UpdateStyle - (r,224578,224672),34:59:3,(r,224578,224672),F
[Sat Aug 29 00:35:30 UTC 2026][INFO] [Action] E UpdateStyle - (r,224919,224941),34:59:3,(r,224919,224941),F
[Sat Aug 29 00:35:33 UTC 2026][INFO] [Action] E AddTextContainer - (c,224990,2),0,0,0
[Sat Aug 29 00:35:36 UTC 2026][INFO] [Action] E AddTextContainer - (c,225063,2),0,0,0
[Sat Aug 29 00:35:47 UTC 2026][INFO] [Action] E UpdateStyle - (r,225065,225718),34:59:3,(r,225065,225718),F
[Sat Aug 29 00:35:55 UTC 2026][INFO] [Action] E MergeContainer - 224276,1
[Sat Aug 29 00:35:56 UTC 2026][INFO] [Action] E AddTextContainer - (c,224275,2),0,0,0
[Sat Aug 29 00:36:03 UTC 2026][INFO] [Action] E UpdateStyle - (r,224341,224418),34:59:3,(r,224341,224418),F
[Sat Aug 29 00:36:09 UTC 2026][INFO] [Action] U UpdateStyle
[Sat Aug 29 00:36:26 UTC 2026][INFO] [Action] E UpdateStyle - (c,225900,2),34:59:3,(r,225900,225900),F
[Sat Aug 29 00:36:37 UTC 2026][INFO] [Action] E AddTextContainer - (c,225844,2),0,0,0
[Sat Aug 29 00:36:38 UTC 2026][INFO] [Action] E AddTextContainer - (c,225850,2),0,0,0
[Sat Aug 29 00:36:39 UTC 2026][INFO] [Action] E AddTextContainer - (c,225885,2),0,0,0
[Sat Aug 29 00:36:40 UTC 2026][INFO] [Action] E AddTextContainer - (c,225898,2),0,0,0
[Sat Aug 29 00:36:42 UTC 2026][INFO] [Action] E AddTextContainer - (c,225904,2),0,0,0
[Sat Aug 29 00:36:43 UTC 2026][INFO] [Action] E AddTextContainer - (c,225923,2),0,0,0
[Sat Aug 29 00:36:52 UTC 2026][INFO] [Action] E AddTextContainer - (c,227594,2),0,0,0
[Sat Aug 29 00:36:56 UTC 2026][INFO] [Action] E UpdateStyle - (r,227550,227594),16:14.000000:2,(r,227550,227594),F
[Sat Aug 29 00:36:59 UTC 2026][INFO] [Action] E InsertTextContent - (c,227550,1),[SPACE]
[Sat Aug 29 00:37:00 UTC 2026][INFO] [Action] E InsertTextContent - (c,227550,2),[SPACE]
[Sat Aug 29 00:37:00 UTC 2026][INFO] [Action] E InsertTextContent - (c,227551,2),[SPACE]
[Sat Aug 29 00:37:01 UTC 2026][INFO] [Action] E InsertTextContent - (c,227552,2),[SPACE]
[Sat Aug 29 00:37:09 UTC 2026][INFO] [Action] E AddTextContainer - (c,228641,2),0,0,0
[Sat Aug 29 00:37:10 UTC 2026][INFO] [Action] E AddTextContainer - (c,228652,2),0,0,0
[Sat Aug 29 00:37:22 UTC 2026][INFO] [Action] E AddTextContainer - (c,235944,2),0,0,0
[Sat Aug 29 00:37:23 UTC 2026][INFO] [Action] E AddTextContainer - (c,235960,2),0,0,0
[Sat Aug 29 00:37:32 UTC 2026][INFO] [Action] E AddTextContainer - (c,240915,2),0,0,0
[Sat Aug 29 00:37:37 UTC 2026][INFO] [Action] E UpdateStyle - (r,240861,240915),16:14.000000:2,(r,240861,240915),F
[Sat Aug 29 00:37:42 UTC 2026][INFO] [Action] E InsertTextContent - (c,240861,1),[SPACE]
[Sat Aug 29 00:37:42 UTC 2026][INFO] [Action] E InsertTextContent - (c,240861,2),[SPACE]
[Sat Aug 29 00:37:42 UTC 2026][INFO] [Action] E InsertTextContent - (c,240862,2),[SPACE]
[Sat Aug 29 00:37:42 UTC 2026][INFO] [Action] E InsertTextContent - (c,240863,2),[SPACE]
[Sat Aug 29 00:37:44 UTC 2026][INFO] [Action] E InsertTextContent - (c,240864,2),[SPACE]
[Sat Aug 29 00:37:52 UTC 2026][INFO] [Action] E AddTextContainer - (c,243411,2),0,0,0
[Sat Aug 29 00:37:53 UTC 2026][INFO] [Action] E AddTextContainer - (c,243457,2),0,0,0
[Sat Aug 29 00:38:05 UTC 2026][INFO] [Action] E UpdateStyle - (r,242555,243411),34:59:3,(r,242555,243411),F
[Sat Aug 29 00:38:15 UTC 2026][INFO] [Action] E UpdateStyle - (r,243487,244455),34:59:3,(r,243487,244455),F
[Sat Aug 29 00:38:23 UTC 2026][INFO] [Action] E UpdateStyle - (r,244459,245182),34:59:3,(r,244459,245182),F
[Sat Aug 29 00:38:28 UTC 2026][INFO] [Action] E AddTextContainer - (c,245303,2),0,0,0
[Sat Aug 29 00:38:29 UTC 2026][INFO] [Action] E AddTextContainer - (c,245319,2),0,0,0
[Sat Aug 29 00:38:35 UTC 2026][INFO] [Action] E UpdateStyle - (r,245185,245280),34:59:3,(r,245185,245280),F
[Sat Aug 29 00:38:39 UTC 2026][INFO] [Action] E UpdateStyle - (r,245324,245861),34:59:3,(r,245324,245861),F
[Sat Aug 29 00:38:49 UTC 2026][INFO] [Action] E UpdateStyle - (r,245863,246700),34:59:3,(r,245863,246700),F
[Sat Aug 29 00:38:55 UTC 2026][INFO] [Action] E AddTextContainer - (c,247095,2),0,0,0
[Sat Aug 29 00:38:56 UTC 2026][INFO] [Action] E AddTextContainer - (c,247110,2),0,0,0
[Sat Aug 29 00:38:58 UTC 2026][INFO] [Action] E AddTextContainer - (c,247116,2),0,0,0
[Sat Aug 29 00:38:59 UTC 2026][INFO] [Action] E AddTextContainer - (c,247139,2),0,0,0
[Sat Aug 29 00:39:02 UTC 2026][INFO] [Action] E AddTextContainer - (c,247145,2),0,0,0
[Sat Aug 29 00:39:08 UTC 2026][INFO] [Action] E MergeContainer - 247140,1
[Sat Aug 29 00:39:09 UTC 2026][INFO] [Action] E MergeContainer - 247117,1
[Sat Aug 29 00:39:14 UTC 2026][INFO] [Action] E DeleteContent - (r,247097,247112),B
[Sat Aug 29 00:39:16 UTC 2026][INFO] [Action] U DeleteContent
[Sat Aug 29 00:39:18 UTC 2026][INFO] [Action] E MergeContainer - 247111,1
[Sat Aug 29 00:39:24 UTC 2026][INFO] [Action] E AddTextContainer - (c,247167,2),0,0,0
[Sat Aug 29 00:39:25 UTC 2026][INFO] [Action] E AddTextContainer - (c,247168,1),1,0,0
[Sat Aug 29 00:39:47 UTC 2026][INFO] [Action] E AddTextContainer - (c,254675,2),0,0,0
[Sat Aug 29 00:39:48 UTC 2026][INFO] [Action] E AddTextContainer - (c,254699,2),0,0,0
[Sat Aug 29 00:39:52 UTC 2026][INFO] [Action] E AddTextContainer - (c,254779,2),0,0,0
[Sat Aug 29 00:39:54 UTC 2026][INFO] [Action] E AddTextContainer - (c,254803,2),0,0,0
[Sat Aug 29 00:39:55 UTC 2026][INFO] [Action] E AddTextContainer - (c,254886,2),0,0,0
[Sat Aug 29 00:39:56 UTC 2026][INFO] [Action] E AddTextContainer - (c,254909,2),0,0,0
[Sat Aug 29 00:40:05 UTC 2026][INFO] [Action] E AddTextContainer - (c,258415,2),0,0,0
[Sat Aug 29 00:40:10 UTC 2026][INFO] [Action] E UpdateStyle - (r,258375,258415),16:14.000000:2,(r,258375,258415),F
[Sat Aug 29 00:40:13 UTC 2026][INFO] [Action] E InsertTextContent - (c,258375,1),[SPACE]
[Sat Aug 29 00:40:13 UTC 2026][INFO] [Action] E InsertTextContent - (c,258375,2),[SPACE]
[Sat Aug 29 00:40:13 UTC 2026][INFO] [Action] E InsertTextContent - (c,258376,2),[SPACE]
[Sat Aug 29 00:40:13 UTC 2026][INFO] [Action] E InsertTextContent - (c,258377,2),[SPACE]
[Sat Aug 29 00:40:13 UTC 2026][INFO] [Action] E InsertTextContent - (c,258378,2),[SPACE]
[Sat Aug 29 00:40:23 UTC 2026][INFO] [Action] E AddTextContainer - (c,259504,2),0,0,0
[Sat Aug 29 00:40:25 UTC 2026][INFO] [Action] E AddTextContainer - (c,259540,2),0,0,0
[Sat Aug 29 00:40:26 UTC 2026][INFO] [Action] E AddTextContainer - (c,259557,2),0,0,0
[Sat Aug 29 00:40:27 UTC 2026][INFO] [Action] E AddTextContainer - (c,259602,2),0,0,0
[Sat Aug 29 00:41:11 UTC 2026][INFO] [Action] E InsertTextContent - (c,271352,2),[\]
[Sat Aug 29 00:41:11 UTC 2026][INFO] [Action] E AddTextContainer - (c,271353,2),0,0,0
[Sat Aug 29 00:41:13 UTC 2026][INFO] [Action] E MergeContainer - 271354,1
[Sat Aug 29 00:41:13 UTC 2026][INFO] [Action] E DeleteContent - (c,271353,2),B
[Sat Aug 29 00:41:14 UTC 2026][INFO] [Action] E AddTextContainer - (c,271352,2),0,0,0
[Sat Aug 29 00:41:19 UTC 2026][INFO] [Action] E UpdateStyle - (r,271345,271352),16:20.000000:2,(r,271345,271352),F
[Sat Aug 29 00:41:22 UTC 2026][INFO] [Action] E UpdateStyle - (r,271345,271352),16:18.000000:2,(r,271345,271352),F
[Sat Aug 29 00:41:26 UTC 2026][INFO] [Action] E UpdateStyle - (r,271345,271352),16:20.000000:2,(r,271345,271352),F
[Sat Aug 29 00:41:27 UTC 2026][INFO] [Action] E UpdateStyle - (r,271345,271352),16:18.000000:2,(r,271345,271352),F
[Sat Aug 29 00:41:51 UTC 2026][INFO] [Action] E AddTextContainer - (c,274695,2),0,0,0
[Sat Aug 29 00:41:53 UTC 2026][INFO] [Action] E AddTextContainer - (c,274730,2),0,0,0
[Sat Aug 29 00:41:54 UTC 2026][INFO] [Action] E AddTextContainer - (c,274769,2),0,0,0
[Sat Aug 29 00:41:56 UTC 2026][INFO] [Action] E AddTextContainer - (c,274800,2),0,0,0
[Sat Aug 29 00:42:03 UTC 2026][INFO] [Action] E AddTextContainer - (c,274958,2),0,0,0
[Sat Aug 29 00:42:04 UTC 2026][INFO] [Action] E AddTextContainer - (c,275013,2),0,0,0
[Sat Aug 29 00:42:10 UTC 2026][INFO] [Action] E SplitContainer - 275184
[Sat Aug 29 00:42:12 UTC 2026][INFO] [Action] E AddTextContainer - (c,275183,2),0,0,0
[Sat Aug 29 00:42:14 UTC 2026][INFO] [Action] E AddTextContainer - (c,275236,2),0,0,0
[Sat Aug 29 00:42:23 UTC 2026][INFO] [Action] E AddTextContainer - (c,275511,2),0,0,0
[Sat Aug 29 00:42:33 UTC 2026][INFO] [Action] E UpdateStyle - (r,275187,275236),34:320:3,(r,275187,275236),F
[Sat Aug 29 00:42:41 UTC 2026][INFO] [Action] E UpdateStyle - (r,274960,275013),34:320:3,(r,274960,275013),F
[Sat Aug 29 00:42:47 UTC 2026][INFO] [Action] E InsertTextContent - (c,274987,1),[SPACE]
[Sat Aug 29 00:42:51 UTC 2026][INFO] [Action] E DeleteContent - (r,274988,274988),F
[Sat Aug 29 00:42:56 UTC 2026][INFO] [Action] U DeleteContent
[Sat Aug 29 00:42:59 UTC 2026][INFO] [Action] E SplitContainer - 274988
[Sat Aug 29 00:43:16 UTC 2026][INFO] [Action] E UpdateStyle - (r,274986,275014),47:0.250000:2,(r,274986,275014),F
[Sat Aug 29 00:43:17 UTC 2026][INFO] [Action] E UpdateStyle - (r,274986,275014),47:0.000000:2,(r,274986,275014),F
[Sat Aug 29 00:43:26 UTC 2026][INFO] [Action] E UpdateStyle - (r,274986,275014),49:0.000000:2,(r,274986,275014),F
[Sat Aug 29 00:43:44 UTC 2026][INFO] [Action] E UpdateStyle - (c,275015,1),42:1.250000:2,(r,275016,275016),F
[Sat Aug 29 00:43:53 UTC 2026][INFO] [Action] E DeleteContent - (r,275032,275032),F
[Sat Aug 29 00:43:56 UTC 2026][INFO] [Action] U DeleteContent
[Sat Aug 29 00:43:59 UTC 2026][INFO] [Action] E MergeContainer - 275015,1
[Sat Aug 29 00:44:07 UTC 2026][INFO] [Action] E UpdateStyle - (r,275012,275060),47:0.250000:2,(r,275012,275060),F
[Sat Aug 29 00:44:09 UTC 2026][INFO] [Action] E UpdateStyle - (r,275012,275060),47:0.000000:2,(r,275012,275060),F
[Sat Aug 29 00:44:11 UTC 2026][INFO] [Action] E UpdateStyle - (r,275012,275060),49:0.250000:2,(r,275012,275060),F
[Sat Aug 29 00:44:11 UTC 2026][INFO] [Action] E UpdateStyle - (r,275012,275060),49:0.500000:2,(r,275012,275060),F
[Sat Aug 29 00:44:12 UTC 2026][INFO] [Action] E UpdateStyle - (r,275012,275060),49:0.750000:2,(r,275012,275060),F
[Sat Aug 29 00:44:14 UTC 2026][INFO] [Action] E UpdateStyle - (r,275012,275060),49:0.500000:2,(r,275012,275060),F
[Sat Aug 29 00:44:19 UTC 2026][INFO] [Action] E MergeContainer - 275184,1
[Sat Aug 29 00:44:21 UTC 2026][INFO] [Action] E MergeContainer - 275236,1
[Sat Aug 29 00:44:23 UTC 2026][INFO] [Action] E MergeContainer - 275510,1
[Sat Aug 29 00:44:29 UTC 2026][INFO] [Action] E UpdateStyle - (r,275183,275191),49:0.500000:2,(r,275183,275191),F
[Sat Aug 29 00:44:30 UTC 2026][INFO] [Action] E UpdateStyle - (r,275183,275191),49:0.750000:2,(r,275183,275191),F
[Sat Aug 29 00:44:37 UTC 2026][INFO] [Action] E UpdateStyle - (r,275233,275269),49:0.250000:2,(r,275233,275269),F
[Sat Aug 29 00:44:39 UTC 2026][INFO] [Action] E UpdateStyle - (r,275233,275269),49:0.500000:2,(r,275233,275269),F
[Sat Aug 29 00:44:40 UTC 2026][INFO] [Action] E UpdateStyle - (r,275233,275269),49:0.750000:2,(r,275233,275269),F
[Sat Aug 29 00:44:49 UTC 2026][INFO] [Action] E UpdateStyle - (r,275509,275519),49:0.250000:2,(r,275509,275519),F
[Sat Aug 29 00:44:49 UTC 2026][INFO] [Action] E UpdateStyle - (r,275509,275519),49:0.500000:2,(r,275509,275519),F
[Sat Aug 29 00:44:52 UTC 2026][INFO] [Action] E AddTextContainer - (c,275519,2),0,0,0
[Sat Aug 29 00:45:00 UTC 2026][INFO] [Action] E MergeContainer - 274696,1
[Sat Aug 29 00:45:01 UTC 2026][INFO] [Action] E MergeContainer - 274730,1
[Sat Aug 29 00:45:02 UTC 2026][INFO] [Action] E MergeContainer - 274768,1
[Sat Aug 29 00:45:03 UTC 2026][INFO] [Action] E MergeContainer - 274798,1
[Sat Aug 29 00:45:07 UTC 2026][INFO] [Action] E UpdateStyle - (r,274695,274711),49:0.250000:2,(r,274695,274711),F
[Sat Aug 29 00:45:12 UTC 2026][INFO] [Action] E UpdateStyle - (c,274729,2),49:0.500000:2,(r,274729,274729),F
[Sat Aug 29 00:45:13 UTC 2026][INFO] [Action] E UpdateStyle - (c,274729,2),49:0.750000:2,(r,274729,274729),F
[Sat Aug 29 00:45:18 UTC 2026][INFO] [Action] E UpdateStyle - (c,274767,2),49:0.250000:2,(r,274767,274767),F
[Sat Aug 29 00:45:24 UTC 2026][INFO] [Action] E UpdateStyle - (c,274797,2),49:0.250000:2,(r,274797,274797),F
[Sat Aug 29 00:45:25 UTC 2026][INFO] [Action] E UpdateStyle - (c,274797,2),49:0.500000:2,(r,274797,274797),F
[Sat Aug 29 00:45:29 UTC 2026][INFO] [Action] E UpdateStyle - (c,274797,2),49:0.000000:2,(r,274797,274797),F
[Sat Aug 29 00:45:33 UTC 2026][INFO] [Action] E UpdateStyle - (c,274797,2),49:2.500000:2,(r,274797,274797),F
[Sat Aug 29 00:45:34 UTC 2026][INFO] [Action] E UpdateStyle - (c,274797,2),49:0.000000:2,(r,274797,274797),F
[Sat Aug 29 00:45:36 UTC 2026][INFO] [Action] E UpdateStyle - (c,274797,2),49:0.250000:2,(r,274797,274797),F
[Sat Aug 29 00:45:37 UTC 2026][INFO] [Action] E UpdateStyle - (c,274797,2),49:0.500000:2,(r,274797,274797),F
[Sat Aug 29 00:45:53 UTC 2026][INFO] [Action] E MergeContainer - 274955,0
[Sat Aug 29 00:46:05 UTC 2026][INFO] [Action] E UpdateStyle - (c,274954,2),49:0.250000:2,(r,274954,274954),F
[Sat Aug 29 00:46:05 UTC 2026][INFO] [Action] E UpdateStyle - (c,274954,2),49:0.500000:2,(r,274954,274954),F
[Sat Aug 29 00:46:05 UTC 2026][INFO] [Action] E UpdateStyle - (c,274954,2),49:0.750000:2,(r,274954,274954),F
[Sat Aug 29 00:46:16 UTC 2026][INFO] [Action] E MergeContainer - 275515,1
[Sat Aug 29 00:46:20 UTC 2026][INFO] [Action] E UpdateStyle - (c,275514,2),34:320:3,(r,275514,275514),F
[Sat Aug 29 00:46:25 UTC 2026][INFO] [Action] E UpdateStyle - (c,275514,2),49:0.750000:2,(r,275514,275514),F
[Sat Aug 29 00:46:26 UTC 2026][INFO] [Action] E UpdateStyle - (c,275514,2),49:1.000000:2,(r,275514,275514),F
[Sat Aug 29 00:46:31 UTC 2026][INFO] [Action] E UpdateStyle - (c,275504,2),49:0.750000:2,(r,275504,275504),F
[Sat Aug 29 00:46:51 UTC 2026][INFO] [Action] E InsertTextContent - (c,276593,1),[\]
[Sat Aug 29 00:46:53 UTC 2026][INFO] [Action] E DeleteContent - (c,276593,2),B
[Sat Aug 29 00:46:58 UTC 2026][INFO] [Action] E SplitContainer - 276593
[Sat Aug 29 00:47:03 UTC 2026][INFO] [Action] E UpdateStyle - (c,276592,2),34:320:3,(r,276592,276592),F
[Sat Aug 29 00:47:05 UTC 2026][INFO] [Action] E UpdateStyle - (c,276592,2),34:59:3,(r,276592,276592),F
[Sat Aug 29 00:47:08 UTC 2026][INFO] [Action] E UpdateStyle - (c,276592,2),49:0.500000:2,(r,276592,276592),F
[Sat Aug 29 00:47:09 UTC 2026][INFO] [Action] E UpdateStyle - (c,276592,2),49:0.750000:2,(r,276592,276592),F
[Sat Aug 29 00:47:10 UTC 2026][INFO] [Action] E UpdateStyle - (c,276592,2),49:1.000000:2,(r,276592,276592),F
[Sat Aug 29 00:47:14 UTC 2026][INFO] [Action] E UpdateStyle - (r,276610,276619),34:320:3,(r,276610,276619),F
[Sat Aug 29 00:47:26 UTC 2026][INFO] [Action] E AddTextContainer - (c,277109,2),0,0,0
[Sat Aug 29 00:47:31 UTC 2026][INFO] [Action] E UpdateStyle - (r,277076,277109),16:16.000000:2,(r,277076,277109),F
[Sat Aug 29 00:47:40 UTC 2026][INFO] [Action] E DeleteContent - (c,277085,2),B
[Sat Aug 29 00:47:43 UTC 2026][INFO] [Action] E SplitContainer - 277086
[Sat Aug 29 00:47:44 UTC 2026][INFO] [Action] E AddTextContainer - (c,277086,1),1,0,0
[Sat Aug 29 00:47:51 UTC 2026][INFO] [Action] E AddTextContainer - (c,277172,2),0,0,0
[Sat Aug 29 00:48:01 UTC 2026][INFO] [Action] E UpdateStyle - (c,278723,2),49:0.500000:2,(r,278723,278723),F
[Sat Aug 29 00:48:01 UTC 2026][INFO] [Action] E UpdateStyle - (c,278723,2),49:0.750000:2,(r,278723,278723),F
[Sat Aug 29 00:48:01 UTC 2026][INFO] [Action] E UpdateStyle - (c,278723,2),49:1.000000:2,(r,278723,278723),F
[Sat Aug 29 00:48:12 UTC 2026][INFO] [Action] E AddTextContainer - (c,280709,2),0,0,0
[Sat Aug 29 00:48:20 UTC 2026][INFO] [Action] E DeleteContent - (r,280669,280670),F
[Sat Aug 29 00:48:22 UTC 2026][INFO] [Action] E SplitContainer - 280669
[Sat Aug 29 00:48:30 UTC 2026][INFO] [Action] E UpdateStyle - (r,280666,280707),16:10.000000:2,(r,280666,280707),F
[Sat Aug 29 00:48:33 UTC 2026][INFO] [Action] E UpdateStyle - (r,280666,280707),16:14.000000:2,(r,280666,280707),F
[Sat Aug 29 00:48:37 UTC 2026][INFO] [Action] E MergeContainer - 280669,1
[Sat Aug 29 00:48:44 UTC 2026][INFO] [Action] E InsertTextContent - (c,280668,2),[SPACE]
[Sat Aug 29 00:48:45 UTC 2026][INFO] [Action] E InsertTextContent - (c,280669,2),[SPACE]
[Sat Aug 29 00:48:45 UTC 2026][INFO] [Action] E InsertTextContent - (c,280670,2),[SPACE]
[Sat Aug 29 00:48:45 UTC 2026][INFO] [Action] E InsertTextContent - (c,280671,2),[SPACE]
[Sat Aug 29 00:48:45 UTC 2026][INFO] [Action] E InsertTextContent - (c,280672,2),[SPACE]
[Sat Aug 29 00:48:45 UTC 2026][INFO] [Action] E InsertTextContent - (c,280673,2),[SPACE]
[Sat Aug 29 00:48:45 UTC 2026][INFO] [Action] E InsertTextContent - (c,280674,2),[SPACE]
[Sat Aug 29 00:48:45 UTC 2026][INFO] [Action] E InsertTextContent - (c,280675,2),[SPACE]
[Sat Aug 29 00:48:45 UTC 2026][INFO] [Action] E InsertTextContent - (c,280676,2),[SPACE]
[Sat Aug 29 00:48:45 UTC 2026][INFO] [Action] E InsertTextContent - (c,280677,2),[SPACE]
[Sat Aug 29 00:48:45 UTC 2026][INFO] [Action] E InsertTextContent - (c,280678,2),[SPACE]
[Sat Aug 29 00:48:45 UTC 2026][INFO] [Action] E InsertTextContent - (c,280679,2),[SPACE]
[Sat Aug 29 00:48:46 UTC 2026][INFO] [Action] E InsertTextContent - (c,280680,2),[SPACE]
[Sat Aug 29 00:48:46 UTC 2026][INFO] [Action] E InsertTextContent - (c,280681,2),[SPACE]
[Sat Aug 29 00:48:46 UTC 2026][INFO] [Action] E InsertTextContent - (c,280682,2),[SPACE]
[Sat Aug 29 00:48:46 UTC 2026][INFO] [Action] E InsertTextContent - (c,280683,2),[SPACE]
[Sat Aug 29 00:48:46 UTC 2026][INFO] [Action] E InsertTextContent - (c,280684,2),[SPACE]
[Sat Aug 29 00:48:46 UTC 2026][INFO] [Action] E InsertTextContent - (c,280685,2),[SPACE]
[Sat Aug 29 00:48:46 UTC 2026][INFO] [Action] E InsertTextContent - (c,280686,2),[SPACE]
[Sat Aug 29 00:48:46 UTC 2026][INFO] [Action] E InsertTextContent - (c,280687,2),[SPACE]
[Sat Aug 29 00:48:46 UTC 2026][INFO] [Action] E InsertTextContent - (c,280688,2),[SPACE]
[Sat Aug 29 00:48:46 UTC 2026][INFO] [Action] E InsertTextContent - (c,280689,2),[SPACE]
[Sat Aug 29 00:48:46 UTC 2026][INFO] [Action] E InsertTextContent - (c,280690,2),[SPACE]
[Sat Aug 29 00:48:46 UTC 2026][INFO] [Action] E InsertTextContent - (c,280691,2),[SPACE]
[Sat Aug 29 00:48:47 UTC 2026][INFO] [Action] E InsertTextContent - (c,280692,2),[SPACE]
[Sat Aug 29 00:48:47 UTC 2026][INFO] [Action] E InsertTextContent - (c,280693,2),[SPACE]
[Sat Aug 29 00:48:47 UTC 2026][INFO] [Action] E InsertTextContent - (c,280694,2),[SPACE]
[Sat Aug 29 00:48:47 UTC 2026][INFO] [Action] E InsertTextContent - (c,280695,2),[SPACE]
[Sat Aug 29 00:48:47 UTC 2026][INFO] [Action] E InsertTextContent - (c,280696,2),[SPACE]
[Sat Aug 29 00:48:47 UTC 2026][INFO] [Action] E InsertTextContent - (c,280697,2),[SPACE]
[Sat Aug 29 00:48:47 UTC 2026][INFO] [Action] E InsertTextContent - (c,280698,2),[SPACE]
[Sat Aug 29 00:48:47 UTC 2026][INFO] [Action] E InsertTextContent - (c,280699,2),[SPACE]
[Sat Aug 29 00:48:47 UTC 2026][INFO] [Action] E InsertTextContent - (c,280700,2),[SPACE]
[Sat Aug 29 00:48:47 UTC 2026][INFO] [Action] E InsertTextContent - (c,280701,2),[SPACE]
[Sat Aug 29 00:48:47 UTC 2026][INFO] [Action] E InsertTextContent - (c,280702,2),[SPACE]
[Sat Aug 29 00:48:47 UTC 2026][INFO] [Action] E InsertTextContent - (c,280703,2),[SPACE]
[Sat Aug 29 00:48:47 UTC 2026][INFO] [Action] E InsertTextContent - (c,280704,2),[SPACE]
[Sat Aug 29 00:48:47 UTC 2026][INFO] [Action] E InsertTextContent - (c,280705,2),[SPACE]
[Sat Aug 29 00:48:48 UTC 2026][INFO] [Action] E InsertTextContent - (c,280706,2),[SPACE]
[Sat Aug 29 00:48:48 UTC 2026][INFO] [Action] E InsertTextContent - (c,280707,2),[SPACE]
[Sat Aug 29 00:48:48 UTC 2026][INFO] [Action] E InsertTextContent - (c,280708,2),[SPACE]
[Sat Aug 29 00:48:48 UTC 2026][INFO] [Action] E InsertTextContent - (c,280709,2),[SPACE]
[Sat Aug 29 00:48:48 UTC 2026][INFO] [Action] E InsertTextContent - (c,280710,2),[SPACE]
[Sat Aug 29 00:48:48 UTC 2026][INFO] [Action] E InsertTextContent - (c,280711,2),[SPACE]
[Sat Aug 29 00:48:48 UTC 2026][INFO] [Action] E InsertTextContent - (c,280712,2),[SPACE]
[Sat Aug 29 00:48:48 UTC 2026][INFO] [Action] E InsertTextContent - (c,280713,2),[SPACE]
[Sat Aug 29 00:48:48 UTC 2026][INFO] [Action] E InsertTextContent - (c,280714,2),[SPACE]
[Sat Aug 29 00:48:48 UTC 2026][INFO] [Action] E InsertTextContent - (c,280715,2),[SPACE]
[Sat Aug 29 00:48:48 UTC 2026][INFO] [Action] E InsertTextContent - (c,280716,2),[SPACE]
[Sat Aug 29 00:48:48 UTC 2026][INFO] [Action] E InsertTextContent - (c,280717,2),[SPACE]
[Sat Aug 29 00:48:48 UTC 2026][INFO] [Action] E InsertTextContent - (c,280718,2),[SPACE]
[Sat Aug 29 00:48:48 UTC 2026][INFO] [Action] E InsertTextContent - (c,280719,2),[SPACE]
[Sat Aug 29 00:48:48 UTC 2026][INFO] [Action] E InsertTextContent - (c,280720,2),[SPACE]
[Sat Aug 29 00:48:48 UTC 2026][INFO] [Action] E InsertTextContent - (c,280721,2),[SPACE]
[Sat Aug 29 00:48:48 UTC 2026][INFO] [Action] E InsertTextContent - (c,280722,2),[SPACE]
[Sat Aug 29 00:48:49 UTC 2026][INFO] [Action] E InsertTextContent - (c,280723,2),[SPACE]
[Sat Aug 29 00:48:49 UTC 2026][INFO] [Action] E InsertTextContent - (c,280724,2),[SPACE]
[Sat Aug 29 00:48:49 UTC 2026][INFO] [Action] E InsertTextContent - (c,280725,2),[SPACE]
[Sat Aug 29 00:48:49 UTC 2026][INFO] [Action] E InsertTextContent - (c,280726,2),[SPACE]
[Sat Aug 29 00:48:50 UTC 2026][INFO] [Action] E InsertTextContent - (c,280727,2),[SPACE]
[Sat Aug 29 00:48:50 UTC 2026][INFO] [Action] E InsertTextContent - (c,280728,2),[SPACE]
[Sat Aug 29 00:48:50 UTC 2026][INFO] [Action] E InsertTextContent - (c,280729,2),[SPACE]
[Sat Aug 29 00:48:50 UTC 2026][INFO] [Action] E InsertTextContent - (c,280730,2),[SPACE]
[Sat Aug 29 00:48:50 UTC 2026][INFO] [Action] E InsertTextContent - (c,280731,2),[SPACE]
[Sat Aug 29 00:48:50 UTC 2026][INFO] [Action] E InsertTextContent - (c,280732,2),[SPACE]
[Sat Aug 29 00:48:50 UTC 2026][INFO] [Action] E InsertTextContent - (c,280733,2),[SPACE]
[Sat Aug 29 00:48:50 UTC 2026][INFO] [Action] E InsertTextContent - (c,280734,2),[SPACE]
[Sat Aug 29 00:48:50 UTC 2026][INFO] [Action] E InsertTextContent - (c,280735,2),[SPACE]
[Sat Aug 29 00:48:50 UTC 2026][INFO] [Action] E InsertTextContent - (c,280736,2),[SPACE]
[Sat Aug 29 00:48:58 UTC 2026][INFO] [Action] E UpdateStyle - (c,280737,2),49:0.250000:2,(r,280737,280737),F
[Sat Aug 29 00:49:01 UTC 2026][INFO] [Action] E UpdateStyle - (c,280737,2),49:0.500000:2,(r,280737,280737),F
[Sat Aug 29 00:49:03 UTC 2026][INFO] [Action] E UpdateStyle - (c,280737,2),49:0.250000:2,(r,280737,280737),F
[Sat Aug 29 00:49:04 UTC 2026][INFO] [Action] E UpdateStyle - (c,280737,2),49:0.000000:2,(r,280737,280737),F
[Sat Aug 29 00:49:14 UTC 2026][INFO] [Action] E UpdateStyle - (r,280738,280776),13:361:3,(r,280738,280776),F
[Sat Aug 29 00:49:26 UTC 2026][INFO] [Action] E UpdateStyle - (c,283656,2),34:320:3,(r,283656,283656),F
[Sat Aug 29 00:49:32 UTC 2026][INFO] [Action] E AddTextContainer - (c,283636,2),0,0,0
[Sat Aug 29 00:49:34 UTC 2026][INFO] [Action] E AddTextContainer - (c,283657,2),0,0,0
[Sat Aug 29 00:50:15 UTC 2026][INFO] [Action] E SplitContainer - 283789
[Sat Aug 29 00:50:19 UTC 2026][INFO] [Action] E SplitContainer - 283915
[Sat Aug 29 00:50:32 UTC 2026][INFO] [Action] E InsertTextContent - (r,284032,284033),[SPACE]
[Sat Aug 29 00:50:33 UTC 2026][INFO] [Action] E InsertTextContent - (c,284032,2),[SPACE]
[Sat Aug 29 00:50:34 UTC 2026][INFO] [Action] E InsertTextContent - (c,284033,2),[SPACE]
[Sat Aug 29 00:50:34 UTC 2026][INFO] [Action] E InsertTextContent - (c,284034,2),[SPACE]
[Sat Aug 29 00:50:34 UTC 2026][INFO] [Action] E InsertTextContent - (c,284035,2),[SPACE]
[Sat Aug 29 00:50:34 UTC 2026][INFO] [Action] E InsertTextContent - (c,284036,2),[SPACE]
[Sat Aug 29 00:50:34 UTC 2026][INFO] [Action] E InsertTextContent - (c,284037,2),[SPACE]
[Sat Aug 29 00:50:34 UTC 2026][INFO] [Action] E InsertTextContent - (c,284038,2),[SPACE]
[Sat Aug 29 00:50:34 UTC 2026][INFO] [Action] E InsertTextContent - (c,284039,2),[SPACE]
[Sat Aug 29 00:50:34 UTC 2026][INFO] [Action] E InsertTextContent - (c,284040,2),[SPACE]
[Sat Aug 29 00:50:34 UTC 2026][INFO] [Action] E InsertTextContent - (c,284041,2),[SPACE]
[Sat Aug 29 00:50:34 UTC 2026][INFO] [Action] E InsertTextContent - (c,284042,2),[SPACE]
[Sat Aug 29 00:50:34 UTC 2026][INFO] [Action] E InsertTextContent - (c,284043,2),[SPACE]
[Sat Aug 29 00:50:34 UTC 2026][INFO] [Action] E InsertTextContent - (c,284044,2),[SPACE]
[Sat Aug 29 00:50:34 UTC 2026][INFO] [Action] E InsertTextContent - (c,284045,2),[SPACE]
[Sat Aug 29 00:50:34 UTC 2026][INFO] [Action] E InsertTextContent - (c,284046,2),[SPACE]
[Sat Aug 29 00:50:34 UTC 2026][INFO] [Action] E InsertTextContent - (c,284047,2),[SPACE]
[Sat Aug 29 00:50:34 UTC 2026][INFO] [Action] E InsertTextContent - (c,284048,2),[SPACE]
[Sat Aug 29 00:50:34 UTC 2026][INFO] [Action] E InsertTextContent - (c,284049,2),[SPACE]
[Sat Aug 29 00:50:34 UTC 2026][INFO] [Action] E InsertTextContent - (c,284050,2),[SPACE]
[Sat Aug 29 00:50:34 UTC 2026][INFO] [Action] E InsertTextContent - (c,284051,2),[SPACE]
[Sat Aug 29 00:50:34 UTC 2026][INFO] [Action] E InsertTextContent - (c,284052,2),[SPACE]
[Sat Aug 29 00:50:35 UTC 2026][INFO] [Action] E InsertTextContent - (c,284053,2),[SPACE]
[Sat Aug 29 00:50:35 UTC 2026][INFO] [Action] E InsertTextContent - (c,284054,2),[SPACE]
[Sat Aug 29 00:50:35 UTC 2026][INFO] [Action] E InsertTextContent - (c,284055,2),[SPACE]
[Sat Aug 29 00:50:35 UTC 2026][INFO] [Action] E InsertTextContent - (c,284056,2),[SPACE]
[Sat Aug 29 00:50:35 UTC 2026][INFO] [Action] E InsertTextContent - (c,284057,2),[SPACE]
[Sat Aug 29 00:50:35 UTC 2026][INFO] [Action] E InsertTextContent - (c,284058,2),[SPACE]
[Sat Aug 29 00:50:35 UTC 2026][INFO] [Action] E InsertTextContent - (c,284059,2),[SPACE]
[Sat Aug 29 00:50:35 UTC 2026][INFO] [Action] E InsertTextContent - (c,284060,2),[SPACE]
[Sat Aug 29 00:50:35 UTC 2026][INFO] [Action] E InsertTextContent - (c,284061,2),[SPACE]
[Sat Aug 29 00:50:35 UTC 2026][INFO] [Action] E InsertTextContent - (c,284062,2),[SPACE]
[Sat Aug 29 00:50:35 UTC 2026][INFO] [Action] E InsertTextContent - (c,284063,2),[SPACE]
[Sat Aug 29 00:50:35 UTC 2026][INFO] [Action] E InsertTextContent - (c,284064,2),[SPACE]
[Sat Aug 29 00:50:35 UTC 2026][INFO] [Action] E InsertTextContent - (c,284065,2),[SPACE]
[Sat Aug 29 00:50:35 UTC 2026][INFO] [Action] E InsertTextContent - (c,284066,2),[SPACE]
[Sat Aug 29 00:50:35 UTC 2026][INFO] [Action] E InsertTextContent - (c,284067,2),[SPACE]
[Sat Aug 29 00:50:35 UTC 2026][INFO] [Action] E InsertTextContent - (c,284068,2),[SPACE]
[Sat Aug 29 00:50:35 UTC 2026][INFO] [Action] E InsertTextContent - (c,284069,2),[SPACE]
[Sat Aug 29 00:50:35 UTC 2026][INFO] [Action] E InsertTextContent - (c,284070,2),[SPACE]
[Sat Aug 29 00:50:35 UTC 2026][INFO] [Action] E InsertTextContent - (c,284071,2),[SPACE]
[Sat Aug 29 00:50:35 UTC 2026][INFO] [Action] E InsertTextContent - (c,284072,2),[SPACE]
[Sat Aug 29 00:50:35 UTC 2026][INFO] [Action] E InsertTextContent - (c,284073,2),[SPACE]
[Sat Aug 29 00:50:35 UTC 2026][INFO] [Action] E InsertTextContent - (c,284074,2),[SPACE]
[Sat Aug 29 00:50:36 UTC 2026][INFO] [Action] E InsertTextContent - (c,284075,2),[SPACE]
[Sat Aug 29 00:50:36 UTC 2026][INFO] [Action] E InsertTextContent - (c,284076,2),[SPACE]
[Sat Aug 29 00:50:36 UTC 2026][INFO] [Action] E InsertTextContent - (c,284077,2),[SPACE]
[Sat Aug 29 00:50:42 UTC 2026][INFO] [Action] E SplitContainer - 284031
[Sat Aug 29 00:50:45 UTC 2026][INFO] [Action] E DeleteContent - (c,284031,2),B
[Sat Aug 29 00:50:46 UTC 2026][INFO] [Action] E MergeContainer - 284031,1
[Sat Aug 29 00:50:49 UTC 2026][INFO] [Action] E DeleteContent - (c,284030,2),B
[Sat Aug 29 00:50:51 UTC 2026][INFO] [Action] U DeleteContent
[Sat Aug 29 00:51:03 UTC 2026][INFO] [Action] E SplitContainer - 284031
[Sat Aug 29 00:51:06 UTC 2026][INFO] [Action] E DeleteContent - (c,284031,2),B
[Sat Aug 29 00:51:06 UTC 2026][INFO] [Action] E MergeContainer - 284031,1
[Sat Aug 29 00:51:10 UTC 2026][INFO] [Action] E DeleteContent - (r,284032,284076),B
[Sat Aug 29 00:51:12 UTC 2026][INFO] [Action] E SplitContainer - 284032
[Sat Aug 29 00:51:18 UTC 2026][INFO] [Action] E MergeContainer - 284032,1
[Sat Aug 29 00:51:20 UTC 2026][INFO] [Action] E InsertTextContent - (c,284031,2),[SPACE]
[Sat Aug 29 00:51:20 UTC 2026][INFO] [Action] E InsertTextContent - (c,284032,2),[SPACE]
[Sat Aug 29 00:51:20 UTC 2026][INFO] [Action] E InsertTextContent - (c,284033,2),[SPACE]
[Sat Aug 29 00:51:20 UTC 2026][INFO] [Action] E InsertTextContent - (c,284034,2),[SPACE]
[Sat Aug 29 00:51:20 UTC 2026][INFO] [Action] E InsertTextContent - (c,284035,2),[SPACE]
[Sat Aug 29 00:51:20 UTC 2026][INFO] [Action] E InsertTextContent - (c,284036,2),[SPACE]
[Sat Aug 29 00:51:20 UTC 2026][INFO] [Action] E InsertTextContent - (c,284037,2),[SPACE]
[Sat Aug 29 00:51:20 UTC 2026][INFO] [Action] E InsertTextContent - (c,284038,2),[SPACE]
[Sat Aug 29 00:51:20 UTC 2026][INFO] [Action] E InsertTextContent - (c,284039,2),[SPACE]
[Sat Aug 29 00:51:21 UTC 2026][INFO] [Action] E InsertTextContent - (c,284040,2),[SPACE]
[Sat Aug 29 00:51:21 UTC 2026][INFO] [Action] E InsertTextContent - (c,284041,2),[SPACE]
[Sat Aug 29 00:51:21 UTC 2026][INFO] [Action] E InsertTextContent - (c,284042,2),[SPACE]
[Sat Aug 29 00:51:21 UTC 2026][INFO] [Action] E InsertTextContent - (c,284043,2),[SPACE]
[Sat Aug 29 00:51:21 UTC 2026][INFO] [Action] E InsertTextContent - (c,284044,2),[SPACE]
[Sat Aug 29 00:51:21 UTC 2026][INFO] [Action] E InsertTextContent - (c,284045,2),[SPACE]
[Sat Aug 29 00:51:21 UTC 2026][INFO] [Action] E InsertTextContent - (c,284046,2),[SPACE]
[Sat Aug 29 00:51:21 UTC 2026][INFO] [Action] E InsertTextContent - (c,284047,2),[SPACE]
[Sat Aug 29 00:51:21 UTC 2026][INFO] [Action] E InsertTextContent - (c,284048,2),[SPACE]
[Sat Aug 29 00:51:21 UTC 2026][INFO] [Action] E InsertTextContent - (c,284049,2),[SPACE]
[Sat Aug 29 00:51:21 UTC 2026][INFO] [Action] E InsertTextContent - (c,284050,2),[SPACE]
[Sat Aug 29 00:51:21 UTC 2026][INFO] [Action] E InsertTextContent - (c,284051,2),[SPACE]
[Sat Aug 29 00:51:21 UTC 2026][INFO] [Action] E InsertTextContent - (c,284052,2),[SPACE]
[Sat Aug 29 00:51:21 UTC 2026][INFO] [Action] E InsertTextContent - (c,284053,2),[SPACE]
[Sat Aug 29 00:51:21 UTC 2026][INFO] [Action] E InsertTextContent - (c,284054,2),[SPACE]
[Sat Aug 29 00:51:21 UTC 2026][INFO] [Action] E InsertTextContent - (c,284055,2),[SPACE]
[Sat Aug 29 00:51:21 UTC 2026][INFO] [Action] E InsertTextContent - (c,284056,2),[SPACE]
[Sat Aug 29 00:51:21 UTC 2026][INFO] [Action] E InsertTextContent - (c,284057,2),[SPACE]
[Sat Aug 29 00:51:21 UTC 2026][INFO] [Action] E InsertTextContent - (c,284058,2),[SPACE]
[Sat Aug 29 00:51:21 UTC 2026][INFO] [Action] E InsertTextContent - (c,284059,2),[SPACE]
[Sat Aug 29 00:51:21 UTC 2026][INFO] [Action] E InsertTextContent - (c,284060,2),[SPACE]
[Sat Aug 29 00:51:22 UTC 2026][INFO] [Action] E InsertTextContent - (c,284061,2),[SPACE]
[Sat Aug 29 00:51:22 UTC 2026][INFO] [Action] E InsertTextContent - (c,284062,2),[SPACE]
[Sat Aug 29 00:51:22 UTC 2026][INFO] [Action] E InsertTextContent - (c,284063,2),[SPACE]
[Sat Aug 29 00:51:22 UTC 2026][INFO] [Action] E InsertTextContent - (c,284064,2),[SPACE]
[Sat Aug 29 00:51:22 UTC 2026][INFO] [Action] E InsertTextContent - (c,284065,2),[SPACE]
[Sat Aug 29 00:51:22 UTC 2026][INFO] [Action] E InsertTextContent - (c,284066,2),[SPACE]
[Sat Aug 29 00:51:22 UTC 2026][INFO] [Action] E InsertTextContent - (c,284067,2),[SPACE]
[Sat Aug 29 00:51:22 UTC 2026][INFO] [Action] E InsertTextContent - (c,284068,2),[SPACE]
[Sat Aug 29 00:51:22 UTC 2026][INFO] [Action] E InsertTextContent - (c,284069,2),[SPACE]
[Sat Aug 29 00:51:22 UTC 2026][INFO] [Action] E InsertTextContent - (c,284070,2),[SPACE]
[Sat Aug 29 00:51:23 UTC 2026][INFO] [Action] E InsertTextContent - (c,284071,2),[SPACE]
[Sat Aug 29 00:51:23 UTC 2026][INFO] [Action] E InsertTextContent - (c,284072,2),[SPACE]
[Sat Aug 29 00:51:24 UTC 2026][INFO] [Action] E InsertTextContent - (c,284073,2),[SPACE]
[Sat Aug 29 00:51:24 UTC 2026][INFO] [Action] E InsertTextContent - (c,284074,2),[SPACE]
[Sat Aug 29 00:51:24 UTC 2026][INFO] [Action] E InsertTextContent - (c,284075,2),[SPACE]
[Sat Aug 29 00:51:24 UTC 2026][INFO] [Action] E InsertTextContent - (c,284076,2),[SPACE]
[Sat Aug 29 00:51:24 UTC 2026][INFO] [Action] E InsertTextContent - (c,284077,2),[SPACE]
[Sat Aug 29 00:51:24 UTC 2026][INFO] [Action] E InsertTextContent - (c,284078,2),[SPACE]
[Sat Aug 29 00:51:24 UTC 2026][INFO] [Action] E InsertTextContent - (c,284079,2),[SPACE]
[Sat Aug 29 00:51:24 UTC 2026][INFO] [Action] E InsertTextContent - (c,284080,2),[SPACE]
[Sat Aug 29 00:51:24 UTC 2026][INFO] [Action] E InsertTextContent - (c,284081,2),[SPACE]
[Sat Aug 29 00:51:24 UTC 2026][INFO] [Action] E InsertTextContent - (c,284082,2),[SPACE]
[Sat Aug 29 00:51:24 UTC 2026][INFO] [Action] E InsertTextContent - (c,284083,2),[SPACE]
[Sat Aug 29 00:51:25 UTC 2026][INFO] [Action] E InsertTextContent - (c,284084,2),[SPACE]
[Sat Aug 29 00:51:25 UTC 2026][INFO] [Action] E InsertTextContent - (c,284085,2),[SPACE]
[Sat Aug 29 00:51:25 UTC 2026][INFO] [Action] E InsertTextContent - (c,284086,2),[SPACE]
[Sat Aug 29 00:51:25 UTC 2026][INFO] [Action] E InsertTextContent - (c,284087,2),[SPACE]
[Sat Aug 29 00:51:25 UTC 2026][INFO] [Action] E InsertTextContent - (c,284088,2),[SPACE]
[Sat Aug 29 00:51:26 UTC 2026][INFO] [Action] E InsertTextContent - (c,284089,2),[SPACE]
[Sat Aug 29 00:51:32 UTC 2026][INFO] [Action] E UpdateStyle - (c,284119,2),49:0.250000:2,(r,284119,284119),F
[Sat Aug 29 00:51:32 UTC 2026][INFO] [Action] E UpdateStyle - (c,284119,2),49:0.500000:2,(r,284119,284119),F
[Sat Aug 29 00:51:39 UTC 2026][INFO] [Action] E UpdateStyle - (r,284092,284119),13:361:3,(r,284092,284119),F
[Sat Aug 29 00:51:46 UTC 2026][INFO] [Action] E UpdateStyle - (r,284091,284091),13:361:3,(r,284091,284091),F
[Sat Aug 29 00:51:50 UTC 2026][INFO] [Action] E SaveBook - Save
[Sat Aug 29 01:14:26 UTC 2026][INFO] [Action] E InsertTextContent - (r,316296,316296),[p]
[Sat Aug 29 01:14:32 UTC 2026][INFO] [Action] E DeleteContent - (c,316298,2),B
[Sat Aug 29 01:14:33 UTC 2026][INFO] [Action] E InsertTextContent - (c,316298,1),[z]
[Sat Aug 29 01:14:33 UTC 2026][INFO] [Action] E InsertTextContent - (c,316298,2),[a]
[Sat Aug 29 01:14:34 UTC 2026][INFO] [Action] E InsertTextContent - (c,316299,2),[l]
[Sat Aug 29 01:14:34 UTC 2026][INFO] [Action] E InsertTextContent - (c,316300,2),[a]
[Sat Aug 29 01:14:37 UTC 2026][INFO] [Action] E InsertTextContent - (c,316304,2),[n]
[Sat Aug 29 01:14:39 UTC 2026][INFO] [Action] E InsertTextContent - (c,316305,2),[a]
[Sat Aug 29 01:14:39 UTC 2026][INFO] [Action] E InsertTextContent - (c,316306,2),[r]
[Sat Aug 29 01:14:39 UTC 2026][INFO] [Action] E InsertTextContent - (c,316307,2),[a]
[Sat Aug 29 01:14:40 UTC 2026][INFO] [Action] E DeleteContent - (r,316309,316309),F
[Sat Aug 29 01:14:40 UTC 2026][INFO] [Action] E DeleteContent - (r,316309,316309),F
[Sat Aug 29 01:14:40 UTC 2026][INFO] [Action] E DeleteContent - (r,316309,316309),F
[Sat Aug 29 01:14:41 UTC 2026][INFO] [Action] E DeleteContent - (r,316309,316309),F
[Sat Aug 29 01:14:45 UTC 2026][INFO] [Action] E InsertTextContent - (c,316310,2),[e]
[Sat Aug 29 01:14:45 UTC 2026][INFO] [Action] E InsertTextContent - (c,316311,2),[l]
[Sat Aug 29 01:14:46 UTC 2026][INFO] [Action] E InsertTextContent - (c,316312,2),[a]
[Sat Aug 29 01:14:46 UTC 2026][INFO] [Action] E InsertTextContent - (c,316313,2),[v]
[Sat Aug 29 01:14:47 UTC 2026][INFO] [Action] E InsertTextContent - (c,316314,2),[i]
[Sat Aug 29 01:14:48 UTC 2026][INFO] [Action] E DeleteContent - (r,316316,316316),F
[Sat Aug 29 01:14:48 UTC 2026][INFO] [Action] E DeleteContent - (r,316316,316316),F
[Sat Aug 29 01:14:48 UTC 2026][INFO] [Action] E DeleteContent - (r,316316,316316),F
[Sat Aug 29 01:14:48 UTC 2026][INFO] [Action] E DeleteContent - (r,316316,316316),F
[Sat Aug 29 01:14:49 UTC 2026][INFO] [Action] E DeleteContent - (r,316316,316316),F
[Sat Aug 29 01:14:49 UTC 2026][INFO] [Action] E DeleteContent - (r,316316,316316),F
[Sat Aug 29 01:14:49 UTC 2026][INFO] [Action] E DeleteContent - (r,316316,316316),F
[Sat Aug 29 01:14:50 UTC 2026][INFO] [Action] E DeleteContent - (r,316316,316316),F
[Sat Aug 29 01:15:12 UTC 2026][INFO] [Action] E Copy - (r,316295,316315)
[Sat Aug 29 01:15:20 UTC 2026][INFO] [Action] E Paste - (r,320855,320875),21
[Sat Aug 29 01:15:26 UTC 2026][INFO] [Action] E MergeContainer - 320855,1
[Sat Aug 29 01:15:28 UTC 2026][INFO] [Action] E AddTextContainer - (c,320854,1),1,0,0
[Sat Aug 29 01:15:36 UTC 2026][INFO] [Action] E UpdateStyle - (r,320855,321033),34:320:3,(r,320855,321033),F
[Sat Aug 29 01:15:37 UTC 2026][INFO] [Action] E UpdateStyle - (r,320855,321033),34:320:3,(r,320855,321033),F
[Sat Aug 29 01:15:40 UTC 2026][INFO] [Action] U UpdateStyle
[Sat Aug 29 01:15:41 UTC 2026][INFO] [Action] U UpdateStyle
[Sat Aug 29 01:15:41 UTC 2026][INFO] [Action] U AddTextContainer
[Sat Aug 29 01:15:42 UTC 2026][INFO] [Action] U MergeContainer
[Sat Aug 29 01:15:43 UTC 2026][INFO] [Action] U Paste
[Sat Aug 29 01:15:47 UTC 2026][INFO] [Action] R Paste
[Sat Aug 29 01:15:48 UTC 2026][INFO] [Action] R MergeContainer
[Sat Aug 29 01:15:54 UTC 2026][INFO] [Action] E DeleteContent - (r,320875,320895),B
[Sat Aug 29 01:16:00 UTC 2026][INFO] [Action] E UpdateStyle - (r,320856,321032),34:59:3,(r,320856,321032),F
[Sat Aug 29 01:16:18 UTC 2026][INFO] [Action] E Paste - (r,76,96),21
[Sat Aug 29 01:18:07 UTC 2026][INFO] [Action] E SaveBook - Save
[Sat Aug 29 01:18:24 UTC 2026][INFO] [Action] E Paste - (r,201,221),21
[Sat Aug 29 01:18:25 UTC 2026][INFO] [Action] E InsertTextContent - (c,221,2),[SPACE]
[Sat Aug 29 01:30:40 UTC 2026][INFO] [Action] E ItemChanged - -1,320839
[Sat Aug 29 01:30:50 UTC 2026][INFO] [Action] E InsertTextContent - (c,320985,2),[s]
[Sat Aug 29 01:30:58 UTC 2026][INFO] [Action] E InsertTextContent - (c,321024,1),[s]
[Sat Aug 29 01:31:01 UTC 2026][INFO] [Action] E InsertTextContent - (r,321036,321036),[S]
[Sat Aug 29 01:31:02 UTC 2026][INFO] [Action] E InsertTextContent - (c,321036,2),[h]
[Sat Aug 29 01:31:08 UTC 2026][INFO] [Action] E DeleteContent - (c,321050,2),B
[Sat Aug 29 01:31:08 UTC 2026][INFO] [Action] E DeleteContent - (c,321050,1),B
[Sat Aug 29 01:31:08 UTC 2026][INFO] [Action] E InsertTextContent - (c,321049,1),[e]
[Sat Aug 29 01:31:09 UTC 2026][INFO] [Action] E InsertTextContent - (c,321049,2),[r]
[Sat Aug 29 01:31:18 UTC 2026][INFO] [Action] E InsertTextContent - (c,321208,1),[s]
[Sat Aug 29 01:31:25 UTC 2026][INFO] [Action] E DeleteContent - (c,321104,2),B
[Sat Aug 29 01:31:25 UTC 2026][INFO] [Action] E DeleteContent - (c,321104,1),B
[Sat Aug 29 01:31:25 UTC 2026][INFO] [Action] E DeleteContent - (c,321103,1),B
[Sat Aug 29 01:31:25 UTC 2026][INFO] [Action] E DeleteContent - (c,321102,1),B
[Sat Aug 29 01:31:27 UTC 2026][INFO] [Action] E DeleteContent - (c,321101,1),B
[Sat Aug 29 01:31:28 UTC 2026][INFO] [Action] E InsertTextContent - (c,321100,1),[p]
[Sat Aug 29 01:31:28 UTC 2026][INFO] [Action] E InsertTextContent - (c,321100,2),[i]
[Sat Aug 29 01:31:29 UTC 2026][INFO] [Action] E InsertTextContent - (c,321101,2),[j]
[Sat Aug 29 01:31:29 UTC 2026][INFO] [Action] E InsertTextContent - (c,321102,2),[n]
[Sat Aug 29 01:31:30 UTC 2026][INFO] [Action] E InsertTextContent - (c,321103,2),[k]
[Sat Aug 29 01:31:33 UTC 2026][INFO] [Action] E DeleteContent - (c,321103,1),B
[Sat Aug 29 01:31:39 UTC 2026][INFO] [Action] E DeleteContent - (c,321270,2),B
[Sat Aug 29 01:31:40 UTC 2026][INFO] [Action] E InsertTextContent - (c,321270,1),[S]
[Sat Aug 29 01:31:40 UTC 2026][INFO] [Action] E InsertTextContent - (c,321270,2),[h]
[Sat Aug 29 01:31:57 UTC 2026][INFO] [Action] E DeleteContent - (c,321383,2),B
[Sat Aug 29 01:31:58 UTC 2026][INFO] [Action] E InsertTextContent - (c,321383,1),[s]
[Sat Aug 29 01:32:00 UTC 2026][INFO] [Action] E DeleteContent - (c,321383,2),B
[Sat Aug 29 01:32:01 UTC 2026][INFO] [Action] E InsertTextContent - (c,321383,1),[S]
[Sat Aug 29 01:32:01 UTC 2026][INFO] [Action] E InsertTextContent - (c,321383,2),[h]
[Sat Aug 29 01:32:06 UTC 2026][INFO] [Action] E InsertTextContent - (c,321423,1),[s]
[Sat Aug 29 01:32:39 UTC 2026][INFO] [Action] E InsertTextContent - (c,321633,1),[m]
[Sat Aug 29 01:32:39 UTC 2026][INFO] [Action] E InsertTextContent - (c,321633,2),[i]
[Sat Aug 29 01:32:39 UTC 2026][INFO] [Action] E InsertTextContent - (c,321634,2),[g]
[Sat Aug 29 01:32:40 UTC 2026][INFO] [Action] E InsertTextContent - (c,321635,2),[h]
[Sat Aug 29 01:32:40 UTC 2026][INFO] [Action] E InsertTextContent - (c,321636,2),[t]
[Sat Aug 29 01:32:41 UTC 2026][INFO] [Action] E InsertTextContent - (c,321637,2),[SPACE]
[Sat Aug 29 01:32:43 UTC 2026][INFO] [Action] E InsertTextContent - (c,321638,2),[=]
[Sat Aug 29 01:32:44 UTC 2026][INFO] [Action] E InsertTextContent - (c,321639,2),[=]
[Sat Aug 29 01:32:44 UTC 2026][INFO] [Action] E InsertTextContent - (c,321640,2),[=]
[Sat Aug 29 01:32:49 UTC 2026][INFO] [Action] E DeleteContent - (c,321641,2),B
[Sat Aug 29 01:32:49 UTC 2026][INFO] [Action] E DeleteContent - (c,321641,1),B
[Sat Aug 29 01:32:49 UTC 2026][INFO] [Action] E DeleteContent - (c,321640,1),B
[Sat Aug 29 01:32:53 UTC 2026][INFO] [Action] E DeleteContent - (r,321643,321643),F
[Sat Aug 29 01:32:53 UTC 2026][INFO] [Action] E DeleteContent - (r,321643,321643),F
[Sat Aug 29 01:33:12 UTC 2026][INFO] [Action] E InsertTextContent - (r,321663,321669),[p]
[Sat Aug 29 01:33:12 UTC 2026][INFO] [Action] E InsertTextContent - (c,321663,2),[o]
[Sat Aug 29 01:33:13 UTC 2026][INFO] [Action] E InsertTextContent - (c,321664,2),[s]
[Sat Aug 29 01:33:13 UTC 2026][INFO] [Action] E InsertTextContent - (c,321665,2),[s]
[Sat Aug 29 01:33:13 UTC 2026][INFO] [Action] E InsertTextContent - (c,321666,2),[i]
[Sat Aug 29 01:33:14 UTC 2026][INFO] [Action] E InsertTextContent - (c,321667,2),[b]
[Sat Aug 29 01:34:01 UTC 2026][INFO] [Action] E InsertTextContent - (r,321199,321264),[.]
[Sat Aug 29 01:34:16 UTC 2026][INFO] [Action] E MergeContainer - 321035,0
[Sat Aug 29 01:34:17 UTC 2026][INFO] [Action] E SplitContainer - 321036
[Sat Aug 29 01:34:20 UTC 2026][INFO] [Action] E MergeContainer - 321204,0
[Sat Aug 29 01:34:21 UTC 2026][INFO] [Action] E SplitContainer - 321205
[Sat Aug 29 01:34:23 UTC 2026][INFO] [Action] E MergeContainer - 321428,0
[Sat Aug 29 01:34:24 UTC 2026][INFO] [Action] E SplitContainer - 321429
[Sat Aug 29 01:34:26 UTC 2026][INFO] [Action] E MergeContainer - 321631,0
[Sat Aug 29 01:34:27 UTC 2026][INFO] [Action] E SplitContainer - 321632
[Sat Aug 29 01:34:39 UTC 2026][INFO] [Action] E UpdateStyle - (c,321196,1),34:320:3,(r,321196,321196),F
[Sat Aug 29 01:34:43 UTC 2026][INFO] [Action] U UpdateStyle
[Sat Aug 29 01:34:49 UTC 2026][INFO] [Action] E DeleteContent - (c,321167,2),B
[Sat Aug 29 01:34:53 UTC 2026][INFO] [Action] E SplitContainer - 321167
[Sat Aug 29 01:35:00 UTC 2026][INFO] [Action] E UpdateStyle - (c,321167,1),34:320:3,(r,321167,321167),F
[Sat Aug 29 01:35:13 UTC 2026][INFO] [Action] E AddTextContainer - (c,321203,2),0,0,0
[Sat Aug 29 01:35:16 UTC 2026][INFO] [Action] U AddTextContainer
[Sat Aug 29 01:35:21 UTC 2026][INFO] [Action] E UpdateStyle - (c,321203,2),49:0.250000:2,(r,321203,321203),F
[Sat Aug 29 01:35:21 UTC 2026][INFO] [Action] E UpdateStyle - (c,321203,2),49:0.500000:2,(r,321203,321203),F
[Sat Aug 29 01:35:28 UTC 2026][INFO] [Action] E UpdateStyle - (c,321203,2),49:0.250000:2,(r,321203,321203),F
[Sat Aug 29 01:35:57 UTC 2026][INFO] [Action] E InsertTextContent - (r,321298,321303),[a]
[Sat Aug 29 01:35:58 UTC 2026][INFO] [Action] E InsertTextContent - (c,321298,2),[p]
[Sat Aug 29 01:35:58 UTC 2026][INFO] [Action] E InsertTextContent - (c,321299,2),[p]
[Sat Aug 29 01:35:58 UTC 2026][INFO] [Action] E InsertTextContent - (c,321300,2),[a]
[Sat Aug 29 01:35:58 UTC 2026][INFO] [Action] E InsertTextContent - (c,321301,2),[r]
[Sat Aug 29 01:35:59 UTC 2026][INFO] [Action] E InsertTextContent - (c,321302,2),[e]
[Sat Aug 29 01:35:59 UTC 2026][INFO] [Action] E InsertTextContent - (c,321303,2),[n]
[Sat Aug 29 01:35:59 UTC 2026][INFO] [Action] E InsertTextContent - (c,321304,2),[t]
[Sat Aug 29 01:36:00 UTC 2026][INFO] [Action] E InsertTextContent - (c,321305,2),[l]
[Sat Aug 29 01:36:00 UTC 2026][INFO] [Action] E InsertTextContent - (c,321306,2),[y]
[Sat Aug 29 01:36:03 UTC 2026][INFO] [Action] E DeleteContent - (r,321308,321308),F
[Sat Aug 29 01:36:03 UTC 2026][INFO] [Action] E DeleteContent - (r,321308,321308),F
[Sat Aug 29 01:36:20 UTC 2026][INFO] [Action] E InsertTextContent - (c,321389,1),[p]
[Sat Aug 29 01:36:21 UTC 2026][INFO] [Action] E InsertTextContent - (c,321389,2),[o]
[Sat Aug 29 01:36:21 UTC 2026][INFO] [Action] E InsertTextContent - (c,321390,2),[s]
[Sat Aug 29 01:36:21 UTC 2026][INFO] [Action] E InsertTextContent - (c,321391,2),[s]
[Sat Aug 29 01:36:22 UTC 2026][INFO] [Action] E InsertTextContent - (c,321392,2),[i]
[Sat Aug 29 01:36:22 UTC 2026][INFO] [Action] E InsertTextContent - (c,321393,2),[b]
[Sat Aug 29 01:36:23 UTC 2026][INFO] [Action] E InsertTextContent - (c,321394,2),[l]
[Sat Aug 29 01:36:23 UTC 2026][INFO] [Action] E InsertTextContent - (c,321395,2),[y]
[Sat Aug 29 01:36:23 UTC 2026][INFO] [Action] E InsertTextContent - (c,321396,2),[SPACE]
[Sat Aug 29 01:37:03 UTC 2026][INFO] [Action] E InsertTextContent - (r,321517,321524),[a]
[Sat Aug 29 01:37:03 UTC 2026][INFO] [Action] E InsertTextContent - (c,321517,2),[c]
[Sat Aug 29 01:37:04 UTC 2026][INFO] [Action] E InsertTextContent - (c,321518,2),[t]
[Sat Aug 29 01:37:04 UTC 2026][INFO] [Action] E InsertTextContent - (c,321519,2),[u]
[Sat Aug 29 01:37:05 UTC 2026][INFO] [Action] E InsertTextContent - (c,321520,2),[a]
[Sat Aug 29 01:37:05 UTC 2026][INFO] [Action] E InsertTextContent - (c,321521,2),[l]
[Sat Aug 29 01:37:05 UTC 2026][INFO] [Action] E InsertTextContent - (c,321522,2),[l]
[Sat Aug 29 01:37:05 UTC 2026][INFO] [Action] E InsertTextContent - (c,321523,2),[y]
[Sat Aug 29 01:37:31 UTC 2026][INFO] [Action] U InsertTextContent
[Sat Aug 29 01:37:31 UTC 2026][INFO] [Action] U InsertTextContent
[Sat Aug 29 01:37:31 UTC 2026][INFO] [Action] U InsertTextContent
[Sat Aug 29 01:37:31 UTC 2026][INFO] [Action] U InsertTextContent
[Sat Aug 29 01:37:31 UTC 2026][INFO] [Action] U InsertTextContent
[Sat Aug 29 01:37:31 UTC 2026][INFO] [Action] U InsertTextContent
[Sat Aug 29 01:37:31 UTC 2026][INFO] [Action] U InsertTextContent
[Sat Aug 29 01:37:33 UTC 2026][INFO] [Action] U InsertTextContent
[Sat Aug 29 01:37:39 UTC 2026][INFO] [Action] R InsertTextContent
[Sat Aug 29 01:37:42 UTC 2026][INFO] [Action] E DeleteContent - (c,321517,2),B
[Sat Aug 29 01:37:43 UTC 2026][INFO] [Action] E DeleteContent - (c,321517,1),B
[Sat Aug 29 01:37:57 UTC 2026][INFO] [Action] E SaveBook - Save
[Sat Aug 29 01:38:08 UTC 2026][INFO] [Action] E ItemChanged - -1,1
[Sat Aug 29 01:38:11 UTC 2026][INFO] [Action] E ItemChanged - -1,246
[Sat Aug 29 01:38:16 UTC 2026][INFO] [Action] E ItemChanged - -1,7847
[Sat Aug 29 01:38:24 UTC 2026][INFO] [Action] E ItemChanged - -1,320839
[Sat Aug 29 01:39:20 UTC 2026][INFO] [Action] E InsertTextContent - (c,321515,2),[SPACE]
[Sat Aug 29 01:39:20 UTC 2026][INFO] [Action] E InsertTextContent - (c,321516,2),[s]
[Sat Aug 29 01:39:21 UTC 2026][INFO] [Action] E InsertTextContent - (c,321517,2),[u]
[Sat Aug 29 01:39:21 UTC 2026][INFO] [Action] E InsertTextContent - (c,321518,2),[p]
[Sat Aug 29 01:39:21 UTC 2026][INFO] [Action] E InsertTextContent - (c,321519,2),[p]
[Sat Aug 29 01:39:22 UTC 2026][INFO] [Action] E InsertTextContent - (c,321520,2),[o]
[Sat Aug 29 01:39:22 UTC 2026][INFO] [Action] E InsertTextContent - (c,321521,2),[s]
[Sat Aug 29 01:39:22 UTC 2026][INFO] [Action] E InsertTextContent - (c,321522,2),[e]
[Sat Aug 29 01:39:23 UTC 2026][INFO] [Action] E InsertTextContent - (c,321523,2),[d]
[Sat Aug 29 01:39:23 UTC 2026][INFO] [Action] E InsertTextContent - (c,321524,2),[l]
[Sat Aug 29 01:39:24 UTC 2026][INFO] [Action] E InsertTextContent - (c,321525,2),[y]
[Sat Aug 29 01:39:25 UTC 2026][INFO] [Action] E DeleteContent - (r,321527,321527),F
[Sat Aug 29 01:39:25 UTC 2026][INFO] [Action] E DeleteContent - (r,321527,321527),F
[Sat Aug 29 01:39:25 UTC 2026][INFO] [Action] E DeleteContent - (r,321527,321527),F
[Sat Aug 29 01:39:25 UTC 2026][INFO] [Action] E DeleteContent - (r,321527,321527),F
[Sat Aug 29 01:39:26 UTC 2026][INFO] [Action] E DeleteContent - (r,321527,321527),F
[Sat Aug 29 01:39:26 UTC 2026][INFO] [Action] E DeleteContent - (r,321527,321527),F
[Sat Aug 29 01:39:26 UTC 2026][INFO] [Action] E DeleteContent - (r,321527,321527),F
[Sat Aug 29 01:39:26 UTC 2026][INFO] [Action] E DeleteContent - (r,321527,321527),F
[Sat Aug 29 01:39:27 UTC 2026][INFO] [Action] E DeleteContent - (r,321527,321527),F
[Sat Aug 29 01:39:47 UTC 2026][INFO] [Action] E Cut - (r,321601,321608)
[Sat Aug 29 01:39:50 UTC 2026][INFO] [Action] E Paste - (c,321592,1),8
[Sat Aug 29 01:39:53 UTC 2026][INFO] [Action] E DeleteContent - (c,321599,2),B
[Sat Aug 29 01:39:53 UTC 2026][INFO] [Action] E DeleteContent - (c,321599,1),B
[Sat Aug 29 01:39:55 UTC 2026][INFO] [Action] E InsertTextContent - (c,321598,1),[l]
[Sat Aug 29 01:39:56 UTC 2026][INFO] [Action] E InsertTextContent - (c,321598,2),[y]
[Sat Aug 29 01:40:00 UTC 2026][INFO] [Action] E DeleteContent - (c,321600,1),B
[Sat Aug 29 01:40:02 UTC 2026][INFO] [Action] E DeleteContent - (r,321599,321599),F
[Sat Aug 29 01:40:04 UTC 2026][INFO] [Action] E InsertTextContent - (c,321598,2),[y]
[Sat Aug 29 01:40:05 UTC 2026][INFO] [Action] E InsertTextContent - (c,321599,2),[SPACE]
[Sat Aug 29 01:40:08 UTC 2026][INFO] [Action] E InsertTextContent - (c,321600,2),[c]
[Sat Aug 29 01:40:21 UTC 2026][INFO] [Action] U InsertTextContent
[Sat Aug 29 01:40:21 UTC 2026][INFO] [Action] U InsertTextContent
[Sat Aug 29 01:40:21 UTC 2026][INFO] [Action] U InsertTextContent
[Sat Aug 29 01:40:22 UTC 2026][INFO] [Action] U DeleteContent
[Sat Aug 29 01:40:22 UTC 2026][INFO] [Action] U DeleteContent
[Sat Aug 29 01:40:23 UTC 2026][INFO] [Action] U InsertTextContent
[Sat Aug 29 01:40:23 UTC 2026][INFO] [Action] U InsertTextContent
[Sat Aug 29 01:40:24 UTC 2026][INFO] [Action] U DeleteContent
[Sat Aug 29 01:40:24 UTC 2026][INFO] [Action] U DeleteContent
[Sat Aug 29 01:40:24 UTC 2026][INFO] [Action] U Paste
[Sat Aug 29 01:40:24 UTC 2026][INFO] [Action] U Cut
[Sat Aug 29 01:40:24 UTC 2026][INFO] [Action] U DeleteContent
[Sat Aug 29 01:40:24 UTC 2026][INFO] [Action] U DeleteContent
[Sat Aug 29 01:40:24 UTC 2026][INFO] [Action] U DeleteContent
[Sat Aug 29 01:40:24 UTC 2026][INFO] [Action] U DeleteContent
[Sat Aug 29 01:40:24 UTC 2026][INFO] [Action] U DeleteContent
[Sat Aug 29 01:40:24 UTC 2026][INFO] [Action] U DeleteContent
[Sat Aug 29 01:40:24 UTC 2026][INFO] [Action] U DeleteContent
[Sat Aug 29 01:40:24 UTC 2026][INFO] [Action] U DeleteContent
[Sat Aug 29 01:40:24 UTC 2026][INFO] [Action] U DeleteContent
[Sat Aug 29 01:40:29 UTC 2026][INFO] [Action] R DeleteContent
[Sat Aug 29 01:40:29 UTC 2026][INFO] [Action] R DeleteContent
[Sat Aug 29 01:40:29 UTC 2026][INFO] [Action] R DeleteContent
[Sat Aug 29 01:40:29 UTC 2026][INFO] [Action] R DeleteContent
[Sat Aug 29 01:40:29 UTC 2026][INFO] [Action] R DeleteContent
[Sat Aug 29 01:40:29 UTC 2026][INFO] [Action] R DeleteContent
[Sat Aug 29 01:40:29 UTC 2026][INFO] [Action] R DeleteContent
[Sat Aug 29 01:40:29 UTC 2026][INFO] [Action] R DeleteContent
[Sat Aug 29 01:40:29 UTC 2026][INFO] [Action] R DeleteContent
[Sat Aug 29 01:40:39 UTC 2026][INFO] [Action] R Cut
[Sat Aug 29 01:40:41 UTC 2026][INFO] [Action] U Cut
[Sat Aug 29 01:41:19 UTC 2026][INFO] [Action] E InsertTextContent - (c,321743,1),[a]
[Sat Aug 29 01:41:19 UTC 2026][INFO] [Action] E InsertTextContent - (c,321743,2),[l]
[Sat Aug 29 01:41:20 UTC 2026][INFO] [Action] E InsertTextContent - (c,321744,2),[l]
[Sat Aug 29 01:41:20 UTC 2026][INFO] [Action] E InsertTextContent - (c,321745,2),[e]
[Sat Aug 29 01:41:21 UTC 2026][INFO] [Action] E InsertTextContent - (c,321746,2),[g]
[Sat Aug 29 01:41:21 UTC 2026][INFO] [Action] E InsertTextContent - (c,321747,2),[e]
[Sat Aug 29 01:41:21 UTC 2026][INFO] [Action] E InsertTextContent - (c,321748,2),[d]
[Sat Aug 29 01:41:22 UTC 2026][INFO] [Action] E InsertTextContent - (c,321749,2),[l]
[Sat Aug 29 01:41:22 UTC 2026][INFO] [Action] E InsertTextContent - (c,321750,2),[t]
[Sat Aug 29 01:41:23 UTC 2026][INFO] [Action] E DeleteContent - (c,321751,2),B
[Sat Aug 29 01:41:25 UTC 2026][INFO] [Action] E InsertTextContent - (c,321751,1),[y]
[Sat Aug 29 01:41:25 UTC 2026][INFO] [Action] E InsertTextContent - (c,321751,2),[SPACE]
[Sat Aug 29 01:41:29 UTC 2026][INFO] [Action] E DeleteContent - (c,321742,1),B
[Sat Aug 29 01:41:29 UTC 2026][INFO] [Action] E DeleteContent - (c,321741,1),B
[Sat Aug 29 01:41:30 UTC 2026][INFO] [Action] E InsertTextContent - (c,321740,1),[t]
[Sat Aug 29 01:41:30 UTC 2026][INFO] [Action] E InsertTextContent - (c,321740,2),[h]
[Sat Aug 29 01:41:31 UTC 2026][INFO] [Action] E InsertTextContent - (c,321741,2),[a]
[Sat Aug 29 01:41:32 UTC 2026][INFO] [Action] E InsertTextContent - (c,321742,2),[t]
[Sat Aug 29 01:41:53 UTC 2026][INFO] [Action] E InsertTextContent - (c,321778,1),[']
[Sat Aug 29 01:41:55 UTC 2026][INFO] [Action] E InsertTextContent - (c,321795,2),[']
[Sat Aug 29 01:42:03 UTC 2026][INFO] [Action] E SplitContainer - 321777
[Sat Aug 29 01:42:24 UTC 2026][INFO] [Action] E DeleteContent - (r,321805,321852),F
[Sat Aug 29 01:42:29 UTC 2026][INFO] [Action] E SplitContainer - 321805
[Sat Aug 29 01:42:35 UTC 2026][INFO] [Action] E InsertTextContent - (c,321805,1),[w]
[Sat Aug 29 01:42:35 UTC 2026][INFO] [Action] E InsertTextContent - (c,321805,2),[h]
[Sat Aug 29 01:42:35 UTC 2026][INFO] [Action] E InsertTextContent - (c,321806,2),[i]
[Sat Aug 29 01:42:36 UTC 2026][INFO] [Action] E InsertTextContent - (c,321807,2),[c]
[Sat Aug 29 01:42:37 UTC 2026][INFO] [Action] E InsertTextContent - (c,321808,2),[h]
[Sat Aug 29 01:42:38 UTC 2026][INFO] [Action] E DeleteContent - (r,321810,321810),F
[Sat Aug 29 01:43:09 UTC 2026][INFO] [Action] E InsertTextContent - (c,321822,1),[s]
[Sat Aug 29 01:43:09 UTC 2026][INFO] [Action] E InsertTextContent - (c,321822,2),[o]
[Sat Aug 29 01:43:10 UTC 2026][INFO] [Action] E InsertTextContent - (c,321823,2),[m]
[Sat Aug 29 01:43:10 UTC 2026][INFO] [Action] E InsertTextContent - (c,321824,2),[e]
[Sat Aug 29 01:43:11 UTC 2026][INFO] [Action] E InsertTextContent - (c,321825,2),[w]
[Sat Aug 29 01:43:12 UTC 2026][INFO] [Action] E InsertTextContent - (c,321826,2),[h]
[Sat Aug 29 01:43:12 UTC 2026][INFO] [Action] E InsertTextContent - (c,321827,2),[e]
[Sat Aug 29 01:43:12 UTC 2026][INFO] [Action] E InsertTextContent - (c,321828,2),[r]
[Sat Aug 29 01:43:18 UTC 2026][INFO] [Action] E InsertTextContent - (c,321829,2),[e]
[Sat Aug 29 01:43:19 UTC 2026][INFO] [Action] E InsertTextContent - (c,321830,2),[SPACE]
[Sat Aug 29 01:43:25 UTC 2026][INFO] [Action] E InsertTextContent - (r,321818,321821),[p]
[Sat Aug 29 01:43:26 UTC 2026][INFO] [Action] E InsertTextContent - (c,321818,2),[r]
[Sat Aug 29 01:43:26 UTC 2026][INFO] [Action] E InsertTextContent - (c,321819,2),[o]
[Sat Aug 29 01:43:26 UTC 2026][INFO] [Action] E InsertTextContent - (c,321820,2),[b]
[Sat Aug 29 01:43:27 UTC 2026][INFO] [Action] E InsertTextContent - (c,321821,2),[a]
[Sat Aug 29 01:43:28 UTC 2026][INFO] [Action] E InsertTextContent - (c,321822,2),[b]
[Sat Aug 29 01:43:28 UTC 2026][INFO] [Action] E InsertTextContent - (c,321823,2),[l]
[Sat Aug 29 01:43:29 UTC 2026][INFO] [Action] E InsertTextContent - (c,321824,2),[y]
[Sat Aug 29 01:43:29 UTC 2026][INFO] [Action] E InsertTextContent - (c,321825,2),[SPACE]
[Sat Aug 29 01:43:38 UTC 2026][INFO] [Action] E DeleteContent - (r,321848,321861),B
[Sat Aug 29 01:43:42 UTC 2026][INFO] [Action] E DeleteContent - (c,321847,2),B
[Sat Aug 29 01:44:00 UTC 2026][INFO] [Action] E UpdateStyle - (c,321781,2),34:320:3,(r,321781,321781),F
[Sat Aug 29 01:44:27 UTC 2026][INFO] [Action] E InsertTextContent - (r,321877,321879),[w]
[Sat Aug 29 01:44:28 UTC 2026][INFO] [Action] E InsertTextContent - (c,321877,2),[h]
[Sat Aug 29 01:44:28 UTC 2026][INFO] [Action] E InsertTextContent - (c,321878,2),[i]
[Sat Aug 29 01:44:29 UTC 2026][INFO] [Action] E InsertTextContent - (c,321879,2),[l]
[Sat Aug 29 01:44:29 UTC 2026][INFO] [Action] E InsertTextContent - (c,321880,2),[e]
[Sat Aug 29 01:44:59 UTC 2026][INFO] [Action] E InsertTextContent - (c,321816,2),[,]
[Sat Aug 29 01:45:00 UTC 2026][INFO] [Action] E InsertTextContent - (c,321817,2),[SPACE]
[Sat Aug 29 01:45:00 UTC 2026][INFO] [Action] E InsertTextContent - (c,321818,2),[a]
[Sat Aug 29 01:45:01 UTC 2026][INFO] [Action] E InsertTextContent - (c,321819,2),[m]
[Sat Aug 29 01:45:01 UTC 2026][INFO] [Action] E InsertTextContent - (c,321820,2),[o]
[Sat Aug 29 01:45:01 UTC 2026][INFO] [Action] E InsertTextContent - (c,321821,2),[n]
[Sat Aug 29 01:45:02 UTC 2026][INFO] [Action] E InsertTextContent - (c,321822,2),[g]
[Sat Aug 29 01:45:02 UTC 2026][INFO] [Action] E InsertTextContent - (c,321823,2),[SPACE]
[Sat Aug 29 01:45:03 UTC 2026][INFO] [Action] E InsertTextContent - (c,321824,2),[o]
[Sat Aug 29 01:45:03 UTC 2026][INFO] [Action] E InsertTextContent - (c,321825,2),[t]
[Sat Aug 29 01:45:03 UTC 2026][INFO] [Action] E InsertTextContent - (c,321826,2),[h]
[Sat Aug 29 01:45:03 UTC 2026][INFO] [Action] E InsertTextContent - (c,321827,2),[e]
[Sat Aug 29 01:45:04 UTC 2026][INFO] [Action] E InsertTextContent - (c,321828,2),[r]
[Sat Aug 29 01:45:04 UTC 2026][INFO] [Action] E InsertTextContent - (c,321829,2),[SPACE]
[Sat Aug 29 01:45:04 UTC 2026][INFO] [Action] E InsertTextContent - (c,321830,2),[t]
[Sat Aug 29 01:45:04 UTC 2026][INFO] [Action] E InsertTextContent - (c,321831,2),[h]
[Sat Aug 29 01:45:05 UTC 2026][INFO] [Action] E InsertTextContent - (c,321832,2),[i]
[Sat Aug 29 01:45:05 UTC 2026][INFO] [Action] E InsertTextContent - (c,321833,2),[n]
[Sat Aug 29 01:45:06 UTC 2026][INFO] [Action] E InsertTextContent - (c,321834,2),[g]
[Sat Aug 29 01:45:07 UTC 2026][INFO] [Action] E InsertTextContent - (c,321835,2),[,]
[Sat Aug 29 01:45:07 UTC 2026][INFO] [Action] E InsertTextContent - (c,321836,2),[SPACE]
[Sat Aug 29 01:45:14 UTC 2026][INFO] [Action] E DeleteContent - (r,321838,321838),F
[Sat Aug 29 01:45:21 UTC 2026][INFO] [Action] E InsertTextContent - (c,321847,1),[a]
[Sat Aug 29 01:45:21 UTC 2026][INFO] [Action] E InsertTextContent - (c,321847,2),[l]
[Sat Aug 29 01:45:22 UTC 2026][INFO] [Action] E InsertTextContent - (c,321848,2),[s]
[Sat Aug 29 01:45:22 UTC 2026][INFO] [Action] E InsertTextContent - (c,321849,2),[o]
[Sat Aug 29 01:45:22 UTC 2026][INFO] [Action] E InsertTextContent - (c,321850,2),[SPACE]
[Sat Aug 29 01:45:46 UTC 2026][INFO] [Action] E Copy - (r,320839,321959)
[Sat Aug 29 01:49:37 UTC 2026][INFO] [Action] E InsertTextContent - (r,321380,321388),[i]
[Sat Aug 29 01:49:38 UTC 2026][INFO] [Action] E InsertTextContent - (c,321380,2),[s]
[Sat Aug 29 01:49:39 UTC 2026][INFO] [Action] E InsertTextContent - (c,321381,2),[SPACE]
[Sat Aug 29 01:50:03 UTC 2026][INFO] [Action] E InsertTextContent - (c,321737,2),[,]
[Sat Aug 29 01:50:05 UTC 2026][INFO] [Action] E InsertTextContent - (c,321748,2),[,]
[Sat Aug 29 01:50:33 UTC 2026][INFO] [Action] E InsertTextContent - (r,321896,321897),[SPACE]
[Sat Aug 29 01:50:35 UTC 2026][INFO] [Action] E InsertTextContent - (c,321896,2),[SPACE]
[Sat Aug 29 01:50:53 UTC 2026][INFO] [Action] E Paste - (r,321896,321896),3
[Sat Aug 29 01:50:57 UTC 2026][INFO] [Action] U Paste
[Sat Aug 29 01:51:04 UTC 2026][INFO] [Action] E Copy - (r,321604,321605)
[Sat Aug 29 01:51:07 UTC 2026][INFO] [Action] E Paste - (c,321895,2),4
[Sat Aug 29 01:51:15 UTC 2026][INFO] [Action] E InsertTextContent - (c,321895,2),[SPACE]
[Sat Aug 29 01:52:26 UTC 2026][INFO] [Action] E UpdateStyle - (r,321167,321196),13:361:3,(r,321167,321196),F
[Sat Aug 29 01:52:30 UTC 2026][INFO] [Action] E UpdateStyle - (r,320839,320854),13:361:3,(r,320839,320854),F
[Sat Aug 29 01:52:49 UTC 2026][INFO] [Action] E UpdateStyle - (r,321234,321272),12:382:3,(r,321234,321272),F
[Sat Aug 29 01:52:53 UTC 2026][INFO] [Action] E DeleteContent - (c,321233,2),B
[Sat Aug 29 01:52:55 UTC 2026][INFO] [Action] E DeleteContent - (c,321270,2),B
[Sat Aug 29 01:53:34 UTC 2026][INFO] [Action] E UpdateStyle - (r,321307,321314),13:361:3,(r,321307,321314),F
[Sat Aug 29 01:54:16 UTC 2026][INFO] [Action] E InsertTextContent - (c,321854,2),[,]
[Sat Aug 29 01:54:31 UTC 2026][INFO] [Action] E InsertTextContent - (r,321876,321877),[SPACE]
[Sat Aug 29 01:54:32 UTC 2026][INFO] [Action] E InsertTextContent - (c,321876,2),[w]
[Sat Aug 29 01:54:32 UTC 2026][INFO] [Action] E InsertTextContent - (c,321877,2),[i]
[Sat Aug 29 01:54:33 UTC 2026][INFO] [Action] E InsertTextContent - (c,321878,2),[t]
[Sat Aug 29 01:54:33 UTC 2026][INFO] [Action] E InsertTextContent - (c,321879,2),[h]
[Sat Aug 29 01:54:34 UTC 2026][INFO] [Action] E InsertTextContent - (c,321880,2),[SPACE]
[Sat Aug 29 01:54:48 UTC 2026][INFO] [Action] E Copy - (r,320855,321961)
[Sat Aug 29 01:55:15 UTC 2026][INFO] [Action] E InsertTextContent - (c,321829,2),[s]
[Sat Aug 29 01:55:42 UTC 2026][INFO] [Action] E UpdateStyle - (r,321773,321789),12:382:3,(r,321773,321789),F
[Sat Aug 29 01:55:43 UTC 2026][INFO] [Action] E UpdateStyle - (r,321773,321789),13:361:3,(r,321773,321789),F
[Sat Aug 29 01:55:47 UTC 2026][INFO] [Action] E DeleteContent - (r,321790,321790),F
[Sat Aug 29 01:55:49 UTC 2026][INFO] [Action] E DeleteContent - (c,321772,2),B
[Sat Aug 29 01:55:57 UTC 2026][INFO] [Action] E UpdateStyle - (r,321233,321269),13:361:3,(r,321233,321269),F
[Sat Aug 29 01:56:05 UTC 2026][INFO] [Action] E UpdateStyle - (r,321307,321314),13:350:3,(r,321307,321314),F
[Sat Aug 29 01:56:06 UTC 2026][INFO] [Action] E UpdateStyle - (r,321307,321314),12:382:3,(r,321307,321314),F
[Sat Aug 29 01:57:15 UTC 2026][INFO] [Action] E Copy - (r,321167,321203)
[Sat Aug 29 01:57:19 UTC 2026][INFO] [Action] E DeleteContent - (c,321168,1),B
[Sat Aug 29 01:57:21 UTC 2026][INFO] [Action] E DeleteContent - (c,321195,2),B
[Sat Aug 29 01:58:51 UTC 2026][INFO] [Action] E InsertTextContent - (r,321175,321177),[s]
[Sat Aug 29 01:58:52 UTC 2026][INFO] [Action] E InsertTextContent - (c,321175,2),[f]
[Sat Aug 29 01:58:52 UTC 2026][INFO] [Action] E InsertTextContent - (c,321176,2),[o]
[Sat Aug 29 01:58:52 UTC 2026][INFO] [Action] E InsertTextContent - (c,321177,2),[r]
[Sat Aug 29 01:58:53 UTC 2026][INFO] [Action] E InsertTextContent - (c,321178,2),[m]
[Sat Aug 29 01:58:55 UTC 2026][INFO] [Action] E InsertTextContent - (c,321179,2),[a]
[Sat Aug 29 01:58:55 UTC 2026][INFO] [Action] E InsertTextContent - (c,321180,2),[t]
[Sat Aug 29 01:59:36 UTC 2026][INFO] [Action] E UpdateStyle - (r,317066,317224),13:350:3,(r,317066,317224),F
[Sat Aug 29 01:59:39 UTC 2026][INFO] [Action] E ItemChanged - -1,320839
[Sat Aug 29 01:59:43 UTC 2026][INFO] [Action] E InsertTextContent - (r,321196,321198),[b]
[Sat Aug 29 01:59:43 UTC 2026][INFO] [Action] E InsertTextContent - (c,321196,2),[s]
[Sat Aug 29 01:59:43 UTC 2026][INFO] [Action] E InsertTextContent - (c,321197,2),[e]
[Sat Aug 29 01:59:44 UTC 2026][INFO] [Action] E InsertTextContent - (c,321198,2),[r]
[Sat Aug 29 01:59:44 UTC 2026][INFO] [Action] E InsertTextContent - (c,321199,2),[v]
[Sat Aug 29 01:59:45 UTC 2026][INFO] [Action] E InsertTextContent - (c,321200,2),[e]
[Sat Aug 29 01:59:49 UTC 2026][INFO] [Action] E UpdateStyle - (r,321195,321202),13:361:3,(r,321195,321202),F
[Sat Aug 29 02:01:21 UTC 2026][INFO] [Action] E Copy - (r,321100,321128)
[Sat Aug 29 02:02:16 UTC 2026][INFO] [Action] E InsertTextContent - (r,321167,321169),[P]
[Sat Aug 29 02:02:16 UTC 2026][INFO] [Action] E InsertTextContent - (c,321167,2),[R]
[Sat Aug 29 02:02:17 UTC 2026][INFO] [Action] E InsertTextContent - (c,321168,2),[E]
[Sat Aug 29 02:02:20 UTC 2026][INFO] [Action] E DeleteContent - (r,321170,321170),F
[Sat Aug 29 02:02:22 UTC 2026][INFO] [Action] E InsertTextContent - (c,321169,2),[-]
[Sat Aug 29 02:02:23 UTC 2026][INFO] [Action] E InsertTextContent - (c,321170,2),[T]
[Sat Aug 29 02:02:23 UTC 2026][INFO] [Action] E InsertTextContent - (c,321171,2),[R]
[Sat Aug 29 02:02:23 UTC 2026][INFO] [Action] E InsertTextContent - (c,321172,2),[A]
[Sat Aug 29 02:02:24 UTC 2026][INFO] [Action] E InsertTextContent - (c,321173,2),[N]
[Sat Aug 29 02:02:24 UTC 2026][INFO] [Action] E InsertTextContent - (c,321174,2),[S]
[Sat Aug 29 02:02:25 UTC 2026][INFO] [Action] E InsertTextContent - (c,321175,2),[F]
[Sat Aug 29 02:02:25 UTC 2026][INFO] [Action] E InsertTextContent - (c,321176,2),[O]
[Sat Aug 29 02:02:26 UTC 2026][INFO] [Action] E InsertTextContent - (c,321177,2),[R]
[Sat Aug 29 02:02:26 UTC 2026][INFO] [Action] E InsertTextContent - (c,321178,2),[M]
[Sat Aug 29 02:02:27 UTC 2026][INFO] [Action] E InsertTextContent - (c,321179,2),[A]
[Sat Aug 29 02:02:27 UTC 2026][INFO] [Action] E InsertTextContent - (c,321180,2),[T]
[Sat Aug 29 02:02:28 UTC 2026][INFO] [Action] E InsertTextContent - (c,321181,2),[I]
[Sat Aug 29 02:02:28 UTC 2026][INFO] [Action] E InsertTextContent - (c,321182,2),[O]
[Sat Aug 29 02:02:28 UTC 2026][INFO] [Action] E InsertTextContent - (c,321183,2),[N]
[Sat Aug 29 02:02:30 UTC 2026][INFO] [Action] E DeleteContent - (r,321185,321185),F
[Sat Aug 29 02:02:30 UTC 2026][INFO] [Action] E DeleteContent - (r,321185,321185),F
[Sat Aug 29 02:02:30 UTC 2026][INFO] [Action] E DeleteContent - (r,321185,321185),F
[Sat Aug 29 02:02:30 UTC 2026][INFO] [Action] E DeleteContent - (r,321185,321185),F
[Sat Aug 29 02:02:30 UTC 2026][INFO] [Action] E DeleteContent - (r,321185,321185),F
[Sat Aug 29 02:02:30 UTC 2026][INFO] [Action] E DeleteContent - (r,321185,321185),F
[Sat Aug 29 02:02:31 UTC 2026][INFO] [Action] E DeleteContent - (r,321185,321185),F
[Sat Aug 29 02:02:31 UTC 2026][INFO] [Action] E DeleteContent - (r,321185,321185),F
[Sat Aug 29 02:02:31 UTC 2026][INFO] [Action] E DeleteContent - (r,321185,321185),F
[Sat Aug 29 02:02:31 UTC 2026][INFO] [Action] E DeleteContent - (r,321185,321185),F
[Sat Aug 29 02:02:31 UTC 2026][INFO] [Action] E DeleteContent - (r,321185,321185),F
[Sat Aug 29 02:02:32 UTC 2026][INFO] [Action] E DeleteContent - (r,321185,321185),F
[Sat Aug 29 02:02:32 UTC 2026][INFO] [Action] E DeleteContent - (r,321185,321185),F
[Sat Aug 29 02:02:32 UTC 2026][INFO] [Action] E DeleteContent - (r,321185,321185),F
[Sat Aug 29 02:02:34 UTC 2026][INFO] [Action] E InsertTextContent - (c,321187,2),[D]
[Sat Aug 29 02:02:35 UTC 2026][INFO] [Action] E InsertTextContent - (c,321188,2),[O]
[Sat Aug 29 02:02:35 UTC 2026][INFO] [Action] E InsertTextContent - (c,321189,2),[SPACE]
[Sat Aug 29 02:02:36 UTC 2026][INFO] [Action] E InsertTextContent - (c,321190,2),[N]
[Sat Aug 29 02:02:36 UTC 2026][INFO] [Action] E InsertTextContent - (c,321191,2),[O]
[Sat Aug 29 02:02:37 UTC 2026][INFO] [Action] E InsertTextContent - (c,321192,2),[T]
[Sat Aug 29 02:02:37 UTC 2026][INFO] [Action] E InsertTextContent - (c,321193,2),[SPACE]
[Sat Aug 29 02:02:37 UTC 2026][INFO] [Action] E InsertTextContent - (c,321194,2),[O]
[Sat Aug 29 02:02:38 UTC 2026][INFO] [Action] E InsertTextContent - (c,321195,2),[B]
[Sat Aug 29 02:02:38 UTC 2026][INFO] [Action] E InsertTextContent - (c,321196,2),[S]
[Sat Aug 29 02:02:39 UTC 2026][INFO] [Action] E InsertTextContent - (c,321197,2),[E]
[Sat Aug 29 02:02:39 UTC 2026][INFO] [Action] E InsertTextContent - (c,321198,2),[R]
[Sat Aug 29 02:02:39 UTC 2026][INFO] [Action] E InsertTextContent - (c,321199,2),[B]
[Sat Aug 29 02:02:40 UTC 2026][INFO] [Action] E DeleteContent - (c,321200,2),B
[Sat Aug 29 02:02:40 UTC 2026][INFO] [Action] E InsertTextContent - (c,321200,1),[V]
[Sat Aug 29 02:02:41 UTC 2026][INFO] [Action] E InsertTextContent - (c,321200,2),[E]
[Sat Aug 29 02:02:42 UTC 2026][INFO] [Action] E DeleteContent - (r,321202,321202),F
[Sat Aug 29 02:02:42 UTC 2026][INFO] [Action] E DeleteContent - (r,321202,321202),F
[Sat Aug 29 02:02:42 UTC 2026][INFO] [Action] E DeleteContent - (r,321202,321202),F
[Sat Aug 29 02:02:42 UTC 2026][INFO] [Action] E DeleteContent - (r,321202,321202),F
[Sat Aug 29 02:02:43 UTC 2026][INFO] [Action] E DeleteContent - (r,321202,321202),F
[Sat Aug 29 02:02:43 UTC 2026][INFO] [Action] E DeleteContent - (r,321202,321202),F
[Sat Aug 29 02:02:43 UTC 2026][INFO] [Action] E DeleteContent - (r,321202,321202),F
[Sat Aug 29 02:02:43 UTC 2026][INFO] [Action] E DeleteContent - (r,321202,321202),F
[Sat Aug 29 02:02:43 UTC 2026][INFO] [Action] E DeleteContent - (r,321202,321202),F
[Sat Aug 29 02:02:43 UTC 2026][INFO] [Action] E DeleteContent - (r,321202,321202),F
[Sat Aug 29 02:02:44 UTC 2026][INFO] [Action] E DeleteContent - (r,321202,321202),F
[Sat Aug 29 02:02:44 UTC 2026][INFO] [Action] E DeleteContent - (r,321202,321202),F
[Sat Aug 29 02:02:45 UTC 2026][INFO] [Action] E DeleteContent - (r,321202,321202),F
[Sat Aug 29 02:02:45 UTC 2026][INFO] [Action] E DeleteContent - (r,321202,321202),F
[Sat Aug 29 02:02:51 UTC 2026][INFO] [Action] E UpdateStyle - (r,321184,321202),13:361:3,(r,321184,321202),F
[Sat Aug 29 02:02:52 UTC 2026][INFO] [Action] E UpdateStyle - (r,321184,321202),13:350:3,(r,321184,321202),F
[Sat Aug 29 02:03:13 UTC 2026][INFO] [Action] E InsertTextContent - (c,320875,2),[SPACE]
[Sat Aug 29 02:03:14 UTC 2026][INFO] [Action] E InsertTextContent - (c,320876,2),[(]
[Sat Aug 29 02:03:15 UTC 2026][INFO] [Action] E InsertTextContent - (c,320877,2),[S]
[Sat Aug 29 02:03:17 UTC 2026][INFO] [Action] E InsertTextContent - (c,320878,2),[.]
[Sat Aug 29 02:03:18 UTC 2026][INFO] [Action] E InsertTextContent - (c,320879,2),[R]
[Sat Aug 29 02:03:19 UTC 2026][INFO] [Action] E InsertTextContent - (c,320880,2),[.]
[Sat Aug 29 02:03:19 UTC 2026][INFO] [Action] E InsertTextContent - (c,320881,2),[G]
[Sat Aug 29 02:03:22 UTC 2026][INFO] [Action] E DeleteContent - (c,320882,2),B
[Sat Aug 29 02:03:22 UTC 2026][INFO] [Action] E DeleteContent - (c,320882,1),B
[Sat Aug 29 02:03:22 UTC 2026][INFO] [Action] E DeleteContent - (c,320881,1),B
[Sat Aug 29 02:03:23 UTC 2026][INFO] [Action] E InsertTextContent - (c,320880,1),[G]
[Sat Aug 29 02:03:24 UTC 2026][INFO] [Action] E InsertTextContent - (c,320880,2),[.]
[Sat Aug 29 02:03:25 UTC 2026][INFO] [Action] E InsertTextContent - (c,320881,2),[R]
[Sat Aug 29 02:03:25 UTC 2026][INFO] [Action] E InsertTextContent - (c,320882,2),[.]
[Sat Aug 29 02:03:26 UTC 2026][INFO] [Action] E InsertTextContent - (c,320883,2),[)]
[Sat Aug 29 02:03:34 UTC 2026][INFO] [Action] E Copy - (r,320839,321974)
[Sat Aug 29 02:07:27 UTC 2026][INFO] [Action] E SplitContainer - 320999
[Sat Aug 29 02:07:31 UTC 2026][INFO] [Action] E MergeContainer - 320999,1
[Sat Aug 29 02:07:45 UTC 2026][INFO] [Action] E InsertTextContent - (c,320968,2),[SPACE]
[Sat Aug 29 02:07:46 UTC 2026][INFO] [Action] E InsertTextContent - (c,320969,2),[o]
[Sat Aug 29 02:07:46 UTC 2026][INFO] [Action] E InsertTextContent - (c,320970,2),[f]
[Sat Aug 29 02:07:46 UTC 2026][INFO] [Action] E InsertTextContent - (c,320971,2),[SPACE]
[Sat Aug 29 02:07:47 UTC 2026][INFO] [Action] E InsertTextContent - (c,320972,2),[h]
[Sat Aug 29 02:07:48 UTC 2026][INFO] [Action] E InsertTextContent - (c,320973,2),[e]
[Sat Aug 29 02:07:48 UTC 2026][INFO] [Action] E InsertTextContent - (c,320974,2),[r]
[Sat Aug 29 02:08:05 UTC 2026][INFO] [Action] E UpdateStyle - (r,321183,321219),13:361:3,(r,321183,321219),F
[Sat Aug 29 02:08:48 UTC 2026][INFO] [Action] E UpdateStyle - (r,321254,321306),13:361:3,(r,321254,321306),F
[Sat Aug 29 02:08:48 UTC 2026][INFO] [Action] E UpdateStyle - (r,321254,321306),13:350:3,(r,321254,321306),F
[Sat Aug 29 02:08:58 UTC 2026][INFO] [Action] E UpdateStyle - (r,321793,321809),13:350:3,(r,321793,321809),F
[Sat Aug 29 02:09:00 UTC 2026][INFO] [Action] E InsertTextContent - (c,321791,2),[SPACE]
[Sat Aug 29 02:09:01 UTC 2026][INFO] [Action] E MergeContainer - 321792,0
[Sat Aug 29 02:09:03 UTC 2026][INFO] [Action] E DeleteContent - (r,321793,321793),F
[Sat Aug 29 02:09:20 UTC 2026][INFO] [Action] E InsertTextContent - (c,321816,2),[,]
[Sat Aug 29 02:09:21 UTC 2026][INFO] [Action] E DeleteContent - (r,321818,321818),F
[Sat Aug 29 02:09:21 UTC 2026][INFO] [Action] E MergeContainer - 321817,0
[Sat Aug 29 02:09:22 UTC 2026][INFO] [Action] E InsertTextContent - (c,321817,2),[SPACE]
[Sat Aug 29 02:12:14 UTC 2026][INFO] [Action] E UpdateStyle - (r,321254,321290),13:361:3,(r,321254,321290),F
[Sat Aug 29 02:12:22 UTC 2026][INFO] [Action] E UpdateStyle - (r,321793,321809),13:361:3,(r,321793,321809),F
[Sat Aug 29 02:12:46 UTC 2026][INFO] [Action] E Copy - (r,320855,320875)
[Sat Aug 29 02:12:52 UTC 2026][INFO] [Action] E Paste - (r,321225,321227),21
[Sat Aug 29 02:13:25 UTC 2026][INFO] [Action] E InsertTextContent - (c,321248,2),[SPACE]
[Sat Aug 29 02:13:26 UTC 2026][INFO] [Action] E InsertTextContent - (c,321249,2),[a]
[Sat Aug 29 02:13:26 UTC 2026][INFO] [Action] E InsertTextContent - (c,321250,2),[m]
[Sat Aug 29 02:13:28 UTC 2026][INFO] [Action] E DeleteContent - (c,321251,2),B
[Sat Aug 29 02:13:29 UTC 2026][INFO] [Action] E DeleteContent - (c,321251,1),B
[Sat Aug 29 02:13:30 UTC 2026][INFO] [Action] E InsertTextContent - (c,321250,1),[n]
[Sat Aug 29 02:13:30 UTC 2026][INFO] [Action] E InsertTextContent - (c,321250,2),[a]
[Sat Aug 29 02:13:31 UTC 2026][INFO] [Action] E InsertTextContent - (c,321251,2),[e]
[Sat Aug 29 02:13:31 UTC 2026][INFO] [Action] E InsertTextContent - (c,321252,2),[d]
[Sat Aug 29 02:13:36 UTC 2026][INFO] [Action] E InsertTextContent - (c,321251,2),[m]
[Sat Aug 29 02:13:41 UTC 2026][INFO] [Action] E InsertTextContent - (c,321250,1),[i]
[Sat Aug 29 02:13:42 UTC 2026][INFO] [Action] E InsertTextContent - (c,321250,2),[n]
[Sat Aug 29 02:13:43 UTC 2026][INFO] [Action] E InsertTextContent - (c,321251,2),[d]
[Sat Aug 29 02:13:43 UTC 2026][INFO] [Action] E InsertTextContent - (c,321252,2),[e]
[Sat Aug 29 02:13:43 UTC 2026][INFO] [Action] E InsertTextContent - (c,321253,2),[e]
[Sat Aug 29 02:13:43 UTC 2026][INFO] [Action] E InsertTextContent - (c,321254,2),[d]
[Sat Aug 29 02:13:44 UTC 2026][INFO] [Action] E DeleteContent - (r,321256,321256),F
[Sat Aug 29 02:13:44 UTC 2026][INFO] [Action] E DeleteContent - (r,321256,321256),F
[Sat Aug 29 02:13:45 UTC 2026][INFO] [Action] E DeleteContent - (r,321256,321256),F
[Sat Aug 29 02:13:45 UTC 2026][INFO] [Action] E DeleteContent - (r,321256,321256),F
[Sat Aug 29 02:13:45 UTC 2026][INFO] [Action] E DeleteContent - (r,321256,321256),F
[Sat Aug 29 02:14:00 UTC 2026][INFO] [Action] E InsertTextContent - (c,321798,1),[L]
[Sat Aug 29 02:14:00 UTC 2026][INFO] [Action] E InsertTextContent - (c,321798,2),[o]
[Sat Aug 29 02:14:01 UTC 2026][INFO] [Action] E InsertTextContent - (c,321799,2),[t]
[Sat Aug 29 02:14:01 UTC 2026][INFO] [Action] E InsertTextContent - (c,321800,2),[h]
[Sat Aug 29 02:14:01 UTC 2026][INFO] [Action] E InsertTextContent - (c,321801,2),[a]
[Sat Aug 29 02:14:01 UTC 2026][INFO] [Action] E InsertTextContent - (c,321802,2),[r]
[Sat Aug 29 02:14:02 UTC 2026][INFO] [Action] E InsertTextContent - (c,321803,2),[SPACE]
[Sat Aug 29 02:14:02 UTC 2026][INFO] [Action] E InsertTextContent - (c,321804,2),[J]
[Sat Aug 29 02:14:03 UTC 2026][INFO] [Action] E InsertTextContent - (c,321805,2),[.]
[Sat Aug 29 02:14:03 UTC 2026][INFO] [Action] E InsertTextContent - (c,321806,2),[SPACE]
[Sat Aug 29 02:14:29 UTC 2026][INFO] [Action] E DeleteContent - (r,321798,321807),B
[Sat Aug 29 02:14:39 UTC 2026][INFO] [Action] E Cut - (r,321782,321792)
[Sat Aug 29 02:14:46 UTC 2026][INFO] [Action] E Paste - (c,321830,2),11
[Sat Aug 29 02:17:37 UTC 2026][INFO] [Action] E DeleteContent - (r,321218,321218),F
[Sat Aug 29 02:19:47 UTC 2026][INFO] [Action] E Copy - (r,320839,322006)
[Sat Aug 29 02:27:47 UTC 2026][INFO] [Action] E SaveBook - Save
[Sat Aug 29 02:27:58 UTC 2026][INFO] [Action] E DeleteContent - (r,323668,323668),B
[Sat Aug 29 02:28:49 UTC 2026][INFO] [Action] EE InsertImageAction - (c,323664,1),ribbackcover.png,3,1,0.000000,0.000000,0.000000,0.000000,0.000000,0.000000,0
[Sat Aug 29 02:28:56 UTC 2026][INFO] [Action] E AddTextContainer - (c,323668,2),0,0,0
[Sat Aug 29 02:29:26 UTC 2026][INFO] [Action] E InsertTextContent - (c,323668,2),[SPACE]
[Sat Aug 29 02:29:26 UTC 2026][INFO] [Action] E InsertTextContent - (c,323669,2),[SPACE]
[Sat Aug 29 02:29:27 UTC 2026][INFO] [Action] E InsertTextContent - (c,323670,2),[SPACE]
[Sat Aug 29 02:29:27 UTC 2026][INFO] [Action] E InsertTextContent - (c,323671,2),[SPACE]
[Sat Aug 29 02:29:31 UTC 2026][INFO] [Action] E InsertTextContent - (c,323662,2),[SPACE]
[Sat Aug 29 02:29:32 UTC 2026][INFO] [Action] E InsertTextContent - (c,323663,2),[SPACE]
[Sat Aug 29 02:29:32 UTC 2026][INFO] [Action] E InsertTextContent - (c,323664,2),[SPACE]
[Sat Aug 29 02:29:32 UTC 2026][INFO] [Action] E InsertTextContent - (c,323665,2),[SPACE]
[Sat Aug 29 02:29:33 UTC 2026][INFO] [Action] E InsertTextContent - (c,323666,2),[SPACE]
[Sat Aug 29 02:29:33 UTC 2026][INFO] [Action] E InsertTextContent - (c,323667,2),[SPACE]
[Sat Aug 29 02:29:33 UTC 2026][INFO] [Action] E InsertTextContent - (c,323668,2),[SPACE]
[Sat Aug 29 02:29:33 UTC 2026][INFO] [Action] E InsertTextContent - (c,323669,2),[SPACE]
[Sat Aug 29 02:29:33 UTC 2026][INFO] [Action] E InsertTextContent - (c,323670,2),[SPACE]
[Sat Aug 29 02:29:33 UTC 2026][INFO] [Action] E InsertTextContent - (c,323671,2),[SPACE]
[Sat Aug 29 02:29:33 UTC 2026][INFO] [Action] E InsertTextContent - (c,323672,2),[SPACE]
[Sat Aug 29 02:29:33 UTC 2026][INFO] [Action] E InsertTextContent - (c,323673,2),[SPACE]
[Sat Aug 29 02:29:33 UTC 2026][INFO] [Action] E InsertTextContent - (c,323674,2),[SPACE]
[Sat Aug 29 02:29:33 UTC 2026][INFO] [Action] E InsertTextContent - (c,323675,2),[SPACE]
[Sat Aug 29 02:29:33 UTC 2026][INFO] [Action] E InsertTextContent - (c,323676,2),[SPACE]
[Sat Aug 29 02:29:33 UTC 2026][INFO] [Action] E InsertTextContent - (c,323677,2),[SPACE]
[Sat Aug 29 02:29:33 UTC 2026][INFO] [Action] E InsertTextContent - (c,323678,2),[SPACE]
[Sat Aug 29 02:29:33 UTC 2026][INFO] [Action] E InsertTextContent - (c,323679,2),[SPACE]
[Sat Aug 29 02:29:33 UTC 2026][INFO] [Action] E InsertTextContent - (c,323680,2),[SPACE]
[Sat Aug 29 02:29:33 UTC 2026][INFO] [Action] E InsertTextContent - (c,323681,2),[SPACE]
[Sat Aug 29 02:29:33 UTC 2026][INFO] [Action] E InsertTextContent - (c,323682,2),[SPACE]
[Sat Aug 29 02:29:33 UTC 2026][INFO] [Action] E InsertTextContent - (c,323683,2),[SPACE]
[Sat Aug 29 02:29:33 UTC 2026][INFO] [Action] E InsertTextContent - (c,323684,2),[SPACE]
[Sat Aug 29 02:29:34 UTC 2026][INFO] [Action] E InsertTextContent - (c,323685,2),[SPACE]
[Sat Aug 29 02:29:34 UTC 2026][INFO] [Action] E InsertTextContent - (c,323686,2),[SPACE]
[Sat Aug 29 02:29:34 UTC 2026][INFO] [Action] E InsertTextContent - (c,323687,2),[SPACE]
[Sat Aug 29 02:29:34 UTC 2026][INFO] [Action] E InsertTextContent - (c,323688,2),[SPACE]
[Sat Aug 29 02:29:34 UTC 2026][INFO] [Action] E InsertTextContent - (c,323689,2),[SPACE]
[Sat Aug 29 02:29:34 UTC 2026][INFO] [Action] E InsertTextContent - (c,323690,2),[SPACE]
[Sat Aug 29 02:29:34 UTC 2026][INFO] [Action] E InsertTextContent - (c,323691,2),[SPACE]
[Sat Aug 29 02:29:34 UTC 2026][INFO] [Action] E InsertTextContent - (c,323692,2),[SPACE]
[Sat Aug 29 02:29:34 UTC 2026][INFO] [Action] E InsertTextContent - (c,323693,2),[SPACE]
[Sat Aug 29 02:29:34 UTC 2026][INFO] [Action] E InsertTextContent - (c,323694,2),[SPACE]
[Sat Aug 29 02:29:34 UTC 2026][INFO] [Action] E InsertTextContent - (c,323695,2),[SPACE]
[Sat Aug 29 02:29:34 UTC 2026][INFO] [Action] E InsertTextContent - (c,323696,2),[SPACE]
[Sat Aug 29 02:29:34 UTC 2026][INFO] [Action] E InsertTextContent - (c,323697,2),[SPACE]
[Sat Aug 29 02:29:34 UTC 2026][INFO] [Action] E InsertTextContent - (c,323698,2),[SPACE]
[Sat Aug 29 02:29:34 UTC 2026][INFO] [Action] E InsertTextContent - (c,323699,2),[SPACE]
[Sat Aug 29 02:29:34 UTC 2026][INFO] [Action] E InsertTextContent - (c,323700,2),[SPACE]
[Sat Aug 29 02:29:34 UTC 2026][INFO] [Action] E InsertTextContent - (c,323701,2),[SPACE]
[Sat Aug 29 02:29:34 UTC 2026][INFO] [Action] E InsertTextContent - (c,323702,2),[SPACE]
[Sat Aug 29 02:29:34 UTC 2026][INFO] [Action] E InsertTextContent - (c,323703,2),[SPACE]
[Sat Aug 29 02:29:34 UTC 2026][INFO] [Action] E InsertTextContent - (c,323704,2),[SPACE]
[Sat Aug 29 02:29:34 UTC 2026][INFO] [Action] E InsertTextContent - (c,323705,2),[SPACE]
[Sat Aug 29 02:29:34 UTC 2026][INFO] [Action] E InsertTextContent - (c,323706,2),[SPACE]
[Sat Aug 29 02:29:34 UTC 2026][INFO] [Action] E InsertTextContent - (c,323707,2),[SPACE]
[Sat Aug 29 02:29:35 UTC 2026][INFO] [Action] E InsertTextContent - (c,323708,2),[SPACE]
[Sat Aug 29 02:29:35 UTC 2026][INFO] [Action] E InsertTextContent - (c,323709,2),[SPACE]
[Sat Aug 29 02:29:35 UTC 2026][INFO] [Action] E InsertTextContent - (c,323710,2),[SPACE]
[Sat Aug 29 02:29:35 UTC 2026][INFO] [Action] E InsertTextContent - (c,323711,2),[SPACE]
[Sat Aug 29 02:29:35 UTC 2026][INFO] [Action] E InsertTextContent - (c,323712,2),[SPACE]
[Sat Aug 29 02:29:35 UTC 2026][INFO] [Action] E InsertTextContent - (c,323713,2),[SPACE]
[Sat Aug 29 02:29:35 UTC 2026][INFO] [Action] E InsertTextContent - (c,323714,2),[SPACE]
[Sat Aug 29 02:29:35 UTC 2026][INFO] [Action] E InsertTextContent - (c,323715,2),[SPACE]
[Sat Aug 29 02:29:36 UTC 2026][INFO] [Action] E DeleteContent - (c,323716,2),B
[Sat Aug 29 02:29:36 UTC 2026][INFO] [Action] E DeleteContent - (c,323715,2),B
[Sat Aug 29 02:29:36 UTC 2026][INFO] [Action] E DeleteContent - (c,323714,2),B
[Sat Aug 29 02:29:39 UTC 2026][INFO] [Action] E DeleteContent - (c,323713,2),B
[Sat Aug 29 02:29:39 UTC 2026][INFO] [Action] E DeleteContent - (c,323712,2),B
[Sat Aug 29 02:29:39 UTC 2026][INFO] [Action] E DeleteContent - (c,323711,2),B
[Sat Aug 29 02:29:39 UTC 2026][INFO] [Action] E DeleteContent - (c,323710,2),B
[Sat Aug 29 02:29:40 UTC 2026][INFO] [Action] E DeleteContent - (c,323709,2),B
[Sat Aug 29 02:29:44 UTC 2026][INFO] [Action] E InsertTextContent - (r,323665,323700),[SPACE]
[Sat Aug 29 02:29:46 UTC 2026][INFO] [Action] E SplitContainer - 323666
[Sat Aug 29 02:29:47 UTC 2026][INFO] [Action] E AddTextContainer - (c,323666,1),1,0,0
[Sat Aug 29 02:29:47 UTC 2026][INFO] [Action] E AddTextContainer - (c,323667,1),1,0,0
[Sat Aug 29 02:29:47 UTC 2026][INFO] [Action] E AddTextContainer - (c,323668,1),1,0,0
[Sat Aug 29 02:29:48 UTC 2026][INFO] [Action] E AddTextContainer - (c,323669,1),1,0,0
[Sat Aug 29 02:29:48 UTC 2026][INFO] [Action] E AddTextContainer - (c,323670,1),1,0,0
[Sat Aug 29 02:29:48 UTC 2026][INFO] [Action] E AddTextContainer - (c,323671,1),1,0,0
[Sat Aug 29 02:29:53 UTC 2026][INFO] [Action] E MergeContainer - 323672,1
[Sat Aug 29 02:30:00 UTC 2026][INFO] [Action] E MergeContainer - 323665,0
[Sat Aug 29 02:30:00 UTC 2026][INFO] [Action] E MergeContainer - 323665,0
[Sat Aug 29 02:30:02 UTC 2026][INFO] [Action] E AddTextContainer - (c,323665,2),0,0,0
[Sat Aug 29 02:30:03 UTC 2026][INFO] [Action] E AddTextContainer - (c,323666,1),1,0,0
[Sat Aug 29 02:30:04 UTC 2026][INFO] [Action] E AddTextContainer - (c,323667,1),1,0,0
[Sat Aug 29 02:30:04 UTC 2026][INFO] [Action] E AddTextContainer - (c,323668,1),1,0,0
[Sat Aug 29 02:30:04 UTC 2026][INFO] [Action] E AddTextContainer - (c,323669,1),1,0,0
[Sat Aug 29 02:30:05 UTC 2026][INFO] [Action] E AddTextContainer - (c,323670,1),1,0,0
[Sat Aug 29 02:30:05 UTC 2026][INFO] [Action] E AddTextContainer - (c,323671,1),1,0,0
[Sat Aug 29 02:30:07 UTC 2026][INFO] [Action] E MergeContainer - 323672,1
[Sat Aug 29 02:30:12 UTC 2026][INFO] [Action] E MergeContainer - 323672,0
[Sat Aug 29 02:30:12 UTC 2026][INFO] [Action] E MergeContainer - 323672,0
[Sat Aug 29 02:30:13 UTC 2026][INFO] [Action] E MergeContainer - 323672,1
[Sat Aug 29 02:30:17 UTC 2026][INFO] [Action] E MergeContainer - 323672,1
[Sat Aug 29 02:30:37 UTC 2026][INFO] [Action] EE UpdateImageAction - (r,323680,323680),[56:100.000000],4,1,0.000000,0.000000,0.000000,0.000000,0.000000,0.000000,0
[Sat Aug 29 02:30:44 UTC 2026][INFO] [Action] E MergeContainer - 323681,1
[Sat Aug 29 02:30:47 UTC 2026][INFO] [Action] E DeleteContent - (r,323689,323689),F
[Sat Aug 29 02:30:48 UTC 2026][INFO] [Action] E RemoveSectionBreak - 323689,1
[Sat Aug 29 02:30:48 UTC 2026][INFO] [Action] EFail RemoveSectionBreak - 4
[Sat Aug 29 02:30:48 UTC 2026][INFO] [Action] E RemoveSectionBreak - 323689,1
[Sat Aug 29 02:30:48 UTC 2026][INFO] [Action] EFail RemoveSectionBreak - 4
[Sat Aug 29 02:30:48 UTC 2026][INFO] [Action] E RemoveSectionBreak - 323689,1
[Sat Aug 29 02:30:48 UTC 2026][INFO] [Action] EFail RemoveSectionBreak - 4
[Sat Aug 29 02:30:48 UTC 2026][INFO] [Action] E RemoveSectionBreak - 323689,1
[Sat Aug 29 02:30:48 UTC 2026][INFO] [Action] EFail RemoveSectionBreak - 4
[Sat Aug 29 02:30:49 UTC 2026][INFO] [Action] E RemoveSectionBreak - 323689,1
[Sat Aug 29 02:30:49 UTC 2026][INFO] [Action] EFail RemoveSectionBreak - 4
[Sat Aug 29 02:30:49 UTC 2026][INFO] [Action] E MergeContainer - 323689,1
[Sat Aug 29 02:30:50 UTC 2026][INFO] [Action] E DeleteContent - (c,323688,2),B
[Sat Aug 29 02:30:50 UTC 2026][INFO] [Action] E DeleteContent - (c,323687,2),B
[Sat Aug 29 02:30:50 UTC 2026][INFO] [Action] E DeleteContent - (c,323686,2),B
[Sat Aug 29 02:30:50 UTC 2026][INFO] [Action] E DeleteContent - (c,323685,2),B
[Sat Aug 29 02:30:51 UTC 2026][INFO] [Action] E DeleteContent - (c,323684,2),B
[Sat Aug 29 02:30:51 UTC 2026][INFO] [Action] E DeleteContent - (c,323683,2),B
[Sat Aug 29 02:30:51 UTC 2026][INFO] [Action] E DeleteContent - (c,323682,2),B
[Sat Aug 29 02:30:51 UTC 2026][INFO] [Action] E DeleteContent - (c,323681,2),B
[Sat Aug 29 02:30:51 UTC 2026][INFO] [Action] E MergeContainer - 323681,1
[Sat Aug 29 02:30:54 UTC 2026][INFO] [Action] E MergeContainer - 323681,1
[Sat Aug 29 02:30:55 UTC 2026][INFO] [Action] E MergeContainer - 323681,1
[Sat Aug 29 02:30:57 UTC 2026][INFO] [Action] E MergeContainer - 323681,1
[Sat Aug 29 02:31:33 UTC 2026][INFO] [Action] E InsertGenericPageAction - 17,41
[Sat Aug 29 02:31:47 UTC 2026][INFO] [Action] EE InsertImageAction - (c,323690,2),ribbackcover.png,3,1,0.000000,0.000000,0.000000,0.000000,0.000000,0.000000,0
[Sat Aug 29 02:31:58 UTC 2026][INFO] [Action] E DeleteContent - (r,323683,323690),B
[Sat Aug 29 02:32:04 UTC 2026][INFO] [Action] EE UpdateImageAction - (r,323683,323683),[56:100.000000],4,1,0.000000,0.000000,0.000000,0.000000,0.000000,0.000000,0
[Sat Aug 29 02:32:15 UTC 2026][INFO] [Action] EE UpdateImageAction - (r,323683,323683),[584:rrr],0,1,0.000000,0.000000,0.000000,0.000000,0.000000,0.000000,0
[Sat Aug 29 02:32:28 UTC 2026][INFO] [Action] EE UpdateImageAction - (r,323683,323683),[584:],0,1,0.000000,0.000000,0.000000,0.000000,0.000000,0.000000,0
[Sat Aug 29 02:32:55 UTC 2026][INFO] [Action] EE UpdateImageAction - (r,323683,323683),[584:Back Matter],0,1,0.000000,0.000000,0.000000,0.000000,0.000000,0.000000,0
[Sat Aug 29 02:33:03 UTC 2026][INFO] [Action] EE UpdateImageAction - (r,323683,323683),[584:],0,1,0.000000,0.000000,0.000000,0.000000,0.000000,0.000000,0
[Sat Aug 29 02:33:04 UTC 2026][INFO] [Action] EE UpdateImageAction - (r,323683,323683),[584:UNK],0,1,0.000000,0.000000,0.000000,0.000000,0.000000,0.000000,0
[Sat Aug 29 02:33:11 UTC 2026][INFO] [Action] E ItemChanged - -1,323680
[Sat Aug 29 02:33:14 UTC 2026][INFO] [Action] E ItemChanged - -1,323680
[Sat Aug 29 02:33:15 UTC 2026][INFO] [Action] E ItemChanged - -1,323680
[Sat Aug 29 02:33:15 UTC 2026][INFO] [Action] E ItemChanged - -1,323680
[Sat Aug 29 02:33:16 UTC 2026][INFO] [Action] E ItemChanged - -1,323259
[Sat Aug 29 02:33:21 UTC 2026][INFO] [Action] E ItemChanged - -1,322008
[Sat Aug 29 02:33:29 UTC 2026][INFO] [Action] E DeleteContent - (r,323680,323680),B
[Sat Aug 29 02:33:31 UTC 2026][INFO] [Action] E RemoveSectionBreak - 323680,0
[Sat Aug 29 02:33:39 UTC 2026][INFO] [Action] U RemoveSectionBreak
[Sat Aug 29 02:33:41 UTC 2026][INFO] [Action] U DeleteContent
[Sat Aug 29 02:33:42 UTC 2026][INFO] [Action] R DeleteContent
[Sat Aug 29 02:33:44 UTC 2026][INFO] [Action] E RemoveSectionBreak - 323680,1
[Sat Aug 29 02:33:46 UTC 2026][INFO] [Action] E ItemChanged - -1,323259
[Sat Aug 29 02:33:47 UTC 2026][INFO] [Action] E ItemChanged - -1,323680
[Sat Aug 29 02:33:50 UTC 2026][INFO] [Action] E ItemChanged - -1,323680
[Sat Aug 29 02:33:50 UTC 2026][INFO] [Action] E ItemChanged - -1,323680
[Sat Aug 29 02:33:51 UTC 2026][INFO] [Action] E ItemChanged - -1,323259
[Sat Aug 29 02:34:01 UTC 2026][INFO] [Action] E ItemChanged - -1,323259
[Sat Aug 29 02:34:04 UTC 2026][INFO] [Action] E ItemChanged - -1,323680
[Sat Aug 29 02:34:05 UTC 2026][INFO] [Action] E ItemChanged - -1,323680
[Sat Aug 29 02:34:06 UTC 2026][INFO] [Action] E ItemChanged - -1,323680
[Sat Aug 29 02:34:08 UTC 2026][INFO] [Action] E ItemChanged - -1,323680
[Sat Aug 29 02:34:13 UTC 2026][INFO] [Action] U RemoveSectionBreak
[Sat Aug 29 02:34:19 UTC 2026][INFO] [Action] E ItemChanged - -1,323259
[Sat Aug 29 02:34:23 UTC 2026][INFO] [Action] U DeleteContent
[Sat Aug 29 02:34:25 UTC 2026][INFO] [Action] E ItemChanged - -1,323680
[Sat Aug 29 02:34:27 UTC 2026][INFO] [Action] E ItemChanged - -1,323680
[Sat Aug 29 02:34:28 UTC 2026][INFO] [Action] E ItemChanged - -1,323259
[Sat Aug 29 02:34:29 UTC 2026][INFO] [Action] E ItemChanged - -1,323680
[Sat Aug 29 02:34:34 UTC 2026][INFO] [Action] E ItemChanged - -1,323680
[Sat Aug 29 02:34:34 UTC 2026][INFO] [Action] E ItemChanged - -1,323680
[Sat Aug 29 02:34:41 UTC 2026][INFO] [Action] E DeleteContent - (r,323680,323681),B
[Sat Aug 29 02:34:43 UTC 2026][INFO] [Action] E ItemChanged - -1,323259
[Sat Aug 29 02:34:56 UTC 2026][INFO] [Action] E ItemChanged - -1,323259
[Sat Aug 29 02:34:59 UTC 2026][INFO] [Action] E ItemChanged - -1,323259
[Sat Aug 29 02:35:03 UTC 2026][INFO] [Action] E ItemChanged - -1,322008
[Sat Aug 29 02:35:09 UTC 2026][INFO] [Action] E SaveBook - Save
[Sat Aug 29 02:35:17 UTC 2026][INFO] [Action] E ItemChanged - -1,277077
[Sat Aug 29 02:35:20 UTC 2026][INFO] [Action] E ItemChanged - -1,280660
[Sat Aug 29 02:35:23 UTC 2026][INFO] [Action] E ItemChanged - -1,285556
[Sat Aug 29 02:35:25 UTC 2026][INFO] [Action] E ItemChanged - -1,284023
[Sat Aug 29 02:35:33 UTC 2026][INFO] [Action] E ItemChanged - -1,285556
[Sat Aug 29 02:35:45 UTC 2026][INFO] [Action] E Copy - (r,285566,285567)
[Sat Aug 29 02:35:46 UTC 2026][INFO] [Action] E ItemChanged - -1,280660
[Sat Aug 29 02:35:49 UTC 2026][INFO] [Action] E DeleteContent - (c,280738,2),B
[Sat Aug 29 02:35:49 UTC 2026][INFO] [Action] E DeleteContent - (c,280738,1),B
[Sat Aug 29 02:35:49 UTC 2026][INFO] [Action] E DeleteContent - (c,280737,1),B
[Sat Aug 29 02:35:50 UTC 2026][INFO] [Action] E DeleteContent - (c,280736,1),B
[Sat Aug 29 02:35:50 UTC 2026][INFO] [Action] E DeleteContent - (c,280735,1),B
[Sat Aug 29 02:35:50 UTC 2026][INFO] [Action] E DeleteContent - (c,280734,1),B
[Sat Aug 29 02:35:50 UTC 2026][INFO] [Action] E DeleteContent - (c,280733,1),B
[Sat Aug 29 02:35:51 UTC 2026][INFO] [Action] E DeleteContent - (c,280732,1),B
[Sat Aug 29 02:35:51 UTC 2026][INFO] [Action] E DeleteContent - (c,280731,1),B
[Sat Aug 29 02:35:54 UTC 2026][INFO] [Action] E Paste - (r,280674,280702),4
[Sat Aug 29 02:35:57 UTC 2026][INFO] [Action] U Paste
[Sat Aug 29 02:36:01 UTC 2026][INFO] [Action] E DeleteContent - (c,280729,2),B
[Sat Aug 29 02:36:03 UTC 2026][INFO] [Action] E DeleteContent - (c,280729,1),B
[Sat Aug 29 02:36:07 UTC 2026][INFO] [Action] E InsertTextContent - (r,280668,280699),[1]
[Sat Aug 29 02:36:12 UTC 2026][INFO] [Action] E Paste - (c,280668,2),4
[Sat Aug 29 02:36:14 UTC 2026][INFO] [Action] U Paste
[Sat Aug 29 02:36:19 UTC 2026][INFO] [Action] E ItemChanged - -1,285514
[Sat Aug 29 02:36:20 UTC 2026][INFO] [Action] E ItemChanged - -1,285514
[Sat Aug 29 02:36:21 UTC 2026][INFO] [Action] E ItemChanged - -1,285514
[Sat Aug 29 02:36:23 UTC 2026][INFO] [Action] E ItemChanged - -1,285514
[Sat Aug 29 02:36:23 UTC 2026][INFO] [Action] E ItemChanged - -1,285514
[Sat Aug 29 02:36:33 UTC 2026][INFO] [Action] E Copy - (r,285524,285524)
[Sat Aug 29 02:36:37 UTC 2026][INFO] [Action] E ItemChanged - -1,280660
[Sat Aug 29 02:36:40 UTC 2026][INFO] [Action] E Paste - (c,280668,2),3
[Sat Aug 29 02:36:47 UTC 2026][INFO] [Action] E RemoveSectionBreak - 280670,0
[Sat Aug 29 02:36:48 UTC 2026][INFO] [Action] E MergeContainer - 280669,1
[Sat Aug 29 02:36:56 UTC 2026][INFO] [Action] E RemoveSectionBreak - 280669,1
[Sat Aug 29 02:36:57 UTC 2026][INFO] [Action] E DeleteContent - (r,280671,280671),F
[Sat Aug 29 02:36:58 UTC 2026][INFO] [Action] E DeleteContent - (r,280671,280671),F
[Sat Aug 29 02:36:58 UTC 2026][INFO] [Action] E DeleteContent - (r,280671,280671),F
[Sat Aug 29 02:36:58 UTC 2026][INFO] [Action] E DeleteContent - (r,280671,280671),F
[Sat Aug 29 02:36:58 UTC 2026][INFO] [Action] E DeleteContent - (r,280671,280671),F
[Sat Aug 29 02:36:58 UTC 2026][INFO] [Action] E DeleteContent - (r,280671,280671),F
[Sat Aug 29 02:36:59 UTC 2026][INFO] [Action] E DeleteContent - (r,280671,280671),F
[Sat Aug 29 02:36:59 UTC 2026][INFO] [Action] E DeleteContent - (r,280671,280671),F
[Sat Aug 29 02:36:59 UTC 2026][INFO] [Action] E DeleteContent - (r,280671,280671),F
[Sat Aug 29 02:36:59 UTC 2026][INFO] [Action] E DeleteContent - (r,280671,280671),F
[Sat Aug 29 02:36:59 UTC 2026][INFO] [Action] E DeleteContent - (r,280671,280671),F
[Sat Aug 29 02:37:00 UTC 2026][INFO] [Action] E DeleteContent - (r,280671,280671),F
[Sat Aug 29 02:37:00 UTC 2026][INFO] [Action] E DeleteContent - (r,280671,280671),F
[Sat Aug 29 02:37:00 UTC 2026][INFO] [Action] E DeleteContent - (r,280671,280671),F
[Sat Aug 29 02:37:03 UTC 2026][INFO] [Action] E DeleteContent - (r,280681,280683),B
[Sat Aug 29 02:37:03 UTC 2026][INFO] [Action] E DeleteContent - (c,280680,2),B
[Sat Aug 29 02:37:04 UTC 2026][INFO] [Action] E DeleteContent - (c,280680,1),B
[Sat Aug 29 02:37:04 UTC 2026][INFO] [Action] E DeleteContent - (c,280679,1),B
[Sat Aug 29 02:37:04 UTC 2026][INFO] [Action] E DeleteContent - (c,280678,1),B
[Sat Aug 29 02:37:05 UTC 2026][INFO] [Action] E DeleteContent - (c,280677,1),B
[Sat Aug 29 02:37:05 UTC 2026][INFO] [Action] E DeleteContent - (c,280676,1),B
[Sat Aug 29 02:37:05 UTC 2026][INFO] [Action] E DeleteContent - (c,280675,1),B
[Sat Aug 29 02:37:05 UTC 2026][INFO] [Action] E DeleteContent - (c,280674,1),B
[Sat Aug 29 02:37:05 UTC 2026][INFO] [Action] E DeleteContent - (c,280673,1),B
[Sat Aug 29 02:37:06 UTC 2026][INFO] [Action] E DeleteContent - (c,280672,1),B
[Sat Aug 29 02:37:06 UTC 2026][INFO] [Action] E DeleteContent - (c,280671,1),B
[Sat Aug 29 02:37:06 UTC 2026][INFO] [Action] E MergeContainer - 280670,1
[Sat Aug 29 02:37:06 UTC 2026][INFO] [Action] E DeleteContent - (c,280669,2),B
[Sat Aug 29 02:37:09 UTC 2026][INFO] [Action] U DeleteContent
[Sat Aug 29 02:37:11 UTC 2026][INFO] [Action] E InsertTextContent - (c,280669,2),[SPACE]
[Sat Aug 29 02:37:13 UTC 2026][INFO] [Action] E InsertTextContent - (c,280668,2),[SPACE]
[Sat Aug 29 02:37:22 UTC 2026][INFO] [Action] E Copy - (r,280667,280672)
[Sat Aug 29 02:37:26 UTC 2026][INFO] [Action] E ItemChanged - -1,283956
[Sat Aug 29 02:37:30 UTC 2026][INFO] [Action] E Paste - (c,284024,2),8
[Sat Aug 29 02:37:32 UTC 2026][INFO] [Action] E DeleteContent - (c,284031,2),B
[Sat Aug 29 02:37:33 UTC 2026][INFO] [Action] E RemoveSectionBreak - 284030,1
[Sat Aug 29 02:37:33 UTC 2026][INFO] [Action] E DeleteContent - (r,284032,284032),F
[Sat Aug 29 02:37:36 UTC 2026][INFO] [Action] U DeleteContent
[Sat Aug 29 02:37:39 UTC 2026][INFO] [Action] E DeleteContent - (c,284027,1),B
[Sat Aug 29 02:37:40 UTC 2026][INFO] [Action] E DeleteContent - (c,284026,2),B
[Sat Aug 29 02:37:41 UTC 2026][INFO] [Action] E RemoveSectionBreak - 284026,0
[Sat Aug 29 02:37:42 UTC 2026][INFO] [Action] E MergeContainer - 284025,1
[Sat Aug 29 02:37:43 UTC 2026][INFO] [Action] E DeleteContent - (c,284024,2),B
[Sat Aug 29 02:37:44 UTC 2026][INFO] [Action] E DeleteContent - (c,284024,1),B
[Sat Aug 29 02:37:44 UTC 2026][INFO] [Action] E DeleteContent - (c,284023,1),B
[Sat Aug 29 02:37:47 UTC 2026][INFO] [Action] E DeleteContent - (r,283965,284020),B
[Sat Aug 29 02:37:49 UTC 2026][INFO] [Action] E DeleteContent - (r,283965,283965),F
[Sat Aug 29 02:37:51 UTC 2026][INFO] [Action] E MergeContainer - 283967,0
[Sat Aug 29 02:38:03 UTC 2026][INFO] [Action] E ItemChanged - -1,7847
[Sat Aug 29 02:38:04 UTC 2026][INFO] [Action] E ItemChanged - -1,7847
[Sat Aug 29 02:38:22 UTC 2026][INFO] [Action] E DeleteContent - (c,7855,1),B
[Sat Aug 29 02:38:22 UTC 2026][INFO] [Action] E DeleteContent - (c,7854,1),B
[Sat Aug 29 02:38:23 UTC 2026][INFO] [Action] E DeleteContent - (c,7853,1),B
[Sat Aug 29 02:38:23 UTC 2026][INFO] [Action] E DeleteContent - (c,7852,1),B
[Sat Aug 29 02:38:23 UTC 2026][INFO] [Action] E DeleteContent - (c,7851,1),B
[Sat Aug 29 02:38:24 UTC 2026][INFO] [Action] E DeleteContent - (c,7850,1),B
[Sat Aug 29 02:38:24 UTC 2026][INFO] [Action] E DeleteContent - (c,7849,1),B
[Sat Aug 29 02:38:24 UTC 2026][INFO] [Action] E DeleteContent - (c,7848,1),B
[Sat Aug 29 02:38:38 UTC 2026][INFO] [Action] E Copy - (r,8177,8177)
[Sat Aug 29 02:38:41 UTC 2026][INFO] [Action] E Paste - (c,7847,2),3
[Sat Aug 29 02:38:44 UTC 2026][INFO] [Action] E MergeContainer - 7848,0
[Sat Aug 29 02:38:45 UTC 2026][INFO] [Action] E InsertTextContent - (c,7848,2),[SPACE]
[Sat Aug 29 02:38:47 UTC 2026][INFO] [Action] E MergeContainer - 7848,1
[Sat Aug 29 02:38:49 UTC 2026][INFO] [Action] E InsertTextContent - (c,7847,2),[SPACE]
[Sat Aug 29 02:39:47 UTC 2026][INFO] [Action] E ApplySemantics - (r,7850,7850),chapter_subtitle
[Sat Aug 29 02:39:59 UTC 2026][INFO] [Action] E SplitContainer - 7851
[Sat Aug 29 02:40:04 UTC 2026][INFO] [Action] E InsertTextContent - (r,7847,7850),[C]
[Sat Aug 29 02:40:06 UTC 2026][INFO] [Action] E InsertTextContent - (c,7847,2),[H]
[Sat Aug 29 02:40:06 UTC 2026][INFO] [Action] E InsertTextContent - (c,7848,2),[A]
[Sat Aug 29 02:40:07 UTC 2026][INFO] [Action] E InsertTextContent - (c,7849,2),[P]
[Sat Aug 29 02:40:07 UTC 2026][INFO] [Action] E InsertTextContent - (c,7850,2),[T]
[Sat Aug 29 02:40:07 UTC 2026][INFO] [Action] E InsertTextContent - (c,7851,2),[E]
[Sat Aug 29 02:40:08 UTC 2026][INFO] [Action] E InsertTextContent - (c,7852,2),[R]
[Sat Aug 29 02:40:08 UTC 2026][INFO] [Action] E InsertTextContent - (c,7853,2),[SPACE]
[Sat Aug 29 02:40:09 UTC 2026][INFO] [Action] E InsertTextContent - (c,7854,2),[1]
[Sat Aug 29 02:40:13 UTC 2026][INFO] [Action] E ApplySemantics - (r,7847,7855),chapter_title
[Sat Aug 29 02:40:23 UTC 2026][INFO] [Action] E ApplySemantics - (r,7856,7890),chapter_subtitle
[Sat Aug 29 02:40:23 UTC 2026][INFO] [Action] EFail ApplySemantics - 4
[Sat Aug 29 02:40:32 UTC 2026][INFO] [Action] E ApplySemantics - (r,7847,7890),chapter_title
[Sat Aug 29 02:40:32 UTC 2026][INFO] [Action] EFail ApplySemantics - 4
[Sat Aug 29 02:40:34 UTC 2026][INFO] [Action] E ApplySemantics - (r,7847,7890),chapter_title
[Sat Aug 29 02:40:34 UTC 2026][INFO] [Action] EFail ApplySemantics - 4
[Sat Aug 29 02:40:38 UTC 2026][INFO] [Action] E DeleteContent - (r,7879,7879),F
[Sat Aug 29 02:40:51 UTC 2026][INFO] [Action] U DeleteContent
[Sat Aug 29 02:40:51 UTC 2026][INFO] [Action] U ApplySemantics
[Sat Aug 29 02:40:51 UTC 2026][INFO] [Action] U InsertTextContent
[Sat Aug 29 02:40:51 UTC 2026][INFO] [Action] U InsertTextContent
[Sat Aug 29 02:41:00 UTC 2026][INFO] [Action] E MergeContainer - 7853,0
[Sat Aug 29 02:41:00 UTC 2026][INFO] [Action] E DeleteContent - (r,7854,7854),F
[Sat Aug 29 02:41:00 UTC 2026][INFO] [Action] E DeleteContent - (r,7854,7854),F
[Sat Aug 29 02:41:07 UTC 2026][INFO] [Action] E InsertTextContent - (c,7854,1),[SPACE]
[Sat Aug 29 02:41:07 UTC 2026][INFO] [Action] E InsertTextContent - (c,7854,2),[1]
[Sat Aug 29 02:41:07 UTC 2026][INFO] [Action] E InsertTextContent - (c,7855,2),[SPACE]
[Sat Aug 29 02:41:11 UTC 2026][INFO] [Action] E InsertTextContent - (c,7856,2),[T]
[Sat Aug 29 02:41:13 UTC 2026][INFO] [Action] E InsertTextContent - (c,7857,2),[h]
[Sat Aug 29 02:41:18 UTC 2026][INFO] [Action] E InsertTextContent - (c,7856,1),[:]
[Sat Aug 29 02:41:45 UTC 2026][INFO] [Action] E UpdateStyle - (r,7847,7857),16:8.000000:2,(r,7847,7857),F
[Sat Aug 29 02:42:04 UTC 2026][INFO] [Action] E UpdateStyle - (r,7847,7892),34:320:3,(r,7847,7892),F
[Sat Aug 29 02:42:06 UTC 2026][INFO] [Action] E UpdateStyle - (r,7847,7892),34:59:3,(r,7847,7892),F
[Sat Aug 29 02:42:07 UTC 2026][INFO] [Action] E UpdateStyle - (r,7847,7892),34:59:3,(r,7847,7892),F
[Sat Aug 29 02:42:09 UTC 2026][INFO] [Action] E UpdateStyle - (r,7847,7892),34:320:3,(r,7847,7892),F
[Sat Aug 29 02:42:11 UTC 2026][INFO] [Action] E UpdateStyle - (r,7847,7892),34:321:3,(r,7847,7892),F
[Sat Aug 29 02:42:21 UTC 2026][INFO] [Action] E UpdateStyle - (r,7847,7856),16:8.000000:2,(r,7847,7856),F
[Sat Aug 29 02:42:37 UTC 2026][INFO] [Action] E InsertTextContent - (c,7858,1),[SPACE]
[Sat Aug 29 02:42:38 UTC 2026][INFO] [Action] E InsertTextContent - (c,7858,2),[SPACE]
[Sat Aug 29 02:42:40 UTC 2026][INFO] [Action] E DeleteContent - (c,7859,2),B
[Sat Aug 29 02:42:40 UTC 2026][INFO] [Action] E DeleteContent - (c,7859,1),B
[Sat Aug 29 02:42:41 UTC 2026][INFO] [Action] E DeleteContent - (c,7858,1),B
[Sat Aug 29 02:42:42 UTC 2026][INFO] [Action] E InsertTextContent - (c,7857,1),[SPACE]
[Sat Aug 29 02:42:49 UTC 2026][INFO] [Action] E InsertTextContent - (c,7881,1),[SPACE]
[Sat Aug 29 02:42:55 UTC 2026][INFO] [Action] E UpdateStyle - (c,7881,2),34:59:3,(r,7881,7881),F
[Sat Aug 29 02:43:02 UTC 2026][INFO] [Action] E UpdateStyle - (r,7847,7857),16:8.000000:2,(r,7847,7857),F
[Sat Aug 29 02:43:05 UTC 2026][INFO] [Action] E InsertTextContent - (c,7882,1),[SPACE]
[Sat Aug 29 02:43:07 UTC 2026][INFO] [Action] E InsertTextContent - (c,7882,2),[SPACE]
[Sat Aug 29 02:43:08 UTC 2026][INFO] [Action] E InsertTextContent - (c,7883,2),[SPACE]
[Sat Aug 29 02:43:08 UTC 2026][INFO] [Action] E InsertTextContent - (c,7884,2),[SPACE]
[Sat Aug 29 02:43:08 UTC 2026][INFO] [Action] E InsertTextContent - (c,7885,2),[SPACE]
[Sat Aug 29 02:43:09 UTC 2026][INFO] [Action] E InsertTextContent - (c,7886,2),[SPACE]
[Sat Aug 29 02:43:09 UTC 2026][INFO] [Action] E InsertTextContent - (c,7887,2),[SPACE]
[Sat Aug 29 02:43:09 UTC 2026][INFO] [Action] E InsertTextContent - (c,7888,2),[SPACE]
[Sat Aug 29 02:43:10 UTC 2026][INFO] [Action] E InsertTextContent - (c,7889,2),[SPACE]
[Sat Aug 29 02:43:10 UTC 2026][INFO] [Action] E InsertTextContent - (c,7890,2),[SPACE]
[Sat Aug 29 02:43:10 UTC 2026][INFO] [Action] E InsertTextContent - (c,7891,2),[SPACE]
[Sat Aug 29 02:43:10 UTC 2026][INFO] [Action] E InsertTextContent - (c,7892,2),[SPACE]
[Sat Aug 29 02:43:10 UTC 2026][INFO] [Action] E InsertTextContent - (c,7893,2),[SPACE]
[Sat Aug 29 02:43:11 UTC 2026][INFO] [Action] E InsertTextContent - (c,7894,2),[SPACE]
[Sat Aug 29 02:43:11 UTC 2026][INFO] [Action] E InsertTextContent - (c,7895,2),[SPACE]
[Sat Aug 29 02:43:11 UTC 2026][INFO] [Action] E InsertTextContent - (c,7896,2),[SPACE]
[Sat Aug 29 02:43:11 UTC 2026][INFO] [Action] E InsertTextContent - (c,7897,2),[SPACE]
[Sat Aug 29 02:43:11 UTC 2026][INFO] [Action] E InsertTextContent - (c,7898,2),[SPACE]
[Sat Aug 29 02:43:12 UTC 2026][INFO] [Action] E InsertTextContent - (c,7899,2),[SPACE]
[Sat Aug 29 02:43:12 UTC 2026][INFO] [Action] E InsertTextContent - (c,7900,2),[SPACE]
[Sat Aug 29 02:43:12 UTC 2026][INFO] [Action] E InsertTextContent - (c,7901,2),[SPACE]
[Sat Aug 29 02:43:12 UTC 2026][INFO] [Action] E InsertTextContent - (c,7902,2),[SPACE]
[Sat Aug 29 02:43:12 UTC 2026][INFO] [Action] E InsertTextContent - (c,7903,2),[SPACE]
[Sat Aug 29 02:43:13 UTC 2026][INFO] [Action] E InsertTextContent - (c,7904,2),[SPACE]
[Sat Aug 29 02:43:13 UTC 2026][INFO] [Action] E InsertTextContent - (c,7905,2),[SPACE]
[Sat Aug 29 02:43:13 UTC 2026][INFO] [Action] E InsertTextContent - (c,7906,2),[SPACE]
[Sat Aug 29 02:43:14 UTC 2026][INFO] [Action] E DeleteContent - (c,7907,2),B
[Sat Aug 29 02:43:15 UTC 2026][INFO] [Action] E DeleteContent - (c,7907,1),B
[Sat Aug 29 02:43:17 UTC 2026][INFO] [Action] E DeleteContent - (c,7906,1),B
[Sat Aug 29 02:43:18 UTC 2026][INFO] [Action] E DeleteContent - (c,7905,1),B
[Sat Aug 29 02:43:29 UTC 2026][INFO] [Action] E DeleteContent - (c,7858,1),B
[Sat Aug 29 02:43:29 UTC 2026][INFO] [Action] E DeleteContent - (c,7857,1),B
[Sat Aug 29 02:43:30 UTC 2026][INFO] [Action] E DeleteContent - (c,7856,1),B
[Sat Aug 29 02:43:30 UTC 2026][INFO] [Action] E DeleteContent - (c,7855,1),B
[Sat Aug 29 02:43:30 UTC 2026][INFO] [Action] E DeleteContent - (c,7854,1),B
[Sat Aug 29 02:43:30 UTC 2026][INFO] [Action] E DeleteContent - (c,7853,1),B
[Sat Aug 29 02:43:30 UTC 2026][INFO] [Action] E DeleteContent - (c,7852,1),B
[Sat Aug 29 02:43:31 UTC 2026][INFO] [Action] E DeleteContent - (c,7851,1),B
[Sat Aug 29 02:43:31 UTC 2026][INFO] [Action] E DeleteContent - (c,7850,1),B
[Sat Aug 29 02:43:31 UTC 2026][INFO] [Action] E DeleteContent - (c,7849,1),B
[Sat Aug 29 02:43:32 UTC 2026][INFO] [Action] E DeleteContent - (c,7848,1),B
[Sat Aug 29 02:43:47 UTC 2026][INFO] [Action] E DeleteContent - (c,7892,2),B
[Sat Aug 29 02:43:48 UTC 2026][INFO] [Action] E DeleteContent - (c,7892,1),B
[Sat Aug 29 02:43:48 UTC 2026][INFO] [Action] E DeleteContent - (c,7891,1),B
[Sat Aug 29 02:43:48 UTC 2026][INFO] [Action] E DeleteContent - (c,7890,1),B
[Sat Aug 29 02:43:49 UTC 2026][INFO] [Action] E DeleteContent - (c,7889,1),B
[Sat Aug 29 02:43:50 UTC 2026][INFO] [Action] E DeleteContent - (r,7870,7887),B
[Sat Aug 29 02:43:57 UTC 2026][INFO] [Action] E UpdateStyle - (r,7847,7881),16:10.000000:2,(r,7847,7881),F
[Sat Aug 29 02:44:00 UTC 2026][INFO] [Action] E UpdateStyle - (r,7847,7881),16:16.000000:2,(r,7847,7881),F
[Sat Aug 29 02:44:14 UTC 2026][INFO] [Action] E UpdateStyle - (r,7847,7881),11:Bookerly,serif:4,(r,7847,7881),F
[Sat Aug 29 02:44:28 UTC 2026][INFO] [Action] E UpdateStyle - (r,7847,7881),11:SourceCodePro,monospace:4,(r,7847,7881),F
[Sat Aug 29 02:44:33 UTC 2026][INFO] [Action] E UpdateStyle - (r,7847,7881),11:AmazonEmber,sans-serif:4,(r,7847,7881),F
[Sat Aug 29 02:44:36 UTC 2026][INFO] [Action] E ItemChanged - -1,36246
[Sat Aug 29 02:45:01 UTC 2026][INFO] [Action] E Copy - (r,36249,36281)
[Sat Aug 29 02:45:07 UTC 2026][INFO] [Action] E ItemChanged - -1,36246
[Sat Aug 29 02:45:11 UTC 2026][INFO] [Action] E ItemChanged - -1,7847
[Sat Aug 29 02:45:21 UTC 2026][INFO] [Action] E Paste - (c,7847,1),34
[Sat Aug 29 02:45:24 UTC 2026][INFO] [Action] U Paste
[Sat Aug 29 02:45:25 UTC 2026][INFO] [Action] U UpdateStyle
[Sat Aug 29 02:45:25 UTC 2026][INFO] [Action] U UpdateStyle
[Sat Aug 29 02:45:26 UTC 2026][INFO] [Action] U UpdateStyle
[Sat Aug 29 02:45:26 UTC 2026][INFO] [Action] U UpdateStyle
[Sat Aug 29 02:45:26 UTC 2026][INFO] [Action] U UpdateStyle
[Sat Aug 29 02:45:26 UTC 2026][INFO] [Action] U DeleteContent
[Sat Aug 29 02:45:26 UTC 2026][INFO] [Action] U DeleteContent
[Sat Aug 29 02:45:26 UTC 2026][INFO] [Action] U DeleteContent
[Sat Aug 29 02:45:26 UTC 2026][INFO] [Action] U DeleteContent
[Sat Aug 29 02:45:26 UTC 2026][INFO] [Action] U DeleteContent
[Sat Aug 29 02:45:26 UTC 2026][INFO] [Action] U DeleteContent
[Sat Aug 29 02:45:27 UTC 2026][INFO] [Action] U DeleteContent
[Sat Aug 29 02:45:27 UTC 2026][INFO] [Action] U DeleteContent
[Sat Aug 29 02:45:27 UTC 2026][INFO] [Action] U DeleteContent
[Sat Aug 29 02:45:27 UTC 2026][INFO] [Action] U DeleteContent
[Sat Aug 29 02:45:27 UTC 2026][INFO] [Action] U DeleteContent
[Sat Aug 29 02:45:27 UTC 2026][INFO] [Action] U DeleteContent
[Sat Aug 29 02:45:27 UTC 2026][INFO] [Action] U DeleteContent
[Sat Aug 29 02:45:27 UTC 2026][INFO] [Action] U DeleteContent
[Sat Aug 29 02:45:27 UTC 2026][INFO] [Action] U DeleteContent
[Sat Aug 29 02:45:27 UTC 2026][INFO] [Action] U DeleteContent
[Sat Aug 29 02:45:27 UTC 2026][INFO] [Action] U DeleteContent
[Sat Aug 29 02:45:27 UTC 2026][INFO] [Action] U DeleteContent
[Sat Aug 29 02:45:27 UTC 2026][INFO] [Action] U DeleteContent
[Sat Aug 29 02:45:28 UTC 2026][INFO] [Action] U DeleteContent
[Sat Aug 29 02:45:28 UTC 2026][INFO] [Action] U DeleteContent
[Sat Aug 29 02:45:28 UTC 2026][INFO] [Action] U InsertTextContent
[Sat Aug 29 02:45:28 UTC 2026][INFO] [Action] U InsertTextContent
[Sat Aug 29 02:45:28 UTC 2026][INFO] [Action] U InsertTextContent
[Sat Aug 29 02:45:28 UTC 2026][INFO] [Action] U InsertTextContent
[Sat Aug 29 02:45:28 UTC 2026][INFO] [Action] U InsertTextContent
[Sat Aug 29 02:45:28 UTC 2026][INFO] [Action] U InsertTextContent
[Sat Aug 29 02:45:28 UTC 2026][INFO] [Action] U InsertTextContent
[Sat Aug 29 02:45:28 UTC 2026][INFO] [Action] U InsertTextContent
[Sat Aug 29 02:45:28 UTC 2026][INFO] [Action] U InsertTextContent
[Sat Aug 29 02:45:28 UTC 2026][INFO] [Action] U InsertTextContent
[Sat Aug 29 02:45:28 UTC 2026][INFO] [Action] U InsertTextContent
[Sat Aug 29 02:45:28 UTC 2026][INFO] [Action] U InsertTextContent
[Sat Aug 29 02:45:28 UTC 2026][INFO] [Action] U InsertTextContent
[Sat Aug 29 02:45:28 UTC 2026][INFO] [Action] U InsertTextContent
[Sat Aug 29 02:45:28 UTC 2026][INFO] [Action] U InsertTextContent
[Sat Aug 29 02:45:28 UTC 2026][INFO] [Action] U InsertTextContent
[Sat Aug 29 02:45:28 UTC 2026][INFO] [Action] U InsertTextContent
[Sat Aug 29 02:45:28 UTC 2026][INFO] [Action] U InsertTextContent
[Sat Aug 29 02:45:28 UTC 2026][INFO] [Action] U InsertTextContent
[Sat Aug 29 02:45:28 UTC 2026][INFO] [Action] U InsertTextContent
[Sat Aug 29 02:45:28 UTC 2026][INFO] [Action] U InsertTextContent
[Sat Aug 29 02:45:28 UTC 2026][INFO] [Action] U InsertTextContent
[Sat Aug 29 02:45:28 UTC 2026][INFO] [Action] U InsertTextContent
[Sat Aug 29 02:45:28 UTC 2026][INFO] [Action] U InsertTextContent
[Sat Aug 29 02:45:28 UTC 2026][INFO] [Action] U InsertTextContent
[Sat Aug 29 02:45:28 UTC 2026][INFO] [Action] U InsertTextContent
[Sat Aug 29 02:45:29 UTC 2026][INFO] [Action] U UpdateStyle
[Sat Aug 29 02:45:29 UTC 2026][INFO] [Action] U UpdateStyle
[Sat Aug 29 02:45:29 UTC 2026][INFO] [Action] U InsertTextContent
[Sat Aug 29 02:45:29 UTC 2026][INFO] [Action] U InsertTextContent
[Sat Aug 29 02:45:30 UTC 2026][INFO] [Action] U DeleteContent
[Sat Aug 29 02:45:30 UTC 2026][INFO] [Action] U DeleteContent
[Sat Aug 29 02:45:30 UTC 2026][INFO] [Action] U DeleteContent
[Sat Aug 29 02:45:30 UTC 2026][INFO] [Action] U InsertTextContent
[Sat Aug 29 02:45:30 UTC 2026][INFO] [Action] U InsertTextContent
[Sat Aug 29 02:45:30 UTC 2026][INFO] [Action] U UpdateStyle
[Sat Aug 29 02:45:30 UTC 2026][INFO] [Action] U UpdateStyle
[Sat Aug 29 02:45:31 UTC 2026][INFO] [Action] U UpdateStyle
[Sat Aug 29 02:45:31 UTC 2026][INFO] [Action] U UpdateStyle
[Sat Aug 29 02:45:44 UTC 2026][INFO] [Action] E ItemChanged - -1,36257
[Sat Aug 29 02:45:46 UTC 2026][INFO] [Action] E ItemChanged - -1,7847
[Sat Aug 29 02:45:58 UTC 2026][INFO] [Action] E UpdateStyle - (r,7847,7925),19:4278190080:1,(r,7847,7925),F
[Sat Aug 29 02:46:14 UTC 2026][INFO] [Action] E SplitContainer - 7856
[Sat Aug 29 02:46:16 UTC 2026][INFO] [Action] E DeleteContent - (r,7856,7856),F
[Sat Aug 29 02:46:16 UTC 2026][INFO] [Action] E DeleteContent - (r,7856,7856),F
[Sat Aug 29 02:46:30 UTC 2026][INFO] [Action] E UpdateStyle - (r,7847,7868),34:320:3,(r,7847,7868),F
[Sat Aug 29 02:46:34 UTC 2026][INFO] [Action] E ItemChanged - -1,36255
[Sat Aug 29 02:46:38 UTC 2026][INFO] [Action] E ItemChanged - -1,36255
[Sat Aug 29 02:46:42 UTC 2026][INFO] [Action] E ItemChanged - -1,36255
[Sat Aug 29 02:46:53 UTC 2026][INFO] [Action] E Copy - (r,36261,36269)
[Sat Aug 29 02:46:54 UTC 2026][INFO] [Action] E ItemChanged - -1,7847
[Sat Aug 29 02:46:59 UTC 2026][INFO] [Action] E Paste - (r,7847,7855),9
[Sat Aug 29 02:47:01 UTC 2026][INFO] [Action] E InsertTextContent - (c,7855,1),[1]
[Sat Aug 29 02:47:01 UTC 2026][INFO] [Action] E DeleteContent - (r,7856,7856),F
[Sat Aug 29 02:47:03 UTC 2026][INFO] [Action] E RemoveSectionBreak - 7855,1
[Sat Aug 29 02:47:04 UTC 2026][INFO] [Action] E MergeContainer - 7856,0
[Sat Aug 29 02:47:08 UTC 2026][INFO] [Action] E ItemChanged - -1,36255
[Sat Aug 29 02:47:12 UTC 2026][INFO] [Action] E Copy - (r,36270,36290)
[Sat Aug 29 02:47:13 UTC 2026][INFO] [Action] E ItemChanged - -1,7847
[Sat Aug 29 02:47:23 UTC 2026][INFO] [Action] E Paste - (c,7856,1),21
[Sat Aug 29 02:47:31 UTC 2026][INFO] [Action] E Cut - (r,7877,7911)
[Sat Aug 29 02:47:56 UTC 2026][INFO] [Action] E Paste - (c,7858,2),37
[Sat Aug 29 02:47:59 UTC 2026][INFO] [Action] E DeleteContent - (c,7859,1),B
[Sat Aug 29 02:48:00 UTC 2026][INFO] [Action] E DeleteContent - (c,7858,1),B
[Sat Aug 29 02:48:00 UTC 2026][INFO] [Action] E DeleteContent - (c,7857,1),B
[Sat Aug 29 02:48:03 UTC 2026][INFO] [Action] E DeleteContent - (r,7892,7908),B
[Sat Aug 29 02:48:04 UTC 2026][INFO] [Action] E DeleteContent - (c,7891,2),B
[Sat Aug 29 02:48:11 UTC 2026][INFO] [Action] E SaveBook - Save
[Sat Aug 29 02:48:33 UTC 2026][INFO] [Action] E ItemChanged - -1,271346
[Sat Aug 29 02:48:38 UTC 2026][INFO] [Action] E ItemChanged - -1,258376
[Sat Aug 29 02:48:39 UTC 2026][INFO] [Action] E ItemChanged - -1,271346
[Sat Aug 29 02:48:41 UTC 2026][INFO] [Action] E ItemChanged - -1,258376
[Sat Aug 29 02:51:33 UTC 2026][INFO] [Action] E ItemChanged - -1,271346
[Sat Aug 29 02:51:40 UTC 2026][INFO] [Action] E UpdateStyle - (r,271346,271353),11:Bookerly,serif:4,(r,271346,271353),F
[Sat Aug 29 02:51:42 UTC 2026][INFO] [Action] E UpdateStyle - (r,271346,271353),11:AmazonEmber,sans-serif:4,(r,271346,271353),F
[Sat Aug 29 02:51:46 UTC 2026][INFO] [Action] E ItemChanged - -1,277077
[Sat Aug 29 02:51:55 UTC 2026][INFO] [Action] E UpdateStyle - (r,277077,277110),11:Bookerly,serif:4,(r,277077,277110),F
[Sat Aug 29 02:51:58 UTC 2026][INFO] [Action] E UpdateStyle - (r,277077,277110),11:AmazonEmber,sans-serif:4,(r,277077,277110),F
[Sat Aug 29 02:52:12 UTC 2026][INFO] [Action] E UpdateStyle - (r,274920,274992),11:Bookerly,serif:4,(r,274920,274992),F
[Sat Aug 29 02:52:15 UTC 2026][INFO] [Action] E UpdateStyle - (r,274920,274992),11:AmazonEmber,sans-serif:4,(r,274920,274992),F
[Sat Aug 29 02:53:04 UTC 2026][INFO] [Action] E UpdateStyle - (r,274920,274992),11:Bookerly,serif:4,(r,274920,274992),F
[Sat Aug 29 02:59:02 UTC 2026][INFO] [Action] E UpdateStyle - (r,1,24339),11:Bookerly,serif:4,(r,1,24339),F
[Sat Aug 29 02:59:07 UTC 2026][INFO] [Action] E UpdateStyle - (r,1,24339),11:AmazonEmber,sans-serif:4,(r,1,24339),F
[Sat Aug 29 02:59:37 UTC 2026][INFO] [Action] E UpdateStyle - (r,23190,37879),11:Bookerly,serif:4,(r,23190,37879),F
[Sat Aug 29 02:59:40 UTC 2026][INFO] [Action] E UpdateStyle - (r,23190,37879),11:AmazonEmber,sans-serif:4,(r,23190,37879),F
[Sat Aug 29 03:00:09 UTC 2026][INFO] [Action] EE ClearFormatting - (r,23190,37879)
[Sat Aug 29 03:01:08 UTC 2026][INFO] [Action] E UpdateStyle - (r,21359,21714),11:Bookerly,serif:4,(r,21359,21714),F
[Sat Aug 29 03:01:12 UTC 2026][INFO] [Action] E UpdateStyle - (r,21359,21714),11:AmazonEmber,sans-serif:4,(r,21359,21714),F
[Sat Aug 29 03:01:53 UTC 2026][INFO] [Action] E UpdateStyle - (r,22873,38764),11:Bookerly,serif:4,(r,22873,38764),F
[Sat Aug 29 03:01:55 UTC 2026][INFO] [Action] E UpdateStyle - (r,22873,38764),11:AmazonEmber,sans-serif:4,(r,22873,38764),F
[Sat Aug 29 03:02:29 UTC 2026][INFO] [Action] E InsertGenericPageAction - 9,3
[Sat Aug 29 03:02:37 UTC 2026][INFO] [Action] E ItemChanged - -1,1
[Sat Aug 29 03:02:39 UTC 2026][INFO] [Action] E DeleteContent - (r,1,9),B
[Sat Aug 29 03:04:29 UTC 2026][INFO] [Action] E UpdateStyle - (r,35871,76186),11:Bookerly,serif:4,(r,35871,76186),F
[Sat Aug 29 03:04:32 UTC 2026][INFO] [Action] E UpdateStyle - (r,35871,76186),11:AmazonEmber,sans-serif:4,(r,35871,76186),F
[Sat Aug 29 03:13:05 UTC 2026][INFO] [Action] EE ClearFormatting - (c,35953,2)
[Sat Aug 29 03:13:09 UTC 2026][INFO] [Action] EE ClearFormatting - (c,35953,2)
[Sat Aug 29 03:15:26 UTC 2026][INFO] [Action] E ItemChanged - -1,98580
[Sat Aug 29 03:16:36 UTC 2026][INFO] [Action] EE ClearFormatting - (c,98610,2)
[Sat Aug 29 03:16:55 UTC 2026][INFO] [Action] EE ClearFormatting - (c,37665,2)
[Sat Aug 29 03:24:21 UTC 2026][INFO] [Action] E ItemChanged - -1,75500
[Sat Aug 29 03:24:24 UTC 2026][INFO] [Action] E ItemChanged - -1,179760
[Sat Aug 29 03:24:37 UTC 2026][INFO] [Action] E ItemChanged - -1,153947
[Sat Aug 29 03:24:39 UTC 2026][INFO] [Action] E ItemChanged - -1,129010
[Sat Aug 29 03:24:41 UTC 2026][INFO] [Action] E ItemChanged - -1,98580
[Sat Aug 29 03:24:43 UTC 2026][INFO] [Action] E ItemChanged - -1,75500
[Sat Aug 29 03:24:57 UTC 2026][INFO] [Action] U ClearFormatting
[Sat Aug 29 03:24:59 UTC 2026][INFO] [Action] U ClearFormatting
[Sat Aug 29 03:25:00 UTC 2026][INFO] [Action] U ClearFormatting
[Sat Aug 29 03:25:01 UTC 2026][INFO] [Action] U ClearFormatting
[Sat Aug 29 03:25:02 UTC 2026][INFO] [Action] U UpdateStyle
[Sat Aug 29 03:25:04 UTC 2026][INFO] [Action] U UpdateStyle
[Sat Aug 29 03:25:06 UTC 2026][INFO] [Action] U DeleteContent
[Sat Aug 29 03:25:08 UTC 2026][INFO] [Action] U InsertGenericPageAction
[Sat Aug 29 03:25:09 UTC 2026][INFO] [Action] U UpdateStyle
[Sat Aug 29 03:25:12 UTC 2026][INFO] [Action] U UpdateStyle
[Sat Aug 29 03:25:14 UTC 2026][INFO] [Action] U UpdateStyle
[Sat Aug 29 03:25:16 UTC 2026][INFO] [Action] U UpdateStyle
[Sat Aug 29 03:25:17 UTC 2026][INFO] [Action] U ClearFormatting
[Sat Aug 29 03:25:18 UTC 2026][INFO] [Action] U UpdateStyle
[Sat Aug 29 03:25:19 UTC 2026][INFO] [Action] U UpdateStyle
[Sat Aug 29 03:25:20 UTC 2026][INFO] [Action] U UpdateStyle
[Sat Aug 29 03:25:23 UTC 2026][INFO] [Action] U UpdateStyle
[Sat Aug 29 03:25:24 UTC 2026][INFO] [Action] U UpdateStyle
[Sat Aug 29 03:25:25 UTC 2026][INFO] [Action] U UpdateStyle
[Sat Aug 29 03:25:26 UTC 2026][INFO] [Action] U UpdateStyle
[Sat Aug 29 03:25:27 UTC 2026][INFO] [Action] U UpdateStyle
[Sat Aug 29 03:25:28 UTC 2026][INFO] [Action] U UpdateStyle
[Sat Aug 29 03:25:29 UTC 2026][INFO] [Action] U UpdateStyle
[Sat Aug 29 03:25:30 UTC 2026][INFO] [Action] U UpdateStyle
[Sat Aug 29 03:25:31 UTC 2026][INFO] [Action] U DeleteContent
[Sat Aug 29 03:25:51 UTC 2026][INFO] [Action] E UpdateStyle - (r,1,244),11:Bookerly,serif:4,(r,1,244),F
[Sat Aug 29 03:25:55 UTC 2026][INFO] [Action] E UpdateStyle - (r,1,244),11:AmazonEmber,sans-serif:4,(r,1,244),F
[Sat Aug 29 03:26:10 UTC 2026][INFO] [Action] E UpdateStyle - (r,247,1115),11:Bookerly,serif:4,(r,247,1115),F
[Sat Aug 29 03:26:13 UTC 2026][INFO] [Action] E UpdateStyle - (r,247,1115),11:AmazonEmber,sans-serif:4,(r,247,1115),F
[Sat Aug 29 03:26:22 UTC 2026][INFO] [Action] E UpdateStyle - (r,1117,1124),11:Bookerly,serif:4,(r,1117,1124),F
[Sat Aug 29 03:26:25 UTC 2026][INFO] [Action] E UpdateStyle - (r,1117,1124),11:AmazonEmber,sans-serif:4,(r,1117,1124),F
[Sat Aug 29 03:26:31 UTC 2026][INFO] [Action] E UpdateStyle - (r,1117,1124),16:18.000000:2,(r,1117,1124),F
[Sat Aug 29 03:26:36 UTC 2026][INFO] [Action] E ItemChanged - -1,246
[Sat Aug 29 03:26:44 UTC 2026][INFO] [Action] E MergeContainer - 246,0
[Sat Aug 29 03:26:58 UTC 2026][INFO] [Action] E UpdateStyle - (r,246,255),16:48.000000:2,(r,246,255),F
[Sat Aug 29 03:27:05 UTC 2026][INFO] [Action] E UpdateStyle - (r,246,255),16:24.000000:2,(r,246,255),F
[Sat Aug 29 03:27:18 UTC 2026][INFO] [Action] E UpdateStyle - (r,246,254),34:59:3,(r,246,254),F
[Sat Aug 29 03:27:21 UTC 2026][INFO] [Action] E InsertTextContent - (c,246,1),[SPACE]
[Sat Aug 29 03:27:21 UTC 2026][INFO] [Action] E InsertTextContent - (c,246,2),[SPACE]
[Sat Aug 29 03:27:21 UTC 2026][INFO] [Action] E InsertTextContent - (c,247,2),[SPACE]
[Sat Aug 29 03:27:21 UTC 2026][INFO] [Action] E InsertTextContent - (c,248,2),[SPACE]
[Sat Aug 29 03:27:22 UTC 2026][INFO] [Action] E InsertTextContent - (c,249,2),[SPACE]
[Sat Aug 29 03:27:22 UTC 2026][INFO] [Action] E InsertTextContent - (c,250,2),[SPACE]
[Sat Aug 29 03:27:22 UTC 2026][INFO] [Action] E InsertTextContent - (c,251,2),[SPACE]
[Sat Aug 29 03:27:23 UTC 2026][INFO] [Action] E InsertTextContent - (c,252,2),[SPACE]
[Sat Aug 29 03:27:23 UTC 2026][INFO] [Action] E InsertTextContent - (c,253,2),[SPACE]
[Sat Aug 29 03:27:34 UTC 2026][INFO] [Action] E ItemChanged - -1,1125
[Sat Aug 29 03:27:42 UTC 2026][INFO] [Action] E ItemChanged - -1,7855
[Sat Aug 29 03:27:44 UTC 2026][INFO] [Action] E ItemChanged - -1,1125
[Sat Aug 29 03:27:48 UTC 2026][INFO] [Action] E InsertTextContent - (r,1125,1132),[P]
[Sat Aug 29 03:27:48 UTC 2026][INFO] [Action] E InsertTextContent - (c,1125,2),[R]
[Sat Aug 29 03:27:49 UTC 2026][INFO] [Action] E InsertTextContent - (c,1126,2),[O]
[Sat Aug 29 03:27:49 UTC 2026][INFO] [Action] E InsertTextContent - (c,1127,2),[L]
[Sat Aug 29 03:27:50 UTC 2026][INFO] [Action] E InsertTextContent - (c,1128,2),[O]
[Sat Aug 29 03:27:50 UTC 2026][INFO] [Action] E InsertTextContent - (c,1129,2),[G]
[Sat Aug 29 03:27:51 UTC 2026][INFO] [Action] E InsertTextContent - (c,1130,2),[U]
[Sat Aug 29 03:27:51 UTC 2026][INFO] [Action] E InsertTextContent - (c,1131,2),[E]
[Sat Aug 29 03:28:02 UTC 2026][INFO] [Action] E AddTextContainer - (c,1172,2),0,0,0
[Sat Aug 29 03:28:18 UTC 2026][INFO] [Action] E ItemChanged - -1,1125
[Sat Aug 29 03:28:19 UTC 2026][INFO] [Action] E ItemChanged - -1,7856
[Sat Aug 29 03:28:21 UTC 2026][INFO] [Action] E ItemChanged - -1,36265
[Sat Aug 29 03:28:24 UTC 2026][INFO] [Action] E ItemChanged - -1,1125
[Sat Aug 29 03:28:28 UTC 2026][INFO] [Action] E ItemChanged - -1,7856
[Sat Aug 29 03:28:30 UTC 2026][INFO] [Action] E ItemChanged - -1,1125
[Sat Aug 29 03:28:35 UTC 2026][INFO] [Action] E UpdateStyle - (r,1125,1132),16:14.000000:2,(r,1125,1132),F
[Sat Aug 29 03:28:38 UTC 2026][INFO] [Action] E ItemChanged - -1,7856
[Sat Aug 29 03:28:41 UTC 2026][INFO] [Action] E ItemChanged - -1,1125
[Sat Aug 29 03:28:43 UTC 2026][INFO] [Action] E ItemChanged - -1,246
[Sat Aug 29 03:28:51 UTC 2026][INFO] [Action] E UpdateStyle - (r,252,264),16:14.000000:2,(r,252,264),F
[Sat Aug 29 03:28:55 UTC 2026][INFO] [Action] E InsertTextContent - (c,246,2),[SPACE]
[Sat Aug 29 03:28:56 UTC 2026][INFO] [Action] E InsertTextContent - (c,247,2),[SPACE]
[Sat Aug 29 03:28:56 UTC 2026][INFO] [Action] E InsertTextContent - (c,248,2),[SPACE]
[Sat Aug 29 03:28:56 UTC 2026][INFO] [Action] E InsertTextContent - (c,249,2),[SPACE]
[Sat Aug 29 03:29:04 UTC 2026][INFO] [Action] E ItemChanged - -1,7860
[Sat Aug 29 03:29:05 UTC 2026][INFO] [Action] E ItemChanged - -1,36269
[Sat Aug 29 03:29:08 UTC 2026][INFO] [Action] E ItemChanged - -1,60419
[Sat Aug 29 03:29:11 UTC 2026][INFO] [Action] E ItemChanged - -1,75514
[Sat Aug 29 03:29:13 UTC 2026][INFO] [Action] E ItemChanged - -1,98594
[Sat Aug 29 03:29:14 UTC 2026][INFO] [Action] E ItemChanged - -1,129024
[Sat Aug 29 03:29:16 UTC 2026][INFO] [Action] E ItemChanged - -1,271360
[Sat Aug 29 03:29:21 UTC 2026][INFO] [Action] E InsertTextContent - (r,271361,271367),[P]
[Sat Aug 29 03:29:21 UTC 2026][INFO] [Action] E InsertTextContent - (c,271361,2),[I]
[Sat Aug 29 03:29:22 UTC 2026][INFO] [Action] E InsertTextContent - (c,271362,2),[L]
[Sat Aug 29 03:29:22 UTC 2026][INFO] [Action] E InsertTextContent - (c,271363,2),[O]
[Sat Aug 29 03:29:22 UTC 2026][INFO] [Action] E InsertTextContent - (c,271364,2),[G]
[Sat Aug 29 03:29:23 UTC 2026][INFO] [Action] E InsertTextContent - (c,271365,2),[U]
[Sat Aug 29 03:29:23 UTC 2026][INFO] [Action] E InsertTextContent - (c,271366,2),[E]
[Sat Aug 29 03:29:28 UTC 2026][INFO] [Action] E UpdateStyle - (r,271360,271367),16:14.000000:2,(r,271360,271367),F
[Sat Aug 29 03:29:31 UTC 2026][INFO] [Action] E UpdateStyle - (r,271360,271367),11:Bookerly,serif:4,(r,271360,271367),F
[Sat Aug 29 03:29:33 UTC 2026][INFO] [Action] E UpdateStyle - (r,271360,271367),11:AmazonEmber,sans-serif:4,(r,271360,271367),F
[Sat Aug 29 03:29:44 UTC 2026][INFO] [Action] E UpdateStyle - (r,271871,271928),11:Bookerly,serif:4,(r,271871,271928),F
[Sat Aug 29 03:29:45 UTC 2026][INFO] [Action] E UpdateStyle - (r,271871,271928),11:UNK:4,(r,271871,271928),F
[Sat Aug 29 03:29:50 UTC 2026][INFO] [Action] E ItemChanged - -1,277091
[Sat Aug 29 03:29:55 UTC 2026][INFO] [Action] E InsertTextContent - (r,277092,277099),[P]
[Sat Aug 29 03:29:55 UTC 2026][INFO] [Action] E InsertTextContent - (c,277092,2),[P]
[Sat Aug 29 03:29:56 UTC 2026][INFO] [Action] E InsertTextContent - (c,277093,2),[E]
[Sat Aug 29 03:29:57 UTC 2026][INFO] [Action] E InsertTextContent - (c,277094,2),[N]
[Sat Aug 29 03:29:57 UTC 2026][INFO] [Action] E InsertTextContent - (c,277095,2),[D]
[Sat Aug 29 03:29:58 UTC 2026][INFO] [Action] E InsertTextContent - (c,277096,2),[I]
[Sat Aug 29 03:29:59 UTC 2026][INFO] [Action] E InsertTextContent - (c,277097,2),[X]
[Sat Aug 29 03:30:04 UTC 2026][INFO] [Action] E UpdateStyle - (r,277091,277099),11:Bookerly,serif:4,(r,277091,277099),F
[Sat Aug 29 03:30:06 UTC 2026][INFO] [Action] E UpdateStyle - (r,277091,277099),11:AmazonEmber,sans-serif:4,(r,277091,277099),F
[Sat Aug 29 03:30:13 UTC 2026][INFO] [Action] E UpdateStyle - (r,277091,277099),16:14.000000:2,(r,277091,277099),F
[Sat Aug 29 03:30:21 UTC 2026][INFO] [Action] E ItemChanged - -1,280673
[Sat Aug 29 03:30:26 UTC 2026][INFO] [Action] E ItemChanged - -1,283969
[Sat Aug 29 03:30:33 UTC 2026][INFO] [Action] E ItemChanged - -1,7860
[Sat Aug 29 03:30:53 UTC 2026][INFO] [Action] E UpdateStyle - (c,9524,2),49:0.250000:2,(r,9524,9524),F
[Sat Aug 29 03:31:04 UTC 2026][INFO] [Action] E UpdateStyle - (c,9568,2),49:0.250000:2,(r,9568,9568),F
[Sat Aug 29 03:31:05 UTC 2026][INFO] [Action] E UpdateStyle - (c,9568,2),49:0.500000:2,(r,9568,9568),F
[Sat Aug 29 03:31:10 UTC 2026][INFO] [Action] E UpdateStyle - (c,9599,2),49:0.250000:2,(r,9599,9599),F
[Sat Aug 29 03:31:15 UTC 2026][INFO] [Action] E UpdateStyle - (c,9643,2),49:0.250000:2,(r,9643,9643),F
[Sat Aug 29 03:31:23 UTC 2026][INFO] [Action] E UpdateStyle - (c,9750,2),49:0.250000:2,(r,9750,9750),F
[Sat Aug 29 03:31:25 UTC 2026][INFO] [Action] E UpdateStyle - (c,9750,2),49:0.500000:2,(r,9750,9750),F
[Sat Aug 29 03:31:44 UTC 2026][INFO] [Action] E MergeContainer - 10027,0
[Sat Aug 29 03:31:47 UTC 2026][INFO] [Action] E UpdateStyle - (c,10027,2),49:0.250000:2,(r,10027,10027),F
[Sat Aug 29 03:31:55 UTC 2026][INFO] [Action] E MergeContainer - 10051,0
[Sat Aug 29 03:32:13 UTC 2026][INFO] [Action] E UpdateStyle - (r,10064,10280),34:59:3,(r,10064,10280),F
[Sat Aug 29 03:32:14 UTC 2026][INFO] [Action] E UpdateStyle - (r,10064,10280),34:59:3,(r,10064,10280),F
[Sat Aug 29 03:32:19 UTC 2026][INFO] [Action] E UpdateStyle - (r,10064,10280),34:321:3,(r,10064,10280),F
[Sat Aug 29 03:32:21 UTC 2026][INFO] [Action] E UpdateStyle - (r,10064,10280),34:59:3,(r,10064,10280),F
[Sat Aug 29 03:32:31 UTC 2026][INFO] [Action] E InsertTextContent - (c,10177,1),[SPACE]
[Sat Aug 29 03:32:38 UTC 2026][INFO] [Action] E SplitContainer - 10178
[Sat Aug 29 03:32:44 UTC 2026][INFO] [Action] E SplitContainer - 10120
[Sat Aug 29 03:32:52 UTC 2026][INFO] [Action] E UpdateStyle - (r,10064,10281),12:382:3,(r,10064,10281),F
[Sat Aug 29 03:33:05 UTC 2026][INFO] [Action] E UpdateStyle - (c,10063,2),49:0.500000:2,(r,10063,10063),F
[Sat Aug 29 03:33:06 UTC 2026][INFO] [Action] E UpdateStyle - (c,10063,2),49:0.750000:2,(r,10063,10063),F
[Sat Aug 29 03:33:09 UTC 2026][INFO] [Action] E UpdateStyle - (c,10281,2),49:0.500000:2,(r,10281,10281),F
[Sat Aug 29 03:33:10 UTC 2026][INFO] [Action] E UpdateStyle - (c,10281,2),49:0.750000:2,(r,10281,10281),F
[Sat Aug 29 03:33:45 UTC 2026][INFO] [Action] E UpdateStyle - (c,10224,2),49:0.500000:2,(r,10224,10224),F
[Sat Aug 29 03:33:47 UTC 2026][INFO] [Action] E UpdateStyle - (c,10224,2),49:0.750000:2,(r,10224,10224),F
[Sat Aug 29 03:33:50 UTC 2026][INFO] [Action] E UpdateStyle - (c,10076,2),49:0.500000:2,(r,10076,10076),F
[Sat Aug 29 03:33:51 UTC 2026][INFO] [Action] E UpdateStyle - (c,10076,2),49:0.750000:2,(r,10076,10076),F
[Sat Aug 29 03:33:59 UTC 2026][INFO] [Action] E UpdateStyle - (c,10237,2),49:0.250000:2,(r,10237,10237),F
[Sat Aug 29 03:34:00 UTC 2026][INFO] [Action] E UpdateStyle - (c,10237,2),49:0.000000:2,(r,10237,10237),F
[Sat Aug 29 03:34:04 UTC 2026][INFO] [Action] E UpdateStyle - (c,10247,2),49:0.250000:2,(r,10247,10247),F
[Sat Aug 29 03:34:04 UTC 2026][INFO] [Action] E UpdateStyle - (c,10247,2),49:0.000000:2,(r,10247,10247),F
[Sat Aug 29 03:34:12 UTC 2026][INFO] [Action] E UpdateStyle - (c,10177,2),49:0.250000:2,(r,10177,10177),F
[Sat Aug 29 03:34:13 UTC 2026][INFO] [Action] E UpdateStyle - (c,10177,2),49:0.000000:2,(r,10177,10177),F
[Sat Aug 29 03:34:17 UTC 2026][INFO] [Action] E UpdateStyle - (c,10119,2),49:0.250000:2,(r,10119,10119),F
[Sat Aug 29 03:34:17 UTC 2026][INFO] [Action] E UpdateStyle - (c,10119,2),49:0.000000:2,(r,10119,10119),F
[Sat Aug 29 03:34:37 UTC 2026][INFO] [Action] E SaveBook - Save
[Sat Aug 29 03:34:46 UTC 2026][INFO] [Action] E PreviewBook - 10051
[Sat Aug 29 03:36:08 UTC 2026][INFO] [Action] E UpdateStyle - (c,27513,2),49:0.250000:2,(r,27513,27513),F
[Sat Aug 29 03:36:12 UTC 2026][INFO] [Action] E UpdateStyle - (c,27537,2),49:0.250000:2,(r,27537,27537),F
[Sat Aug 29 03:36:18 UTC 2026][INFO] [Action] E UpdateStyle - (c,27537,2),49:0.500000:2,(r,27537,27537),F
[Sat Aug 29 03:36:38 UTC 2026][INFO] [Action] E AddTextContainer - (c,30582,2),0,0,0
[Sat Aug 29 03:36:38 UTC 2026][INFO] [Action] E AddTextContainer - (c,30583,1),1,0,0
[Sat Aug 29 03:36:50 UTC 2026][INFO] [Action] E UpdateStyle - (c,30980,2),49:0.250000:2,(r,30980,30980),F
[Sat Aug 29 03:36:54 UTC 2026][INFO] [Action] E UpdateStyle - (c,31021,2),49:0.250000:2,(r,31021,31021),F
[Sat Aug 29 03:36:55 UTC 2026][INFO] [Action] E UpdateStyle - (c,31021,2),49:0.500000:2,(r,31021,31021),F
[Sat Aug 29 03:36:56 UTC 2026][INFO] [Action] E UpdateStyle - (c,31021,2),49:0.750000:2,(r,31021,31021),F
[Sat Aug 29 03:36:59 UTC 2026][INFO] [Action] E UpdateStyle - (c,31021,2),49:0.000000:2,(r,31021,31021),F
[Sat Aug 29 03:37:02 UTC 2026][INFO] [Action] E UpdateStyle - (c,31021,2),49:2.500000:2,(r,31021,31021),F
[Sat Aug 29 03:37:03 UTC 2026][INFO] [Action] E UpdateStyle - (c,31021,2),49:0.000000:2,(r,31021,31021),F
[Sat Aug 29 03:37:06 UTC 2026][INFO] [Action] E UpdateStyle - (c,31021,2),49:0.250000:2,(r,31021,31021),F
[Sat Aug 29 03:37:07 UTC 2026][INFO] [Action] E UpdateStyle - (c,31021,2),49:0.500000:2,(r,31021,31021),F
[Sat Aug 29 03:37:20 UTC 2026][INFO] [Action] E UpdateStyle - (c,31495,2),49:0.250000:2,(r,31495,31495),F
[Sat Aug 29 03:37:21 UTC 2026][INFO] [Action] E UpdateStyle - (c,31495,2),49:0.500000:2,(r,31495,31495),F
[Sat Aug 29 03:37:22 UTC 2026][INFO] [Action] E UpdateStyle - (c,31495,2),49:0.750000:2,(r,31495,31495),F
[Sat Aug 29 03:37:36 UTC 2026][INFO] [Action] E MergeContainer - 32257,1
[Sat Aug 29 03:37:37 UTC 2026][INFO] [Action] E MergeContainer - 32292,1
[Sat Aug 29 03:37:38 UTC 2026][INFO] [Action] E MergeContainer - 32327,1
[Sat Aug 29 03:37:39 UTC 2026][INFO] [Action] E MergeContainer - 32343,1
[Sat Aug 29 03:37:43 UTC 2026][INFO] [Action] E UpdateStyle - (c,32256,2),49:0.250000:2,(r,32256,32256),F
[Sat Aug 29 03:37:49 UTC 2026][INFO] [Action] E UpdateStyle - (c,32291,2),49:0.250000:2,(r,32291,32291),F
[Sat Aug 29 03:37:50 UTC 2026][INFO] [Action] E UpdateStyle - (c,32291,2),49:0.500000:2,(r,32291,32291),F
[Sat Aug 29 03:37:52 UTC 2026][INFO] [Action] E UpdateStyle - (c,32291,2),49:0.750000:2,(r,32291,32291),F
[Sat Aug 29 03:37:55 UTC 2026][INFO] [Action] E UpdateStyle - (c,32326,2),49:0.250000:2,(r,32326,32326),F
[Sat Aug 29 03:38:03 UTC 2026][INFO] [Action] E UpdateStyle - (c,32342,2),49:0.250000:2,(r,32342,32342),F
[Sat Aug 29 03:38:03 UTC 2026][INFO] [Action] E UpdateStyle - (c,32342,2),49:0.500000:2,(r,32342,32342),F
[Sat Aug 29 03:38:04 UTC 2026][INFO] [Action] E UpdateStyle - (c,32342,2),49:0.750000:2,(r,32342,32342),F
[Sat Aug 29 03:38:18 UTC 2026][INFO] [Action] E MergeContainer - 32857,1
[Sat Aug 29 03:38:22 UTC 2026][INFO] [Action] E MergeContainer - 32894,1
[Sat Aug 29 03:38:27 UTC 2026][INFO] [Action] E UpdateStyle - (c,32856,2),49:0.250000:2,(r,32856,32856),F
[Sat Aug 29 03:38:31 UTC 2026][INFO] [Action] E UpdateStyle - (c,32893,2),49:0.250000:2,(r,32893,32893),F
[Sat Aug 29 03:38:32 UTC 2026][INFO] [Action] E UpdateStyle - (c,32893,2),49:0.500000:2,(r,32893,32893),F
[Sat Aug 29 03:38:36 UTC 2026][INFO] [Action] E UpdateStyle - (c,32893,2),49:0.750000:2,(r,32893,32893),F
[Sat Aug 29 03:38:39 UTC 2026][INFO] [Action] E UpdateStyle - (c,32893,2),49:0.500000:2,(r,32893,32893),F
[Sat Aug 29 03:38:45 UTC 2026][INFO] [Action] E UpdateStyle - (c,32893,2),49:0.000000:2,(r,32893,32893),F
[Sat Aug 29 03:38:48 UTC 2026][INFO] [Action] E UpdateStyle - (c,32893,2),49:2.500000:2,(r,32893,32893),F
[Sat Aug 29 03:38:51 UTC 2026][INFO] [Action] U UpdateStyle
[Sat Aug 29 03:38:51 UTC 2026][INFO] [Action] U UpdateStyle
[Sat Aug 29 03:39:02 UTC 2026][INFO] [Action] E UpdateStyle - (c,32893,2),49:0.750000:2,(r,32893,32893),F
[Sat Aug 29 03:39:09 UTC 2026][INFO] [Action] E MergeContainer - 33686,1
[Sat Aug 29 03:39:12 UTC 2026][INFO] [Action] E DeleteContent - (r,33702,33702),B
[Sat Aug 29 03:39:14 UTC 2026][INFO] [Action] U DeleteContent
[Sat Aug 29 03:39:17 UTC 2026][INFO] [Action] E MergeContainer - 33711,1
[Sat Aug 29 03:39:31 UTC 2026][INFO] [Action] U MergeContainer
[Sat Aug 29 03:39:35 UTC 2026][INFO] [Action] E MergeContainer - 33711,0
[Sat Aug 29 03:39:39 UTC 2026][INFO] [Action] E SplitContainer - 33719
[Sat Aug 29 03:39:42 UTC 2026][INFO] [Action] E DeleteContent - (c,33718,2),B
[Sat Aug 29 03:39:42 UTC 2026][INFO] [Action] E DeleteContent - (c,33717,2),B
[Sat Aug 29 03:39:43 UTC 2026][INFO] [Action] E DeleteContent - (c,33716,2),B
[Sat Aug 29 03:39:45 UTC 2026][INFO] [Action] E InsertTextContent - (c,33711,1),[SPACE]
[Sat Aug 29 03:39:46 UTC 2026][INFO] [Action] E InsertTextContent - (c,33711,2),[SPACE]
[Sat Aug 29 03:39:46 UTC 2026][INFO] [Action] E InsertTextContent - (c,33712,2),[SPACE]
[Sat Aug 29 03:39:49 UTC 2026][INFO] [Action] E DeleteContent - (c,33713,2),B
[Sat Aug 29 03:39:50 UTC 2026][INFO] [Action] E DeleteContent - (c,33713,1),B
[Sat Aug 29 03:39:50 UTC 2026][INFO] [Action] E DeleteContent - (c,33712,1),B
[Sat Aug 29 03:39:54 UTC 2026][INFO] [Action] E UpdateStyle - (c,33711,1),34:320:3,(r,33711,33711),F
[Sat Aug 29 03:39:58 UTC 2026][INFO] [Action] E AddTextContainer - (c,33715,2),0,0,0
[Sat Aug 29 03:40:09 UTC 2026][INFO] [Action] E UpdateStyle - (c,33685,2),49:0.250000:2,(r,33685,33685),F
[Sat Aug 29 03:40:26 UTC 2026][INFO] [Action] E MergeContainer - 35870,0
[Sat Aug 29 03:40:26 UTC 2026][INFO] [Action] E MergeContainer - 35870,0
[Sat Aug 29 03:40:27 UTC 2026][INFO] [Action] E MergeContainer - 35870,0
[Sat Aug 29 03:40:27 UTC 2026][INFO] [Action] E MergeContainer - 35870,0
[Sat Aug 29 03:40:28 UTC 2026][INFO] [Action] E MergeContainer - 35870,0
[Sat Aug 29 03:40:29 UTC 2026][INFO] [Action] E MergeContainer - 35870,0
[Sat Aug 29 03:40:35 UTC 2026][INFO] [Action] E AddTextContainer - (c,35870,1),1,0,0
[Sat Aug 29 03:40:49 UTC 2026][INFO] [Action] E MergeContainer - 36006,1
[Sat Aug 29 03:40:53 UTC 2026][INFO] [Action] U MergeContainer
[Sat Aug 29 03:40:59 UTC 2026][INFO] [Action] E DeleteContent - (r,36041,36041),F
[Sat Aug 29 03:41:01 UTC 2026][INFO] [Action] U DeleteContent
[Sat Aug 29 03:41:07 UTC 2026][INFO] [Action] E MergeContainer - 36043,1
[Sat Aug 29 03:41:07 UTC 2026][INFO] [Action] E MergeContainer - 36042,1
[Sat Aug 29 03:41:11 UTC 2026][INFO] [Action] E DeleteContent - (c,36041,2),B
[Sat Aug 29 03:41:12 UTC 2026][INFO] [Action] U DeleteContent
[Sat Aug 29 03:41:12 UTC 2026][INFO] [Action] U MergeContainer
[Sat Aug 29 03:41:18 UTC 2026][INFO] [Action] E UpdateStyle - (c,36041,2),49:0.250000:2,(r,36041,36041),F
[Sat Aug 29 03:41:31 UTC 2026][INFO] [Action] E UpdateStyle - (c,36041,2),49:0.500000:2,(r,36041,36041),F
[Sat Aug 29 03:41:32 UTC 2026][INFO] [Action] E UpdateStyle - (c,36041,2),49:0.750000:2,(r,36041,36041),F
[Sat Aug 29 03:41:35 UTC 2026][INFO] [Action] E MergeContainer - 36006,1
[Sat Aug 29 03:41:39 UTC 2026][INFO] [Action] E UpdateStyle - (c,36004,2),49:0.250000:2,(r,36004,36004),F
[Sat Aug 29 03:41:40 UTC 2026][INFO] [Action] E UpdateStyle - (c,36004,2),49:0.500000:2,(r,36004,36004),F
[Sat Aug 29 03:41:58 UTC 2026][INFO] [Action] E UpdateStyle - (r,36180,36251),34:59:3,(r,36180,36251),F
[Sat Aug 29 03:41:58 UTC 2026][INFO] [Action] E UpdateStyle - (r,36180,36251),34:59:3,(r,36180,36251),F
[Sat Aug 29 03:42:00 UTC 2026][INFO] [Action] E UpdateStyle - (r,36180,36251),34:320:3,(r,36180,36251),F
[Sat Aug 29 03:42:02 UTC 2026][INFO] [Action] E UpdateStyle - (r,36180,36251),34:59:3,(r,36180,36251),F
[Sat Aug 29 03:42:07 UTC 2026][INFO] [Action] E SaveBook - Save
[Sat Aug 29 03:42:24 UTC 2026][INFO] [Action] E MergeContainer - 36267,0
[Sat Aug 29 03:42:26 UTC 2026][INFO] [Action] U MergeContainer
[Sat Aug 29 03:42:58 UTC 2026][INFO] [Action] E UpdateStyle - (c,40065,2),49:0.250000:2,(r,40065,40065),F
[Sat Aug 29 03:43:03 UTC 2026][INFO] [Action] E UpdateStyle - (c,40069,2),49:0.250000:2,(r,40069,40069),F
[Sat Aug 29 03:43:03 UTC 2026][INFO] [Action] E UpdateStyle - (c,40069,2),49:0.500000:2,(r,40069,40069),F
[Sat Aug 29 03:43:06 UTC 2026][INFO] [Action] E UpdateStyle - (c,40069,2),49:0.750000:2,(r,40069,40069),F
[Sat Aug 29 03:43:34 UTC 2026][INFO] [Action] E UpdateStyle - (c,55441,2),49:0.250000:2,(r,55441,55441),F
[Sat Aug 29 03:43:35 UTC 2026][INFO] [Action] E UpdateStyle - (c,55441,2),49:0.500000:2,(r,55441,55441),F
[Sat Aug 29 03:43:36 UTC 2026][INFO] [Action] E UpdateStyle - (c,55441,2),49:0.750000:2,(r,55441,55441),F
[Sat Aug 29 03:43:46 UTC 2026][INFO] [Action] E MergeContainer - 57440,1
[Sat Aug 29 03:43:48 UTC 2026][INFO] [Action] E UpdateStyle - (c,57439,2),49:0.250000:2,(r,57439,57439),F
[Sat Aug 29 03:43:49 UTC 2026][INFO] [Action] E UpdateStyle - (c,57439,2),49:0.500000:2,(r,57439,57439),F
[Sat Aug 29 03:44:06 UTC 2026][INFO] [Action] E UpdateStyle - (c,57683,2),49:0.250000:2,(r,57683,57683),F
[Sat Aug 29 03:44:07 UTC 2026][INFO] [Action] E UpdateStyle - (c,57683,2),49:0.500000:2,(r,57683,57683),F
[Sat Aug 29 03:44:22 UTC 2026][INFO] [Action] E MergeContainer - 57501,0
[Sat Aug 29 03:44:27 UTC 2026][INFO] [Action] E UpdateStyle - (c,58109,2),49:0.250000:2,(r,58109,58109),F
[Sat Aug 29 03:44:35 UTC 2026][INFO] [Action] E MergeContainer - 58128,0
[Sat Aug 29 03:44:42 UTC 2026][INFO] [Action] E AddTextContainer - (c,58128,1),1,0,0
[Sat Aug 29 03:44:57 UTC 2026][INFO] [Action] E MergeContainer - 59910,1
[Sat Aug 29 03:44:58 UTC 2026][INFO] [Action] E MergeContainer - 59948,1
[Sat Aug 29 03:44:59 UTC 2026][INFO] [Action] E MergeContainer - 59961,1
[Sat Aug 29 03:45:01 UTC 2026][INFO] [Action] E DeleteContent - (r,59961,59961),B
[Sat Aug 29 03:45:03 UTC 2026][INFO] [Action] U DeleteContent
[Sat Aug 29 03:45:06 UTC 2026][INFO] [Action] E MergeContainer - 59988,1
[Sat Aug 29 03:45:09 UTC 2026][INFO] [Action] E MergeContainer - 60003,1
[Sat Aug 29 03:45:10 UTC 2026][INFO] [Action] E MergeContainer - 60032,1
[Sat Aug 29 03:45:16 UTC 2026][INFO] [Action] E UpdateStyle - (c,59909,2),49:0.250000:2,(r,59909,59909),F
[Sat Aug 29 03:45:21 UTC 2026][INFO] [Action] E UpdateStyle - (c,59947,2),49:0.250000:2,(r,59947,59947),F
[Sat Aug 29 03:45:22 UTC 2026][INFO] [Action] E UpdateStyle - (c,59947,2),49:0.500000:2,(r,59947,59947),F
[Sat Aug 29 03:45:23 UTC 2026][INFO] [Action] E UpdateStyle - (c,59947,2),49:0.750000:2,(r,59947,59947),F
[Sat Aug 29 03:45:28 UTC 2026][INFO] [Action] E UpdateStyle - (c,59960,2),49:0.250000:2,(r,59960,59960),F
[Sat Aug 29 03:45:29 UTC 2026][INFO] [Action] E UpdateStyle - (c,59960,2),49:0.500000:2,(r,59960,59960),F
[Sat Aug 29 03:45:32 UTC 2026][INFO] [Action] E UpdateStyle - (c,59987,2),49:0.250000:2,(r,59987,59987),F
[Sat Aug 29 03:45:33 UTC 2026][INFO] [Action] E UpdateStyle - (c,59987,2),49:0.500000:2,(r,59987,59987),F
[Sat Aug 29 03:45:33 UTC 2026][INFO] [Action] E UpdateStyle - (c,59987,2),49:0.750000:2,(r,59987,59987),F
[Sat Aug 29 03:45:37 UTC 2026][INFO] [Action] E UpdateStyle - (c,60002,2),49:0.250000:2,(r,60002,60002),F
[Sat Aug 29 03:45:38 UTC 2026][INFO] [Action] E UpdateStyle - (c,60002,2),49:0.500000:2,(r,60002,60002),F
[Sat Aug 29 03:45:42 UTC 2026][INFO] [Action] E UpdateStyle - (c,60031,2),49:0.250000:2,(r,60031,60031),F
[Sat Aug 29 03:45:43 UTC 2026][INFO] [Action] E UpdateStyle - (c,60031,2),49:0.500000:2,(r,60031,60031),F
[Sat Aug 29 03:45:43 UTC 2026][INFO] [Action] E UpdateStyle - (c,60031,2),49:0.750000:2,(r,60031,60031),F
[Sat Aug 29 03:45:43 UTC 2026][INFO] [Action] E UpdateStyle - (c,60031,2),49:1.000000:2,(r,60031,60031),F
[Sat Aug 29 03:45:43 UTC 2026][INFO] [Action] E UpdateStyle - (c,60031,2),49:1.250000:2,(r,60031,60031),F
[Sat Aug 29 03:45:51 UTC 2026][INFO] [Action] E UpdateStyle - (c,59909,2),49:0.500000:2,(r,59909,59909),F
[Sat Aug 29 03:49:29 UTC 2026][INFO] [Action] E MergeContainer - 62705,1
[Sat Aug 29 03:49:31 UTC 2026][INFO] [Action] E MergeContainer - 62671,1
[Sat Aug 29 03:49:32 UTC 2026][INFO] [Action] E MergeContainer - 62738,1
[Sat Aug 29 03:49:33 UTC 2026][INFO] [Action] E MergeContainer - 62774,1
[Sat Aug 29 03:49:36 UTC 2026][INFO] [Action] E UpdateStyle - (c,62670,2),49:0.250000:2,(r,62670,62670),F
[Sat Aug 29 03:49:36 UTC 2026][INFO] [Action] E UpdateStyle - (c,62670,2),49:0.500000:2,(r,62670,62670),F
[Sat Aug 29 03:49:42 UTC 2026][INFO] [Action] E UpdateStyle - (c,62703,2),49:0.250000:2,(r,62703,62703),F
[Sat Aug 29 03:49:42 UTC 2026][INFO] [Action] E UpdateStyle - (c,62703,2),49:0.500000:2,(r,62703,62703),F
[Sat Aug 29 03:49:45 UTC 2026][INFO] [Action] E UpdateStyle - (c,62703,2),49:0.750000:2,(r,62703,62703),F
[Sat Aug 29 03:49:50 UTC 2026][INFO] [Action] E UpdateStyle - (c,62737,2),49:0.250000:2,(r,62737,62737),F
[Sat Aug 29 03:49:50 UTC 2026][INFO] [Action] E UpdateStyle - (c,62737,2),49:0.500000:2,(r,62737,62737),F
[Sat Aug 29 03:49:54 UTC 2026][INFO] [Action] E UpdateStyle - (c,62737,2),49:0.250000:2,(r,62737,62737),F
[Sat Aug 29 03:50:02 UTC 2026][INFO] [Action] E UpdateStyle - (c,62773,2),49:0.250000:2,(r,62773,62773),F
[Sat Aug 29 03:50:03 UTC 2026][INFO] [Action] E UpdateStyle - (c,62773,2),49:0.500000:2,(r,62773,62773),F
[Sat Aug 29 03:50:04 UTC 2026][INFO] [Action] E UpdateStyle - (c,62773,2),49:0.750000:2,(r,62773,62773),F
[Sat Aug 29 03:50:09 UTC 2026][INFO] [Action] E UpdateStyle - (c,62670,2),49:0.250000:2,(r,62670,62670),F
[Sat Aug 29 03:50:14 UTC 2026][INFO] [Action] E UpdateStyle - (c,62670,2),49:2.750000:2,(r,62670,62670),F
[Sat Aug 29 03:50:19 UTC 2026][INFO] [Action] E UpdateStyle - (c,62670,2),49:2.500000:2,(r,62670,62670),F
[Sat Aug 29 03:50:19 UTC 2026][INFO] [Action] E UpdateStyle - (c,62670,2),49:2.250000:2,(r,62670,62670),F
[Sat Aug 29 03:50:19 UTC 2026][INFO] [Action] E UpdateStyle - (c,62670,2),49:2.000000:2,(r,62670,62670),F
[Sat Aug 29 03:50:19 UTC 2026][INFO] [Action] E UpdateStyle - (c,62670,2),49:1.750000:2,(r,62670,62670),F
[Sat Aug 29 03:50:19 UTC 2026][INFO] [Action] E UpdateStyle - (c,62670,2),49:1.500000:2,(r,62670,62670),F
[Sat Aug 29 03:50:20 UTC 2026][INFO] [Action] E UpdateStyle - (c,62670,2),49:1.250000:2,(r,62670,62670),F
[Sat Aug 29 03:50:20 UTC 2026][INFO] [Action] E UpdateStyle - (c,62670,2),49:1.000000:2,(r,62670,62670),F
[Sat Aug 29 03:50:20 UTC 2026][INFO] [Action] E UpdateStyle - (c,62670,2),49:0.750000:2,(r,62670,62670),F
[Sat Aug 29 03:50:21 UTC 2026][INFO] [Action] E UpdateStyle - (c,62670,2),49:0.500000:2,(r,62670,62670),F
[Sat Aug 29 03:50:53 UTC 2026][INFO] [Action] E MergeContainer - 74565,1
[Sat Aug 29 03:50:56 UTC 2026][INFO] [Action] E UpdateStyle - (c,74564,2),49:0.250000:2,(r,74564,74564),F
[Sat Aug 29 03:50:57 UTC 2026][INFO] [Action] E UpdateStyle - (c,74564,2),49:0.500000:2,(r,74564,74564),F
[Sat Aug 29 03:50:59 UTC 2026][INFO] [Action] E MergeContainer - 74633,1
[Sat Aug 29 03:51:01 UTC 2026][INFO] [Action] E UpdateStyle - (c,74632,2),49:0.250000:2,(r,74632,74632),F
[Sat Aug 29 03:51:02 UTC 2026][INFO] [Action] E UpdateStyle - (c,74632,2),49:0.500000:2,(r,74632,74632),F
[Sat Aug 29 03:51:02 UTC 2026][INFO] [Action] E UpdateStyle - (c,74632,2),49:0.750000:2,(r,74632,74632),F
[Sat Aug 29 03:51:02 UTC 2026][INFO] [Action] E UpdateStyle - (c,74632,2),49:1.000000:2,(r,74632,74632),F
[Sat Aug 29 03:51:02 UTC 2026][INFO] [Action] E UpdateStyle - (c,74632,2),49:1.250000:2,(r,74632,74632),F
[Sat Aug 29 03:51:05 UTC 2026][INFO] [Action] E MergeContainer - 74761,1
[Sat Aug 29 03:51:09 UTC 2026][INFO] [Action] E UpdateStyle - (c,74760,2),49:0.250000:2,(r,74760,74760),F
[Sat Aug 29 03:51:09 UTC 2026][INFO] [Action] E UpdateStyle - (c,74760,2),49:0.500000:2,(r,74760,74760),F
[Sat Aug 29 03:51:11 UTC 2026][INFO] [Action] E MergeContainer - 74790,1
[Sat Aug 29 03:51:14 UTC 2026][INFO] [Action] E UpdateStyle - (c,74789,2),49:0.250000:2,(r,74789,74789),F
[Sat Aug 29 03:51:14 UTC 2026][INFO] [Action] E UpdateStyle - (c,74789,2),49:0.500000:2,(r,74789,74789),F
[Sat Aug 29 03:51:14 UTC 2026][INFO] [Action] E UpdateStyle - (c,74789,2),49:0.750000:2,(r,74789,74789),F
[Sat Aug 29 03:51:16 UTC 2026][INFO] [Action] E UpdateStyle - (c,74789,2),49:1.000000:2,(r,74789,74789),F
[Sat Aug 29 03:51:30 UTC 2026][INFO] [Action] E MergeContainer - 75888,1
[Sat Aug 29 03:51:31 UTC 2026][INFO] [Action] E MergeContainer - 75914,1
[Sat Aug 29 03:51:32 UTC 2026][INFO] [Action] E MergeContainer - 75945,1
[Sat Aug 29 03:51:33 UTC 2026][INFO] [Action] E DeleteContent - (r,75952,75952),B
[Sat Aug 29 03:51:35 UTC 2026][INFO] [Action] U DeleteContent
[Sat Aug 29 03:51:39 UTC 2026][INFO] [Action] E MergeContainer - 75979,0
[Sat Aug 29 03:51:42 UTC 2026][INFO] [Action] E UpdateStyle - (c,75979,2),49:0.250000:2,(r,75979,75979),F
[Sat Aug 29 03:51:43 UTC 2026][INFO] [Action] E UpdateStyle - (c,75979,2),49:0.500000:2,(r,75979,75979),F
[Sat Aug 29 03:51:46 UTC 2026][INFO] [Action] E UpdateStyle - (c,75944,2),49:0.250000:2,(r,75944,75944),F
[Sat Aug 29 03:51:49 UTC 2026][INFO] [Action] E UpdateStyle - (c,75913,2),49:0.250000:2,(r,75913,75913),F
[Sat Aug 29 03:51:50 UTC 2026][INFO] [Action] E UpdateStyle - (c,75913,2),49:0.500000:2,(r,75913,75913),F
[Sat Aug 29 03:51:54 UTC 2026][INFO] [Action] E UpdateStyle - (c,75887,2),49:0.250000:2,(r,75887,75887),F
[Sat Aug 29 03:51:58 UTC 2026][INFO] [Action] E InsertTextContent - (c,75903,2),[,]
[Sat Aug 29 03:52:31 UTC 2026][INFO] [Action] E SplitContainer - 76062
[Sat Aug 29 03:52:34 UTC 2026][INFO] [Action] E UpdateStyle - (c,76061,2),49:0.250000:2,(r,76061,76061),F
[Sat Aug 29 03:52:36 UTC 2026][INFO] [Action] E UpdateStyle - (c,76061,2),49:0.000000:2,(r,76061,76061),F
[Sat Aug 29 03:52:44 UTC 2026][INFO] [Action] E UpdateStyle - (c,76101,2),49:0.250000:2,(r,76101,76101),F
[Sat Aug 29 03:52:45 UTC 2026][INFO] [Action] E UpdateStyle - (c,76101,2),49:0.500000:2,(r,76101,76101),F
[Sat Aug 29 03:52:46 UTC 2026][INFO] [Action] E UpdateStyle - (c,76101,2),49:0.750000:2,(r,76101,76101),F
[Sat Aug 29 03:52:49 UTC 2026][INFO] [Action] E UpdateStyle - (c,76061,2),49:0.250000:2,(r,76061,76061),F
[Sat Aug 29 03:52:54 UTC 2026][INFO] [Action] E UpdateStyle - (r,76088,76092),34:320:3,(r,76088,76092),F
[Sat Aug 29 03:53:02 UTC 2026][INFO] [Action] E UpdateStyle - (c,76191,2),34:59:3,(r,76191,76191),F
[Sat Aug 29 03:53:05 UTC 2026][INFO] [Action] E UpdateStyle - (c,76094,1),34:59:3,(r,76094,76094),F
[Sat Aug 29 03:53:09 UTC 2026][INFO] [Action] E InsertTextContent - (c,76062,1),[SPACE]
[Sat Aug 29 03:53:09 UTC 2026][INFO] [Action] E InsertTextContent - (c,76062,2),[SPACE]
[Sat Aug 29 03:53:09 UTC 2026][INFO] [Action] E InsertTextContent - (c,76063,2),[SPACE]
[Sat Aug 29 03:53:10 UTC 2026][INFO] [Action] E InsertTextContent - (c,76064,2),[SPACE]
[Sat Aug 29 03:53:10 UTC 2026][INFO] [Action] E InsertTextContent - (c,76065,2),[SPACE]
[Sat Aug 29 03:53:10 UTC 2026][INFO] [Action] E InsertTextContent - (c,76066,2),[SPACE]
[Sat Aug 29 03:53:10 UTC 2026][INFO] [Action] E InsertTextContent - (c,76067,2),[SPACE]
[Sat Aug 29 03:53:10 UTC 2026][INFO] [Action] E InsertTextContent - (c,76068,2),[SPACE]
[Sat Aug 29 03:53:11 UTC 2026][INFO] [Action] E InsertTextContent - (c,76069,2),[SPACE]
[Sat Aug 29 03:53:11 UTC 2026][INFO] [Action] E InsertTextContent - (c,76070,2),[SPACE]
[Sat Aug 29 03:53:30 UTC 2026][INFO] [Action] E UpdateStyle - (r,76070,76111),11:Bookerly,serif:4,(r,76070,76111),F
[Sat Aug 29 03:53:32 UTC 2026][INFO] [Action] E UpdateStyle - (r,76070,76111),12:382:3,(r,76070,76111),F
[Sat Aug 29 03:53:35 UTC 2026][INFO] [Action] E UpdateStyle - (r,76070,76111),11:AmazonEmber,sans-serif:4,(r,76070,76111),F
[Sat Aug 29 03:53:56 UTC 2026][INFO] [Action] E UpdateStyle - (r,76066,76111),11:AmazonEmber,sans-serif:4,(r,76066,76111),F
[Sat Aug 29 03:54:02 UTC 2026][INFO] [Action] E UpdateStyle - (r,76066,76111),12:382:3,(r,76066,76111),F
[Sat Aug 29 03:54:04 UTC 2026][INFO] [Action] E UpdateStyle - (r,76066,76111),13:361:3,(r,76066,76111),F
[Sat Aug 29 03:54:05 UTC 2026][INFO] [Action] E UpdateStyle - (r,76066,76111),13:350:3,(r,76066,76111),F
[Sat Aug 29 03:54:08 UTC 2026][INFO] [Action] E UpdateStyle - (r,76066,76111),12:350:3,(r,76066,76111),F
[Sat Aug 29 03:54:09 UTC 2026][INFO] [Action] E UpdateStyle - (r,76066,76111),12:382:3,(r,76066,76111),F
[Sat Aug 29 03:54:10 UTC 2026][INFO] [Action] E UpdateStyle - (r,76066,76111),12:350:3,(r,76066,76111),F
[Sat Aug 29 03:54:10 UTC 2026][INFO] [Action] E UpdateStyle - (r,76066,76111),12:382:3,(r,76066,76111),F
[Sat Aug 29 03:54:12 UTC 2026][INFO] [Action] E UpdateStyle - (r,76066,76111),13:361:3,(r,76066,76111),F
[Sat Aug 29 03:54:13 UTC 2026][INFO] [Action] E UpdateStyle - (r,76066,76111),13:350:3,(r,76066,76111),F
[Sat Aug 29 03:54:31 UTC 2026][INFO] [Action] E UpdateStyle - (r,76069,76111),11:SourceCodePro,monospace:4,(r,76069,76111),F
[Sat Aug 29 03:54:35 UTC 2026][INFO] [Action] E UpdateStyle - (r,76069,76111),11:Bookerly,serif:4,(r,76069,76111),F
[Sat Aug 29 03:54:42 UTC 2026][INFO] [Action] E UpdateStyle - (r,76069,76111),11:AmazonEmber,sans-serif:4,(r,76069,76111),F
[Sat Aug 29 03:54:58 UTC 2026][INFO] [Action] E UpdateStyle - (c,75914,2),49:0.750000:2,(r,75914,75914),F
[Sat Aug 29 03:55:01 UTC 2026][INFO] [Action] E UpdateStyle - (c,75914,2),49:0.500000:2,(r,75914,75914),F
[Sat Aug 29 03:55:03 UTC 2026][INFO] [Action] E UpdateStyle - (c,75914,2),49:0.750000:2,(r,75914,75914),F
[Sat Aug 29 03:55:08 UTC 2026][INFO] [Action] E UpdateStyle - (c,75945,2),49:0.500000:2,(r,75945,75945),F
[Sat Aug 29 03:55:20 UTC 2026][INFO] [Action] E UpdateStyle - (c,76061,2),49:0.500000:2,(r,76061,76061),F
[Sat Aug 29 03:55:25 UTC 2026][INFO] [Action] E UpdateStyle - (c,76111,2),49:1.000000:2,(r,76111,76111),F
[Sat Aug 29 03:55:25 UTC 2026][INFO] [Action] E UpdateStyle - (c,76111,2),49:1.250000:2,(r,76111,76111),F
[Sat Aug 29 03:55:35 UTC 2026][INFO] [Action] E UpdateStyle - (c,75887,2),49:0.500000:2,(r,75887,75887),F
[Sat Aug 29 03:56:02 UTC 2026][INFO] [Action] E MergeContainer - 75519,1
[Sat Aug 29 03:56:11 UTC 2026][INFO] [Action] E UpdateStyle - (c,75518,2),49:0.250000:2,(r,75518,75518),F
[Sat Aug 29 03:56:12 UTC 2026][INFO] [Action] E UpdateStyle - (c,75518,2),49:0.500000:2,(r,75518,75518),F
[Sat Aug 29 03:56:12 UTC 2026][INFO] [Action] E UpdateStyle - (c,75518,2),49:0.750000:2,(r,75518,75518),F
[Sat Aug 29 03:56:13 UTC 2026][INFO] [Action] E UpdateStyle - (c,75518,2),49:1.000000:2,(r,75518,75518),F
[Sat Aug 29 03:56:13 UTC 2026][INFO] [Action] E UpdateStyle - (c,75518,2),49:1.250000:2,(r,75518,75518),F
[Sat Aug 29 03:56:14 UTC 2026][INFO] [Action] E UpdateStyle - (c,75518,2),49:1.500000:2,(r,75518,75518),F
[Sat Aug 29 03:56:20 UTC 2026][INFO] [Action] E UpdateStyle - (c,76060,2),49:0.250000:2,(r,76060,76060),F
[Sat Aug 29 03:56:31 UTC 2026][INFO] [Action] E UpdateStyle - (c,75886,2),49:0.250000:2,(r,75886,75886),F
[Sat Aug 29 03:56:51 UTC 2026][INFO] [Action] E UpdateStyle - (c,75518,2),49:1.250000:2,(r,75518,75518),F
[Sat Aug 29 03:56:51 UTC 2026][INFO] [Action] E UpdateStyle - (c,75518,2),49:1.000000:2,(r,75518,75518),F
[Sat Aug 29 03:56:52 UTC 2026][INFO] [Action] E UpdateStyle - (c,75518,2),49:0.750000:2,(r,75518,75518),F
[Sat Aug 29 03:56:52 UTC 2026][INFO] [Action] E UpdateStyle - (c,75518,2),49:0.500000:2,(r,75518,75518),F
[Sat Aug 29 03:56:52 UTC 2026][INFO] [Action] E UpdateStyle - (c,75518,2),49:0.250000:2,(r,75518,75518),F
[Sat Aug 29 03:56:53 UTC 2026][INFO] [Action] E UpdateStyle - (c,75518,2),49:0.000000:2,(r,75518,75518),F
[Sat Aug 29 03:57:02 UTC 2026][INFO] [Action] E AddTextContainer - (c,75518,2),0,0,0
[Sat Aug 29 03:57:21 UTC 2026][INFO] [Action] E UpdateStyle - (c,76111,2),49:1.000000:2,(r,76111,76111),F
[Sat Aug 29 03:57:44 UTC 2026][INFO] [Action] E MergeContainer - 90260,1
[Sat Aug 29 03:57:47 UTC 2026][INFO] [Action] E UpdateStyle - (c,90259,2),49:0.250000:2,(r,90259,90259),F
[Sat Aug 29 03:57:51 UTC 2026][INFO] [Action] E UpdateStyle - (c,90259,2),49:0.500000:2,(r,90259,90259),F
[Sat Aug 29 03:58:36 UTC 2026][INFO] [Action] E MergeContainer - 95235,1
[Sat Aug 29 03:58:40 UTC 2026][INFO] [Action] E UpdateStyle - (c,95234,2),49:0.250000:2,(r,95234,95234),F
[Sat Aug 29 03:58:40 UTC 2026][INFO] [Action] E UpdateStyle - (c,95234,2),49:0.500000:2,(r,95234,95234),F
[Sat Aug 29 03:59:05 UTC 2026][INFO] [Action] E MergeContainer - 95397,0
[Sat Aug 29 03:59:10 UTC 2026][INFO] [Action] E MergeContainer - 95283,1
[Sat Aug 29 03:59:18 UTC 2026][INFO] [Action] E MergeContainer - 95427,1
[Sat Aug 29 03:59:24 UTC 2026][INFO] [Action] E UpdateStyle - (c,95282,2),49:0.250000:2,(r,95282,95282),F
[Sat Aug 29 03:59:24 UTC 2026][INFO] [Action] E UpdateStyle - (c,95282,2),49:0.500000:2,(r,95282,95282),F
[Sat Aug 29 03:59:29 UTC 2026][INFO] [Action] E UpdateStyle - (c,95426,2),49:0.250000:2,(r,95426,95426),F
[Sat Aug 29 03:59:30 UTC 2026][INFO] [Action] E UpdateStyle - (c,95426,2),49:0.500000:2,(r,95426,95426),F
[Sat Aug 29 03:59:30 UTC 2026][INFO] [Action] E UpdateStyle - (c,95426,2),49:0.750000:2,(r,95426,95426),F
[Sat Aug 29 03:59:31 UTC 2026][INFO] [Action] E UpdateStyle - (c,95426,2),49:1.000000:2,(r,95426,95426),F
[Sat Aug 29 03:59:33 UTC 2026][INFO] [Action] E UpdateStyle - (c,95426,2),49:0.750000:2,(r,95426,95426),F
[Sat Aug 29 03:59:33 UTC 2026][INFO] [Action] E UpdateStyle - (c,95426,2),49:0.500000:2,(r,95426,95426),F
[Sat Aug 29 03:59:34 UTC 2026][INFO] [Action] E UpdateStyle - (c,95426,2),49:0.250000:2,(r,95426,95426),F
[Sat Aug 29 04:00:14 UTC 2026][INFO] [Action] E AddTextContainer - (c,95282,2),0,0,0
[Sat Aug 29 04:00:18 UTC 2026][INFO] [Action] E MergeContainer - 95283,1
[Sat Aug 29 04:00:26 UTC 2026][INFO] [Action] E UpdateStyle - (c,95234,2),49:0.250000:2,(r,95234,95234),F
[Sat Aug 29 04:00:39 UTC 2026][INFO] [Action] E UpdateStyle - (r,95319,95325),49:0.500000:2,(r,95319,95325),F
[Sat Aug 29 04:00:44 UTC 2026][INFO] [Action] U UpdateStyle
[Sat Aug 29 04:00:49 UTC 2026][INFO] [Action] E UpdateStyle - (c,95282,2),49:0.750000:2,(r,95282,95282),F
[Sat Aug 29 04:00:50 UTC 2026][INFO] [Action] E UpdateStyle - (c,95282,2),49:1.000000:2,(r,95282,95282),F
[Sat Aug 29 04:00:51 UTC 2026][INFO] [Action] E UpdateStyle - (c,95282,2),49:1.250000:2,(r,95282,95282),F
[Sat Aug 29 04:00:52 UTC 2026][INFO] [Action] E UpdateStyle - (c,95282,2),49:1.000000:2,(r,95282,95282),F
[Sat Aug 29 04:00:52 UTC 2026][INFO] [Action] E UpdateStyle - (c,95282,2),49:0.750000:2,(r,95282,95282),F
[Sat Aug 29 04:00:53 UTC 2026][INFO] [Action] E UpdateStyle - (c,95282,2),49:0.500000:2,(r,95282,95282),F
[Sat Aug 29 04:00:54 UTC 2026][INFO] [Action] E UpdateStyle - (c,95282,2),49:0.750000:2,(r,95282,95282),F
[Sat Aug 29 04:00:55 UTC 2026][INFO] [Action] E UpdateStyle - (c,95282,2),49:1.000000:2,(r,95282,95282),F
[Sat Aug 29 04:00:57 UTC 2026][INFO] [Action] E UpdateStyle - (c,95282,2),49:1.250000:2,(r,95282,95282),F
[Sat Aug 29 04:00:59 UTC 2026][INFO] [Action] E UpdateStyle - (c,95282,2),49:1.500000:2,(r,95282,95282),F
[Sat Aug 29 04:01:00 UTC 2026][INFO] [Action] E UpdateStyle - (c,95282,2),49:1.750000:2,(r,95282,95282),F
[Sat Aug 29 04:01:00 UTC 2026][INFO] [Action] E UpdateStyle - (c,95282,2),49:2.000000:2,(r,95282,95282),F
[Sat Aug 29 04:01:02 UTC 2026][INFO] [Action] E UpdateStyle - (c,95282,2),49:1.750000:2,(r,95282,95282),F
[Sat Aug 29 04:01:02 UTC 2026][INFO] [Action] E UpdateStyle - (c,95282,2),49:1.500000:2,(r,95282,95282),F
[Sat Aug 29 04:01:02 UTC 2026][INFO] [Action] E UpdateStyle - (c,95282,2),49:1.250000:2,(r,95282,95282),F
[Sat Aug 29 04:01:03 UTC 2026][INFO] [Action] E UpdateStyle - (c,95282,2),49:1.000000:2,(r,95282,95282),F
[Sat Aug 29 04:01:05 UTC 2026][INFO] [Action] E UpdateStyle - (c,95282,2),49:1.250000:2,(r,95282,95282),F
[Sat Aug 29 04:01:08 UTC 2026][INFO] [Action] E UpdateStyle - (c,95282,2),49:1.000000:2,(r,95282,95282),F
[Sat Aug 29 04:01:12 UTC 2026][INFO] [Action] E UpdateStyle - (c,95234,2),49:0.500000:2,(r,95234,95234),F
[Sat Aug 29 04:01:19 UTC 2026][INFO] [Action] E UpdateStyle - (c,95426,2),49:0.500000:2,(r,95426,95426),F
[Sat Aug 29 04:01:19 UTC 2026][INFO] [Action] E UpdateStyle - (c,95426,2),49:0.750000:2,(r,95426,95426),F
[Sat Aug 29 04:01:20 UTC 2026][INFO] [Action] E UpdateStyle - (c,95426,2),49:1.000000:2,(r,95426,95426),F
[Sat Aug 29 04:01:21 UTC 2026][INFO] [Action] E UpdateStyle - (c,95426,2),49:0.750000:2,(r,95426,95426),F
[Sat Aug 29 04:01:21 UTC 2026][INFO] [Action] E UpdateStyle - (c,95426,2),49:0.500000:2,(r,95426,95426),F
[Sat Aug 29 04:01:22 UTC 2026][INFO] [Action] E UpdateStyle - (c,95426,2),49:0.250000:2,(r,95426,95426),F
[Sat Aug 29 04:01:25 UTC 2026][INFO] [Action] E UpdateStyle - (c,95426,2),49:0.500000:2,(r,95426,95426),F
[Sat Aug 29 04:01:33 UTC 2026][INFO] [Action] E MergeContainer - 95474,0
[Sat Aug 29 04:01:55 UTC 2026][INFO] [Action] E MergeContainer - 102329,1
[Sat Aug 29 04:01:57 UTC 2026][INFO] [Action] E UpdateStyle - (c,102328,2),49:0.250000:2,(r,102328,102328),F
[Sat Aug 29 04:01:58 UTC 2026][INFO] [Action] E UpdateStyle - (c,102328,2),49:0.500000:2,(r,102328,102328),F
[Sat Aug 29 04:02:00 UTC 2026][INFO] [Action] E MergeContainer - 102377,1
[Sat Aug 29 04:02:02 UTC 2026][INFO] [Action] E UpdateStyle - (c,102376,2),49:0.250000:2,(r,102376,102376),F
[Sat Aug 29 04:02:02 UTC 2026][INFO] [Action] E UpdateStyle - (c,102376,2),49:0.500000:2,(r,102376,102376),F
[Sat Aug 29 04:02:02 UTC 2026][INFO] [Action] E UpdateStyle - (c,102376,2),49:0.750000:2,(r,102376,102376),F
[Sat Aug 29 04:02:03 UTC 2026][INFO] [Action] E UpdateStyle - (c,102376,2),49:1.000000:2,(r,102376,102376),F
[Sat Aug 29 04:02:05 UTC 2026][INFO] [Action] E MergeContainer - 102433,1
[Sat Aug 29 04:02:09 UTC 2026][INFO] [Action] E UpdateStyle - (c,102432,2),49:0.250000:2,(r,102432,102432),F
[Sat Aug 29 04:02:11 UTC 2026][INFO] [Action] E MergeContainer - 102480,1
[Sat Aug 29 04:02:15 UTC 2026][INFO] [Action] E UpdateStyle - (c,102479,2),49:0.250000:2,(r,102479,102479),F
[Sat Aug 29 04:02:15 UTC 2026][INFO] [Action] E UpdateStyle - (c,102479,2),49:0.500000:2,(r,102479,102479),F
[Sat Aug 29 04:02:16 UTC 2026][INFO] [Action] E UpdateStyle - (c,102479,2),49:0.750000:2,(r,102479,102479),F
[Sat Aug 29 04:02:16 UTC 2026][INFO] [Action] E UpdateStyle - (c,102479,2),49:1.000000:2,(r,102479,102479),F
[Sat Aug 29 04:02:17 UTC 2026][INFO] [Action] E UpdateStyle - (c,102479,2),49:1.250000:2,(r,102479,102479),F
[Sat Aug 29 04:02:17 UTC 2026][INFO] [Action] E UpdateStyle - (c,102479,2),49:1.500000:2,(r,102479,102479),F
[Sat Aug 29 04:02:19 UTC 2026][INFO] [Action] E UpdateStyle - (c,102479,2),49:1.250000:2,(r,102479,102479),F
[Sat Aug 29 04:02:24 UTC 2026][INFO] [Action] E UpdateStyle - (c,102479,2),49:1.000000:2,(r,102479,102479),F
[Sat Aug 29 04:02:37 UTC 2026][INFO] [Action] E MergeContainer - 105036,1
[Sat Aug 29 04:02:39 UTC 2026][INFO] [Action] E MergeContainer - 105046,1
[Sat Aug 29 04:02:43 UTC 2026][INFO] [Action] E UpdateStyle - (c,105035,2),49:0.250000:2,(r,105035,105035),F
[Sat Aug 29 04:02:48 UTC 2026][INFO] [Action] E UpdateStyle - (c,105045,2),49:0.250000:2,(r,105045,105045),F
[Sat Aug 29 04:02:49 UTC 2026][INFO] [Action] E UpdateStyle - (c,105045,2),49:0.500000:2,(r,105045,105045),F
[Sat Aug 29 04:04:59 UTC 2026][INFO] [Action] E MergeContainer - 105062,1
[Sat Aug 29 04:05:02 UTC 2026][INFO] [Action] E UpdateStyle - (c,105061,2),49:0.250000:2,(r,105061,105061),F
[Sat Aug 29 04:05:03 UTC 2026][INFO] [Action] E UpdateStyle - (c,105061,2),49:0.500000:2,(r,105061,105061),F
[Sat Aug 29 04:05:06 UTC 2026][INFO] [Action] E UpdateStyle - (c,105045,2),49:0.750000:2,(r,105045,105045),F
[Sat Aug 29 04:05:13 UTC 2026][INFO] [Action] E DeleteContent - (r,105113,105113),B
[Sat Aug 29 04:05:15 UTC 2026][INFO] [Action] U DeleteContent
[Sat Aug 29 04:05:25 UTC 2026][INFO] [Action] E MergeContainer - 105093,0
[Sat Aug 29 04:05:31 UTC 2026][INFO] [Action] E UpdateStyle - (c,105092,2),49:0.250000:2,(r,105092,105092),F
[Sat Aug 29 04:05:32 UTC 2026][INFO] [Action] E UpdateStyle - (c,105092,2),49:0.500000:2,(r,105092,105092),F
[Sat Aug 29 04:05:36 UTC 2026][INFO] [Action] E UpdateStyle - (c,105092,2),49:0.750000:2,(r,105092,105092),F
[Sat Aug 29 04:05:37 UTC 2026][INFO] [Action] E UpdateStyle - (c,105092,2),49:1.000000:2,(r,105092,105092),F
[Sat Aug 29 04:05:44 UTC 2026][INFO] [Action] E MergeContainer - 105171,1
[Sat Aug 29 04:05:47 UTC 2026][INFO] [Action] E UpdateStyle - (c,105170,2),49:0.250000:2,(r,105170,105170),F
[Sat Aug 29 04:05:47 UTC 2026][INFO] [Action] E UpdateStyle - (c,105170,2),49:0.500000:2,(r,105170,105170),F
[Sat Aug 29 04:05:49 UTC 2026][INFO] [Action] E MergeContainer - 105200,1
[Sat Aug 29 04:05:51 UTC 2026][INFO] [Action] E UpdateStyle - (c,105199,2),49:0.250000:2,(r,105199,105199),F
[Sat Aug 29 04:05:52 UTC 2026][INFO] [Action] E UpdateStyle - (c,105199,2),49:0.500000:2,(r,105199,105199),F
[Sat Aug 29 04:05:52 UTC 2026][INFO] [Action] E UpdateStyle - (c,105199,2),49:0.750000:2,(r,105199,105199),F
[Sat Aug 29 04:06:01 UTC 2026][INFO] [Action] E UpdateStyle - (c,105199,2),49:1.000000:2,(r,105199,105199),F
[Sat Aug 29 04:06:05 UTC 2026][INFO] [Action] E MergeContainer - 105270,1
[Sat Aug 29 04:06:07 UTC 2026][INFO] [Action] E UpdateStyle - (c,105269,2),49:0.250000:2,(r,105269,105269),F
[Sat Aug 29 04:06:07 UTC 2026][INFO] [Action] E UpdateStyle - (c,105269,2),49:0.500000:2,(r,105269,105269),F
[Sat Aug 29 04:06:10 UTC 2026][INFO] [Action] E MergeContainer - 105294,1
[Sat Aug 29 04:06:12 UTC 2026][INFO] [Action] E UpdateStyle - (c,105293,2),49:0.250000:2,(r,105293,105293),F
[Sat Aug 29 04:06:12 UTC 2026][INFO] [Action] E UpdateStyle - (c,105293,2),49:0.500000:2,(r,105293,105293),F
[Sat Aug 29 04:06:13 UTC 2026][INFO] [Action] E UpdateStyle - (c,105293,2),49:0.750000:2,(r,105293,105293),F
[Sat Aug 29 04:06:16 UTC 2026][INFO] [Action] E UpdateStyle - (c,105293,2),49:1.000000:2,(r,105293,105293),F
[Sat Aug 29 04:07:41 UTC 2026][INFO] [Action] E MergeContainer - 115954,1
[Sat Aug 29 04:07:42 UTC 2026][INFO] [Action] E DeleteContent - (c,115953,2),B
[Sat Aug 29 04:07:45 UTC 2026][INFO] [Action] U DeleteContent
[Sat Aug 29 04:07:47 UTC 2026][INFO] [Action] E MergeContainer - 115953,0
[Sat Aug 29 04:07:53 UTC 2026][INFO] [Action] E MergeContainer - 115988,1
[Sat Aug 29 04:07:56 UTC 2026][INFO] [Action] E UpdateStyle - (c,115987,2),49:0.250000:2,(r,115987,115987),F
[Sat Aug 29 04:07:56 UTC 2026][INFO] [Action] E UpdateStyle - (c,115987,2),49:0.500000:2,(r,115987,115987),F
[Sat Aug 29 04:07:59 UTC 2026][INFO] [Action] E MergeContainer - 116012,1
[Sat Aug 29 04:08:02 UTC 2026][INFO] [Action] E UpdateStyle - (c,116011,2),49:0.250000:2,(r,116011,116011),F
[Sat Aug 29 04:08:02 UTC 2026][INFO] [Action] E UpdateStyle - (c,116011,2),49:0.500000:2,(r,116011,116011),F
[Sat Aug 29 04:08:03 UTC 2026][INFO] [Action] E UpdateStyle - (c,116011,2),49:0.750000:2,(r,116011,116011),F
[Sat Aug 29 04:08:03 UTC 2026][INFO] [Action] E UpdateStyle - (c,116011,2),49:1.000000:2,(r,116011,116011),F
[Sat Aug 29 04:08:06 UTC 2026][INFO] [Action] E DeleteContent - (r,116059,116064),B
[Sat Aug 29 04:08:09 UTC 2026][INFO] [Action] U DeleteContent
[Sat Aug 29 04:08:11 UTC 2026][INFO] [Action] E MergeContainer - 116043,1
[Sat Aug 29 04:08:14 UTC 2026][INFO] [Action] E UpdateStyle - (c,116042,2),49:0.250000:2,(r,116042,116042),F
[Sat Aug 29 04:08:25 UTC 2026][INFO] [Action] E UpdateStyle - (c,116042,2),49:0.500000:2,(r,116042,116042),F
[Sat Aug 29 04:08:28 UTC 2026][INFO] [Action] E MergeContainer - 116071,1
[Sat Aug 29 04:08:30 UTC 2026][INFO] [Action] E UpdateStyle - (c,116070,2),49:0.250000:2,(r,116070,116070),F
[Sat Aug 29 04:08:31 UTC 2026][INFO] [Action] E UpdateStyle - (c,116070,2),49:0.500000:2,(r,116070,116070),F
[Sat Aug 29 04:08:31 UTC 2026][INFO] [Action] E UpdateStyle - (c,116070,2),49:0.750000:2,(r,116070,116070),F
[Sat Aug 29 04:08:32 UTC 2026][INFO] [Action] E UpdateStyle - (c,116070,2),49:1.000000:2,(r,116070,116070),F
[Sat Aug 29 04:10:26 UTC 2026][INFO] [Action] E UpdateStyle - (r,116172,116192),13:361:3,(r,116172,116192),F
[Sat Aug 29 04:10:29 UTC 2026][INFO] [Action] E UpdateStyle - (r,116172,116192),11:Bookerly,serif:4,(r,116172,116192),F
[Sat Aug 29 04:10:33 UTC 2026][INFO] [Action] E UpdateStyle - (r,116172,116192),11:AmazonEmber,sans-serif:4,(r,116172,116192),F
[Sat Aug 29 04:11:03 UTC 2026][INFO] [Action] E UpdateStyle - (r,115988,116011),13:361:3,(r,115988,116011),F
[Sat Aug 29 04:11:24 UTC 2026][INFO] [Action] E InsertTextContent - (c,9549,1),[SPACE]
[Sat Aug 29 04:11:29 UTC 2026][INFO] [Action] E UpdateStyle - (c,9549,2),34:59:3,(r,9549,9549),F
[Sat Aug 29 04:11:32 UTC 2026][INFO] [Action] E SplitContainer - 9550
[Sat Aug 29 04:11:38 UTC 2026][INFO] [Action] E UpdateStyle - (c,9549,2),49:0.250000:2,(r,9549,9549),F
[Sat Aug 29 04:11:39 UTC 2026][INFO] [Action] E UpdateStyle - (c,9549,2),49:0.000000:2,(r,9549,9549),F
[Sat Aug 29 04:11:47 UTC 2026][INFO] [Action] E UpdateStyle - (r,9525,9569),34:320:3,(r,9525,9569),F
[Sat Aug 29 04:11:52 UTC 2026][INFO] [Action] E SplitContainer - 9625
[Sat Aug 29 04:11:56 UTC 2026][INFO] [Action] E UpdateStyle - (c,9624,2),49:0.000000:2,(r,9624,9624),F
[Sat Aug 29 04:12:22 UTC 2026][INFO] [Action] E UpdateStyle - (r,9525,9569),13:361:3,(r,9525,9569),F
[Sat Aug 29 04:12:25 UTC 2026][INFO] [Action] E UpdateStyle - (r,9525,9569),11:Bookerly,serif:4,(r,9525,9569),F
[Sat Aug 29 04:12:28 UTC 2026][INFO] [Action] E UpdateStyle - (r,9525,9569),11:AmazonEmber,sans-serif:4,(r,9525,9569),F
[Sat Aug 29 04:12:34 UTC 2026][INFO] [Action] E UpdateStyle - (r,9601,9644),11:Bookerly,serif:4,(r,9601,9644),F
[Sat Aug 29 04:12:37 UTC 2026][INFO] [Action] E UpdateStyle - (r,9601,9644),11:AmazonEmber,sans-serif:4,(r,9601,9644),F
[Sat Aug 29 04:12:38 UTC 2026][INFO] [Action] E UpdateStyle - (r,9601,9644),13:361:3,(r,9601,9644),F
[Sat Aug 29 04:12:44 UTC 2026][INFO] [Action] E UpdateStyle - (r,9703,9751),13:361:3,(r,9703,9751),F
[Sat Aug 29 04:12:46 UTC 2026][INFO] [Action] E UpdateStyle - (r,9703,9751),11:Bookerly,serif:4,(r,9703,9751),F
[Sat Aug 29 04:12:47 UTC 2026][INFO] [Action] E UpdateStyle - (r,9703,9751),11:AmazonEmber,sans-serif:4,(r,9703,9751),F
[Sat Aug 29 04:12:56 UTC 2026][INFO] [Action] E UpdateStyle - (r,10029,10051),13:361:3,(r,10029,10051),F
[Sat Aug 29 04:12:57 UTC 2026][INFO] [Action] E UpdateStyle - (r,10029,10051),11:Bookerly,serif:4,(r,10029,10051),F
[Sat Aug 29 04:12:59 UTC 2026][INFO] [Action] E UpdateStyle - (r,10029,10051),11:AmazonEmber,sans-serif:4,(r,10029,10051),F
[Sat Aug 29 04:13:13 UTC 2026][INFO] [Action] E UpdateStyle - (r,10065,10282),11:Bookerly,serif:4,(r,10065,10282),F
[Sat Aug 29 04:13:15 UTC 2026][INFO] [Action] E UpdateStyle - (r,10065,10282),11:AmazonEmber,sans-serif:4,(r,10065,10282),F
[Sat Aug 29 04:13:24 UTC 2026][INFO] [Action] E UpdateStyle - (r,10065,10282),12:350:3,(r,10065,10282),F
[Sat Aug 29 04:13:27 UTC 2026][INFO] [Action] E UpdateStyle - (r,10065,10282),12:382:3,(r,10065,10282),F
[Sat Aug 29 04:13:39 UTC 2026][INFO] [Action] E UpdateStyle - (r,10065,10282),11:SourceCodePro,monospace:4,(r,10065,10282),F
[Sat Aug 29 04:13:45 UTC 2026][INFO] [Action] E UpdateStyle - (r,10065,10282),16:10.000000:2,(r,10065,10282),F
[Sat Aug 29 04:14:18 UTC 2026][INFO] [Action] E UpdateStyle - (r,27515,27538),13:361:3,(r,27515,27538),F
[Sat Aug 29 04:14:20 UTC 2026][INFO] [Action] E UpdateStyle - (r,27515,27538),11:Bookerly,serif:4,(r,27515,27538),F
[Sat Aug 29 04:14:22 UTC 2026][INFO] [Action] E UpdateStyle - (r,27515,27538),11:AmazonEmber,sans-serif:4,(r,27515,27538),F
[Sat Aug 29 04:14:34 UTC 2026][INFO] [Action] E UpdateStyle - (r,27459,27503),11:Bookerly,serif:4,(r,27459,27503),F
[Sat Aug 29 04:14:36 UTC 2026][INFO] [Action] E UpdateStyle - (r,27459,27503),11:AmazonEmber,sans-serif:4,(r,27459,27503),F
[Sat Aug 29 04:14:56 UTC 2026][INFO] [Action] E UpdateStyle - (r,30542,30583),11:Bookerly,serif:4,(r,30542,30583),F
[Sat Aug 29 04:14:58 UTC 2026][INFO] [Action] E UpdateStyle - (r,30542,30583),11:AmazonEmber,sans-serif:4,(r,30542,30583),F
[Sat Aug 29 04:15:02 UTC 2026][INFO] [Action] E UpdateStyle - (c,30541,2),49:0.250000:2,(r,30541,30541),F
[Sat Aug 29 04:15:09 UTC 2026][INFO] [Action] E MergeContainer - 30585,1
[Sat Aug 29 04:15:29 UTC 2026][INFO] [Action] E MergeContainer - 30584,1
[Sat Aug 29 04:15:34 UTC 2026][INFO] [Action] E UpdateStyle - (c,30583,2),49:0.250000:2,(r,30583,30583),F
[Sat Aug 29 04:15:34 UTC 2026][INFO] [Action] E UpdateStyle - (c,30583,2),49:0.500000:2,(r,30583,30583),F
[Sat Aug 29 04:15:38 UTC 2026][INFO] [Action] E UpdateStyle - (c,30583,2),49:0.750000:2,(r,30583,30583),F
[Sat Aug 29 04:15:40 UTC 2026][INFO] [Action] E UpdateStyle - (c,30583,2),49:0.500000:2,(r,30583,30583),F
[Sat Aug 29 04:16:17 UTC 2026][INFO] [Action] E UpdateStyle - (r,30732,30780),11:Bookerly,serif:4,(r,30732,30780),F
[Sat Aug 29 04:16:19 UTC 2026][INFO] [Action] E UpdateStyle - (r,30732,30780),11:AmazonEmber,sans-serif:4,(r,30732,30780),F
[Sat Aug 29 04:16:26 UTC 2026][INFO] [Action] U UpdateStyle
[Sat Aug 29 04:16:59 UTC 2026][INFO] [Action] E InsertTextContent - (c,30507,2),[SPACE]
[Sat Aug 29 04:17:00 UTC 2026][INFO] [Action] E MergeContainer - 30508,0
[Sat Aug 29 04:17:07 UTC 2026][INFO] [Action] E SplitContainer - 30713
[Sat Aug 29 04:17:22 UTC 2026][INFO] [Action] E DeleteContent - (c,30714,1),B
[Sat Aug 29 04:17:31 UTC 2026][INFO] [Action] E UpdateStyle - (r,30713,30780),16:10.000000:2,(r,30713,30780),F
[Sat Aug 29 04:17:58 UTC 2026][INFO] [Action] E UpdateStyle - (c,30731,2),49:0.250000:2,(r,30731,30731),F
[Sat Aug 29 04:17:59 UTC 2026][INFO] [Action] E UpdateStyle - (c,30731,2),49:0.000000:2,(r,30731,30731),F
[Sat Aug 29 04:18:08 UTC 2026][INFO] [Action] E UpdateStyle - (c,30542,2),49:0.250000:2,(r,30542,30542),F
[Sat Aug 29 04:18:09 UTC 2026][INFO] [Action] E UpdateStyle - (c,30542,2),49:0.000000:2,(r,30542,30542),F
[Sat Aug 29 04:18:17 UTC 2026][INFO] [Action] E UpdateStyle - (c,30584,2),49:0.250000:2,(r,30584,30584),F
[Sat Aug 29 04:18:27 UTC 2026][INFO] [Action] E SaveBook - Save
[Sat Aug 29 04:18:40 UTC 2026][INFO] [Action] E UpdateStyle - (r,30543,30584),16:8.000000:2,(r,30543,30584),F
[Sat Aug 29 04:18:51 UTC 2026][INFO] [Action] E UpdateStyle - (c,30584,2),49:0.500000:2,(r,30584,30584),F
[Sat Aug 29 04:18:53 UTC 2026][INFO] [Action] E UpdateStyle - (c,30584,2),49:0.750000:2,(r,30584,30584),F
[Sat Aug 29 04:18:53 UTC 2026][INFO] [Action] E UpdateStyle - (c,30584,2),49:1.000000:2,(r,30584,30584),F
[Sat Aug 29 04:18:53 UTC 2026][INFO] [Action] E UpdateStyle - (c,30584,2),49:1.250000:2,(r,30584,30584),F
[Sat Aug 29 04:18:55 UTC 2026][INFO] [Action] E UpdateStyle - (c,30584,2),49:1.000000:2,(r,30584,30584),F
[Sat Aug 29 04:18:55 UTC 2026][INFO] [Action] E UpdateStyle - (c,30584,2),49:0.750000:2,(r,30584,30584),F
[Sat Aug 29 04:18:58 UTC 2026][INFO] [Action] E UpdateStyle - (c,30584,2),49:0.500000:2,(r,30584,30584),F
[Sat Aug 29 04:19:01 UTC 2026][INFO] [Action] E UpdateStyle - (c,30584,2),49:0.750000:2,(r,30584,30584),F
[Sat Aug 29 04:19:08 UTC 2026][INFO] [Action] E UpdateStyle - (c,30780,2),49:0.250000:2,(r,30780,30780),F
[Sat Aug 29 04:19:18 UTC 2026][INFO] [Action] E InsertTextContent - (c,30713,1),[SPACE]
[Sat Aug 29 04:19:18 UTC 2026][INFO] [Action] E InsertTextContent - (c,30713,2),[SPACE]
[Sat Aug 29 04:19:18 UTC 2026][INFO] [Action] E InsertTextContent - (c,30714,2),[SPACE]
[Sat Aug 29 04:19:18 UTC 2026][INFO] [Action] E InsertTextContent - (c,30715,2),[SPACE]
[Sat Aug 29 04:19:19 UTC 2026][INFO] [Action] E InsertTextContent - (c,30716,2),[SPACE]
[Sat Aug 29 04:19:19 UTC 2026][INFO] [Action] E InsertTextContent - (c,30717,2),[SPACE]
[Sat Aug 29 04:19:19 UTC 2026][INFO] [Action] E InsertTextContent - (c,30718,2),[SPACE]
[Sat Aug 29 04:19:19 UTC 2026][INFO] [Action] E InsertTextContent - (c,30719,2),[SPACE]
[Sat Aug 29 04:19:19 UTC 2026][INFO] [Action] E InsertTextContent - (c,30720,2),[SPACE]
[Sat Aug 29 04:19:19 UTC 2026][INFO] [Action] E InsertTextContent - (c,30721,2),[SPACE]
[Sat Aug 29 04:19:20 UTC 2026][INFO] [Action] E InsertTextContent - (c,30722,2),[SPACE]
[Sat Aug 29 04:19:20 UTC 2026][INFO] [Action] E InsertTextContent - (c,30723,2),[SPACE]
[Sat Aug 29 04:19:20 UTC 2026][INFO] [Action] E InsertTextContent - (c,30724,2),[SPACE]
[Sat Aug 29 04:19:24 UTC 2026][INFO] [Action] E InsertTextContent - (c,30745,1),[SPACE]
[Sat Aug 29 04:19:24 UTC 2026][INFO] [Action] E InsertTextContent - (c,30745,2),[SPACE]
[Sat Aug 29 04:19:24 UTC 2026][INFO] [Action] E InsertTextContent - (c,30746,2),[SPACE]
[Sat Aug 29 04:19:25 UTC 2026][INFO] [Action] E InsertTextContent - (c,30747,2),[SPACE]
[Sat Aug 29 04:19:25 UTC 2026][INFO] [Action] E InsertTextContent - (c,30748,2),[SPACE]
[Sat Aug 29 04:19:25 UTC 2026][INFO] [Action] E InsertTextContent - (c,30749,2),[SPACE]
[Sat Aug 29 04:19:25 UTC 2026][INFO] [Action] E InsertTextContent - (c,30750,2),[SPACE]
[Sat Aug 29 04:19:25 UTC 2026][INFO] [Action] E InsertTextContent - (c,30751,2),[SPACE]
[Sat Aug 29 04:19:25 UTC 2026][INFO] [Action] E InsertTextContent - (c,30752,2),[SPACE]
[Sat Aug 29 04:19:26 UTC 2026][INFO] [Action] E InsertTextContent - (c,30753,2),[SPACE]
[Sat Aug 29 04:19:26 UTC 2026][INFO] [Action] E InsertTextContent - (c,30754,2),[SPACE]
[Sat Aug 29 04:19:26 UTC 2026][INFO] [Action] E InsertTextContent - (c,30755,2),[SPACE]
[Sat Aug 29 04:19:26 UTC 2026][INFO] [Action] E InsertTextContent - (c,30756,2),[SPACE]
[Sat Aug 29 04:19:42 UTC 2026][INFO] [Action] E UpdateStyle - (r,30725,30806),11:Bookerly,serif:4,(r,30725,30806),F
[Sat Aug 29 04:19:44 UTC 2026][INFO] [Action] E UpdateStyle - (r,30725,30806),11:AmazonEmber,sans-serif:4,(r,30725,30806),F
[Sat Aug 29 04:19:49 UTC 2026][INFO] [Action] E InsertTextContent - (c,30713,2),[SPACE]
[Sat Aug 29 04:19:49 UTC 2026][INFO] [Action] E InsertTextContent - (c,30714,2),[SPACE]
[Sat Aug 29 04:19:49 UTC 2026][INFO] [Action] E InsertTextContent - (c,30715,2),[SPACE]
[Sat Aug 29 04:20:23 UTC 2026][INFO] [Action] E Copy - (r,30553,30558)
[Sat Aug 29 04:20:27 UTC 2026][INFO] [Action] E Paste - (r,30729,30734),6
[Sat Aug 29 04:20:36 UTC 2026][INFO] [Action] E UpdateStyle - (r,30729,30734),16:8.000000:2,(r,30729,30734),F
[Sat Aug 29 04:20:43 UTC 2026][INFO] [Action] E UpdateStyle - (r,30728,30734),11:Bookerly,serif:4,(r,30728,30734),F
[Sat Aug 29 04:20:45 UTC 2026][INFO] [Action] E UpdateStyle - (r,30728,30734),11:AmazonEmber,sans-serif:4,(r,30728,30734),F
[Sat Aug 29 04:20:51 UTC 2026][INFO] [Action] E InsertTextContent - (r,30762,30767),[U]
[Sat Aug 29 04:20:51 UTC 2026][INFO] [Action] E InsertTextContent - (c,30762,2),[B]
[Sat Aug 29 04:20:52 UTC 2026][INFO] [Action] E InsertTextContent - (c,30763,2),[J]
[Sat Aug 29 04:20:53 UTC 2026][INFO] [Action] E InsertTextContent - (c,30764,2),[E]
[Sat Aug 29 04:20:53 UTC 2026][INFO] [Action] E InsertTextContent - (c,30765,2),[C]
[Sat Aug 29 04:20:54 UTC 2026][INFO] [Action] E InsertTextContent - (c,30766,2),[T]
[Sat Aug 29 04:21:01 UTC 2026][INFO] [Action] E UpdateStyle - (r,30760,30767),16:8.000000:2,(r,30760,30767),F
[Sat Aug 29 04:21:11 UTC 2026][INFO] [Action] E UpdateStyle - (r,30725,30809),16:8.000000:2,(r,30725,30809),F
[Sat Aug 29 04:21:16 UTC 2026][INFO] [Action] E InsertTextContent - (r,30779,30781),[A]
[Sat Aug 29 04:21:17 UTC 2026][INFO] [Action] E InsertTextContent - (c,30779,2),[T]
[Sat Aug 29 04:21:17 UTC 2026][INFO] [Action] E InsertTextContent - (c,30780,2),[E]
[Sat Aug 29 04:21:24 UTC 2026][INFO] [Action] E InsertTextContent - (r,30785,30792),[E]
[Sat Aug 29 04:21:24 UTC 2026][INFO] [Action] E InsertTextContent - (c,30785,2),[D]
[Sat Aug 29 04:21:25 UTC 2026][INFO] [Action] E InsertTextContent - (c,30786,2),[N]
[Sat Aug 29 04:21:26 UTC 2026][INFO] [Action] E InsertTextContent - (c,30787,2),[E]
[Sat Aug 29 04:21:26 UTC 2026][INFO] [Action] E InsertTextContent - (c,30788,2),[S]
[Sat Aug 29 04:21:28 UTC 2026][INFO] [Action] E InsertTextContent - (c,30789,2),[D]
[Sat Aug 29 04:21:28 UTC 2026][INFO] [Action] E InsertTextContent - (c,30790,2),[A]
[Sat Aug 29 04:21:29 UTC 2026][INFO] [Action] E InsertTextContent - (c,30791,2),[Y]
[Sat Aug 29 04:21:35 UTC 2026][INFO] [Action] E InsertTextContent - (c,30793,2),[SPACE]
[Sat Aug 29 04:21:35 UTC 2026][INFO] [Action] E InsertTextContent - (c,30794,2),[SPACE]
[Sat Aug 29 04:21:37 UTC 2026][INFO] [Action] E InsertTextContent - (c,30776,2),[SPACE]
[Sat Aug 29 04:21:37 UTC 2026][INFO] [Action] E InsertTextContent - (c,30777,2),[SPACE]
[Sat Aug 29 04:21:45 UTC 2026][INFO] [Action] E InsertTextContent - (r,30800,30802),[I]
[Sat Aug 29 04:21:46 UTC 2026][INFO] [Action] E InsertTextContent - (c,30800,2),[M]
[Sat Aug 29 04:21:46 UTC 2026][INFO] [Action] E InsertTextContent - (c,30801,2),[E]
[Sat Aug 29 04:21:51 UTC 2026][INFO] [Action] E UpdateStyle - (r,30718,30813),16:8.000000:2,(r,30718,30813),F
[Sat Aug 29 04:21:57 UTC 2026][INFO] [Action] E DeleteContent - (c,30729,1),B
[Sat Aug 29 04:21:58 UTC 2026][INFO] [Action] E DeleteContent - (c,30728,1),B
[Sat Aug 29 04:21:59 UTC 2026][INFO] [Action] E DeleteContent - (c,30727,1),B
[Sat Aug 29 04:21:59 UTC 2026][INFO] [Action] E DeleteContent - (c,30726,1),B
[Sat Aug 29 04:22:23 UTC 2026][INFO] [Action] E UpdateStyle - (r,31009,31049),11:Bookerly,serif:4,(r,31009,31049),F
[Sat Aug 29 04:22:25 UTC 2026][INFO] [Action] E UpdateStyle - (r,31009,31049),11:AmazonEmber,sans-serif:4,(r,31009,31049),F
[Sat Aug 29 04:22:34 UTC 2026][INFO] [Action] E UpdateStyle - (r,31009,31049),13:361:3,(r,31009,31049),F
[Sat Aug 29 04:22:44 UTC 2026][INFO] [Action] E UpdateStyle - (r,31009,31049),16:8.000000:2,(r,31009,31049),F
[Sat Aug 29 04:22:58 UTC 2026][INFO] [Action] E UpdateStyle - (r,32285,32319),13:361:3,(r,32285,32319),F
[Sat Aug 29 04:23:02 UTC 2026][INFO] [Action] E UpdateStyle - (r,32285,32319),11:Bookerly,serif:4,(r,32285,32319),F
[Sat Aug 29 04:23:04 UTC 2026][INFO] [Action] E UpdateStyle - (r,32285,32319),11:AmazonEmber,sans-serif:4,(r,32285,32319),F
[Sat Aug 29 04:23:08 UTC 2026][INFO] [Action] E UpdateStyle - (r,32355,32370),11:Bookerly,serif:4,(r,32355,32370),F
[Sat Aug 29 04:23:09 UTC 2026][INFO] [Action] E UpdateStyle - (r,32355,32370),13:361:3,(r,32355,32370),F
[Sat Aug 29 04:23:10 UTC 2026][INFO] [Action] E UpdateStyle - (r,32355,32370),11:AmazonEmber,sans-serif:4,(r,32355,32370),F
[Sat Aug 29 04:23:18 UTC 2026][INFO] [Action] E DeleteContent - (c,32370,2),B
[Sat Aug 29 04:23:23 UTC 2026][INFO] [Action] E DeleteContent - (c,32296,2),B
[Sat Aug 29 04:23:25 UTC 2026][INFO] [Action] E DeleteContent - (c,32318,2),B
[Sat Aug 29 04:23:38 UTC 2026][INFO] [Action] E UpdateStyle - (r,31514,31523),34:320:3,(r,31514,31523),F
[Sat Aug 29 04:23:42 UTC 2026][INFO] [Action] E UpdateStyle - (r,31514,31523),34:59:3,(r,31514,31523),F
[Sat Aug 29 04:23:45 UTC 2026][INFO] [Action] E InsertTextContent - (c,31514,1),[SPACE]
[Sat Aug 29 04:23:45 UTC 2026][INFO] [Action] E InsertTextContent - (c,31514,2),[SPACE]
[Sat Aug 29 04:23:45 UTC 2026][INFO] [Action] E InsertTextContent - (c,31515,2),[SPACE]
[Sat Aug 29 04:23:46 UTC 2026][INFO] [Action] E InsertTextContent - (c,31516,2),[SPACE]
[Sat Aug 29 04:23:49 UTC 2026][INFO] [Action] E UpdateStyle - (r,31518,31527),11:Bookerly,serif:4,(r,31518,31527),F
[Sat Aug 29 04:23:50 UTC 2026][INFO] [Action] E UpdateStyle - (r,31518,31527),11:AmazonEmber,sans-serif:4,(r,31518,31527),F
[Sat Aug 29 04:23:52 UTC 2026][INFO] [Action] E UpdateStyle - (r,31518,31527),13:361:3,(r,31518,31527),F
[Sat Aug 29 04:23:55 UTC 2026][INFO] [Action] E DeleteContent - (c,31527,2),B
[Sat Aug 29 04:23:56 UTC 2026][INFO] [Action] E InsertTextContent - (c,31514,2),[SPACE]
[Sat Aug 29 04:23:56 UTC 2026][INFO] [Action] E InsertTextContent - (c,31515,2),[SPACE]
[Sat Aug 29 04:23:57 UTC 2026][INFO] [Action] E InsertTextContent - (c,31516,2),[SPACE]
[Sat Aug 29 04:23:57 UTC 2026][INFO] [Action] E InsertTextContent - (c,31517,2),[SPACE]
[Sat Aug 29 04:23:57 UTC 2026][INFO] [Action] E InsertTextContent - (c,31518,2),[SPACE]
[Sat Aug 29 04:23:57 UTC 2026][INFO] [Action] E InsertTextContent - (c,31519,2),[SPACE]
[Sat Aug 29 04:23:57 UTC 2026][INFO] [Action] E InsertTextContent - (c,31520,2),[SPACE]
[Sat Aug 29 04:23:57 UTC 2026][INFO] [Action] E InsertTextContent - (c,31521,2),[SPACE]
[Sat Aug 29 04:23:57 UTC 2026][INFO] [Action] E InsertTextContent - (c,31522,2),[SPACE]
[Sat Aug 29 04:24:08 UTC 2026][INFO] [Action] E UpdateStyle - (c,31049,2),49:0.750000:2,(r,31049,31049),F
[Sat Aug 29 04:24:09 UTC 2026][INFO] [Action] E UpdateStyle - (c,31049,2),49:1.000000:2,(r,31049,31049),F
[Sat Aug 29 04:24:14 UTC 2026][INFO] [Action] E UpdateStyle - (c,31008,2),49:0.500000:2,(r,31008,31008),F
[Sat Aug 29 04:24:18 UTC 2026][INFO] [Action] E UpdateStyle - (c,31049,2),49:1.250000:2,(r,31049,31049),F
[Sat Aug 29 04:24:25 UTC 2026][INFO] [Action] E UpdateStyle - (c,31513,2),49:0.250000:2,(r,31513,31513),F
[Sat Aug 29 04:24:29 UTC 2026][INFO] [Action] E UpdateStyle - (c,31535,2),49:1.000000:2,(r,31535,31535),F
[Sat Aug 29 04:24:36 UTC 2026][INFO] [Action] E UpdateStyle - (c,32296,2),49:0.500000:2,(r,32296,32296),F
[Sat Aug 29 04:24:39 UTC 2026][INFO] [Action] E UpdateStyle - (c,32329,2),49:1.000000:2,(r,32329,32329),F
[Sat Aug 29 04:24:43 UTC 2026][INFO] [Action] E UpdateStyle - (c,32364,2),49:0.500000:2,(r,32364,32364),F
[Sat Aug 29 04:24:48 UTC 2026][INFO] [Action] E UpdateStyle - (c,32379,2),49:1.000000:2,(r,32379,32379),F
[Sat Aug 29 04:25:01 UTC 2026][INFO] [Action] E UpdateStyle - (r,32894,32898),11:Bookerly,serif:4,(r,32894,32898),F
[Sat Aug 29 04:25:02 UTC 2026][INFO] [Action] E UpdateStyle - (r,32894,32898),11:AmazonEmber,sans-serif:4,(r,32894,32898),F
[Sat Aug 29 04:25:06 UTC 2026][INFO] [Action] E UpdateStyle - (r,32904,32911),11:Bookerly,serif:4,(r,32904,32911),F
[Sat Aug 29 04:25:08 UTC 2026][INFO] [Action] E UpdateStyle - (r,32904,32911),11:AmazonEmber,sans-serif:4,(r,32904,32911),F
[Sat Aug 29 04:25:11 UTC 2026][INFO] [Action] E UpdateStyle - (r,32916,32921),11:Bookerly,serif:4,(r,32916,32921),F
[Sat Aug 29 04:25:13 UTC 2026][INFO] [Action] E UpdateStyle - (r,32916,32921),11:AmazonEmber,sans-serif:4,(r,32916,32921),F
[Sat Aug 29 04:25:16 UTC 2026][INFO] [Action] E UpdateStyle - (r,32927,32930),11:Bookerly,serif:4,(r,32927,32930),F
[Sat Aug 29 04:25:18 UTC 2026][INFO] [Action] E UpdateStyle - (r,32927,32930),11:AmazonEmber,sans-serif:4,(r,32927,32930),F
[Sat Aug 29 04:25:28 UTC 2026][INFO] [Action] E UpdateStyle - (r,33723,33747),13:361:3,(r,33723,33747),F
[Sat Aug 29 04:25:28 UTC 2026][INFO] [Action] E UpdateStyle - (r,33723,33747),11:Bookerly,serif:4,(r,33723,33747),F
[Sat Aug 29 04:25:30 UTC 2026][INFO] [Action] E UpdateStyle - (r,33723,33747),11:AmazonEmber,sans-serif:4,(r,33723,33747),F
[Sat Aug 29 04:25:33 UTC 2026][INFO] [Action] E UpdateStyle - (r,33723,33747),16:10.000000:2,(r,33723,33747),F
[Sat Aug 29 04:25:37 UTC 2026][INFO] [Action] E UpdateStyle - (r,33748,33752),13:361:3,(r,33748,33752),F
[Sat Aug 29 04:25:38 UTC 2026][INFO] [Action] E UpdateStyle - (r,33748,33752),11:Bookerly,serif:4,(r,33748,33752),F
[Sat Aug 29 04:25:39 UTC 2026][INFO] [Action] E UpdateStyle - (r,33748,33752),11:AmazonEmber,sans-serif:4,(r,33748,33752),F
[Sat Aug 29 04:25:41 UTC 2026][INFO] [Action] E UpdateStyle - (r,33748,33752),16:10.000000:2,(r,33748,33752),F
[Sat Aug 29 04:25:48 UTC 2026][INFO] [Action] E UpdateStyle - (c,33722,2),49:0.500000:2,(r,33722,33722),F
[Sat Aug 29 04:25:51 UTC 2026][INFO] [Action] E UpdateStyle - (c,33752,2),49:0.250000:2,(r,33752,33752),F
[Sat Aug 29 04:25:52 UTC 2026][INFO] [Action] E UpdateStyle - (c,33752,2),49:0.500000:2,(r,33752,33752),F
[Sat Aug 29 04:25:57 UTC 2026][INFO] [Action] E UpdateStyle - (c,33752,2),49:0.750000:2,(r,33752,33752),F
[Sat Aug 29 04:26:00 UTC 2026][INFO] [Action] E MergeContainer - 33753,1
[Sat Aug 29 04:26:03 UTC 2026][INFO] [Action] E UpdateStyle - (c,33752,2),49:1.000000:2,(r,33752,33752),F
[Sat Aug 29 04:26:17 UTC 2026][INFO] [Action] E MergeContainer - 35906,1
[Sat Aug 29 04:26:25 UTC 2026][INFO] [Action] E UpdateStyle - (r,35906,36039),13:361:3,(r,35906,36039),F
[Sat Aug 29 04:26:27 UTC 2026][INFO] [Action] E UpdateStyle - (r,35906,36039),11:Bookerly,serif:4,(r,35906,36039),F
[Sat Aug 29 04:26:29 UTC 2026][INFO] [Action] E UpdateStyle - (r,35906,36039),11:AmazonEmber,sans-serif:4,(r,35906,36039),F
[Sat Aug 29 04:26:36 UTC 2026][INFO] [Action] E UpdateStyle - (r,35906,36039),34:59:3,(r,35906,36039),F
[Sat Aug 29 04:26:44 UTC 2026][INFO] [Action] E InsertTextContent - (c,35906,1),[SPACE]
[Sat Aug 29 04:26:44 UTC 2026][INFO] [Action] E InsertTextContent - (c,35906,2),[SPACE]
[Sat Aug 29 04:26:44 UTC 2026][INFO] [Action] E InsertTextContent - (c,35907,2),[SPACE]
[Sat Aug 29 04:26:45 UTC 2026][INFO] [Action] E InsertTextContent - (c,35908,2),[SPACE]
[Sat Aug 29 04:26:45 UTC 2026][INFO] [Action] E InsertTextContent - (c,35909,2),[SPACE]
[Sat Aug 29 04:26:45 UTC 2026][INFO] [Action] E InsertTextContent - (c,35910,2),[SPACE]
[Sat Aug 29 04:26:45 UTC 2026][INFO] [Action] E InsertTextContent - (c,35911,2),[SPACE]
[Sat Aug 29 04:26:45 UTC 2026][INFO] [Action] E InsertTextContent - (c,35912,2),[SPACE]
[Sat Aug 29 04:26:51 UTC 2026][INFO] [Action] E Copy - (r,35906,35913)
[Sat Aug 29 04:26:53 UTC 2026][INFO] [Action] E Paste - (c,35923,1),8
[Sat Aug 29 04:26:55 UTC 2026][INFO] [Action] E Paste - (c,35945,1),8
[Sat Aug 29 04:26:57 UTC 2026][INFO] [Action] E Paste - (c,35971,1),8
[Sat Aug 29 04:26:59 UTC 2026][INFO] [Action] E Paste - (c,36007,1),8
[Sat Aug 29 04:27:01 UTC 2026][INFO] [Action] E Paste - (c,36029,1),8
[Sat Aug 29 04:27:02 UTC 2026][INFO] [Action] E Paste - (c,36064,1),8
[Sat Aug 29 04:27:21 UTC 2026][INFO] [Action] E UpdateStyle - (r,35913,36063),47:0.250000:2,(r,35913,36063),F
[Sat Aug 29 04:27:29 UTC 2026][INFO] [Action] E UpdateStyle - (r,35906,36095),47:0.250000:2,(r,35906,36095),F
[Sat Aug 29 04:27:42 UTC 2026][INFO] [Action] E InsertTextContent - (c,35906,2),[SPACE]
[Sat Aug 29 04:27:43 UTC 2026][INFO] [Action] E InsertTextContent - (c,35907,2),[SPACE]
[Sat Aug 29 04:27:43 UTC 2026][INFO] [Action] E InsertTextContent - (c,35908,2),[SPACE]
[Sat Aug 29 04:27:45 UTC 2026][INFO] [Action] E InsertTextContent - (c,35909,2),[SPACE]
[Sat Aug 29 04:27:50 UTC 2026][INFO] [Action] E Copy - (r,35906,35911)
[Sat Aug 29 04:27:58 UTC 2026][INFO] [Action] E Paste - (c,36068,1),6
[Sat Aug 29 04:28:00 UTC 2026][INFO] [Action] E Paste - (c,36033,1),6
[Sat Aug 29 04:28:02 UTC 2026][INFO] [Action] E Paste - (c,36011,1),6
[Sat Aug 29 04:28:03 UTC 2026][INFO] [Action] E Paste - (c,35975,1),6
[Sat Aug 29 04:28:05 UTC 2026][INFO] [Action] E Paste - (c,35949,1),6
[Sat Aug 29 04:28:08 UTC 2026][INFO] [Action] E Paste - (c,35927,2),6
[Sat Aug 29 04:28:10 UTC 2026][INFO] [Action] E InsertTextContent - (c,35906,2),[SPACE]
[Sat Aug 29 04:28:11 UTC 2026][INFO] [Action] E InsertTextContent - (c,35907,2),[SPACE]
[Sat Aug 29 04:28:16 UTC 2026][INFO] [Action] E UpdateStyle - (r,35906,36137),47:0.000000:2,(r,35906,36137),F
[Sat Aug 29 04:28:21 UTC 2026][INFO] [Action] E UpdateStyle - (c,35905,2),47:0.250000:2,(r,35905,35905),F
[Sat Aug 29 04:28:21 UTC 2026][INFO] [Action] E UpdateStyle - (c,35905,2),47:0.500000:2,(r,35905,35905),F
[Sat Aug 29 04:28:23 UTC 2026][INFO] [Action] E UpdateStyle - (c,35905,2),47:0.750000:2,(r,35905,35905),F
[Sat Aug 29 04:28:26 UTC 2026][INFO] [Action] E UpdateStyle - (c,35905,2),47:0.500000:2,(r,35905,35905),F
[Sat Aug 29 04:28:26 UTC 2026][INFO] [Action] E UpdateStyle - (c,35905,2),47:0.250000:2,(r,35905,35905),F
[Sat Aug 29 04:28:27 UTC 2026][INFO] [Action] E UpdateStyle - (c,35905,2),47:0.000000:2,(r,35905,35905),F
[Sat Aug 29 04:28:30 UTC 2026][INFO] [Action] E UpdateStyle - (c,35905,2),49:0.250000:2,(r,35905,35905),F
[Sat Aug 29 04:28:31 UTC 2026][INFO] [Action] E UpdateStyle - (c,35905,2),49:0.500000:2,(r,35905,35905),F
[Sat Aug 29 04:28:32 UTC 2026][INFO] [Action] E UpdateStyle - (c,35905,2),49:0.750000:2,(r,35905,35905),F
[Sat Aug 29 04:28:32 UTC 2026][INFO] [Action] E UpdateStyle - (c,35905,2),49:1.000000:2,(r,35905,35905),F
[Sat Aug 29 04:28:35 UTC 2026][INFO] [Action] E UpdateStyle - (c,35905,2),42:1.250000:2,(r,35905,35905),F
[Sat Aug 29 04:28:37 UTC 2026][INFO] [Action] E UpdateStyle - (c,35905,2),42:1.000000:2,(r,35905,35905),F
[Sat Aug 29 04:28:43 UTC 2026][INFO] [Action] E UpdateStyle - (c,35905,2),47:0.250000:2,(r,35905,35905),F
[Sat Aug 29 04:28:45 UTC 2026][INFO] [Action] E UpdateStyle - (c,35905,2),47:0.000000:2,(r,35905,35905),F
[Sat Aug 29 04:28:58 UTC 2026][INFO] [Action] E UpdateStyle - (c,35839,1),47:0.250000:2,(r,35839,35839),F
[Sat Aug 29 04:28:59 UTC 2026][INFO] [Action] E UpdateStyle - (c,35839,1),47:0.000000:2,(r,35839,35839),F
[Sat Aug 29 04:29:24 UTC 2026][INFO] [Action] E UpdateStyle - (r,35906,36137),16:8.000000:2,(r,35906,36137),F
[Sat Aug 29 04:29:28 UTC 2026][INFO] [Action] U UpdateStyle
[Sat Aug 29 04:29:37 UTC 2026][INFO] [Action] E UpdateStyle - (r,36174,36225),13:361:3,(r,36174,36225),F
[Sat Aug 29 04:29:38 UTC 2026][INFO] [Action] E UpdateStyle - (r,36174,36225),11:Bookerly,serif:4,(r,36174,36225),F
[Sat Aug 29 04:29:41 UTC 2026][INFO] [Action] E UpdateStyle - (r,36174,36225),11:AmazonEmber,sans-serif:4,(r,36174,36225),F
[Sat Aug 29 04:29:44 UTC 2026][INFO] [Action] E UpdateStyle - (r,36174,36225),16:8.000000:2,(r,36174,36225),F
[Sat Aug 29 04:29:58 UTC 2026][INFO] [Action] E UpdateStyle - (c,36173,2),49:0.500000:2,(r,36173,36173),F
[Sat Aug 29 04:30:02 UTC 2026][INFO] [Action] E MergeContainer - 36226,1
[Sat Aug 29 04:30:05 UTC 2026][INFO] [Action] E UpdateStyle - (c,36225,2),49:0.250000:2,(r,36225,36225),F
[Sat Aug 29 04:30:06 UTC 2026][INFO] [Action] E UpdateStyle - (c,36225,2),49:0.500000:2,(r,36225,36225),F
[Sat Aug 29 04:30:06 UTC 2026][INFO] [Action] E UpdateStyle - (c,36225,2),49:0.750000:2,(r,36225,36225),F
[Sat Aug 29 04:30:07 UTC 2026][INFO] [Action] E UpdateStyle - (c,36225,2),49:1.000000:2,(r,36225,36225),F
[Sat Aug 29 04:30:16 UTC 2026][INFO] [Action] E UpdateStyle - (r,36312,36383),13:361:3,(r,36312,36383),F
[Sat Aug 29 04:30:17 UTC 2026][INFO] [Action] E UpdateStyle - (r,36312,36383),11:Bookerly,serif:4,(r,36312,36383),F
[Sat Aug 29 04:30:36 UTC 2026][INFO] [Action] E UpdateStyle - (r,36312,36383),11:AmazonEmber,sans-serif:4,(r,36312,36383),F
[Sat Aug 29 04:30:41 UTC 2026][INFO] [Action] E UpdateStyle - (r,36312,36383),16:8.000000:2,(r,36312,36383),F
[Sat Aug 29 04:30:46 UTC 2026][INFO] [Action] E UpdateStyle - (r,36312,36383),16:10.000000:2,(r,36312,36383),F
[Sat Aug 29 04:31:08 UTC 2026][INFO] [Action] E InsertTextContent - (c,1129,1),[SPACE]
[Sat Aug 29 04:31:11 UTC 2026][INFO] [Action] U InsertTextContent
[Sat Aug 29 04:31:21 UTC 2026][INFO] [Action] U UpdateStyle
[Sat Aug 29 04:31:25 UTC 2026][INFO] [Action] R UpdateStyle
[Sat Aug 29 04:31:30 UTC 2026][INFO] [Action] E InsertTextContent - (c,36312,1),[SPACE]
[Sat Aug 29 04:31:30 UTC 2026][INFO] [Action] E InsertTextContent - (c,36312,2),[SPACE]
[Sat Aug 29 04:31:30 UTC 2026][INFO] [Action] E InsertTextContent - (c,36313,2),[SPACE]
[Sat Aug 29 04:31:31 UTC 2026][INFO] [Action] E InsertTextContent - (c,36314,2),[SPACE]
[Sat Aug 29 04:31:31 UTC 2026][INFO] [Action] E InsertTextContent - (c,36315,2),[SPACE]
[Sat Aug 29 04:31:31 UTC 2026][INFO] [Action] E InsertTextContent - (c,36316,2),[SPACE]
[Sat Aug 29 04:31:31 UTC 2026][INFO] [Action] E InsertTextContent - (c,36317,2),[SPACE]
[Sat Aug 29 04:31:31 UTC 2026][INFO] [Action] E InsertTextContent - (c,36318,2),[SPACE]
[Sat Aug 29 04:31:31 UTC 2026][INFO] [Action] E InsertTextContent - (c,36319,2),[SPACE]
[Sat Aug 29 04:31:31 UTC 2026][INFO] [Action] E InsertTextContent - (c,36320,2),[SPACE]
[Sat Aug 29 04:31:32 UTC 2026][INFO] [Action] E InsertTextContent - (c,36321,2),[SPACE]
[Sat Aug 29 04:31:35 UTC 2026][INFO] [Action] E InsertTextContent - (c,36352,1),[SPACE]
[Sat Aug 29 04:31:35 UTC 2026][INFO] [Action] E InsertTextContent - (c,36352,2),[SPACE]
[Sat Aug 29 04:31:35 UTC 2026][INFO] [Action] E InsertTextContent - (c,36353,2),[SPACE]
[Sat Aug 29 04:31:35 UTC 2026][INFO] [Action] E InsertTextContent - (c,36354,2),[SPACE]
[Sat Aug 29 04:31:35 UTC 2026][INFO] [Action] E InsertTextContent - (c,36355,2),[SPACE]
[Sat Aug 29 04:31:35 UTC 2026][INFO] [Action] E InsertTextContent - (c,36356,2),[SPACE]
[Sat Aug 29 04:31:36 UTC 2026][INFO] [Action] E InsertTextContent - (c,36357,2),[SPACE]
[Sat Aug 29 04:31:36 UTC 2026][INFO] [Action] E InsertTextContent - (c,36358,2),[SPACE]
[Sat Aug 29 04:31:36 UTC 2026][INFO] [Action] E InsertTextContent - (c,36359,2),[SPACE]
[Sat Aug 29 04:31:36 UTC 2026][INFO] [Action] E InsertTextContent - (c,36360,2),[SPACE]
[Sat Aug 29 04:31:36 UTC 2026][INFO] [Action] E InsertTextContent - (c,36361,2),[SPACE]
[Sat Aug 29 04:31:46 UTC 2026][INFO] [Action] E UpdateStyle - (r,36312,36405),16:8.000000:2,(r,36312,36405),F
[Sat Aug 29 04:31:54 UTC 2026][INFO] [Action] E DeleteContent - (r,36280,36280),B
[Sat Aug 29 04:31:54 UTC 2026][INFO] [Action] E DeleteContent - (r,36280,36280),F
[Sat Aug 29 04:31:54 UTC 2026][INFO] [Action] E DeleteContent - (r,36280,36280),F
[Sat Aug 29 04:31:56 UTC 2026][INFO] [Action] U DeleteContent
[Sat Aug 29 04:31:56 UTC 2026][INFO] [Action] U DeleteContent
[Sat Aug 29 04:31:56 UTC 2026][INFO] [Action] U DeleteContent
[Sat Aug 29 04:32:02 UTC 2026][INFO] [Action] E MergeContainer - 36310,0
[Sat Aug 29 04:32:06 UTC 2026][INFO] [Action] E UpdateStyle - (c,36310,2),49:0.500000:2,(r,36310,36310),F
[Sat Aug 29 04:32:06 UTC 2026][INFO] [Action] E UpdateStyle - (c,36310,2),49:0.750000:2,(r,36310,36310),F
[Sat Aug 29 04:32:06 UTC 2026][INFO] [Action] E UpdateStyle - (c,36310,2),49:1.000000:2,(r,36310,36310),F
[Sat Aug 29 04:32:08 UTC 2026][INFO] [Action] E UpdateStyle - (c,36310,2),49:1.250000:2,(r,36310,36310),F
[Sat Aug 29 04:32:08 UTC 2026][INFO] [Action] E UpdateStyle - (c,36310,2),49:1.500000:2,(r,36310,36310),F
[Sat Aug 29 04:32:11 UTC 2026][INFO] [Action] E UpdateStyle - (c,36310,2),49:1.250000:2,(r,36310,36310),F
[Sat Aug 29 04:32:12 UTC 2026][INFO] [Action] E UpdateStyle - (c,36310,2),49:1.000000:2,(r,36310,36310),F
[Sat Aug 29 04:32:31 UTC 2026][INFO] [Action] E UpdateStyle - (r,36317,36404),13:350:3,(r,36317,36404),F
[Sat Aug 29 04:32:40 UTC 2026][INFO] [Action] E UpdateStyle - (r,36319,36404),16:10.000000:2,(r,36319,36404),F
[Sat Aug 29 04:32:47 UTC 2026][INFO] [Action] E DeleteContent - (r,36352,36352),F
[Sat Aug 29 04:32:47 UTC 2026][INFO] [Action] E DeleteContent - (r,36352,36352),F
[Sat Aug 29 04:32:48 UTC 2026][INFO] [Action] E DeleteContent - (r,36352,36352),F
[Sat Aug 29 04:32:49 UTC 2026][INFO] [Action] E InsertTextContent - (c,36351,2),[SPACE]
[Sat Aug 29 04:32:52 UTC 2026][INFO] [Action] E InsertTextContent - (c,36322,1),[SPACE]
[Sat Aug 29 04:33:06 UTC 2026][INFO] [Action] E SaveBook - Save
[Sat Aug 29 04:33:16 UTC 2026][INFO] [Action] E ItemChanged - -1,7860
[Sat Aug 29 04:33:19 UTC 2026][INFO] [Action] E ItemChanged - -1,36405
[Sat Aug 29 04:33:27 UTC 2026][INFO] [Action] E UpdateStyle - (r,37484,37497),11:Bookerly,serif:4,(r,37484,37497),F
[Sat Aug 29 04:33:30 UTC 2026][INFO] [Action] E UpdateStyle - (r,37484,37497),11:AmazonEmber,sans-serif:4,(r,37484,37497),F
[Sat Aug 29 04:34:49 UTC 2026][INFO] [Action] E Copy - (r,32853,32957)
[Sat Aug 29 04:36:03 UTC 2026][INFO] [Action] E AddTextContainer - (c,37439,2),0,0,0
[Sat Aug 29 04:36:10 UTC 2026][INFO] [Action] E Copy - (r,37441,37498)
[Sat Aug 29 04:51:29 UTC 2026][INFO] [Action] E UpdateStyle - (r,35906,36137),16:8.000000:2,(r,35906,36137),F
[Sat Aug 29 04:51:32 UTC 2026][INFO] [Action] E UpdateStyle - (r,35906,36137),16:10.000000:2,(r,35906,36137),F
[Sat Aug 29 04:51:35 UTC 2026][INFO] [Action] E UpdateStyle - (r,35906,36137),13:350:3,(r,35906,36137),F
[Sat Aug 29 04:51:57 UTC 2026][INFO] [Action] E UpdateStyle - (r,36210,36214),13:350:3,(r,36210,36214),F
[Sat Aug 29 04:51:58 UTC 2026][INFO] [Action] E UpdateStyle - (r,36210,36214),13:361:3,(r,36210,36214),F
[Sat Aug 29 04:52:02 UTC 2026][INFO] [Action] E UpdateStyle - (r,36174,36225),13:350:3,(r,36174,36225),F
[Sat Aug 29 04:52:25 UTC 2026][INFO] [Action] E InsertTextContent - (c,36323,1),[SPACE]
[Sat Aug 29 04:52:25 UTC 2026][INFO] [Action] E InsertTextContent - (c,36323,2),[SPACE]
[Sat Aug 29 04:52:25 UTC 2026][INFO] [Action] E InsertTextContent - (c,36324,2),[SPACE]
[Sat Aug 29 04:52:27 UTC 2026][INFO] [Action] E InsertTextContent - (c,36364,1),[SPACE]
[Sat Aug 29 04:52:27 UTC 2026][INFO] [Action] E InsertTextContent - (c,36364,2),[SPACE]
[Sat Aug 29 04:52:28 UTC 2026][INFO] [Action] E InsertTextContent - (c,36365,2),[SPACE]
[Sat Aug 29 04:52:30 UTC 2026][INFO] [Action] E InsertTextContent - (c,36366,2),[SPACE]
[Sat Aug 29 04:52:31 UTC 2026][INFO] [Action] E DeleteContent - (c,36367,2),B
[Sat Aug 29 04:52:42 UTC 2026][INFO] [Action] E UpdateStyle - (r,36320,36322),16:8.000000:2,(r,36320,36322),F
[Sat Aug 29 04:52:49 UTC 2026][INFO] [Action] E UpdateStyle - (r,36320,36322),16:10.000000:2,(r,36320,36322),F
[Sat Aug 29 04:52:56 UTC 2026][INFO] [Action] E UpdateStyle - (r,36322,36323),16:8.000000:2,(r,36322,36323),F
[Sat Aug 29 04:53:40 UTC 2026][INFO] [Action] E UpdateStyle - (r,40225,40228),11:Bookerly,serif:4,(r,40225,40228),F
[Sat Aug 29 04:53:43 UTC 2026][INFO] [Action] E UpdateStyle - (r,40225,40228),11:AmazonEmber,sans-serif:4,(r,40225,40228),F
[Sat Aug 29 04:53:45 UTC 2026][INFO] [Action] E DeleteContent - (c,40228,2),B
[Sat Aug 29 04:54:01 UTC 2026][INFO] [Action] E UpdateStyle - (r,55593,55599),13:361:3,(r,55593,55599),F
[Sat Aug 29 04:54:02 UTC 2026][INFO] [Action] E UpdateStyle - (r,55593,55599),11:Bookerly,serif:4,(r,55593,55599),F
[Sat Aug 29 04:54:04 UTC 2026][INFO] [Action] E UpdateStyle - (r,55593,55599),11:AmazonEmber,sans-serif:4,(r,55593,55599),F
[Sat Aug 29 04:54:09 UTC 2026][INFO] [Action] E UpdateStyle - (r,55593,55599),13:350:3,(r,55593,55599),F
[Sat Aug 29 04:54:12 UTC 2026][INFO] [Action] E DeleteContent - (c,55599,2),B
[Sat Aug 29 04:54:28 UTC 2026][INFO] [Action] E UpdateStyle - (r,57597,57605),11:Bookerly,serif:4,(r,57597,57605),F
[Sat Aug 29 04:54:31 UTC 2026][INFO] [Action] E UpdateStyle - (r,57597,57605),11:AmazonEmber,sans-serif:4,(r,57597,57605),F
[Sat Aug 29 04:54:39 UTC 2026][INFO] [Action] E UpdateStyle - (r,57658,57839),11:Bookerly,serif:4,(r,57658,57839),F
[Sat Aug 29 04:54:42 UTC 2026][INFO] [Action] E UpdateStyle - (r,57658,57839),11:AmazonEmber,sans-serif:4,(r,57658,57839),F
[Sat Aug 29 04:54:46 UTC 2026][INFO] [Action] E UpdateStyle - (r,57658,57839),34:59:3,(r,57658,57839),F
[Sat Aug 29 04:54:55 UTC 2026][INFO] [Action] E InsertTextContent - (c,57658,1),[SPACE]
[Sat Aug 29 04:54:55 UTC 2026][INFO] [Action] E InsertTextContent - (c,57658,2),[SPACE]
[Sat Aug 29 04:54:55 UTC 2026][INFO] [Action] E InsertTextContent - (c,57659,2),[SPACE]
[Sat Aug 29 04:54:56 UTC 2026][INFO] [Action] E InsertTextContent - (c,57660,2),[SPACE]
[Sat Aug 29 04:54:56 UTC 2026][INFO] [Action] E InsertTextContent - (c,57661,2),[SPACE]
[Sat Aug 29 04:54:56 UTC 2026][INFO] [Action] E InsertTextContent - (c,57662,2),[SPACE]
[Sat Aug 29 04:54:56 UTC 2026][INFO] [Action] E InsertTextContent - (c,57663,2),[SPACE]
[Sat Aug 29 04:54:56 UTC 2026][INFO] [Action] E InsertTextContent - (c,57664,2),[SPACE]
[Sat Aug 29 04:54:56 UTC 2026][INFO] [Action] E InsertTextContent - (c,57665,2),[SPACE]
[Sat Aug 29 04:54:56 UTC 2026][INFO] [Action] E InsertTextContent - (c,57666,2),[SPACE]
[Sat Aug 29 04:54:56 UTC 2026][INFO] [Action] E InsertTextContent - (c,57667,2),[SPACE]
[Sat Aug 29 04:54:56 UTC 2026][INFO] [Action] E InsertTextContent - (c,57668,2),[SPACE]
[Sat Aug 29 04:54:56 UTC 2026][INFO] [Action] E InsertTextContent - (c,57669,2),[SPACE]
[Sat Aug 29 04:54:56 UTC 2026][INFO] [Action] E InsertTextContent - (c,57670,2),[SPACE]
[Sat Aug 29 04:54:56 UTC 2026][INFO] [Action] E InsertTextContent - (c,57671,2),[SPACE]
[Sat Aug 29 04:54:56 UTC 2026][INFO] [Action] E InsertTextContent - (c,57672,2),[SPACE]
[Sat Aug 29 04:54:57 UTC 2026][INFO] [Action] E InsertTextContent - (c,57673,2),[SPACE]
[Sat Aug 29 04:54:57 UTC 2026][INFO] [Action] E InsertTextContent - (c,57674,2),[SPACE]
[Sat Aug 29 04:54:57 UTC 2026][INFO] [Action] E InsertTextContent - (c,57675,2),[SPACE]
[Sat Aug 29 04:54:57 UTC 2026][INFO] [Action] E InsertTextContent - (c,57676,2),[SPACE]
[Sat Aug 29 04:54:58 UTC 2026][INFO] [Action] E InsertTextContent - (c,57677,2),[SPACE]
[Sat Aug 29 04:54:58 UTC 2026][INFO] [Action] E InsertTextContent - (c,57678,2),[SPACE]
[Sat Aug 29 04:54:58 UTC 2026][INFO] [Action] E InsertTextContent - (c,57679,2),[SPACE]
[Sat Aug 29 04:54:58 UTC 2026][INFO] [Action] E InsertTextContent - (c,57680,2),[SPACE]
[Sat Aug 29 04:54:58 UTC 2026][INFO] [Action] E InsertTextContent - (c,57681,2),[SPACE]
[Sat Aug 29 04:54:58 UTC 2026][INFO] [Action] E InsertTextContent - (c,57682,2),[SPACE]
[Sat Aug 29 04:54:58 UTC 2026][INFO] [Action] E InsertTextContent - (c,57683,2),[SPACE]
[Sat Aug 29 04:54:58 UTC 2026][INFO] [Action] E InsertTextContent - (c,57684,2),[SPACE]
[Sat Aug 29 04:54:58 UTC 2026][INFO] [Action] E InsertTextContent - (c,57685,2),[SPACE]
[Sat Aug 29 04:55:07 UTC 2026][INFO] [Action] E Copy - (r,57658,57686)
[Sat Aug 29 04:55:10 UTC 2026][INFO] [Action] E Paste - (c,57705,1),29
[Sat Aug 29 04:55:15 UTC 2026][INFO] [Action] E Paste - (c,57752,1),29
[Sat Aug 29 04:55:17 UTC 2026][INFO] [Action] E Paste - (c,57809,1),29
[Sat Aug 29 04:55:19 UTC 2026][INFO] [Action] E Paste - (c,57852,1),29
[Sat Aug 29 04:55:22 UTC 2026][INFO] [Action] E Paste - (c,57908,1),29
[Sat Aug 29 04:55:24 UTC 2026][INFO] [Action] E Paste - (c,57962,1),29
[Sat Aug 29 04:55:26 UTC 2026][INFO] [Action] E Paste - (c,58002,1),29
[Sat Aug 29 04:55:28 UTC 2026][INFO] [Action] E Paste - (r,58047,58047),29
[Sat Aug 29 04:55:37 UTC 2026][INFO] [Action] E UpdateStyle - (r,57658,58099),47:0.250000:2,(r,57658,58099),F
[Sat Aug 29 04:55:38 UTC 2026][INFO] [Action] E UpdateStyle - (r,57658,58099),47:0.000000:2,(r,57658,58099),F
[Sat Aug 29 04:55:45 UTC 2026][INFO] [Action] E UpdateStyle - (r,57658,58099),42:1.000000:2,(r,57658,58099),F
[Sat Aug 29 04:55:55 UTC 2026][INFO] [Action] E UpdateStyle - (r,57658,58099),47:0.250000:2,(r,57658,58099),F
[Sat Aug 29 04:55:57 UTC 2026][INFO] [Action] E UpdateStyle - (r,57658,58099),47:0.000000:2,(r,57658,58099),F
[Sat Aug 29 04:56:01 UTC 2026][INFO] [Action] E UpdateStyle - (r,57658,58099),49:0.250000:2,(r,57658,58099),F
[Sat Aug 29 04:56:03 UTC 2026][INFO] [Action] E UpdateStyle - (r,57658,58099),49:0.000000:2,(r,57658,58099),F
[Sat Aug 29 04:56:17 UTC 2026][INFO] [Action] E MergeContainer - 57656,0
[Sat Aug 29 04:56:30 UTC 2026][INFO] [Action] E UpdateStyle - (r,58526,58543),11:Bookerly,serif:4,(r,58526,58543),F
[Sat Aug 29 04:56:32 UTC 2026][INFO] [Action] E UpdateStyle - (r,58526,58543),11:AmazonEmber,sans-serif:4,(r,58526,58543),F
[Sat Aug 29 04:56:34 UTC 2026][INFO] [Action] E DeleteContent - (c,58543,2),B
[Sat Aug 29 04:56:49 UTC 2026][INFO] [Action] E UpdateStyle - (c,58526,1),34:59:3,(r,58526,58526),F
[Sat Aug 29 04:56:52 UTC 2026][INFO] [Action] E Paste - (c,58526,1),29
[Sat Aug 29 04:57:07 UTC 2026][INFO] [Action] E UpdateStyle - (r,60354,60391),11:Bookerly,serif:4,(r,60354,60391),F
[Sat Aug 29 04:57:09 UTC 2026][INFO] [Action] E UpdateStyle - (r,60354,60391),11:AmazonEmber,sans-serif:4,(r,60354,60391),F
[Sat Aug 29 04:57:13 UTC 2026][INFO] [Action] E UpdateStyle - (r,60405,60431),11:Bookerly,serif:4,(r,60405,60431),F
[Sat Aug 29 04:57:15 UTC 2026][INFO] [Action] E UpdateStyle - (r,60405,60431),11:AmazonEmber,sans-serif:4,(r,60405,60431),F
[Sat Aug 29 04:57:22 UTC 2026][INFO] [Action] E UpdateStyle - (r,60447,60475),11:Bookerly,serif:4,(r,60447,60475),F
[Sat Aug 29 04:57:23 UTC 2026][INFO] [Action] E UpdateStyle - (r,60447,60475),11:AmazonEmber,sans-serif:4,(r,60447,60475),F
[Sat Aug 29 04:57:26 UTC 2026][INFO] [Action] E DeleteContent - (c,60391,2),B
[Sat Aug 29 04:57:27 UTC 2026][INFO] [Action] E DeleteContent - (c,60430,2),B
[Sat Aug 29 04:57:28 UTC 2026][INFO] [Action] E DeleteContent - (c,60473,2),B
[Sat Aug 29 04:57:58 UTC 2026][INFO] [Action] E UpdateStyle - (r,63112,63144),11:Bookerly,serif:4,(r,63112,63144),F
[Sat Aug 29 04:58:01 UTC 2026][INFO] [Action] E UpdateStyle - (r,63112,63144),11:SourceCodePro,monospace:4,(r,63112,63144),F
[Sat Aug 29 04:58:03 UTC 2026][INFO] [Action] E UpdateStyle - (r,63112,63144),11:AmazonEmber,sans-serif:4,(r,63112,63144),F
[Sat Aug 29 04:58:07 UTC 2026][INFO] [Action] E UpdateStyle - (r,63179,63214),11:Bookerly,serif:4,(r,63179,63214),F
[Sat Aug 29 04:58:09 UTC 2026][INFO] [Action] E UpdateStyle - (r,63179,63214),11:AmazonEmber,sans-serif:4,(r,63179,63214),F
[Sat Aug 29 04:58:24 UTC 2026][INFO] [Action] E UpdateStyle - (r,63179,63214),16:10.000000:2,(r,63179,63214),F
[Sat Aug 29 04:58:28 UTC 2026][INFO] [Action] E UpdateStyle - (r,63112,63144),16:10.000000:2,(r,63112,63144),F
[Sat Aug 29 04:58:30 UTC 2026][INFO] [Action] E DeleteContent - (c,63144,2),B
[Sat Aug 29 04:58:31 UTC 2026][INFO] [Action] E DeleteContent - (c,63213,2),B
[Sat Aug 29 04:58:35 UTC 2026][INFO] [Action] E UpdateStyle - (c,63212,2),49:1.000000:2,(r,63212,63212),F
[Sat Aug 29 04:58:39 UTC 2026][INFO] [Action] E UpdateStyle - (c,63212,2),49:1.250000:2,(r,63212,63212),F
[Sat Aug 29 04:58:48 UTC 2026][INFO] [Action] E UpdateStyle - (c,63177,2),49:0.500000:2,(r,63177,63177),F
[Sat Aug 29 04:59:02 UTC 2026][INFO] [Action] E SaveBook - Save
[Sat Aug 29 04:59:18 UTC 2026][INFO] [Action] E UpdateStyle - (r,75004,75071),11:Bookerly,serif:4,(r,75004,75071),F
[Sat Aug 29 04:59:20 UTC 2026][INFO] [Action] E UpdateStyle - (r,75004,75071),11:AmazonEmber,sans-serif:4,(r,75004,75071),F
[Sat Aug 29 04:59:23 UTC 2026][INFO] [Action] E UpdateStyle - (r,75004,75071),16:10.000000:2,(r,75004,75071),F
[Sat Aug 29 04:59:42 UTC 2026][INFO] [Action] E UpdateStyle - (r,75200,75228),11:Bookerly,serif:4,(r,75200,75228),F
[Sat Aug 29 04:59:44 UTC 2026][INFO] [Action] E UpdateStyle - (r,75200,75228),11:AmazonEmber,sans-serif:4,(r,75200,75228),F
[Sat Aug 29 04:59:46 UTC 2026][INFO] [Action] E UpdateStyle - (r,75200,75228),16:10.000000:2,(r,75200,75228),F
[Sat Aug 29 05:00:06 UTC 2026][INFO] [Action] E UpdateStyle - (r,76327,76353),13:361:3,(r,76327,76353),F
[Sat Aug 29 05:00:08 UTC 2026][INFO] [Action] E UpdateStyle - (r,76327,76353),16:10.000000:2,(r,76327,76353),F
[Sat Aug 29 05:00:09 UTC 2026][INFO] [Action] E UpdateStyle - (r,76327,76353),11:Bookerly,serif:4,(r,76327,76353),F
[Sat Aug 29 05:00:10 UTC 2026][INFO] [Action] E UpdateStyle - (r,76327,76353),11:AmazonEmber,sans-serif:4,(r,76327,76353),F
[Sat Aug 29 05:00:18 UTC 2026][INFO] [Action] E UpdateStyle - (r,76385,76419),16:8.000000:2,(r,76385,76419),F
[Sat Aug 29 05:00:19 UTC 2026][INFO] [Action] E UpdateStyle - (r,76385,76419),11:Bookerly,serif:4,(r,76385,76419),F
[Sat Aug 29 05:00:21 UTC 2026][INFO] [Action] E UpdateStyle - (r,76385,76419),11:AmazonEmber,sans-serif:4,(r,76385,76419),F
[Sat Aug 29 05:00:24 UTC 2026][INFO] [Action] E UpdateStyle - (r,76385,76419),13:361:3,(r,76385,76419),F
[Sat Aug 29 05:00:37 UTC 2026][INFO] [Action] E UpdateStyle - (r,76327,76353),16:12.000000:2,(r,76327,76353),F
[Sat Aug 29 05:00:43 UTC 2026][INFO] [Action] E UpdateStyle - (r,76385,76419),16:10.000000:2,(r,76385,76419),F
[Sat Aug 29 05:00:53 UTC 2026][INFO] [Action] E UpdateStyle - (r,76510,76550),16:8.000000:2,(r,76510,76550),F
[Sat Aug 29 05:00:58 UTC 2026][INFO] [Action] E UpdateStyle - (c,76550,2),34:59:3,(r,76550,76550),F
[Sat Aug 29 05:01:03 UTC 2026][INFO] [Action] E InsertTextContent - (c,76501,2),[SPACE]
[Sat Aug 29 05:01:04 UTC 2026][INFO] [Action] E InsertTextContent - (c,76502,2),[SPACE]
[Sat Aug 29 05:01:04 UTC 2026][INFO] [Action] E InsertTextContent - (c,76503,2),[SPACE]
[Sat Aug 29 05:01:04 UTC 2026][INFO] [Action] E InsertTextContent - (c,76504,2),[SPACE]
[Sat Aug 29 05:01:04 UTC 2026][INFO] [Action] E InsertTextContent - (c,76505,2),[SPACE]
[Sat Aug 29 05:01:05 UTC 2026][INFO] [Action] E InsertTextContent - (c,76506,2),[SPACE]
[Sat Aug 29 05:01:05 UTC 2026][INFO] [Action] E InsertTextContent - (c,76507,2),[SPACE]
[Sat Aug 29 05:01:05 UTC 2026][INFO] [Action] E InsertTextContent - (c,76508,2),[SPACE]
[Sat Aug 29 05:01:05 UTC 2026][INFO] [Action] E InsertTextContent - (c,76509,2),[SPACE]
[Sat Aug 29 05:01:05 UTC 2026][INFO] [Action] E InsertTextContent - (c,76510,2),[SPACE]
[Sat Aug 29 05:01:06 UTC 2026][INFO] [Action] E InsertTextContent - (c,76511,2),[SPACE]
[Sat Aug 29 05:01:06 UTC 2026][INFO] [Action] E InsertTextContent - (c,76512,2),[SPACE]
[Sat Aug 29 05:01:06 UTC 2026][INFO] [Action] E InsertTextContent - (c,76513,2),[SPACE]
[Sat Aug 29 05:01:53 UTC 2026][INFO] [Action] E Copy - (r,76234,76588)
[Sat Aug 29 05:02:55 UTC 2026][INFO] [Action] E UpdateStyle - (r,90712,90759),13:361:3,(r,90712,90759),F
[Sat Aug 29 05:02:56 UTC 2026][INFO] [Action] E UpdateStyle - (r,90712,90759),11:Bookerly,serif:4,(r,90712,90759),F
[Sat Aug 29 05:02:58 UTC 2026][INFO] [Action] E UpdateStyle - (r,90712,90759),11:AmazonEmber,sans-serif:4,(r,90712,90759),F
[Sat Aug 29 05:02:58 UTC 2026][INFO] [Action] E UpdateStyle - (r,90712,90759),13:350:3,(r,90712,90759),F
[Sat Aug 29 05:03:11 UTC 2026][INFO] [Action] E UpdateStyle - (r,90712,90759),16:8.000000:2,(r,90712,90759),F
[Sat Aug 29 05:03:13 UTC 2026][INFO] [Action] E UpdateStyle - (r,90712,90759),13:361:3,(r,90712,90759),F
[Sat Aug 29 05:03:56 UTC 2026][INFO] [Action] E UpdateStyle - (r,27459,27503),16:8.000000:2,(r,27459,27503),F
[Sat Aug 29 05:03:58 UTC 2026][INFO] [Action] E UpdateStyle - (r,27459,27503),13:361:3,(r,27459,27503),F
[Sat Aug 29 05:03:59 UTC 2026][INFO] [Action] E UpdateStyle - (r,27459,27503),13:350:3,(r,27459,27503),F
[Sat Aug 29 05:03:59 UTC 2026][INFO] [Action] E UpdateStyle - (r,27459,27503),13:361:3,(r,27459,27503),F
[Sat Aug 29 05:04:03 UTC 2026][INFO] [Action] E UpdateStyle - (c,27458,2),49:0.250000:2,(r,27458,27458),F
[Sat Aug 29 05:04:09 UTC 2026][INFO] [Action] E UpdateStyle - (c,27503,2),49:0.250000:2,(r,27503,27503),F
[Sat Aug 29 05:04:10 UTC 2026][INFO] [Action] E UpdateStyle - (c,27503,2),49:0.500000:2,(r,27503,27503),F
[Sat Aug 29 05:04:11 UTC 2026][INFO] [Action] E UpdateStyle - (c,27503,2),49:0.750000:2,(r,27503,27503),F
[Sat Aug 29 05:04:20 UTC 2026][INFO] [Action] E UpdateStyle - (r,27515,27536),16:10.000000:2,(r,27515,27536),F
[Sat Aug 29 05:04:27 UTC 2026][INFO] [Action] E UpdateStyle - (r,27515,27538),16:8.000000:2,(r,27515,27538),F
[Sat Aug 29 05:04:48 UTC 2026][INFO] [Action] E UpdateStyle - (r,30543,30584),13:361:3,(r,30543,30584),F
[Sat Aug 29 05:05:02 UTC 2026][INFO] [Action] E MergeContainer - 30543,1
[Sat Aug 29 05:05:04 UTC 2026][INFO] [Action] U MergeContainer
[Sat Aug 29 05:05:17 UTC 2026][INFO] [Action] E UpdateStyle - (r,30544,30584),34:59:3,(r,30544,30584),F
[Sat Aug 29 05:05:23 UTC 2026][INFO] [Action] E InsertTextContent - (c,30543,1),[SPACE]
[Sat Aug 29 05:05:24 UTC 2026][INFO] [Action] E InsertTextContent - (c,30543,2),[SPACE]
[Sat Aug 29 05:05:24 UTC 2026][INFO] [Action] E InsertTextContent - (c,30544,2),[SPACE]
[Sat Aug 29 05:05:24 UTC 2026][INFO] [Action] E InsertTextContent - (c,30545,2),[SPACE]
[Sat Aug 29 05:05:24 UTC 2026][INFO] [Action] E InsertTextContent - (c,30546,2),[SPACE]
[Sat Aug 29 05:05:24 UTC 2026][INFO] [Action] E InsertTextContent - (c,30547,2),[SPACE]
[Sat Aug 29 05:05:24 UTC 2026][INFO] [Action] E InsertTextContent - (c,30548,2),[SPACE]
[Sat Aug 29 05:05:25 UTC 2026][INFO] [Action] E InsertTextContent - (c,30549,2),[SPACE]
[Sat Aug 29 05:05:25 UTC 2026][INFO] [Action] E InsertTextContent - (c,30550,2),[SPACE]
[Sat Aug 29 05:05:25 UTC 2026][INFO] [Action] E InsertTextContent - (c,30551,2),[SPACE]
[Sat Aug 29 05:05:25 UTC 2026][INFO] [Action] E InsertTextContent - (c,30552,2),[SPACE]
[Sat Aug 29 05:05:25 UTC 2026][INFO] [Action] E InsertTextContent - (c,30553,2),[SPACE]
[Sat Aug 29 05:05:26 UTC 2026][INFO] [Action] E InsertTextContent - (c,30554,2),[SPACE]
[Sat Aug 29 05:05:26 UTC 2026][INFO] [Action] E InsertTextContent - (c,30555,2),[SPACE]
[Sat Aug 29 05:05:26 UTC 2026][INFO] [Action] E InsertTextContent - (c,30556,2),[SPACE]
[Sat Aug 29 05:05:26 UTC 2026][INFO] [Action] E InsertTextContent - (c,30557,2),[SPACE]
[Sat Aug 29 05:05:26 UTC 2026][INFO] [Action] E InsertTextContent - (c,30558,2),[SPACE]
[Sat Aug 29 05:05:26 UTC 2026][INFO] [Action] E InsertTextContent - (c,30559,2),[SPACE]
[Sat Aug 29 05:05:27 UTC 2026][INFO] [Action] E InsertTextContent - (c,30560,2),[SPACE]
[Sat Aug 29 05:05:27 UTC 2026][INFO] [Action] E InsertTextContent - (c,30561,2),[SPACE]
[Sat Aug 29 05:05:27 UTC 2026][INFO] [Action] E InsertTextContent - (c,30562,2),[SPACE]
[Sat Aug 29 05:05:27 UTC 2026][INFO] [Action] E InsertTextContent - (c,30563,2),[SPACE]
[Sat Aug 29 05:05:27 UTC 2026][INFO] [Action] E InsertTextContent - (c,30564,2),[SPACE]
[Sat Aug 29 05:05:30 UTC 2026][INFO] [Action] E InsertTextContent - (c,30576,1),[SPACE]
[Sat Aug 29 05:05:30 UTC 2026][INFO] [Action] E InsertTextContent - (c,30576,2),[SPACE]
[Sat Aug 29 05:05:30 UTC 2026][INFO] [Action] E InsertTextContent - (c,30577,2),[SPACE]
[Sat Aug 29 05:05:30 UTC 2026][INFO] [Action] E InsertTextContent - (c,30578,2),[SPACE]
[Sat Aug 29 05:05:31 UTC 2026][INFO] [Action] E InsertTextContent - (c,30579,2),[SPACE]
[Sat Aug 29 05:05:31 UTC 2026][INFO] [Action] E InsertTextContent - (c,30580,2),[SPACE]
[Sat Aug 29 05:05:31 UTC 2026][INFO] [Action] E InsertTextContent - (c,30581,2),[SPACE]
[Sat Aug 29 05:05:31 UTC 2026][INFO] [Action] E InsertTextContent - (c,30582,2),[SPACE]
[Sat Aug 29 05:05:31 UTC 2026][INFO] [Action] E InsertTextContent - (c,30583,2),[SPACE]
[Sat Aug 29 05:05:32 UTC 2026][INFO] [Action] E InsertTextContent - (c,30584,2),[SPACE]
[Sat Aug 29 05:05:32 UTC 2026][INFO] [Action] E InsertTextContent - (c,30585,2),[SPACE]
[Sat Aug 29 05:05:32 UTC 2026][INFO] [Action] E InsertTextContent - (c,30586,2),[SPACE]
[Sat Aug 29 05:05:32 UTC 2026][INFO] [Action] E InsertTextContent - (c,30587,2),[SPACE]
[Sat Aug 29 05:05:32 UTC 2026][INFO] [Action] E InsertTextContent - (c,30588,2),[SPACE]
[Sat Aug 29 05:05:33 UTC 2026][INFO] [Action] E InsertTextContent - (c,30589,2),[SPACE]
[Sat Aug 29 05:05:33 UTC 2026][INFO] [Action] E InsertTextContent - (c,30590,2),[SPACE]
[Sat Aug 29 05:05:33 UTC 2026][INFO] [Action] E InsertTextContent - (c,30591,2),[SPACE]
[Sat Aug 29 05:05:33 UTC 2026][INFO] [Action] E InsertTextContent - (c,30592,2),[SPACE]
[Sat Aug 29 05:05:33 UTC 2026][INFO] [Action] E InsertTextContent - (c,30593,2),[SPACE]
[Sat Aug 29 05:05:34 UTC 2026][INFO] [Action] E InsertTextContent - (c,30594,2),[SPACE]
[Sat Aug 29 05:05:34 UTC 2026][INFO] [Action] E InsertTextContent - (c,30595,2),[SPACE]
[Sat Aug 29 05:05:34 UTC 2026][INFO] [Action] E InsertTextContent - (c,30596,2),[SPACE]
[Sat Aug 29 05:05:35 UTC 2026][INFO] [Action] E InsertTextContent - (c,30597,2),[SPACE]
[Sat Aug 29 05:05:37 UTC 2026][INFO] [Action] E InsertTextContent - (c,30617,1),[SPACE]
[Sat Aug 29 05:05:37 UTC 2026][INFO] [Action] E InsertTextContent - (c,30617,2),[SPACE]
[Sat Aug 29 05:05:37 UTC 2026][INFO] [Action] E InsertTextContent - (c,30618,2),[SPACE]
[Sat Aug 29 05:05:38 UTC 2026][INFO] [Action] E InsertTextContent - (c,30619,2),[SPACE]
[Sat Aug 29 05:05:38 UTC 2026][INFO] [Action] E InsertTextContent - (c,30620,2),[SPACE]
[Sat Aug 29 05:05:38 UTC 2026][INFO] [Action] E InsertTextContent - (c,30621,2),[SPACE]
[Sat Aug 29 05:05:38 UTC 2026][INFO] [Action] E InsertTextContent - (c,30622,2),[SPACE]
[Sat Aug 29 05:05:38 UTC 2026][INFO] [Action] E InsertTextContent - (c,30623,2),[SPACE]
[Sat Aug 29 05:05:39 UTC 2026][INFO] [Action] E InsertTextContent - (c,30624,2),[SPACE]
[Sat Aug 29 05:05:39 UTC 2026][INFO] [Action] E InsertTextContent - (c,30625,2),[SPACE]
[Sat Aug 29 05:05:39 UTC 2026][INFO] [Action] E InsertTextContent - (c,30626,2),[SPACE]
[Sat Aug 29 05:05:39 UTC 2026][INFO] [Action] E InsertTextContent - (c,30627,2),[SPACE]
[Sat Aug 29 05:05:39 UTC 2026][INFO] [Action] E InsertTextContent - (c,30628,2),[SPACE]
[Sat Aug 29 05:05:39 UTC 2026][INFO] [Action] E InsertTextContent - (c,30629,2),[SPACE]
[Sat Aug 29 05:05:40 UTC 2026][INFO] [Action] E InsertTextContent - (c,30630,2),[SPACE]
[Sat Aug 29 05:05:40 UTC 2026][INFO] [Action] E InsertTextContent - (c,30631,2),[SPACE]
[Sat Aug 29 05:05:40 UTC 2026][INFO] [Action] E InsertTextContent - (c,30632,2),[SPACE]
[Sat Aug 29 05:05:40 UTC 2026][INFO] [Action] E InsertTextContent - (c,30633,2),[SPACE]
[Sat Aug 29 05:05:40 UTC 2026][INFO] [Action] E InsertTextContent - (c,30634,2),[SPACE]
[Sat Aug 29 05:05:41 UTC 2026][INFO] [Action] E InsertTextContent - (c,30635,2),[SPACE]
[Sat Aug 29 05:05:41 UTC 2026][INFO] [Action] E InsertTextContent - (c,30636,2),[SPACE]
[Sat Aug 29 05:05:41 UTC 2026][INFO] [Action] E InsertTextContent - (c,30637,2),[SPACE]
[Sat Aug 29 05:05:41 UTC 2026][INFO] [Action] E InsertTextContent - (c,30638,2),[SPACE]
[Sat Aug 29 05:05:46 UTC 2026][INFO] [Action] E DeleteContent - (c,30575,2),B
[Sat Aug 29 05:05:50 UTC 2026][INFO] [Action] E InsertTextContent - (c,30811,2),[\]
[Sat Aug 29 05:05:55 UTC 2026][INFO] [Action] E DeleteContent - (c,30812,2),B
[Sat Aug 29 05:05:55 UTC 2026][INFO] [Action] E DeleteContent - (c,30811,2),B
[Sat Aug 29 05:06:01 UTC 2026][INFO] [Action] E DeleteContent - (c,30839,2),B
[Sat Aug 29 05:06:05 UTC 2026][INFO] [Action] E SplitContainer - 30842
[Sat Aug 29 05:06:10 UTC 2026][INFO] [Action] E DeleteContent - (c,30857,2),B
[Sat Aug 29 05:06:14 UTC 2026][INFO] [Action] E SplitContainer - 30860
[Sat Aug 29 05:06:18 UTC 2026][INFO] [Action] E InsertTextContent - (c,30842,1),[SPACE]
[Sat Aug 29 05:06:18 UTC 2026][INFO] [Action] E InsertTextContent - (c,30842,2),[SPACE]
[Sat Aug 29 05:06:18 UTC 2026][INFO] [Action] E InsertTextContent - (c,30843,2),[SPACE]
[Sat Aug 29 05:06:19 UTC 2026][INFO] [Action] E InsertTextContent - (c,30844,2),[SPACE]
[Sat Aug 29 05:06:19 UTC 2026][INFO] [Action] E InsertTextContent - (c,30845,2),[SPACE]
[Sat Aug 29 05:06:19 UTC 2026][INFO] [Action] E InsertTextContent - (c,30846,2),[SPACE]
[Sat Aug 29 05:06:19 UTC 2026][INFO] [Action] E InsertTextContent - (c,30847,2),[SPACE]
[Sat Aug 29 05:06:19 UTC 2026][INFO] [Action] E InsertTextContent - (c,30848,2),[SPACE]
[Sat Aug 29 05:06:19 UTC 2026][INFO] [Action] E InsertTextContent - (c,30849,2),[SPACE]
[Sat Aug 29 05:06:19 UTC 2026][INFO] [Action] E InsertTextContent - (c,30850,2),[SPACE]
[Sat Aug 29 05:06:20 UTC 2026][INFO] [Action] E InsertTextContent - (c,30851,2),[SPACE]
[Sat Aug 29 05:06:20 UTC 2026][INFO] [Action] E InsertTextContent - (c,30852,2),[SPACE]
[Sat Aug 29 05:06:20 UTC 2026][INFO] [Action] E InsertTextContent - (c,30853,2),[SPACE]
[Sat Aug 29 05:06:20 UTC 2026][INFO] [Action] E InsertTextContent - (c,30854,2),[SPACE]
[Sat Aug 29 05:06:20 UTC 2026][INFO] [Action] E InsertTextContent - (c,30855,2),[SPACE]
[Sat Aug 29 05:06:22 UTC 2026][INFO] [Action] E InsertTextContent - (c,30793,1),[SPACE]
[Sat Aug 29 05:06:22 UTC 2026][INFO] [Action] E InsertTextContent - (c,30793,2),[SPACE]
[Sat Aug 29 05:06:24 UTC 2026][INFO] [Action] E InsertTextContent - (c,30813,2),[SPACE]
[Sat Aug 29 05:06:25 UTC 2026][INFO] [Action] E InsertTextContent - (c,30814,2),[SPACE]
[Sat Aug 29 05:06:26 UTC 2026][INFO] [Action] E InsertTextContent - (c,30879,1),[SPACE]
[Sat Aug 29 05:06:27 UTC 2026][INFO] [Action] E InsertTextContent - (c,30879,2),[SPACE]
[Sat Aug 29 05:06:27 UTC 2026][INFO] [Action] E InsertTextContent - (c,30880,2),[SPACE]
[Sat Aug 29 05:06:27 UTC 2026][INFO] [Action] E InsertTextContent - (c,30881,2),[SPACE]
[Sat Aug 29 05:06:27 UTC 2026][INFO] [Action] E InsertTextContent - (c,30882,2),[SPACE]
[Sat Aug 29 05:06:27 UTC 2026][INFO] [Action] E InsertTextContent - (c,30883,2),[SPACE]
[Sat Aug 29 05:06:27 UTC 2026][INFO] [Action] E InsertTextContent - (c,30884,2),[SPACE]
[Sat Aug 29 05:06:28 UTC 2026][INFO] [Action] E InsertTextContent - (c,30885,2),[SPACE]
[Sat Aug 29 05:06:28 UTC 2026][INFO] [Action] E InsertTextContent - (c,30886,2),[SPACE]
[Sat Aug 29 05:06:28 UTC 2026][INFO] [Action] E InsertTextContent - (c,30887,2),[SPACE]
[Sat Aug 29 05:06:28 UTC 2026][INFO] [Action] E InsertTextContent - (c,30888,2),[SPACE]
[Sat Aug 29 05:06:28 UTC 2026][INFO] [Action] E InsertTextContent - (c,30889,2),[SPACE]
[Sat Aug 29 05:06:29 UTC 2026][INFO] [Action] E InsertTextContent - (c,30890,2),[SPACE]
[Sat Aug 29 05:06:29 UTC 2026][INFO] [Action] E InsertTextContent - (c,30891,2),[SPACE]
[Sat Aug 29 05:06:29 UTC 2026][INFO] [Action] E InsertTextContent - (c,30892,2),[SPACE]
[Sat Aug 29 05:06:32 UTC 2026][INFO] [Action] E DeleteContent - (c,30908,2),B
[Sat Aug 29 05:06:40 UTC 2026][INFO] [Action] E UpdateStyle - (r,30795,30907),13:361:3,(r,30795,30907),F
[Sat Aug 29 05:06:47 UTC 2026][INFO] [Action] E DeleteContent - (c,30813,2),B
[Sat Aug 29 05:06:51 UTC 2026][INFO] [Action] E InsertTextContent - (c,30781,2),[SPACE]
[Sat Aug 29 05:06:53 UTC 2026][INFO] [Action] E InsertTextContent - (c,30814,2),[SPACE]
[Sat Aug 29 05:07:05 UTC 2026][INFO] [Action] E UpdateStyle - (r,30794,30795),16:12.000000:2,(r,30794,30795),F
[Sat Aug 29 05:07:39 UTC 2026][INFO] [Action] E Copy - (r,30543,30652)
[Sat Aug 29 05:07:54 UTC 2026][INFO] [Action] E MergeContainer - 27472,1
[Sat Aug 29 05:07:56 UTC 2026][INFO] [Action] U MergeContainer
[Sat Aug 29 05:08:03 UTC 2026][INFO] [Action] E UpdateStyle - (r,27459,27503),34:59:3,(r,27459,27503),F
[Sat Aug 29 05:08:09 UTC 2026][INFO] [Action] E InsertTextContent - (c,27459,1),[SPACE]
[Sat Aug 29 05:08:09 UTC 2026][INFO] [Action] E InsertTextContent - (c,27459,2),[SPACE]
[Sat Aug 29 05:08:09 UTC 2026][INFO] [Action] E InsertTextContent - (c,27460,2),[SPACE]
[Sat Aug 29 05:08:09 UTC 2026][INFO] [Action] E InsertTextContent - (c,27461,2),[SPACE]
[Sat Aug 29 05:08:09 UTC 2026][INFO] [Action] E InsertTextContent - (c,27462,2),[SPACE]
[Sat Aug 29 05:08:10 UTC 2026][INFO] [Action] E InsertTextContent - (c,27463,2),[SPACE]
[Sat Aug 29 05:08:10 UTC 2026][INFO] [Action] E InsertTextContent - (c,27464,2),[SPACE]
[Sat Aug 29 05:08:10 UTC 2026][INFO] [Action] E InsertTextContent - (c,27465,2),[SPACE]
[Sat Aug 29 05:08:10 UTC 2026][INFO] [Action] E InsertTextContent - (c,27466,2),[SPACE]
[Sat Aug 29 05:08:10 UTC 2026][INFO] [Action] E InsertTextContent - (c,27467,2),[SPACE]
[Sat Aug 29 05:08:10 UTC 2026][INFO] [Action] E InsertTextContent - (c,27468,2),[SPACE]
[Sat Aug 29 05:08:10 UTC 2026][INFO] [Action] E InsertTextContent - (c,27469,2),[SPACE]
[Sat Aug 29 05:08:10 UTC 2026][INFO] [Action] E InsertTextContent - (c,27470,2),[SPACE]
[Sat Aug 29 05:08:11 UTC 2026][INFO] [Action] E InsertTextContent - (c,27471,2),[SPACE]
[Sat Aug 29 05:08:11 UTC 2026][INFO] [Action] E InsertTextContent - (c,27472,2),[SPACE]
[Sat Aug 29 05:08:11 UTC 2026][INFO] [Action] E InsertTextContent - (c,27473,2),[SPACE]
[Sat Aug 29 05:08:11 UTC 2026][INFO] [Action] E InsertTextContent - (c,27474,2),[SPACE]
[Sat Aug 29 05:08:11 UTC 2026][INFO] [Action] E InsertTextContent - (c,27475,2),[SPACE]
[Sat Aug 29 05:08:11 UTC 2026][INFO] [Action] E InsertTextContent - (c,27476,2),[SPACE]
[Sat Aug 29 05:08:12 UTC 2026][INFO] [Action] E InsertTextContent - (c,27477,2),[SPACE]
[Sat Aug 29 05:08:12 UTC 2026][INFO] [Action] E InsertTextContent - (c,27478,2),[SPACE]
[Sat Aug 29 05:08:12 UTC 2026][INFO] [Action] E InsertTextContent - (c,27479,2),[SPACE]
[Sat Aug 29 05:08:12 UTC 2026][INFO] [Action] E InsertTextContent - (c,27480,2),[SPACE]
[Sat Aug 29 05:08:12 UTC 2026][INFO] [Action] E InsertTextContent - (c,27481,2),[SPACE]
[Sat Aug 29 05:08:12 UTC 2026][INFO] [Action] E InsertTextContent - (c,27482,2),[SPACE]
[Sat Aug 29 05:08:12 UTC 2026][INFO] [Action] E InsertTextContent - (c,27483,2),[SPACE]
[Sat Aug 29 05:08:13 UTC 2026][INFO] [Action] E InsertTextContent - (c,27484,2),[SPACE]
[Sat Aug 29 05:08:13 UTC 2026][INFO] [Action] E InsertTextContent - (c,27485,2),[SPACE]
[Sat Aug 29 05:08:14 UTC 2026][INFO] [Action] E InsertTextContent - (c,27486,2),[SPACE]
[Sat Aug 29 05:08:14 UTC 2026][INFO] [Action] E InsertTextContent - (c,27487,2),[SPACE]
[Sat Aug 29 05:08:14 UTC 2026][INFO] [Action] E InsertTextContent - (c,27488,2),[SPACE]
[Sat Aug 29 05:08:14 UTC 2026][INFO] [Action] E InsertTextContent - (c,27489,2),[SPACE]
[Sat Aug 29 05:08:15 UTC 2026][INFO] [Action] E InsertTextContent - (c,27490,2),[SPACE]
[Sat Aug 29 05:08:19 UTC 2026][INFO] [Action] E InsertTextContent - (c,27491,2),[SPACE]
[Sat Aug 29 05:08:19 UTC 2026][INFO] [Action] E InsertTextContent - (c,27492,2),[SPACE]
[Sat Aug 29 05:08:19 UTC 2026][INFO] [Action] E InsertTextContent - (c,27493,2),[SPACE]
[Sat Aug 29 05:08:20 UTC 2026][INFO] [Action] E InsertTextContent - (c,27494,2),[SPACE]
[Sat Aug 29 05:08:20 UTC 2026][INFO] [Action] E InsertTextContent - (c,27495,2),[SPACE]
[Sat Aug 29 05:08:20 UTC 2026][INFO] [Action] E InsertTextContent - (c,27496,2),[SPACE]
[Sat Aug 29 05:08:20 UTC 2026][INFO] [Action] E InsertTextContent - (c,27497,2),[SPACE]
[Sat Aug 29 05:08:20 UTC 2026][INFO] [Action] E InsertTextContent - (c,27498,2),[SPACE]
[Sat Aug 29 05:08:21 UTC 2026][INFO] [Action] E InsertTextContent - (c,27499,2),[SPACE]
[Sat Aug 29 05:08:21 UTC 2026][INFO] [Action] E InsertTextContent - (c,27500,2),[SPACE]
[Sat Aug 29 05:08:22 UTC 2026][INFO] [Action] E InsertTextContent - (c,27501,2),[SPACE]
[Sat Aug 29 05:08:22 UTC 2026][INFO] [Action] E InsertTextContent - (c,27502,2),[SPACE]
[Sat Aug 29 05:08:22 UTC 2026][INFO] [Action] E InsertTextContent - (c,27503,2),[SPACE]
[Sat Aug 29 05:08:22 UTC 2026][INFO] [Action] E InsertTextContent - (c,27504,2),[SPACE]
[Sat Aug 29 05:08:22 UTC 2026][INFO] [Action] E InsertTextContent - (c,27505,2),[SPACE]
[Sat Aug 29 05:08:23 UTC 2026][INFO] [Action] E InsertTextContent - (c,27506,2),[SPACE]
[Sat Aug 29 05:08:23 UTC 2026][INFO] [Action] E InsertTextContent - (c,27507,2),[SPACE]
[Sat Aug 29 05:08:24 UTC 2026][INFO] [Action] E InsertTextContent - (c,27508,2),[SPACE]
[Sat Aug 29 05:08:25 UTC 2026][INFO] [Action] E InsertTextContent - (c,27509,2),[SPACE]
[Sat Aug 29 05:08:33 UTC 2026][INFO] [Action] E Copy - (r,27459,27510)
[Sat Aug 29 05:08:37 UTC 2026][INFO] [Action] E Paste - (c,27524,1),52
[Sat Aug 29 05:08:40 UTC 2026][INFO] [Action] E Paste - (c,27593,1),52
[Sat Aug 29 05:08:48 UTC 2026][INFO] [Action] E UpdateStyle - (r,27459,27659),47:0.250000:2,(r,27459,27659),F
[Sat Aug 29 05:08:49 UTC 2026][INFO] [Action] E UpdateStyle - (r,27459,27659),47:0.000000:2,(r,27459,27659),F
[Sat Aug 29 05:08:50 UTC 2026][INFO] [Action] E UpdateStyle - (r,27459,27659),42:1.000000:2,(r,27459,27659),F
[Sat Aug 29 05:08:54 UTC 2026][INFO] [Action] E AddTextContainer - (c,27659,2),0,0,0
[Sat Aug 29 05:09:00 UTC 2026][INFO] [Action] E UpdateStyle - (c,27458,2),49:0.500000:2,(r,27458,27458),F
[Sat Aug 29 05:09:08 UTC 2026][INFO] [Action] E UpdateStyle - (c,27695,2),49:0.750000:2,(r,27695,27695),F
[Sat Aug 29 05:09:13 UTC 2026][INFO] [Action] E UpdateStyle - (c,27695,2),49:1.000000:2,(r,27695,27695),F
[Sat Aug 29 05:09:14 UTC 2026][INFO] [Action] E UpdateStyle - (c,27695,2),49:0.750000:2,(r,27695,27695),F
[Sat Aug 29 05:09:41 UTC 2026][INFO] [Action] E UpdateStyle - (r,95943,95990),16:8.000000:2,(r,95943,95990),F
[Sat Aug 29 05:09:42 UTC 2026][INFO] [Action] E UpdateStyle - (r,95943,95990),34:59:3,(r,95943,95990),F
[Sat Aug 29 05:09:44 UTC 2026][INFO] [Action] E UpdateStyle - (r,95943,95990),13:361:3,(r,95943,95990),F
[Sat Aug 29 05:09:53 UTC 2026][INFO] [Action] E UpdateStyle - (r,96135,96181),13:361:3,(r,96135,96181),F
[Sat Aug 29 05:09:53 UTC 2026][INFO] [Action] E UpdateStyle - (r,96135,96181),11:Bookerly,serif:4,(r,96135,96181),F
[Sat Aug 29 05:09:55 UTC 2026][INFO] [Action] E UpdateStyle - (r,96135,96181),11:AmazonEmber,sans-serif:4,(r,96135,96181),F
[Sat Aug 29 05:09:58 UTC 2026][INFO] [Action] E UpdateStyle - (r,96135,96181),16:8.000000:2,(r,96135,96181),F
[Sat Aug 29 05:10:04 UTC 2026][INFO] [Action] E InsertTextContent - (c,96158,1),[SPACE]
[Sat Aug 29 05:10:10 UTC 2026][INFO] [Action] E DeleteContent - (c,95956,2),B
[Sat Aug 29 05:10:11 UTC 2026][INFO] [Action] E DeleteContent - (c,95973,2),B
[Sat Aug 29 05:10:12 UTC 2026][INFO] [Action] E DeleteContent - (c,95988,2),B
[Sat Aug 29 05:10:17 UTC 2026][INFO] [Action] E Paste - (c,95943,1),52
[Sat Aug 29 05:10:20 UTC 2026][INFO] [Action] E Paste - (c,96008,1),52
[Sat Aug 29 05:10:21 UTC 2026][INFO] [Action] E Paste - (c,96077,1),52
[Sat Aug 29 05:10:30 UTC 2026][INFO] [Action] E UpdateStyle - (r,95994,96143),47:0.250000:2,(r,95994,96143),F
[Sat Aug 29 05:10:31 UTC 2026][INFO] [Action] E UpdateStyle - (r,95994,96143),47:0.000000:2,(r,95994,96143),F
[Sat Aug 29 05:10:33 UTC 2026][INFO] [Action] E UpdateStyle - (r,95994,96143),42:1.000000:2,(r,95994,96143),F
[Sat Aug 29 05:10:37 UTC 2026][INFO] [Action] E UpdateStyle - (c,96143,2),49:0.250000:2,(r,96143,96143),F
[Sat Aug 29 05:10:37 UTC 2026][INFO] [Action] E UpdateStyle - (c,96143,2),49:0.500000:2,(r,96143,96143),F
[Sat Aug 29 05:10:38 UTC 2026][INFO] [Action] E UpdateStyle - (c,96143,2),49:0.750000:2,(r,96143,96143),F
[Sat Aug 29 05:10:42 UTC 2026][INFO] [Action] E UpdateStyle - (c,96143,2),49:1.000000:2,(r,96143,96143),F
[Sat Aug 29 05:10:52 UTC 2026][INFO] [Action] E UpdateStyle - (c,96335,2),49:0.250000:2,(r,96335,96335),F
[Sat Aug 29 05:10:53 UTC 2026][INFO] [Action] E UpdateStyle - (c,96335,2),49:0.500000:2,(r,96335,96335),F
[Sat Aug 29 05:10:53 UTC 2026][INFO] [Action] E UpdateStyle - (c,96335,2),49:0.750000:2,(r,96335,96335),F
[Sat Aug 29 05:10:54 UTC 2026][INFO] [Action] E UpdateStyle - (c,96335,2),49:1.000000:2,(r,96335,96335),F
[Sat Aug 29 05:10:59 UTC 2026][INFO] [Action] E UpdateStyle - (c,96335,2),49:1.250000:2,(r,96335,96335),F
[Sat Aug 29 05:11:01 UTC 2026][INFO] [Action] E UpdateStyle - (c,96335,2),49:1.000000:2,(r,96335,96335),F
[Sat Aug 29 05:11:26 UTC 2026][INFO] [Action] E Copy - (r,95944,96143)
[Sat Aug 29 05:11:33 UTC 2026][INFO] [Action] E AddTextContainer - (c,91015,2),0,0,0
[Sat Aug 29 05:11:34 UTC 2026][INFO] [Action] E AddTextContainer - (c,91016,1),1,0,0
[Sat Aug 29 05:11:38 UTC 2026][INFO] [Action] E Paste - (c,91016,2),208
[Sat Aug 29 05:11:46 UTC 2026][INFO] [Action] E DeleteContent - (r,90968,91015),B
[Sat Aug 29 05:11:50 UTC 2026][INFO] [Action] E InsertTextContent - (c,90968,2),[SPACE]
[Sat Aug 29 05:11:53 UTC 2026][INFO] [Action] E MergeContainer - 91169,1
[Sat Aug 29 05:11:53 UTC 2026][INFO] [Action] E DeleteContent - (c,91168,2),B
[Sat Aug 29 05:11:56 UTC 2026][INFO] [Action] E InsertTextContent - (c,91167,2),[L]
[Sat Aug 29 05:11:59 UTC 2026][INFO] [Action] E MergeContainer - 91169,1
[Sat Aug 29 05:12:11 UTC 2026][INFO] [Action] E UpdateStyle - (r,91200,91202),49:0.500000:2,(r,91200,91202),F
[Sat Aug 29 05:12:15 UTC 2026][INFO] [Action] U UpdateStyle
[Sat Aug 29 05:12:59 UTC 2026][INFO] [Action] E SaveBook - Save
[Sat Aug 29 05:13:22 UTC 2026][INFO] [Action] E InsertTextContent - (c,96440,1),[SPACE]
[Sat Aug 29 05:13:23 UTC 2026][INFO] [Action] E InsertTextContent - (c,96440,2),[SPACE]
[Sat Aug 29 05:13:24 UTC 2026][INFO] [Action] E InsertTextContent - (c,96441,2),[SPACE]
[Sat Aug 29 05:13:27 UTC 2026][INFO] [Action] E InsertTextContent - (c,96466,1),[SPACE]
[Sat Aug 29 05:13:28 UTC 2026][INFO] [Action] E InsertTextContent - (c,96466,2),[SPACE]
[Sat Aug 29 05:13:28 UTC 2026][INFO] [Action] E InsertTextContent - (c,96467,2),[SPACE]
[Sat Aug 29 05:13:31 UTC 2026][INFO] [Action] E InsertTextContent - (c,96468,2),[SPACE]
[Sat Aug 29 05:13:33 UTC 2026][INFO] [Action] E InsertTextContent - (c,96440,2),[SPACE]
[Sat Aug 29 05:14:31 UTC 2026][INFO] [Action] E Copy - (r,30700,30722)
[Sat Aug 29 05:14:35 UTC 2026][INFO] [Action] E Paste - (c,30700,2),23
[Sat Aug 29 05:14:37 UTC 2026][INFO] [Action] E Paste - (c,30778,1),23
[Sat Aug 29 05:14:39 UTC 2026][INFO] [Action] E Paste - (c,30819,2),23
[Sat Aug 29 05:14:41 UTC 2026][INFO] [Action] E Paste - (c,31022,1),23
[Sat Aug 29 05:14:43 UTC 2026][INFO] [Action] E Paste - (r,31077,31077),23
[Sat Aug 29 05:14:48 UTC 2026][INFO] [Action] E Paste - (c,31118,2),23
[Sat Aug 29 05:14:51 UTC 2026][INFO] [Action] E Paste - (c,31174,2),23
[Sat Aug 29 05:14:55 UTC 2026][INFO] [Action] E DeleteContent - (r,31154,31155),B
[Sat Aug 29 05:14:57 UTC 2026][INFO] [Action] E InsertTextContent - (c,31153,2),[SPACE]
[Sat Aug 29 05:15:00 UTC 2026][INFO] [Action] E DeleteContent - (c,31173,2),B
[Sat Aug 29 05:15:01 UTC 2026][INFO] [Action] E MergeContainer - 31173,1
[Sat Aug 29 05:15:02 UTC 2026][INFO] [Action] E SplitContainer - 31173
[Sat Aug 29 05:15:21 UTC 2026][INFO] [Action] E InsertTextContent - (c,31007,2),[SPACE]
[Sat Aug 29 05:15:25 UTC 2026][INFO] [Action] E InsertTextContent - (c,31064,2),[SPACE]
[Sat Aug 29 05:15:28 UTC 2026][INFO] [Action] E InsertTextContent - (c,31157,1),[SPACE]
[Sat Aug 29 05:15:30 UTC 2026][INFO] [Action] E InsertTextContent - (c,31213,1),[SPACE]
[Sat Aug 29 05:16:31 UTC 2026][INFO] [Action] E UpdateStyle - (r,36324,36555),16:8.000000:2,(r,36324,36555),F
[Sat Aug 29 05:16:36 UTC 2026][INFO] [Action] E UpdateStyle - (r,36324,36555),13:361:3,(r,36324,36555),F
[Sat Aug 29 05:16:42 UTC 2026][INFO] [Action] E Paste - (c,36324,2),23
[Sat Aug 29 05:16:44 UTC 2026][INFO] [Action] E Paste - (c,36370,2),23
[Sat Aug 29 05:16:46 UTC 2026][INFO] [Action] E Paste - (c,36421,2),23
[Sat Aug 29 05:16:47 UTC 2026][INFO] [Action] E Paste - (r,36486,36486),23
[Sat Aug 29 05:16:49 UTC 2026][INFO] [Action] E Paste - (c,36540,2),23
[Sat Aug 29 05:16:50 UTC 2026][INFO] [Action] E Paste - (c,36591,2),23
[Sat Aug 29 05:16:51 UTC 2026][INFO] [Action] E Paste - (c,36655,2),23
[Sat Aug 29 05:16:54 UTC 2026][INFO] [Action] E InsertTextContent - (c,36476,2),[SPACE]
[Sat Aug 29 05:17:12 UTC 2026][INFO] [Action] E UpdateStyle - (r,36324,36716),16:10.000000:2,(r,36324,36716),F
[Sat Aug 29 05:17:31 UTC 2026][INFO] [Action] E UpdateStyle - (r,58176,58184),13:361:3,(r,58176,58184),F
[Sat Aug 29 05:17:42 UTC 2026][INFO] [Action] E UpdateStyle - (r,75583,75650),34:59:3,(r,75583,75650),F
[Sat Aug 29 05:17:47 UTC 2026][INFO] [Action] E Paste - (c,75592,1),23
[Sat Aug 29 05:17:49 UTC 2026][INFO] [Action] E Paste - (c,75614,2),23
[Sat Aug 29 05:17:51 UTC 2026][INFO] [Action] E Paste - (c,75583,1),23
[Sat Aug 29 05:17:52 UTC 2026][INFO] [Action] E Paste - (c,75605,2),23
[Sat Aug 29 05:17:54 UTC 2026][INFO] [Action] E Paste - (c,75709,1),23
[Sat Aug 29 05:17:54 UTC 2026][INFO] [Action] E Paste - (c,75731,2),23
[Sat Aug 29 05:17:58 UTC 2026][INFO] [Action] E AddTextContainer - (c,75788,2),0,0,0
[Sat Aug 29 05:18:05 UTC 2026][INFO] [Action] E UpdateStyle - (r,75629,75788),16:10.000000:2,(r,75629,75788),F
[Sat Aug 29 05:18:07 UTC 2026][INFO] [Action] E UpdateStyle - (r,75629,75788),13:350:3,(r,75629,75788),F
[Sat Aug 29 05:18:07 UTC 2026][INFO] [Action] E UpdateStyle - (r,75629,75788),13:361:3,(r,75629,75788),F
[Sat Aug 29 05:18:10 UTC 2026][INFO] [Action] E DeleteContent - (c,75684,1),B
[Sat Aug 29 05:18:11 UTC 2026][INFO] [Action] E DeleteContent - (c,75683,1),B
[Sat Aug 29 05:18:11 UTC 2026][INFO] [Action] E DeleteContent - (c,75682,1),B
[Sat Aug 29 05:18:11 UTC 2026][INFO] [Action] E DeleteContent - (c,75681,1),B
[Sat Aug 29 05:18:11 UTC 2026][INFO] [Action] E DeleteContent - (c,75680,1),B
[Sat Aug 29 05:18:11 UTC 2026][INFO] [Action] E DeleteContent - (c,75679,1),B
[Sat Aug 29 05:18:12 UTC 2026][INFO] [Action] E DeleteContent - (c,75678,1),B
[Sat Aug 29 05:18:12 UTC 2026][INFO] [Action] E DeleteContent - (c,75677,1),B
[Sat Aug 29 05:18:12 UTC 2026][INFO] [Action] E DeleteContent - (c,75676,1),B
[Sat Aug 29 05:18:14 UTC 2026][INFO] [Action] E DeleteContent - (c,75700,2),B
[Sat Aug 29 05:18:14 UTC 2026][INFO] [Action] E MergeContainer - 75700,1
[Sat Aug 29 05:18:19 UTC 2026][INFO] [Action] U MergeContainer
[Sat Aug 29 05:18:22 UTC 2026][INFO] [Action] E InsertTextContent - (r,75724,75730),[SPACE]
[Sat Aug 29 05:18:24 UTC 2026][INFO] [Action] E InsertTextContent - (r,75727,75729),[SPACE]
[Sat Aug 29 05:18:37 UTC 2026][INFO] [Action] E InsertTextContent - (c,75900,1),[SPACE]
[Sat Aug 29 05:18:38 UTC 2026][INFO] [Action] E InsertTextContent - (c,75900,2),[SPACE]
[Sat Aug 29 05:18:38 UTC 2026][INFO] [Action] E InsertTextContent - (c,75901,2),[SPACE]
[Sat Aug 29 05:18:38 UTC 2026][INFO] [Action] E InsertTextContent - (c,75902,2),[SPACE]
[Sat Aug 29 05:18:38 UTC 2026][INFO] [Action] E InsertTextContent - (c,75903,2),[SPACE]
[Sat Aug 29 05:18:38 UTC 2026][INFO] [Action] E InsertTextContent - (c,75904,2),[SPACE]
[Sat Aug 29 05:18:39 UTC 2026][INFO] [Action] E InsertTextContent - (c,75905,2),[SPACE]
[Sat Aug 29 05:18:39 UTC 2026][INFO] [Action] E InsertTextContent - (c,75906,2),[SPACE]
[Sat Aug 29 05:18:39 UTC 2026][INFO] [Action] E InsertTextContent - (c,75907,2),[SPACE]
[Sat Aug 29 05:18:39 UTC 2026][INFO] [Action] E InsertTextContent - (c,75908,2),[SPACE]
[Sat Aug 29 05:18:39 UTC 2026][INFO] [Action] E InsertTextContent - (c,75909,2),[SPACE]
[Sat Aug 29 05:18:45 UTC 2026][INFO] [Action] E UpdateStyle - (r,75911,75939),13:361:3,(r,75911,75939),F
[Sat Aug 29 05:18:51 UTC 2026][INFO] [Action] E InsertTextContent - (c,75900,2),[SPACE]
[Sat Aug 29 05:18:53 UTC 2026][INFO] [Action] E InsertTextContent - (c,75901,2),[SPACE]
[Sat Aug 29 05:19:17 UTC 2026][INFO] [Action] E UpdateStyle - (r,157412,157431),11:Bookerly,serif:4,(r,157412,157431),F
[Sat Aug 29 05:19:18 UTC 2026][INFO] [Action] E UpdateStyle - (r,157412,157431),11:AmazonEmber,sans-serif:4,(r,157412,157431),F
[Sat Aug 29 05:19:26 UTC 2026][INFO] [Action] E UpdateStyle - (r,157445,157618),11:Bookerly,serif:4,(r,157445,157618),F
[Sat Aug 29 05:19:28 UTC 2026][INFO] [Action] E UpdateStyle - (r,157445,157618),11:AmazonEmber,sans-serif:4,(r,157445,157618),F
[Sat Aug 29 05:19:37 UTC 2026][INFO] [Action] E UpdateStyle - (r,157620,157624),11:Bookerly,serif:4,(r,157620,157624),F
[Sat Aug 29 05:19:38 UTC 2026][INFO] [Action] E UpdateStyle - (r,157620,157624),11:AmazonEmber,sans-serif:4,(r,157620,157624),F
[Sat Aug 29 05:19:48 UTC 2026][INFO] [Action] E UpdateStyle - (r,157648,157708),11:Bookerly,serif:4,(r,157648,157708),F
[Sat Aug 29 05:19:50 UTC 2026][INFO] [Action] E UpdateStyle - (r,157648,157708),11:AmazonEmber,sans-serif:4,(r,157648,157708),F
[Sat Aug 29 05:20:23 UTC 2026][INFO] [Action] E UpdateStyle - (r,30700,30878),16:10.000000:2,(r,30700,30878),F
[Sat Aug 29 05:20:39 UTC 2026][INFO] [Action] E UpdateStyle - (r,31007,31227),16:10.000000:2,(r,31007,31227),F
[Sat Aug 29 05:20:44 UTC 2026][INFO] [Action] E InsertTextContent - (c,31007,2),[SPACE]
[Sat Aug 29 05:20:44 UTC 2026][INFO] [Action] E InsertTextContent - (c,31008,2),[SPACE]
[Sat Aug 29 05:20:44 UTC 2026][INFO] [Action] E InsertTextContent - (c,31009,2),[SPACE]
[Sat Aug 29 05:20:44 UTC 2026][INFO] [Action] E InsertTextContent - (c,31010,2),[SPACE]
[Sat Aug 29 05:20:45 UTC 2026][INFO] [Action] E InsertTextContent - (c,31011,2),[SPACE]
[Sat Aug 29 05:20:45 UTC 2026][INFO] [Action] E InsertTextContent - (c,31012,2),[SPACE]
[Sat Aug 29 05:20:45 UTC 2026][INFO] [Action] E InsertTextContent - (c,31013,2),[SPACE]
[Sat Aug 29 05:20:45 UTC 2026][INFO] [Action] E InsertTextContent - (c,31014,2),[SPACE]
[Sat Aug 29 05:20:45 UTC 2026][INFO] [Action] E InsertTextContent - (c,31015,2),[SPACE]
[Sat Aug 29 05:20:46 UTC 2026][INFO] [Action] E InsertTextContent - (c,31016,2),[SPACE]
[Sat Aug 29 05:20:47 UTC 2026][INFO] [Action] E InsertTextContent - (c,31017,2),[SPACE]
[Sat Aug 29 05:21:35 UTC 2026][INFO] [Action] E DeleteContent - (r,157421,157421),B
[Sat Aug 29 05:21:38 UTC 2026][INFO] [Action] U DeleteContent
[Sat Aug 29 05:21:41 UTC 2026][INFO] [Action] E MergeContainer - 157421,0
[Sat Aug 29 05:21:45 UTC 2026][INFO] [Action] E MergeContainer - 157442,0
[Sat Aug 29 05:21:47 UTC 2026][INFO] [Action] E MergeContainer - 157453,0
[Sat Aug 29 05:21:53 UTC 2026][INFO] [Action] E UpdateStyle - (c,157421,2),49:0.250000:2,(r,157421,157421),F
[Sat Aug 29 05:21:54 UTC 2026][INFO] [Action] E UpdateStyle - (c,157421,2),49:0.500000:2,(r,157421,157421),F
[Sat Aug 29 05:21:58 UTC 2026][INFO] [Action] E UpdateStyle - (c,157441,2),49:0.250000:2,(r,157441,157441),F
[Sat Aug 29 05:21:58 UTC 2026][INFO] [Action] E UpdateStyle - (c,157441,2),49:0.500000:2,(r,157441,157441),F
[Sat Aug 29 05:21:59 UTC 2026][INFO] [Action] E UpdateStyle - (c,157441,2),49:0.750000:2,(r,157441,157441),F
[Sat Aug 29 05:22:06 UTC 2026][INFO] [Action] E UpdateStyle - (c,157452,2),49:0.250000:2,(r,157452,157452),F
[Sat Aug 29 05:22:06 UTC 2026][INFO] [Action] E UpdateStyle - (c,157452,2),49:0.500000:2,(r,157452,157452),F
[Sat Aug 29 05:22:10 UTC 2026][INFO] [Action] E UpdateStyle - (c,157461,2),49:0.250000:2,(r,157461,157461),F
[Sat Aug 29 05:22:10 UTC 2026][INFO] [Action] E UpdateStyle - (c,157461,2),49:0.500000:2,(r,157461,157461),F
[Sat Aug 29 05:22:10 UTC 2026][INFO] [Action] E UpdateStyle - (c,157461,2),49:0.750000:2,(r,157461,157461),F
[Sat Aug 29 05:22:12 UTC 2026][INFO] [Action] E UpdateStyle - (c,157461,2),49:1.000000:2,(r,157461,157461),F
[Sat Aug 29 05:22:17 UTC 2026][INFO] [Action] E UpdateStyle - (c,157608,2),49:0.250000:2,(r,157608,157608),F
[Sat Aug 29 05:22:18 UTC 2026][INFO] [Action] E UpdateStyle - (c,157608,2),49:0.500000:2,(r,157608,157608),F
[Sat Aug 29 05:22:21 UTC 2026][INFO] [Action] E MergeContainer - 157634,1
[Sat Aug 29 05:22:22 UTC 2026][INFO] [Action] E MergeContainer - 157633,1
[Sat Aug 29 05:22:24 UTC 2026][INFO] [Action] E MergeContainer - 157633,1
[Sat Aug 29 05:22:26 UTC 2026][INFO] [Action] E UpdateStyle - (c,157632,2),49:0.250000:2,(r,157632,157632),F
[Sat Aug 29 05:22:27 UTC 2026][INFO] [Action] E UpdateStyle - (c,157632,2),49:0.500000:2,(r,157632,157632),F
[Sat Aug 29 05:22:27 UTC 2026][INFO] [Action] E UpdateStyle - (c,157632,2),49:0.750000:2,(r,157632,157632),F
[Sat Aug 29 05:22:27 UTC 2026][INFO] [Action] E UpdateStyle - (c,157632,2),49:1.000000:2,(r,157632,157632),F
[Sat Aug 29 05:22:35 UTC 2026][INFO] [Action] E UpdateStyle - (c,157632,2),49:0.750000:2,(r,157632,157632),F
[Sat Aug 29 05:22:49 UTC 2026][INFO] [Action] E UpdateStyle - (c,157652,2),49:0.250000:2,(r,157652,157652),F
[Sat Aug 29 05:22:55 UTC 2026][INFO] [Action] E UpdateStyle - (c,157421,2),49:0.250000:2,(r,157421,157421),F
[Sat Aug 29 05:23:01 UTC 2026][INFO] [Action] E UpdateStyle - (c,157452,2),49:0.250000:2,(r,157452,157452),F
[Sat Aug 29 05:23:15 UTC 2026][INFO] [Action] E UpdateStyle - (c,157461,2),49:0.750000:2,(r,157461,157461),F
[Sat Aug 29 05:23:17 UTC 2026][INFO] [Action] E UpdateStyle - (c,157461,2),49:0.500000:2,(r,157461,157461),F
[Sat Aug 29 05:23:17 UTC 2026][INFO] [Action] E UpdateStyle - (c,157461,2),49:0.250000:2,(r,157461,157461),F
[Sat Aug 29 05:23:18 UTC 2026][INFO] [Action] E UpdateStyle - (c,157461,2),49:0.000000:2,(r,157461,157461),F
[Sat Aug 29 05:23:31 UTC 2026][INFO] [Action] E UpdateStyle - (c,157632,2),49:1.000000:2,(r,157632,157632),F
[Sat Aug 29 05:23:40 UTC 2026][INFO] [Action] E UpdateStyle - (c,157652,2),49:0.500000:2,(r,157652,157652),F
[Sat Aug 29 05:23:50 UTC 2026][INFO] [Action] E UpdateStyle - (c,157421,2),49:0.500000:2,(r,157421,157421),F
[Sat Aug 29 05:23:56 UTC 2026][INFO] [Action] E UpdateStyle - (c,157452,2),49:0.500000:2,(r,157452,157452),F
[Sat Aug 29 05:24:03 UTC 2026][INFO] [Action] E UpdateStyle - (c,157461,2),49:0.250000:2,(r,157461,157461),F
[Sat Aug 29 05:24:16 UTC 2026][INFO] [Action] E UpdateStyle - (r,157462,157608),34:320:3,(r,157462,157608),F
[Sat Aug 29 05:24:22 UTC 2026][INFO] [Action] E SplitContainer - 157583
[Sat Aug 29 05:24:30 UTC 2026][INFO] [Action] E UpdateStyle - (c,157583,1),34:59:3,(r,157583,157583),F
[Sat Aug 29 05:24:35 UTC 2026][INFO] [Action] E UpdateStyle - (c,157582,2),49:0.750000:2,(r,157582,157582),F
[Sat Aug 29 05:24:36 UTC 2026][INFO] [Action] E UpdateStyle - (c,157582,2),49:1.000000:2,(r,157582,157582),F
[Sat Aug 29 05:24:57 UTC 2026][INFO] [Action] E DeleteContent - (r,157501,157501),F
[Sat Aug 29 05:25:00 UTC 2026][INFO] [Action] U DeleteContent
[Sat Aug 29 05:25:06 UTC 2026][INFO] [Action] E UpdateStyle - (r,157462,157582),34:59:3,(r,157462,157582),F
[Sat Aug 29 05:25:14 UTC 2026][INFO] [Action] E UpdateStyle - (r,157462,157582),34:320:3,(r,157462,157582),F
[Sat Aug 29 05:25:24 UTC 2026][INFO] [Action] E UpdateStyle - (r,157462,157582),34:59:3,(r,157462,157582),F
[Sat Aug 29 05:25:28 UTC 2026][INFO] [Action] E MergeContainer - 157462,1
[Sat Aug 29 05:25:31 UTC 2026][INFO] [Action] U MergeContainer
[Sat Aug 29 05:25:41 UTC 2026][INFO] [Action] E UpdateStyle - (r,157513,157581),34:320:3,(r,157513,157581),F
[Sat Aug 29 05:25:54 UTC 2026][INFO] [Action] E UpdateStyle - (c,157421,2),49:0.250000:2,(r,157421,157421),F
[Sat Aug 29 05:25:55 UTC 2026][INFO] [Action] E UpdateStyle - (c,157421,2),49:0.000000:2,(r,157421,157421),F
[Sat Aug 29 05:26:02 UTC 2026][INFO] [Action] E UpdateStyle - (c,156923,1),49:0.250000:2,(r,156923,156923),F
[Sat Aug 29 05:26:08 UTC 2026][INFO] [Action] E UpdateStyle - (c,157421,2),49:0.250000:2,(r,157421,157421),F
[Sat Aug 29 05:26:22 UTC 2026][INFO] [Action] E UpdateStyle - (c,157632,2),49:1.250000:2,(r,157632,157632),F
[Sat Aug 29 05:26:22 UTC 2026][INFO] [Action] E UpdateStyle - (c,157632,2),49:1.500000:2,(r,157632,157632),F
[Sat Aug 29 05:26:23 UTC 2026][INFO] [Action] E UpdateStyle - (c,157632,2),49:1.750000:2,(r,157632,157632),F
[Sat Aug 29 05:26:28 UTC 2026][INFO] [Action] E UpdateStyle - (c,157582,2),49:1.250000:2,(r,157582,157582),F
[Sat Aug 29 05:26:32 UTC 2026][INFO] [Action] E UpdateStyle - (c,157582,2),49:1.500000:2,(r,157582,157582),F
[Sat Aug 29 05:26:36 UTC 2026][INFO] [Action] E UpdateStyle - (c,157441,2),49:1.000000:2,(r,157441,157441),F
[Sat Aug 29 05:26:37 UTC 2026][INFO] [Action] E UpdateStyle - (c,157441,2),49:1.250000:2,(r,157441,157441),F
[Sat Aug 29 05:26:37 UTC 2026][INFO] [Action] E UpdateStyle - (c,157441,2),49:1.500000:2,(r,157441,157441),F
[Sat Aug 29 05:26:59 UTC 2026][INFO] [Action] E UpdateStyle - (r,157583,157608),11:Bookerly,serif:4,(r,157583,157608),F
[Sat Aug 29 05:27:30 UTC 2026][INFO] [Action] E InsertTextContent - (c,157668,1),[SPACE]
[Sat Aug 29 05:27:30 UTC 2026][INFO] [Action] E InsertTextContent - (c,157668,2),[SPACE]
[Sat Aug 29 05:27:31 UTC 2026][INFO] [Action] E InsertTextContent - (c,157669,2),[SPACE]
[Sat Aug 29 05:27:31 UTC 2026][INFO] [Action] E InsertTextContent - (c,157670,2),[SPACE]
[Sat Aug 29 05:27:31 UTC 2026][INFO] [Action] E InsertTextContent - (c,157671,2),[SPACE]
[Sat Aug 29 05:27:32 UTC 2026][INFO] [Action] E InsertTextContent - (c,157672,2),[SPACE]
[Sat Aug 29 05:28:06 UTC 2026][INFO] [Action] E UpdateStyle - (r,164415,164461),11:Bookerly,serif:4,(r,164415,164461),F
[Sat Aug 29 05:28:09 UTC 2026][INFO] [Action] E UpdateStyle - (r,164415,164461),11:AmazonEmber,sans-serif:4,(r,164415,164461),F
[Sat Aug 29 05:28:14 UTC 2026][INFO] [Action] E MergeContainer - 164414,1
[Sat Aug 29 05:28:17 UTC 2026][INFO] [Action] E UpdateStyle - (c,164413,2),49:0.250000:2,(r,164413,164413),F
[Sat Aug 29 05:28:17 UTC 2026][INFO] [Action] E UpdateStyle - (c,164413,2),49:0.500000:2,(r,164413,164413),F
[Sat Aug 29 05:28:42 UTC 2026][INFO] [Action] E MergeContainer - 166469,1
[Sat Aug 29 05:28:43 UTC 2026][INFO] [Action] E MergeContainer - 166533,1
[Sat Aug 29 05:28:45 UTC 2026][INFO] [Action] E MergeContainer - 166569,1
[Sat Aug 29 05:28:46 UTC 2026][INFO] [Action] E MergeContainer - 166577,1
[Sat Aug 29 05:28:47 UTC 2026][INFO] [Action] E MergeContainer - 166593,1
[Sat Aug 29 05:28:48 UTC 2026][INFO] [Action] E MergeContainer - 166650,1
[Sat Aug 29 05:28:50 UTC 2026][INFO] [Action] E MergeContainer - 166654,1
[Sat Aug 29 05:28:50 UTC 2026][INFO] [Action] E MergeContainer - 166664,1
[Sat Aug 29 05:28:51 UTC 2026][INFO] [Action] E MergeContainer - 166680,1
[Sat Aug 29 05:28:52 UTC 2026][INFO] [Action] E MergeContainer - 166703,1
[Sat Aug 29 05:28:53 UTC 2026][INFO] [Action] E MergeContainer - 166708,1
[Sat Aug 29 05:28:57 UTC 2026][INFO] [Action] E MergeContainer - 166721,1
[Sat Aug 29 05:28:58 UTC 2026][INFO] [Action] E DeleteContent - (r,166732,166732),B
[Sat Aug 29 05:29:00 UTC 2026][INFO] [Action] U DeleteContent
[Sat Aug 29 05:29:02 UTC 2026][INFO] [Action] E MergeContainer - 166763,1
[Sat Aug 29 05:29:03 UTC 2026][INFO] [Action] E MergeContainer - 166810,1
[Sat Aug 29 05:29:06 UTC 2026][INFO] [Action] E MergeContainer - 166868,1
[Sat Aug 29 05:29:14 UTC 2026][INFO] [Action] E UpdateStyle - (r,166533,166568),11:Bookerly,serif:4,(r,166533,166568),F
[Sat Aug 29 05:29:16 UTC 2026][INFO] [Action] E UpdateStyle - (r,166533,166568),11:AmazonEmber,sans-serif:4,(r,166533,166568),F
[Sat Aug 29 05:29:25 UTC 2026][INFO] [Action] E UpdateStyle - (r,166577,166592),11:Bookerly,serif:4,(r,166577,166592),F
[Sat Aug 29 05:29:27 UTC 2026][INFO] [Action] E UpdateStyle - (r,166577,166592),11:AmazonEmber,sans-serif:4,(r,166577,166592),F
[Sat Aug 29 05:29:31 UTC 2026][INFO] [Action] E UpdateStyle - (r,166453,166468),11:Bookerly,serif:4,(r,166453,166468),F
[Sat Aug 29 05:29:33 UTC 2026][INFO] [Action] E UpdateStyle - (r,166453,166468),11:AmazonEmber,sans-serif:4,(r,166453,166468),F
[Sat Aug 29 05:29:50 UTC 2026][INFO] [Action] E MergeContainer - 166450,0
[Sat Aug 29 05:29:52 UTC 2026][INFO] [Action] E MergeContainer - 166450,0
[Sat Aug 29 05:29:56 UTC 2026][INFO] [Action] E UpdateStyle - (c,166450,2),49:0.250000:2,(r,166450,166450),F
[Sat Aug 29 05:29:56 UTC 2026][INFO] [Action] E UpdateStyle - (c,166450,2),49:0.500000:2,(r,166450,166450),F
[Sat Aug 29 05:30:09 UTC 2026][INFO] [Action] E UpdateStyle - (c,166530,2),49:0.250000:2,(r,166530,166530),F
[Sat Aug 29 05:30:15 UTC 2026][INFO] [Action] E UpdateStyle - (r,166555,166566),49:0.250000:2,(r,166555,166566),F
[Sat Aug 29 05:30:15 UTC 2026][INFO] [Action] E UpdateStyle - (r,166555,166566),49:0.500000:2,(r,166555,166566),F
[Sat Aug 29 05:30:17 UTC 2026][INFO] [Action] E UpdateStyle - (r,166555,166566),49:0.750000:2,(r,166555,166566),F
[Sat Aug 29 05:30:22 UTC 2026][INFO] [Action] E UpdateStyle - (c,166574,2),49:0.250000:2,(r,166574,166574),F
[Sat Aug 29 05:30:22 UTC 2026][INFO] [Action] E UpdateStyle - (c,166574,2),49:0.500000:2,(r,166574,166574),F
[Sat Aug 29 05:30:26 UTC 2026][INFO] [Action] E UpdateStyle - (c,166590,2),49:0.250000:2,(r,166590,166590),F
[Sat Aug 29 05:30:26 UTC 2026][INFO] [Action] E UpdateStyle - (c,166590,2),49:0.500000:2,(r,166590,166590),F
[Sat Aug 29 05:30:26 UTC 2026][INFO] [Action] E UpdateStyle - (c,166590,2),49:0.750000:2,(r,166590,166590),F
[Sat Aug 29 05:30:27 UTC 2026][INFO] [Action] E UpdateStyle - (c,166590,2),49:1.000000:2,(r,166590,166590),F
[Sat Aug 29 05:30:33 UTC 2026][INFO] [Action] E UpdateStyle - (r,166648,166651),49:0.250000:2,(r,166648,166651),F
[Sat Aug 29 05:30:35 UTC 2026][INFO] [Action] E UpdateStyle - (r,166648,166651),49:0.500000:2,(r,166648,166651),F
[Sat Aug 29 05:30:40 UTC 2026][INFO] [Action] E UpdateStyle - (c,166651,2),49:0.750000:2,(r,166651,166651),F
[Sat Aug 29 05:30:46 UTC 2026][INFO] [Action] E UpdateStyle - (c,166661,2),49:0.250000:2,(r,166661,166661),F
[Sat Aug 29 05:30:46 UTC 2026][INFO] [Action] E UpdateStyle - (c,166661,2),49:0.500000:2,(r,166661,166661),F
[Sat Aug 29 05:30:50 UTC 2026][INFO] [Action] E UpdateStyle - (c,166677,2),49:0.250000:2,(r,166677,166677),F
[Sat Aug 29 05:30:50 UTC 2026][INFO] [Action] E UpdateStyle - (c,166677,2),49:0.500000:2,(r,166677,166677),F
[Sat Aug 29 05:30:50 UTC 2026][INFO] [Action] E UpdateStyle - (c,166677,2),49:0.750000:2,(r,166677,166677),F
[Sat Aug 29 05:30:54 UTC 2026][INFO] [Action] E UpdateStyle - (r,166701,166705),49:0.250000:2,(r,166701,166705),F
[Sat Aug 29 05:30:55 UTC 2026][INFO] [Action] E UpdateStyle - (r,166701,166705),49:0.500000:2,(r,166701,166705),F
[Sat Aug 29 05:30:59 UTC 2026][INFO] [Action] U UpdateStyle
[Sat Aug 29 05:31:01 UTC 2026][INFO] [Action] U UpdateStyle
[Sat Aug 29 05:31:04 UTC 2026][INFO] [Action] E UpdateStyle - (c,166700,2),49:0.250000:2,(r,166700,166700),F
[Sat Aug 29 05:31:04 UTC 2026][INFO] [Action] E UpdateStyle - (c,166700,2),49:0.500000:2,(r,166700,166700),F
[Sat Aug 29 05:31:08 UTC 2026][INFO] [Action] E UpdateStyle - (c,166705,2),49:0.250000:2,(r,166705,166705),F
[Sat Aug 29 05:31:09 UTC 2026][INFO] [Action] E UpdateStyle - (c,166705,2),49:0.500000:2,(r,166705,166705),F
[Sat Aug 29 05:31:09 UTC 2026][INFO] [Action] E UpdateStyle - (c,166705,2),49:0.750000:2,(r,166705,166705),F
[Sat Aug 29 05:31:16 UTC 2026][INFO] [Action] E UpdateStyle - (c,166718,2),49:0.250000:2,(r,166718,166718),F
[Sat Aug 29 05:31:16 UTC 2026][INFO] [Action] E UpdateStyle - (c,166718,2),49:0.500000:2,(r,166718,166718),F
[Sat Aug 29 05:31:24 UTC 2026][INFO] [Action] E UpdateStyle - (c,166760,2),49:0.250000:2,(r,166760,166760),F
[Sat Aug 29 05:31:24 UTC 2026][INFO] [Action] E UpdateStyle - (c,166760,2),49:0.500000:2,(r,166760,166760),F
[Sat Aug 29 05:31:29 UTC 2026][INFO] [Action] E UpdateStyle - (c,166807,2),49:0.250000:2,(r,166807,166807),F
[Sat Aug 29 05:31:29 UTC 2026][INFO] [Action] E UpdateStyle - (c,166807,2),49:0.500000:2,(r,166807,166807),F
[Sat Aug 29 05:31:29 UTC 2026][INFO] [Action] E UpdateStyle - (c,166807,2),49:0.750000:2,(r,166807,166807),F
[Sat Aug 29 05:31:35 UTC 2026][INFO] [Action] E UpdateStyle - (c,166761,1),34:59:3,(r,166761,166761),F
[Sat Aug 29 05:31:44 UTC 2026][INFO] [Action] E UpdateStyle - (c,166865,2),49:0.250000:2,(r,166865,166865),F
[Sat Aug 29 05:31:45 UTC 2026][INFO] [Action] E UpdateStyle - (c,166865,2),49:0.500000:2,(r,166865,166865),F
[Sat Aug 29 05:31:47 UTC 2026][INFO] [Action] E UpdateStyle - (c,166865,2),49:0.750000:2,(r,166865,166865),F
[Sat Aug 29 05:31:48 UTC 2026][INFO] [Action] E UpdateStyle - (c,166865,2),49:0.500000:2,(r,166865,166865),F
[Sat Aug 29 05:31:53 UTC 2026][INFO] [Action] E UpdateStyle - (c,166705,2),49:0.500000:2,(r,166705,166705),F
[Sat Aug 29 05:32:00 UTC 2026][INFO] [Action] E UpdateStyle - (c,166566,2),49:0.500000:2,(r,166566,166566),F
[Sat Aug 29 05:32:12 UTC 2026][INFO] [Action] E SplitContainer - 166904
[Sat Aug 29 05:32:19 UTC 2026][INFO] [Action] E UpdateStyle - (r,166904,166935),11:Bookerly,serif:4,(r,166904,166935),F
[Sat Aug 29 05:32:21 UTC 2026][INFO] [Action] E UpdateStyle - (r,166904,166935),11:AmazonEmber,sans-serif:4,(r,166904,166935),F
[Sat Aug 29 05:32:27 UTC 2026][INFO] [Action] E UpdateStyle - (r,166904,166935),34:320:3,(r,166904,166935),F
[Sat Aug 29 05:32:34 UTC 2026][INFO] [Action] E UpdateStyle - (r,166904,166935),12:382:3,(r,166904,166935),F
[Sat Aug 29 05:33:00 UTC 2026][INFO] [Action] E UpdateStyle - (r,166808,166865),11:Bookerly,serif:4,(r,166808,166865),F
[Sat Aug 29 05:33:02 UTC 2026][INFO] [Action] E UpdateStyle - (r,166808,166865),11:AmazonEmber,sans-serif:4,(r,166808,166865),F
[Sat Aug 29 05:33:07 UTC 2026][INFO] [Action] E UpdateStyle - (r,166719,166760),11:Bookerly,serif:4,(r,166719,166760),F
[Sat Aug 29 05:33:08 UTC 2026][INFO] [Action] E UpdateStyle - (r,166719,166760),11:AmazonEmber,sans-serif:4,(r,166719,166760),F
[Sat Aug 29 05:33:11 UTC 2026][INFO] [Action] E UpdateStyle - (r,166701,166705),11:Bookerly,serif:4,(r,166701,166705),F
[Sat Aug 29 05:33:13 UTC 2026][INFO] [Action] E UpdateStyle - (r,166701,166705),11:AmazonEmber,sans-serif:4,(r,166701,166705),F
[Sat Aug 29 05:33:16 UTC 2026][INFO] [Action] E UpdateStyle - (r,166648,166651),11:Bookerly,serif:4,(r,166648,166651),F
[Sat Aug 29 05:33:17 UTC 2026][INFO] [Action] E UpdateStyle - (r,166648,166651),11:AmazonEmber,sans-serif:4,(r,166648,166651),F
[Sat Aug 29 05:33:22 UTC 2026][INFO] [Action] E UpdateStyle - (r,166662,166677),11:Bookerly,serif:4,(r,166662,166677),F
[Sat Aug 29 05:33:24 UTC 2026][INFO] [Action] E UpdateStyle - (r,166662,166677),11:AmazonEmber,sans-serif:4,(r,166662,166677),F
[Sat Aug 29 05:33:55 UTC 2026][INFO] [Action] E UpdateStyle - (c,166574,2),49:0.250000:2,(r,166574,166574),F
[Sat Aug 29 05:34:01 UTC 2026][INFO] [Action] E UpdateStyle - (c,166590,2),49:0.750000:2,(r,166590,166590),F
[Sat Aug 29 05:34:08 UTC 2026][INFO] [Action] E UpdateStyle - (c,166903,2),49:0.250000:2,(r,166903,166903),F
[Sat Aug 29 05:34:15 UTC 2026][INFO] [Action] E UpdateStyle - (c,166807,2),49:0.500000:2,(r,166807,166807),F
[Sat Aug 29 05:34:26 UTC 2026][INFO] [Action] E UpdateStyle - (c,166590,2),49:1.000000:2,(r,166590,166590),F
[Sat Aug 29 05:34:35 UTC 2026][INFO] [Action] E SaveBook - Save
[Sat Aug 29 05:34:50 UTC 2026][INFO] [Action] E UpdateStyle - (r,171915,171942),11:Bookerly,serif:4,(r,171915,171942),F
[Sat Aug 29 05:34:52 UTC 2026][INFO] [Action] E UpdateStyle - (r,171915,171942),11:AmazonEmber,sans-serif:4,(r,171915,171942),F
[Sat Aug 29 05:34:56 UTC 2026][INFO] [Action] E MergeContainer - 171914,1
[Sat Aug 29 05:34:57 UTC 2026][INFO] [Action] E MergeContainer - 171942,1
[Sat Aug 29 05:34:59 UTC 2026][INFO] [Action] E UpdateStyle - (c,171913,2),49:0.250000:2,(r,171913,171913),F
[Sat Aug 29 05:35:00 UTC 2026][INFO] [Action] E UpdateStyle - (c,171913,2),49:0.500000:2,(r,171913,171913),F
[Sat Aug 29 05:35:02 UTC 2026][INFO] [Action] E UpdateStyle - (c,171941,2),49:0.250000:2,(r,171941,171941),F
[Sat Aug 29 05:35:02 UTC 2026][INFO] [Action] E UpdateStyle - (c,171941,2),49:0.500000:2,(r,171941,171941),F
[Sat Aug 29 05:35:03 UTC 2026][INFO] [Action] E UpdateStyle - (c,171941,2),49:0.750000:2,(r,171941,171941),F
[Sat Aug 29 05:35:26 UTC 2026][INFO] [Action] E UpdateStyle - (r,171973,172001),11:Bookerly,serif:4,(r,171973,172001),F
[Sat Aug 29 05:35:28 UTC 2026][INFO] [Action] E UpdateStyle - (r,171973,172001),11:AmazonEmber,sans-serif:4,(r,171973,172001),F
[Sat Aug 29 05:35:32 UTC 2026][INFO] [Action] E SplitContainer - 172003
[Sat Aug 29 05:35:36 UTC 2026][INFO] [Action] E AddTextContainer - (c,172003,1),1,0,0
[Sat Aug 29 05:35:42 UTC 2026][INFO] [Action] E DeleteContent - (r,171989,171989),B
[Sat Aug 29 05:35:46 UTC 2026][INFO] [Action] U DeleteContent
[Sat Aug 29 05:35:48 UTC 2026][INFO] [Action] E MergeContainer - 172003,1
[Sat Aug 29 05:35:55 UTC 2026][INFO] [Action] E UpdateStyle - (c,172002,2),49:0.500000:2,(r,172002,172002),F
[Sat Aug 29 05:35:55 UTC 2026][INFO] [Action] E UpdateStyle - (c,172002,2),49:0.750000:2,(r,172002,172002),F
[Sat Aug 29 05:35:59 UTC 2026][INFO] [Action] E UpdateStyle - (c,171972,2),49:0.250000:2,(r,171972,171972),F
[Sat Aug 29 05:36:00 UTC 2026][INFO] [Action] E UpdateStyle - (c,171972,2),49:0.500000:2,(r,171972,171972),F
[Sat Aug 29 05:36:03 UTC 2026][INFO] [Action] E UpdateStyle - (r,171997,172001),34:320:3,(r,171997,172001),F
[Sat Aug 29 05:36:18 UTC 2026][INFO] [Action] E InsertTextContent - (r,171973,172000),[O]
[Sat Aug 29 05:36:19 UTC 2026][INFO] [Action] E InsertTextContent - (c,171973,2),[R]
[Sat Aug 29 05:36:19 UTC 2026][INFO] [Action] E InsertTextContent - (c,171974,2),[B]
[Sat Aug 29 05:36:19 UTC 2026][INFO] [Action] E InsertTextContent - (c,171975,2),[SPACE]
[Sat Aug 29 05:36:21 UTC 2026][INFO] [Action] E DeleteContent - (c,171976,2),B
[Sat Aug 29 05:36:22 UTC 2026][INFO] [Action] E DeleteContent - (c,171976,1),B
[Sat Aug 29 05:36:23 UTC 2026][INFO] [Action] E InsertTextContent - (c,171975,1),[SPACE]
[Sat Aug 29 05:36:23 UTC 2026][INFO] [Action] E InsertTextContent - (c,171975,2),[T]
[Sat Aug 29 05:36:23 UTC 2026][INFO] [Action] E InsertTextContent - (c,171976,2),[H]
[Sat Aug 29 05:36:24 UTC 2026][INFO] [Action] E InsertTextContent - (c,171977,2),[E]
[Sat Aug 29 05:36:26 UTC 2026][INFO] [Action] E InsertTextContent - (c,171978,2),[SPACE]
[Sat Aug 29 05:36:28 UTC 2026][INFO] [Action] E InsertTextContent - (c,171979,2),[T]
[Sat Aug 29 05:36:29 UTC 2026][INFO] [Action] E InsertTextContent - (c,171980,2),[A]
[Sat Aug 29 05:36:29 UTC 2026][INFO] [Action] E InsertTextContent - (c,171981,2),[I]
[Sat Aug 29 05:36:30 UTC 2026][INFO] [Action] E InsertTextContent - (c,171982,2),[N]
[Sat Aug 29 05:36:35 UTC 2026][INFO] [Action] E InsertTextContent - (c,171981,1),[R]
[Sat Aug 29 05:36:37 UTC 2026][INFO] [Action] E InsertTextContent - (c,171984,2),[SPACE]
[Sat Aug 29 05:36:38 UTC 2026][INFO] [Action] E InsertTextContent - (c,171985,2),[S]
[Sat Aug 29 05:36:39 UTC 2026][INFO] [Action] E DeleteContent - (c,171986,2),B
[Sat Aug 29 05:36:39 UTC 2026][INFO] [Action] E InsertTextContent - (c,171986,1),[I]
[Sat Aug 29 05:36:40 UTC 2026][INFO] [Action] E InsertTextContent - (c,171986,2),[S]
[Sat Aug 29 05:36:40 UTC 2026][INFO] [Action] E InsertTextContent - (c,171987,2),[SPACE]
[Sat Aug 29 05:36:41 UTC 2026][INFO] [Action] E InsertTextContent - (c,171988,2),[F]
[Sat Aug 29 05:36:41 UTC 2026][INFO] [Action] E InsertTextContent - (c,171989,2),[A]
[Sat Aug 29 05:36:42 UTC 2026][INFO] [Action] E InsertTextContent - (c,171990,2),[K]
[Sat Aug 29 05:36:43 UTC 2026][INFO] [Action] E DeleteContent - (c,171991,2),B
[Sat Aug 29 05:36:43 UTC 2026][INFO] [Action] E InsertTextContent - (c,171991,1),[L]
[Sat Aug 29 05:36:43 UTC 2026][INFO] [Action] E InsertTextContent - (c,171991,2),[L]
[Sat Aug 29 05:36:47 UTC 2026][INFO] [Action] E InsertTextContent - (c,171992,2),[I]
[Sat Aug 29 05:36:47 UTC 2026][INFO] [Action] E InsertTextContent - (c,171993,2),[N]
[Sat Aug 29 05:36:47 UTC 2026][INFO] [Action] E InsertTextContent - (c,171994,2),[G]
[Sat Aug 29 05:36:48 UTC 2026][INFO] [Action] E InsertTextContent - (c,171995,2),[SPACE]
[Sat Aug 29 05:36:48 UTC 2026][INFO] [Action] E InsertTextContent - (c,171996,2),[D]
[Sat Aug 29 05:36:49 UTC 2026][INFO] [Action] E InsertTextContent - (c,171997,2),[O]
[Sat Aug 29 05:36:49 UTC 2026][INFO] [Action] E InsertTextContent - (c,171998,2),[W]
[Sat Aug 29 05:36:50 UTC 2026][INFO] [Action] E InsertTextContent - (c,171999,2),[N]
[Sat Aug 29 05:36:54 UTC 2026][INFO] [Action] E DeleteContent - (c,171941,2),B
[Sat Aug 29 05:36:55 UTC 2026][INFO] [Action] E DeleteContent - (c,172001,2),B
[Sat Aug 29 05:36:56 UTC 2026][INFO] [Action] E DeleteContent - (c,172000,2),B
[Sat Aug 29 05:37:01 UTC 2026][INFO] [Action] E UpdateStyle - (r,171972,171999),11:Bookerly,serif:4,(r,171972,171999),F
[Sat Aug 29 05:37:05 UTC 2026][INFO] [Action] E UpdateStyle - (r,171972,171999),11:AmazonEmber,sans-serif:4,(r,171972,171999),F
[Sat Aug 29 05:37:20 UTC 2026][INFO] [Action] E AddTextContainer - (c,172000,1),1,0,0
[Sat Aug 29 05:37:25 UTC 2026][INFO] [Action] E SplitContainer - 172043
[Sat Aug 29 05:37:29 UTC 2026][INFO] [Action] E UpdateStyle - (c,172042,2),49:0.500000:2,(r,172042,172042),F
[Sat Aug 29 05:37:30 UTC 2026][INFO] [Action] E UpdateStyle - (c,172042,2),49:0.750000:2,(r,172042,172042),F
[Sat Aug 29 05:37:33 UTC 2026][INFO] [Action] E UpdateStyle - (c,172030,2),49:0.500000:2,(r,172030,172030),F
[Sat Aug 29 05:37:33 UTC 2026][INFO] [Action] E UpdateStyle - (c,172030,2),49:0.750000:2,(r,172030,172030),F
[Sat Aug 29 05:37:36 UTC 2026][INFO] [Action] E UpdateStyle - (c,172030,2),49:0.500000:2,(r,172030,172030),F
[Sat Aug 29 05:37:43 UTC 2026][INFO] [Action] E InsertTextContent - (r,172031,172042),[O]
[Sat Aug 29 05:37:43 UTC 2026][INFO] [Action] E InsertTextContent - (c,172031,2),[R]
[Sat Aug 29 05:37:43 UTC 2026][INFO] [Action] E InsertTextContent - (c,172032,2),[SPACE]
[Sat Aug 29 05:37:44 UTC 2026][INFO] [Action] E InsertTextContent - (c,172033,2),[SPACE]
[Sat Aug 29 05:37:44 UTC 2026][INFO] [Action] E InsertTextContent - (c,172034,2),[N]
[Sat Aug 29 05:37:44 UTC 2026][INFO] [Action] E InsertTextContent - (c,172035,2),[E]
[Sat Aug 29 05:37:45 UTC 2026][INFO] [Action] E InsertTextContent - (c,172036,2),[I]
[Sat Aug 29 05:37:46 UTC 2026][INFO] [Action] E InsertTextContent - (c,172037,2),[T]
[Sat Aug 29 05:37:46 UTC 2026][INFO] [Action] E InsertTextContent - (c,172038,2),[H]
[Sat Aug 29 05:37:46 UTC 2026][INFO] [Action] E InsertTextContent - (c,172039,2),[E]
[Sat Aug 29 05:37:46 UTC 2026][INFO] [Action] E InsertTextContent - (c,172040,2),[R]
[Sat Aug 29 05:37:51 UTC 2026][INFO] [Action] E UpdateStyle - (c,172035,1),34:320:3,(r,172035,172035),F
[Sat Aug 29 05:39:21 UTC 2026][INFO] [Action] E UpdateStyle - (c,175754,1),34:59:3,(r,175754,175754),F
[Sat Aug 29 05:39:34 UTC 2026][INFO] [Action] E SplitContainer - 175776
[Sat Aug 29 05:39:36 UTC 2026][INFO] [Action] E SplitContainer - 175800
[Sat Aug 29 05:39:40 UTC 2026][INFO] [Action] E SplitContainer - 175842
[Sat Aug 29 05:39:50 UTC 2026][INFO] [Action] E DeleteContent - (c,175842,2),B
[Sat Aug 29 05:39:54 UTC 2026][INFO] [Action] E SplitContainer - 175850
[Sat Aug 29 05:39:57 UTC 2026][INFO] [Action] E DeleteContent - (r,175850,175850),F
[Sat Aug 29 05:40:08 UTC 2026][INFO] [Action] E UpdateStyle - (r,175736,175871),42:1.250000:2,(r,175736,175871),F
[Sat Aug 29 05:40:09 UTC 2026][INFO] [Action] E UpdateStyle - (r,175736,175871),42:1.000000:2,(r,175736,175871),F
[Sat Aug 29 05:40:12 UTC 2026][INFO] [Action] E UpdateStyle - (r,175736,175871),47:0.250000:2,(r,175736,175871),F
[Sat Aug 29 05:40:13 UTC 2026][INFO] [Action] E UpdateStyle - (r,175736,175871),47:0.000000:2,(r,175736,175871),F
[Sat Aug 29 05:40:19 UTC 2026][INFO] [Action] E UpdateStyle - (r,175736,175871),49:0.250000:2,(r,175736,175871),F
[Sat Aug 29 05:40:20 UTC 2026][INFO] [Action] E UpdateStyle - (r,175736,175871),49:0.000000:2,(r,175736,175871),F
[Sat Aug 29 05:40:28 UTC 2026][INFO] [Action] E UpdateStyle - (c,175735,2),49:0.250000:2,(r,175735,175735),F
[Sat Aug 29 05:40:41 UTC 2026][INFO] [Action] E UpdateStyle - (c,175849,2),49:0.250000:2,(r,175849,175849),F
[Sat Aug 29 05:40:43 UTC 2026][INFO] [Action] E UpdateStyle - (c,175849,2),49:0.500000:2,(r,175849,175849),F
[Sat Aug 29 05:40:46 UTC 2026][INFO] [Action] E UpdateStyle - (c,175871,2),49:0.250000:2,(r,175871,175871),F
[Sat Aug 29 05:40:47 UTC 2026][INFO] [Action] E UpdateStyle - (c,175871,2),49:0.500000:2,(r,175871,175871),F
[Sat Aug 29 05:41:02 UTC 2026][INFO] [Action] E InsertTextContent - (c,175736,1),[SPACE]
[Sat Aug 29 05:41:02 UTC 2026][INFO] [Action] E InsertTextContent - (c,175736,2),[SPACE]
[Sat Aug 29 05:41:02 UTC 2026][INFO] [Action] E InsertTextContent - (c,175737,2),[SPACE]
[Sat Aug 29 05:41:02 UTC 2026][INFO] [Action] E InsertTextContent - (c,175738,2),[SPACE]
[Sat Aug 29 05:41:02 UTC 2026][INFO] [Action] E InsertTextContent - (c,175739,2),[SPACE]
[Sat Aug 29 05:41:03 UTC 2026][INFO] [Action] E InsertTextContent - (c,175740,2),[SPACE]
[Sat Aug 29 05:41:03 UTC 2026][INFO] [Action] E InsertTextContent - (c,175741,2),[SPACE]
[Sat Aug 29 05:41:03 UTC 2026][INFO] [Action] E InsertTextContent - (c,175742,2),[SPACE]
[Sat Aug 29 05:41:12 UTC 2026][INFO] [Action] E Copy - (r,175736,175743)
[Sat Aug 29 05:41:15 UTC 2026][INFO] [Action] E Paste - (c,175768,1),8
[Sat Aug 29 05:41:17 UTC 2026][INFO] [Action] E Paste - (c,175792,1),8
[Sat Aug 29 05:41:18 UTC 2026][INFO] [Action] E Paste - (c,175824,1),8
[Sat Aug 29 05:41:20 UTC 2026][INFO] [Action] E Paste - (c,175859,1),8
[Sat Aug 29 05:41:21 UTC 2026][INFO] [Action] E Paste - (c,175882,1),8
[Sat Aug 29 05:41:24 UTC 2026][INFO] [Action] E AddTextContainer - (c,175897,2),0,0,0
[Sat Aug 29 05:41:27 UTC 2026][INFO] [Action] U AddTextContainer
[Sat Aug 29 05:41:30 UTC 2026][INFO] [Action] E UpdateStyle - (c,175897,2),49:0.250000:2,(r,175897,175897),F
[Sat Aug 29 05:41:30 UTC 2026][INFO] [Action] E UpdateStyle - (c,175897,2),49:0.500000:2,(r,175897,175897),F
[Sat Aug 29 05:41:39 UTC 2026][INFO] [Action] E UpdateStyle - (c,175897,2),49:0.250000:2,(r,175897,175897),F
[Sat Aug 29 05:41:41 UTC 2026][INFO] [Action] E UpdateStyle - (c,175897,2),49:0.500000:2,(r,175897,175897),F
[Sat Aug 29 05:41:41 UTC 2026][INFO] [Action] E UpdateStyle - (c,175897,2),49:0.750000:2,(r,175897,175897),F
[Sat Aug 29 05:41:42 UTC 2026][INFO] [Action] E UpdateStyle - (c,175897,2),49:0.500000:2,(r,175897,175897),F
[Sat Aug 29 05:41:55 UTC 2026][INFO] [Action] E MergeContainer - 176144,1
[Sat Aug 29 05:41:57 UTC 2026][INFO] [Action] E MergeContainer - 176196,1
[Sat Aug 29 05:42:00 UTC 2026][INFO] [Action] E UpdateStyle - (c,176143,2),49:0.500000:2,(r,176143,176143),F
[Sat Aug 29 05:42:01 UTC 2026][INFO] [Action] E UpdateStyle - (c,176143,2),49:0.750000:2,(r,176143,176143),F
[Sat Aug 29 05:42:07 UTC 2026][INFO] [Action] E UpdateStyle - (c,176195,2),49:0.250000:2,(r,176195,176195),F
[Sat Aug 29 05:42:08 UTC 2026][INFO] [Action] E UpdateStyle - (c,176195,2),49:0.500000:2,(r,176195,176195),F
[Sat Aug 29 05:42:08 UTC 2026][INFO] [Action] E UpdateStyle - (c,176195,2),49:0.750000:2,(r,176195,176195),F
[Sat Aug 29 05:42:15 UTC 2026][INFO] [Action] E UpdateStyle - (c,176143,2),49:0.500000:2,(r,176143,176143),F
[Sat Aug 29 05:42:23 UTC 2026][INFO] [Action] E UpdateStyle - (r,176144,176195),11:Bookerly,serif:4,(r,176144,176195),F
[Sat Aug 29 05:42:25 UTC 2026][INFO] [Action] E UpdateStyle - (r,176144,176195),11:AmazonEmber,sans-serif:4,(r,176144,176195),F
[Sat Aug 29 05:42:27 UTC 2026][INFO] [Action] E DeleteContent - (c,176195,2),B
[Sat Aug 29 05:42:27 UTC 2026][INFO] [Action] E DeleteContent - (c,176194,2),B
[Sat Aug 29 05:42:42 UTC 2026][INFO] [Action] E UpdateStyle - (r,176144,176193),16:10.000000:2,(r,176144,176193),F
[Sat Aug 29 05:43:04 UTC 2026][INFO] [Action] E UpdateStyle - (r,176144,176193),16:12.000000:2,(r,176144,176193),F
[Sat Aug 29 05:43:11 UTC 2026][INFO] [Action] E UpdateStyle - (c,176165,2),34:320:3,(r,176165,176165),F
[Sat Aug 29 05:43:29 UTC 2026][INFO] [Action] E MergeContainer - 179073,1
[Sat Aug 29 05:43:30 UTC 2026][INFO] [Action] E MergeContainer - 179115,1
[Sat Aug 29 05:43:40 UTC 2026][INFO] [Action] E UpdateStyle - (c,179072,2),49:0.250000:2,(r,179072,179072),F
[Sat Aug 29 05:43:42 UTC 2026][INFO] [Action] E UpdateStyle - (c,179072,2),49:0.500000:2,(r,179072,179072),F
[Sat Aug 29 05:43:45 UTC 2026][INFO] [Action] E UpdateStyle - (c,179114,2),49:0.250000:2,(r,179114,179114),F
[Sat Aug 29 05:43:46 UTC 2026][INFO] [Action] E UpdateStyle - (c,179114,2),49:0.500000:2,(r,179114,179114),F
[Sat Aug 29 05:43:47 UTC 2026][INFO] [Action] E UpdateStyle - (c,179114,2),49:0.750000:2,(r,179114,179114),F
[Sat Aug 29 05:43:48 UTC 2026][INFO] [Action] E UpdateStyle - (c,179114,2),49:1.000000:2,(r,179114,179114),F
[Sat Aug 29 05:43:51 UTC 2026][INFO] [Action] E DeleteContent - (c,179114,2),B
[Sat Aug 29 05:43:56 UTC 2026][INFO] [Action] E UpdateStyle - (r,179073,179113),11:Bookerly,serif:4,(r,179073,179113),F
[Sat Aug 29 05:43:58 UTC 2026][INFO] [Action] E UpdateStyle - (r,179073,179113),11:AmazonEmber,sans-serif:4,(r,179073,179113),F
[Sat Aug 29 05:44:06 UTC 2026][INFO] [Action] E UpdateStyle - (r,179816,179832),11:Bookerly,serif:4,(r,179816,179832),F
[Sat Aug 29 05:44:07 UTC 2026][INFO] [Action] E UpdateStyle - (r,179816,179832),11:AmazonEmber,sans-serif:4,(r,179816,179832),F
[Sat Aug 29 05:44:11 UTC 2026][INFO] [Action] E UpdateStyle - (r,179840,179863),11:Bookerly,serif:4,(r,179840,179863),F
[Sat Aug 29 05:44:13 UTC 2026][INFO] [Action] E UpdateStyle - (r,179840,179863),11:AmazonEmber,sans-serif:4,(r,179840,179863),F
[Sat Aug 29 05:44:14 UTC 2026][INFO] [Action] E MergeContainer - 179815,1
[Sat Aug 29 05:44:16 UTC 2026][INFO] [Action] E MergeContainer - 179832,1
[Sat Aug 29 05:44:17 UTC 2026][INFO] [Action] E MergeContainer - 179837,1
[Sat Aug 29 05:44:18 UTC 2026][INFO] [Action] E MergeContainer - 179861,1
[Sat Aug 29 05:44:21 UTC 2026][INFO] [Action] E UpdateStyle - (c,179814,2),49:0.250000:2,(r,179814,179814),F
[Sat Aug 29 05:44:21 UTC 2026][INFO] [Action] E UpdateStyle - (c,179814,2),49:0.500000:2,(r,179814,179814),F
[Sat Aug 29 05:44:24 UTC 2026][INFO] [Action] E UpdateStyle - (c,179831,2),49:0.250000:2,(r,179831,179831),F
[Sat Aug 29 05:44:25 UTC 2026][INFO] [Action] E UpdateStyle - (c,179831,2),49:0.500000:2,(r,179831,179831),F
[Sat Aug 29 05:44:26 UTC 2026][INFO] [Action] E UpdateStyle - (c,179831,2),49:0.750000:2,(r,179831,179831),F
[Sat Aug 29 05:44:29 UTC 2026][INFO] [Action] E UpdateStyle - (c,179836,2),49:0.250000:2,(r,179836,179836),F
[Sat Aug 29 05:44:30 UTC 2026][INFO] [Action] E UpdateStyle - (c,179836,2),49:0.500000:2,(r,179836,179836),F
[Sat Aug 29 05:44:32 UTC 2026][INFO] [Action] E UpdateStyle - (c,179860,2),49:0.250000:2,(r,179860,179860),F
[Sat Aug 29 05:44:32 UTC 2026][INFO] [Action] E UpdateStyle - (c,179860,2),49:0.500000:2,(r,179860,179860),F
[Sat Aug 29 05:44:33 UTC 2026][INFO] [Action] E UpdateStyle - (c,179860,2),49:0.750000:2,(r,179860,179860),F
[Sat Aug 29 05:44:37 UTC 2026][INFO] [Action] E UpdateStyle - (c,179860,2),49:1.000000:2,(r,179860,179860),F
[Sat Aug 29 05:44:41 UTC 2026][INFO] [Action] E MergeContainer - 179897,1
[Sat Aug 29 05:44:42 UTC 2026][INFO] [Action] E MergeContainer - 179896,1
[Sat Aug 29 05:44:45 UTC 2026][INFO] [Action] E MergeContainer - 179896,1
[Sat Aug 29 05:44:47 UTC 2026][INFO] [Action] E MergeContainer - 179918,1
[Sat Aug 29 05:44:51 UTC 2026][INFO] [Action] E UpdateStyle - (c,179917,2),49:0.250000:2,(r,179917,179917),F
[Sat Aug 29 05:44:52 UTC 2026][INFO] [Action] E UpdateStyle - (c,179917,2),49:0.500000:2,(r,179917,179917),F
[Sat Aug 29 05:45:03 UTC 2026][INFO] [Action] E MergeContainer - 179928,1
[Sat Aug 29 05:45:06 UTC 2026][INFO] [Action] E UpdateStyle - (c,179927,2),49:0.250000:2,(r,179927,179927),F
[Sat Aug 29 05:45:06 UTC 2026][INFO] [Action] E UpdateStyle - (c,179927,2),49:0.500000:2,(r,179927,179927),F
[Sat Aug 29 05:45:07 UTC 2026][INFO] [Action] E UpdateStyle - (c,179927,2),49:0.750000:2,(r,179927,179927),F
[Sat Aug 29 05:45:07 UTC 2026][INFO] [Action] E UpdateStyle - (c,179927,2),49:1.000000:2,(r,179927,179927),F
[Sat Aug 29 05:45:30 UTC 2026][INFO] [Action] E MergeContainer - 180255,1
[Sat Aug 29 05:45:31 UTC 2026][INFO] [Action] E MergeContainer - 180281,1
[Sat Aug 29 05:45:35 UTC 2026][INFO] [Action] E UpdateStyle - (c,180254,2),49:0.250000:2,(r,180254,180254),F
[Sat Aug 29 05:45:35 UTC 2026][INFO] [Action] E UpdateStyle - (c,180254,2),49:0.500000:2,(r,180254,180254),F
[Sat Aug 29 05:45:38 UTC 2026][INFO] [Action] E UpdateStyle - (c,180280,2),49:0.250000:2,(r,180280,180280),F
[Sat Aug 29 05:45:38 UTC 2026][INFO] [Action] E UpdateStyle - (c,180280,2),49:0.500000:2,(r,180280,180280),F
[Sat Aug 29 05:45:39 UTC 2026][INFO] [Action] E UpdateStyle - (c,180280,2),49:0.750000:2,(r,180280,180280),F
[Sat Aug 29 05:45:43 UTC 2026][INFO] [Action] E UpdateStyle - (r,180255,180280),11:Bookerly,serif:4,(r,180255,180280),F
[Sat Aug 29 05:45:45 UTC 2026][INFO] [Action] E UpdateStyle - (r,180255,180280),11:AmazonEmber,sans-serif:4,(r,180255,180280),F
[Sat Aug 29 05:46:16 UTC 2026][INFO] [Action] E UpdateStyle - (r,190138,190196),11:Bookerly,serif:4,(r,190138,190196),F
[Sat Aug 29 05:46:18 UTC 2026][INFO] [Action] E UpdateStyle - (r,190138,190196),11:AmazonEmber,sans-serif:4,(r,190138,190196),F
[Sat Aug 29 05:46:20 UTC 2026][INFO] [Action] E MergeContainer - 190137,1
[Sat Aug 29 05:46:22 UTC 2026][INFO] [Action] E MergeContainer - 190196,1
[Sat Aug 29 05:46:27 UTC 2026][INFO] [Action] E UpdateStyle - (c,190136,2),49:0.500000:2,(r,190136,190136),F
[Sat Aug 29 05:46:33 UTC 2026][INFO] [Action] E UpdateStyle - (c,190195,2),49:0.250000:2,(r,190195,190195),F
[Sat Aug 29 05:46:33 UTC 2026][INFO] [Action] E UpdateStyle - (c,190195,2),49:0.500000:2,(r,190195,190195),F
[Sat Aug 29 05:46:34 UTC 2026][INFO] [Action] E UpdateStyle - (c,190195,2),49:0.750000:2,(r,190195,190195),F
[Sat Aug 29 05:46:41 UTC 2026][INFO] [Action] E UpdateStyle - (r,190140,190193),34:320:3,(r,190140,190193),F
[Sat Aug 29 05:46:49 UTC 2026][INFO] [Action] E UpdateStyle - (c,190195,2),49:1.000000:2,(r,190195,190195),F
[Sat Aug 29 05:47:11 UTC 2026][INFO] [Action] E MergeContainer - 197683,1
[Sat Aug 29 05:47:13 UTC 2026][INFO] [Action] E MergeContainer - 197701,1
[Sat Aug 29 05:47:16 UTC 2026][INFO] [Action] E UpdateStyle - (c,197682,2),49:0.250000:2,(r,197682,197682),F
[Sat Aug 29 05:47:16 UTC 2026][INFO] [Action] E UpdateStyle - (c,197682,2),49:0.500000:2,(r,197682,197682),F
[Sat Aug 29 05:47:20 UTC 2026][INFO] [Action] E UpdateStyle - (c,197700,2),49:0.250000:2,(r,197700,197700),F
[Sat Aug 29 05:47:21 UTC 2026][INFO] [Action] E UpdateStyle - (c,197700,2),49:0.500000:2,(r,197700,197700),F
[Sat Aug 29 05:47:22 UTC 2026][INFO] [Action] E UpdateStyle - (c,197700,2),49:0.750000:2,(r,197700,197700),F
[Sat Aug 29 05:47:24 UTC 2026][INFO] [Action] E UpdateStyle - (c,197700,2),49:1.000000:2,(r,197700,197700),F
[Sat Aug 29 05:47:28 UTC 2026][INFO] [Action] E UpdateStyle - (r,197683,197700),11:Bookerly,serif:4,(r,197683,197700),F
[Sat Aug 29 05:47:28 UTC 2026][INFO] [Action] E UpdateStyle - (r,197683,197700),11:UNK:4,(r,197683,197700),F
[Sat Aug 29 05:47:29 UTC 2026][INFO] [Action] E UpdateStyle - (r,197683,197700),11:Bookerly,serif:4,(r,197683,197700),F
[Sat Aug 29 05:47:31 UTC 2026][INFO] [Action] E UpdateStyle - (r,197683,197700),11:AmazonEmber,sans-serif:4,(r,197683,197700),F
[Sat Aug 29 05:47:41 UTC 2026][INFO] [Action] E SplitContainer - 198442
[Sat Aug 29 05:47:45 UTC 2026][INFO] [Action] E UpdateStyle - (c,198441,2),49:0.500000:2,(r,198441,198441),F
[Sat Aug 29 05:47:50 UTC 2026][INFO] [Action] E UpdateStyle - (c,198493,2),49:0.500000:2,(r,198493,198493),F
[Sat Aug 29 05:47:50 UTC 2026][INFO] [Action] E UpdateStyle - (c,198493,2),49:0.750000:2,(r,198493,198493),F
[Sat Aug 29 05:47:51 UTC 2026][INFO] [Action] E UpdateStyle - (c,198493,2),49:1.000000:2,(r,198493,198493),F
[Sat Aug 29 05:47:59 UTC 2026][INFO] [Action] E UpdateStyle - (r,198442,198493),11:Bookerly,serif:4,(r,198442,198493),F
[Sat Aug 29 05:48:01 UTC 2026][INFO] [Action] E UpdateStyle - (r,198442,198493),11:AmazonEmber,sans-serif:4,(r,198442,198493),F
[Sat Aug 29 05:48:20 UTC 2026][INFO] [Action] E UpdateStyle - (r,198448,198493),12:382:3,(r,198448,198493),F
[Sat Aug 29 05:48:34 UTC 2026][INFO] [Action] E SaveBook - Save
[Sat Aug 29 05:53:23 UTC 2026][INFO] [Action] E MergeContainer - 210443,1
[Sat Aug 29 05:53:36 UTC 2026][INFO] [Action] E UpdateStyle - (r,213578,213582),13:361:3,(r,213578,213582),F
[Sat Aug 29 05:53:38 UTC 2026][INFO] [Action] E UpdateStyle - (r,213578,213582),11:Bookerly,serif:4,(r,213578,213582),F
[Sat Aug 29 05:53:39 UTC 2026][INFO] [Action] E UpdateStyle - (r,213578,213582),11:AmazonEmber,sans-serif:4,(r,213578,213582),F
[Sat Aug 29 05:53:46 UTC 2026][INFO] [Action] E MergeContainer - 213577,1
[Sat Aug 29 05:53:48 UTC 2026][INFO] [Action] E MergeContainer - 213582,1
[Sat Aug 29 05:53:50 UTC 2026][INFO] [Action] E UpdateStyle - (c,213576,2),49:0.250000:2,(r,213576,213576),F
[Sat Aug 29 05:53:51 UTC 2026][INFO] [Action] E UpdateStyle - (c,213576,2),49:0.500000:2,(r,213576,213576),F
[Sat Aug 29 05:53:57 UTC 2026][INFO] [Action] E UpdateStyle - (c,213581,2),49:0.250000:2,(r,213581,213581),F
[Sat Aug 29 05:53:57 UTC 2026][INFO] [Action] E UpdateStyle - (c,213581,2),49:0.500000:2,(r,213581,213581),F
[Sat Aug 29 05:53:59 UTC 2026][INFO] [Action] E UpdateStyle - (c,213581,2),49:0.750000:2,(r,213581,213581),F
[Sat Aug 29 05:54:00 UTC 2026][INFO] [Action] E UpdateStyle - (c,213581,2),49:1.000000:2,(r,213581,213581),F
[Sat Aug 29 05:54:10 UTC 2026][INFO] [Action] E AddTextContainer - (c,214410,2),0,0,0
[Sat Aug 29 05:54:14 UTC 2026][INFO] [Action] E SplitContainer - 214422
[Sat Aug 29 05:54:15 UTC 2026][INFO] [Action] E AddTextContainer - (c,214422,1),1,0,0
[Sat Aug 29 05:54:16 UTC 2026][INFO] [Action] E AddTextContainer - (c,214431,2),0,0,0
[Sat Aug 29 05:54:18 UTC 2026][INFO] [Action] E MergeContainer - 214422,1
[Sat Aug 29 05:54:19 UTC 2026][INFO] [Action] E MergeContainer - 214431,1
[Sat Aug 29 05:54:22 UTC 2026][INFO] [Action] E UpdateStyle - (c,214421,2),49:0.250000:2,(r,214421,214421),F
[Sat Aug 29 05:54:22 UTC 2026][INFO] [Action] E UpdateStyle - (c,214421,2),49:0.500000:2,(r,214421,214421),F
[Sat Aug 29 05:54:26 UTC 2026][INFO] [Action] E UpdateStyle - (c,214430,2),49:0.250000:2,(r,214430,214430),F
[Sat Aug 29 05:54:26 UTC 2026][INFO] [Action] E UpdateStyle - (c,214430,2),49:0.500000:2,(r,214430,214430),F
[Sat Aug 29 05:54:27 UTC 2026][INFO] [Action] E UpdateStyle - (c,214430,2),49:0.750000:2,(r,214430,214430),F
[Sat Aug 29 05:54:27 UTC 2026][INFO] [Action] E UpdateStyle - (c,214430,2),49:1.000000:2,(r,214430,214430),F
[Sat Aug 29 05:54:31 UTC 2026][INFO] [Action] E UpdateStyle - (c,214430,2),49:0.750000:2,(r,214430,214430),F
[Sat Aug 29 05:54:37 UTC 2026][INFO] [Action] E UpdateStyle - (r,214422,214430),34:320:3,(r,214422,214430),F
[Sat Aug 29 05:54:38 UTC 2026][INFO] [Action] E UpdateStyle - (r,214422,214430),11:Bookerly,serif:4,(r,214422,214430),F
[Sat Aug 29 05:54:40 UTC 2026][INFO] [Action] E UpdateStyle - (r,214422,214430),11:AmazonEmber,sans-serif:4,(r,214422,214430),F
[Sat Aug 29 05:54:43 UTC 2026][INFO] [Action] E UpdateStyle - (r,214422,214430),13:361:3,(r,214422,214430),F
[Sat Aug 29 05:54:49 UTC 2026][INFO] [Action] E UpdateStyle - (r,214422,214430),13:350:3,(r,214422,214430),F
[Sat Aug 29 05:54:57 UTC 2026][INFO] [Action] E UpdateStyle - (r,213577,213581),13:350:3,(r,213577,213581),F
[Sat Aug 29 05:55:52 UTC 2026][INFO] [Action] E Copy - (r,214386,214408)
[Sat Aug 29 05:56:42 UTC 2026][INFO] [Action] E SplitContainer - 214361
[Sat Aug 29 05:56:42 UTC 2026][INFO] [Action] E AddTextContainer - (c,214361,1),1,0,0
[Sat Aug 29 05:57:16 UTC 2026][INFO] [Action] E Paste - (c,214388,1),23
[Sat Aug 29 05:57:26 UTC 2026][INFO] [Action] E InsertTextContent - (r,214392,214394),[-]
[Sat Aug 29 05:57:42 UTC 2026][INFO] [Action] E InsertTextContent - (c,214410,2),[-]
[Sat Aug 29 05:57:43 UTC 2026][INFO] [Action] E DeleteContent - (c,214411,2),B
[Sat Aug 29 05:57:43 UTC 2026][INFO] [Action] E DeleteContent - (c,214411,1),B
[Sat Aug 29 05:57:44 UTC 2026][INFO] [Action] E DeleteContent - (c,214410,1),B
[Sat Aug 29 05:57:44 UTC 2026][INFO] [Action] E DeleteContent - (c,214409,1),B
[Sat Aug 29 05:57:45 UTC 2026][INFO] [Action] E InsertTextContent - (c,214408,1),[SPACE]
[Sat Aug 29 05:57:59 UTC 2026][INFO] [Action] E InsertTextContent - (c,214410,1),[SPACE]
[Sat Aug 29 05:58:04 UTC 2026][INFO] [Action] E Paste - (c,214410,2),22
[Sat Aug 29 05:58:08 UTC 2026][INFO] [Action] E InsertTextContent - (c,214432,2),[SPACE]
[Sat Aug 29 05:58:10 UTC 2026][INFO] [Action] E InsertTextContent - (c,214433,2),[(]
[Sat Aug 29 05:58:12 UTC 2026][INFO] [Action] E InsertTextContent - (c,214437,2),[)]
[Sat Aug 29 05:58:19 UTC 2026][INFO] [Action] E InsertTextContent - (r,214411,214411),[C]
[Sat Aug 29 05:58:24 UTC 2026][INFO] [Action] E InsertTextContent - (r,214421,214421),[F]
[Sat Aug 29 05:58:27 UTC 2026][INFO] [Action] E InsertTextContent - (r,214427,214427),[T]
[Sat Aug 29 05:58:33 UTC 2026][INFO] [Action] E SplitContainer - 214388
[Sat Aug 29 05:58:46 UTC 2026][INFO] [Action] E SplitContainer - 214440
[Sat Aug 29 05:58:59 UTC 2026][INFO] [Action] E UpdateStyle - (c,214409,2),34:320:3,(r,214409,214409),F
[Sat Aug 29 05:59:21 UTC 2026][INFO] [Action] E DeleteContent - (r,214408,214408),B
[Sat Aug 29 05:59:21 UTC 2026][INFO] [Action] E DeleteContent - (c,214407,2),B
[Sat Aug 29 05:59:21 UTC 2026][INFO] [Action] E DeleteContent - (c,214407,1),B
[Sat Aug 29 05:59:21 UTC 2026][INFO] [Action] E DeleteContent - (c,214406,1),B
[Sat Aug 29 05:59:22 UTC 2026][INFO] [Action] E DeleteContent - (c,214405,1),B
[Sat Aug 29 05:59:22 UTC 2026][INFO] [Action] E DeleteContent - (c,214404,1),B
[Sat Aug 29 05:59:24 UTC 2026][INFO] [Action] E DeleteContent - (c,214433,2),B
[Sat Aug 29 05:59:24 UTC 2026][INFO] [Action] E DeleteContent - (c,214432,2),B
[Sat Aug 29 05:59:24 UTC 2026][INFO] [Action] E DeleteContent - (c,214431,2),B
[Sat Aug 29 05:59:24 UTC 2026][INFO] [Action] E DeleteContent - (c,214430,2),B
[Sat Aug 29 05:59:24 UTC 2026][INFO] [Action] E DeleteContent - (c,214429,2),B
[Sat Aug 29 05:59:25 UTC 2026][INFO] [Action] E DeleteContent - (c,214428,2),B
[Sat Aug 29 05:59:37 UTC 2026][INFO] [Action] E MergeContainer - 214388,1
[Sat Aug 29 05:59:43 UTC 2026][INFO] [Action] E DeleteContent - (c,214387,2),B
[Sat Aug 29 05:59:52 UTC 2026][INFO] [Action] E Cut - (r,214362,214387)
[Sat Aug 29 05:59:54 UTC 2026][INFO] [Action] E InsertTextContent - (c,214362,1),[A]
[Sat Aug 29 05:59:59 UTC 2026][INFO] [Action] E Paste - (c,214401,2),26
[Sat Aug 29 06:00:16 UTC 2026][INFO] [Action] E Cut - (r,214428,214441)
[Sat Aug 29 06:00:19 UTC 2026][INFO] [Action] E InsertTextContent - (c,214400,2),[SPACE]
[Sat Aug 29 06:00:21 UTC 2026][INFO] [Action] E Paste - (c,214401,2),14
[Sat Aug 29 06:00:25 UTC 2026][INFO] [Action] E InsertTextContent - (c,214417,1),[i]
[Sat Aug 29 06:00:25 UTC 2026][INFO] [Action] E InsertTextContent - (c,214417,2),[s]
[Sat Aug 29 06:00:26 UTC 2026][INFO] [Action] E InsertTextContent - (c,214418,2),[SPACE]
[Sat Aug 29 06:00:28 UTC 2026][INFO] [Action] E InsertTextContent - (c,214419,2),[t]
[Sat Aug 29 06:00:28 UTC 2026][INFO] [Action] E DeleteContent - (r,214421,214421),F
[Sat Aug 29 06:00:32 UTC 2026][INFO] [Action] E DeleteContent - (r,214438,214438),F
[Sat Aug 29 06:00:32 UTC 2026][INFO] [Action] E DeleteContent - (r,214438,214438),F
[Sat Aug 29 06:00:32 UTC 2026][INFO] [Action] E DeleteContent - (r,214438,214438),F
[Sat Aug 29 06:00:33 UTC 2026][INFO] [Action] E DeleteContent - (r,214438,214438),F
[Sat Aug 29 06:00:33 UTC 2026][INFO] [Action] E DeleteContent - (r,214438,214438),F
[Sat Aug 29 06:00:34 UTC 2026][INFO] [Action] E DeleteContent - (r,214438,214438),F
[Sat Aug 29 06:00:35 UTC 2026][INFO] [Action] E DeleteContent - (r,214438,214438),F
[Sat Aug 29 06:00:35 UTC 2026][INFO] [Action] E DeleteContent - (r,214438,214438),F
[Sat Aug 29 06:00:35 UTC 2026][INFO] [Action] E MergeContainer - 214437,0
[Sat Aug 29 06:00:46 UTC 2026][INFO] [Action] E MergeContainer - 214362,1
[Sat Aug 29 06:00:47 UTC 2026][INFO] [Action] E MergeContainer - 214361,1
[Sat Aug 29 06:01:00 UTC 2026][INFO] [Action] U MergeContainer
[Sat Aug 29 06:01:00 UTC 2026][INFO] [Action] U MergeContainer
[Sat Aug 29 06:01:01 UTC 2026][INFO] [Action] U MergeContainer
[Sat Aug 29 06:01:02 UTC 2026][INFO] [Action] U DeleteContent
[Sat Aug 29 06:01:02 UTC 2026][INFO] [Action] U DeleteContent
[Sat Aug 29 06:01:02 UTC 2026][INFO] [Action] U DeleteContent
[Sat Aug 29 06:01:02 UTC 2026][INFO] [Action] U DeleteContent
[Sat Aug 29 06:01:02 UTC 2026][INFO] [Action] U DeleteContent
[Sat Aug 29 06:01:02 UTC 2026][INFO] [Action] U DeleteContent
[Sat Aug 29 06:01:02 UTC 2026][INFO] [Action] U DeleteContent
[Sat Aug 29 06:01:02 UTC 2026][INFO] [Action] U DeleteContent
[Sat Aug 29 06:01:03 UTC 2026][INFO] [Action] U DeleteContent
[Sat Aug 29 06:01:04 UTC 2026][INFO] [Action] U InsertTextContent
[Sat Aug 29 06:01:05 UTC 2026][INFO] [Action] U InsertTextContent
[Sat Aug 29 06:01:05 UTC 2026][INFO] [Action] U InsertTextContent
[Sat Aug 29 06:01:05 UTC 2026][INFO] [Action] U InsertTextContent
[Sat Aug 29 06:01:05 UTC 2026][INFO] [Action] U Paste
[Sat Aug 29 06:01:06 UTC 2026][INFO] [Action] U InsertTextContent
[Sat Aug 29 06:01:07 UTC 2026][INFO] [Action] U Cut
[Sat Aug 29 06:01:07 UTC 2026][INFO] [Action] U Paste
[Sat Aug 29 06:01:09 UTC 2026][INFO] [Action] U InsertTextContent
[Sat Aug 29 06:01:09 UTC 2026][INFO] [Action] U Cut
[Sat Aug 29 06:01:11 UTC 2026][INFO] [Action] U DeleteContent
[Sat Aug 29 06:01:12 UTC 2026][INFO] [Action] U MergeContainer
[Sat Aug 29 06:01:14 UTC 2026][INFO] [Action] R MergeContainer
[Sat Aug 29 06:01:20 UTC 2026][INFO] [Action] E MergeContainer - 214427,0
[Sat Aug 29 06:01:23 UTC 2026][INFO] [Action] E MergeContainer - 214362,1
[Sat Aug 29 06:01:25 UTC 2026][INFO] [Action] E MergeContainer - 214361,1
[Sat Aug 29 06:01:52 UTC 2026][INFO] [Action] E Copy - (r,214175,214195)
[Sat Aug 29 06:03:13 UTC 2026][INFO] [Action] E Copy - (r,213008,215065)
[Sat Aug 29 06:09:02 UTC 2026][INFO] [Action] E Paste - (r,213008,215065),981
[Sat Aug 29 06:09:51 UTC 2026][INFO] [Action] U Paste
[Sat Aug 29 06:11:50 UTC 2026][INFO] [Action] E Paste - (r,213008,215065),2027
[Sat Aug 29 06:12:10 UTC 2026][INFO] [Action] E DeleteContent - (r,214875,214875),F
[Sat Aug 29 06:12:17 UTC 2026][INFO] [Action] E DeleteContent - (r,214861,214861),B
[Sat Aug 29 06:12:20 UTC 2026][INFO] [Action] U DeleteContent
[Sat Aug 29 06:12:32 UTC 2026][INFO] [Action] E UpdateStyle - (r,214773,214839),11:Bookerly,serif:4,(r,214773,214839),F
[Sat Aug 29 06:12:35 UTC 2026][INFO] [Action] E UpdateStyle - (r,214773,214839),11:AmazonEmber,sans-serif:4,(r,214773,214839),F
[Sat Aug 29 06:12:38 UTC 2026][INFO] [Action] E DeleteContent - (c,214782,2),B
[Sat Aug 29 06:12:39 UTC 2026][INFO] [Action] E DeleteContent - (c,214791,2),B
[Sat Aug 29 06:12:40 UTC 2026][INFO] [Action] E DeleteContent - (c,214801,2),B
[Sat Aug 29 06:12:40 UTC 2026][INFO] [Action] E DeleteContent - (c,214812,2),B
[Sat Aug 29 06:12:41 UTC 2026][INFO] [Action] E DeleteContent - (r,214824,214824),B
[Sat Aug 29 06:12:42 UTC 2026][INFO] [Action] E DeleteContent - (c,214834,2),B
[Sat Aug 29 06:12:50 UTC 2026][INFO] [Action] E MergeContainer - 214772,1
[Sat Aug 29 06:12:54 UTC 2026][INFO] [Action] E UpdateStyle - (c,214771,2),49:0.250000:2,(r,214771,214771),F
[Sat Aug 29 06:12:55 UTC 2026][INFO] [Action] E UpdateStyle - (c,214771,2),49:0.500000:2,(r,214771,214771),F
[Sat Aug 29 06:12:59 UTC 2026][INFO] [Action] E MergeContainer - 214833,1
[Sat Aug 29 06:13:00 UTC 2026][INFO] [Action] E UpdateStyle - (c,214832,2),49:0.250000:2,(r,214832,214832),F
[Sat Aug 29 06:13:01 UTC 2026][INFO] [Action] E UpdateStyle - (c,214832,2),49:0.500000:2,(r,214832,214832),F
[Sat Aug 29 06:13:01 UTC 2026][INFO] [Action] E UpdateStyle - (c,214832,2),49:0.750000:2,(r,214832,214832),F
[Sat Aug 29 06:13:02 UTC 2026][INFO] [Action] E UpdateStyle - (c,214832,2),49:1.000000:2,(r,214832,214832),F
[Sat Aug 29 06:13:06 UTC 2026][INFO] [Action] E InsertTextContent - (c,214772,1),[SPACE]
[Sat Aug 29 06:13:06 UTC 2026][INFO] [Action] E InsertTextContent - (c,214772,2),[SPACE]
[Sat Aug 29 06:13:07 UTC 2026][INFO] [Action] E InsertTextContent - (c,214773,2),[SPACE]
[Sat Aug 29 06:13:07 UTC 2026][INFO] [Action] E InsertTextContent - (c,214774,2),[SPACE]
[Sat Aug 29 06:13:07 UTC 2026][INFO] [Action] E InsertTextContent - (c,214775,2),[SPACE]
[Sat Aug 29 06:13:07 UTC 2026][INFO] [Action] E InsertTextContent - (c,214776,2),[SPACE]
[Sat Aug 29 06:13:07 UTC 2026][INFO] [Action] E InsertTextContent - (c,214777,2),[SPACE]
[Sat Aug 29 06:13:07 UTC 2026][INFO] [Action] E InsertTextContent - (c,214778,2),[SPACE]
[Sat Aug 29 06:13:08 UTC 2026][INFO] [Action] E InsertTextContent - (c,214779,2),[SPACE]
[Sat Aug 29 06:13:08 UTC 2026][INFO] [Action] E InsertTextContent - (c,214780,2),[SPACE]
[Sat Aug 29 06:13:08 UTC 2026][INFO] [Action] E InsertTextContent - (c,214781,2),[SPACE]
[Sat Aug 29 06:13:08 UTC 2026][INFO] [Action] E InsertTextContent - (c,214782,2),[SPACE]
[Sat Aug 29 06:13:08 UTC 2026][INFO] [Action] E InsertTextContent - (c,214783,2),[SPACE]
[Sat Aug 29 06:13:08 UTC 2026][INFO] [Action] E InsertTextContent - (c,214784,2),[SPACE]
[Sat Aug 29 06:13:09 UTC 2026][INFO] [Action] E InsertTextContent - (c,214785,2),[SPACE]
[Sat Aug 29 06:13:09 UTC 2026][INFO] [Action] E InsertTextContent - (c,214786,2),[SPACE]
[Sat Aug 29 06:13:09 UTC 2026][INFO] [Action] E InsertTextContent - (c,214787,2),[SPACE]
[Sat Aug 29 06:13:09 UTC 2026][INFO] [Action] E InsertTextContent - (c,214788,2),[SPACE]
[Sat Aug 29 06:13:09 UTC 2026][INFO] [Action] E InsertTextContent - (c,214789,2),[SPACE]
[Sat Aug 29 06:13:12 UTC 2026][INFO] [Action] E InsertTextContent - (c,214791,1),[SPACE]
[Sat Aug 29 06:13:12 UTC 2026][INFO] [Action] E InsertTextContent - (c,214791,2),[SPACE]
[Sat Aug 29 06:13:12 UTC 2026][INFO] [Action] E InsertTextContent - (c,214792,2),[SPACE]
[Sat Aug 29 06:13:12 UTC 2026][INFO] [Action] E InsertTextContent - (c,214793,2),[SPACE]
[Sat Aug 29 06:13:13 UTC 2026][INFO] [Action] E InsertTextContent - (c,214794,2),[SPACE]
[Sat Aug 29 06:13:13 UTC 2026][INFO] [Action] E InsertTextContent - (c,214795,2),[SPACE]
[Sat Aug 29 06:13:13 UTC 2026][INFO] [Action] E InsertTextContent - (c,214796,2),[SPACE]
[Sat Aug 29 06:13:13 UTC 2026][INFO] [Action] E InsertTextContent - (c,214797,2),[SPACE]
[Sat Aug 29 06:13:13 UTC 2026][INFO] [Action] E InsertTextContent - (c,214798,2),[SPACE]
[Sat Aug 29 06:13:13 UTC 2026][INFO] [Action] E InsertTextContent - (c,214799,2),[SPACE]
[Sat Aug 29 06:13:14 UTC 2026][INFO] [Action] E InsertTextContent - (c,214800,2),[SPACE]
[Sat Aug 29 06:13:14 UTC 2026][INFO] [Action] E InsertTextContent - (c,214801,2),[SPACE]
[Sat Aug 29 06:13:14 UTC 2026][INFO] [Action] E InsertTextContent - (c,214802,2),[SPACE]
[Sat Aug 29 06:13:22 UTC 2026][INFO] [Action] E DeleteContent - (r,214772,214803),B
[Sat Aug 29 06:13:26 UTC 2026][INFO] [Action] E UpdateStyle - (r,214772,214832),34:320:3,(r,214772,214832),F
[Sat Aug 29 06:13:32 UTC 2026][INFO] [Action] E UpdateStyle - (c,214771,2),49:0.750000:2,(r,214771,214771),F
[Sat Aug 29 06:13:40 UTC 2026][INFO] [Action] E MergeContainer - 214745,1
[Sat Aug 29 06:13:41 UTC 2026][INFO] [Action] E MergeContainer - 214725,1
[Sat Aug 29 06:13:44 UTC 2026][INFO] [Action] E MergeContainer - 214718,1
[Sat Aug 29 06:13:45 UTC 2026][INFO] [Action] E MergeContainer - 214692,1
[Sat Aug 29 06:13:46 UTC 2026][INFO] [Action] E MergeContainer - 214671,1
[Sat Aug 29 06:13:50 UTC 2026][INFO] [Action] E MergeContainer - 214381,1
[Sat Aug 29 06:13:51 UTC 2026][INFO] [Action] E MergeContainer - 214407,1
[Sat Aug 29 06:13:52 UTC 2026][INFO] [Action] E MergeContainer - 214447,1
[Sat Aug 29 06:13:52 UTC 2026][INFO] [Action] E MergeContainer - 214460,1
[Sat Aug 29 06:13:53 UTC 2026][INFO] [Action] E MergeContainer - 214471,1
[Sat Aug 29 06:13:54 UTC 2026][INFO] [Action] E MergeContainer - 214499,1
[Sat Aug 29 06:13:55 UTC 2026][INFO] [Action] E MergeContainer - 214529,1
[Sat Aug 29 06:13:55 UTC 2026][INFO] [Action] E MergeContainer - 214574,1
[Sat Aug 29 06:13:56 UTC 2026][INFO] [Action] E MergeContainer - 214588,1
[Sat Aug 29 06:13:59 UTC 2026][INFO] [Action] E MergeContainer - 213213,1
[Sat Aug 29 06:14:00 UTC 2026][INFO] [Action] E MergeContainer - 213202,1
[Sat Aug 29 06:14:01 UTC 2026][INFO] [Action] E MergeContainer - 213182,1
[Sat Aug 29 06:14:02 UTC 2026][INFO] [Action] E MergeContainer - 213166,1
[Sat Aug 29 06:14:07 UTC 2026][INFO] [Action] E MergeContainer - 213136,1
[Sat Aug 29 06:14:51 UTC 2026][INFO] [Action] E MergeContainer - 213373,1
[Sat Aug 29 06:14:52 UTC 2026][INFO] [Action] E MergeContainer - 213395,1
[Sat Aug 29 06:14:54 UTC 2026][INFO] [Action] E MergeContainer - 213539,1
[Sat Aug 29 06:14:55 UTC 2026][INFO] [Action] E MergeContainer - 213564,1
[Sat Aug 29 06:14:56 UTC 2026][INFO] [Action] E MergeContainer - 213609,1
[Sat Aug 29 06:14:57 UTC 2026][INFO] [Action] E MergeContainer - 213639,1
[Sat Aug 29 06:14:58 UTC 2026][INFO] [Action] E MergeContainer - 213657,1
[Sat Aug 29 06:15:01 UTC 2026][INFO] [Action] E MergeContainer - 213734,1
[Sat Aug 29 06:15:02 UTC 2026][INFO] [Action] E MergeContainer - 213791,1
[Sat Aug 29 06:15:04 UTC 2026][INFO] [Action] E MergeContainer - 213807,1
[Sat Aug 29 06:15:05 UTC 2026][INFO] [Action] E MergeContainer - 213879,1
[Sat Aug 29 06:15:20 UTC 2026][INFO] [Action] E SplitContainer - 213007
[Sat Aug 29 06:15:28 UTC 2026][INFO] [Action] E InsertTextContent - (c,213006,2),["]
[Sat Aug 29 06:16:20 UTC 2026][INFO] [Action] E SaveBook - Save
[Sat Aug 29 06:16:34 UTC 2026][INFO] [Action] E SaveBook - SaveforExport
[Sat Aug 29 06:17:47 UTC 2026][INFO] [Action] EE ExportAction
[Sat Aug 29 06:20:22 UTC 2026][INFO] [Action] E InsertTextContent - (c,213007,2),[SPACE]
[Sat Aug 29 06:20:25 UTC 2026][INFO] [Action] E Paste - (c,213008,2),113
[Sat Aug 29 06:20:37 UTC 2026][INFO] [Action] E InsertTextContent - (r,213008,213011),["]
[Sat Aug 29 06:20:40 UTC 2026][INFO] [Action] E SplitContainer - 213008
[Sat Aug 29 06:20:54 UTC 2026][INFO] [Action] E InsertTextContent - (r,213103,213104),["]
[Sat Aug 29 06:20:57 UTC 2026][INFO] [Action] E InsertTextContent - (r,213114,213115),["]
[Sat Aug 29 06:21:01 UTC 2026][INFO] [Action] E InsertTextContent - (r,213105,213107),["]
[Sat Aug 29 06:21:07 UTC 2026][INFO] [Action] E UpdateStyle - (c,213112,2),47:0.250000:2,(r,213112,213112),F
[Sat Aug 29 06:21:08 UTC 2026][INFO] [Action] E UpdateStyle - (c,213112,2),47:0.000000:2,(r,213112,213112),F
[Sat Aug 29 06:21:10 UTC 2026][INFO] [Action] E UpdateStyle - (c,213112,2),42:1.250000:2,(r,213112,213112),F
[Sat Aug 29 06:21:11 UTC 2026][INFO] [Action] E UpdateStyle - (c,213112,2),42:1.000000:2,(r,213112,213112),F
[Sat Aug 29 06:21:12 UTC 2026][INFO] [Action] E UpdateStyle - (c,213112,2),47:0.250000:2,(r,213112,213112),F
[Sat Aug 29 06:21:12 UTC 2026][INFO] [Action] E UpdateStyle - (c,213112,2),47:0.000000:2,(r,213112,213112),F
[Sat Aug 29 06:21:14 UTC 2026][INFO] [Action] E UpdateStyle - (c,213112,2),49:0.250000:2,(r,213112,213112),F
[Sat Aug 29 06:21:14 UTC 2026][INFO] [Action] E UpdateStyle - (c,213112,2),49:0.000000:2,(r,213112,213112),F
[Sat Aug 29 06:21:21 UTC 2026][INFO] [Action] E MergeContainer - 213113,1
[Sat Aug 29 06:21:23 UTC 2026][INFO] [Action] E SplitContainer - 213113
[Sat Aug 29 06:23:40 UTC 2026][INFO] [Action] E SaveBook - Save
[Sat Aug 29 06:26:36 UTC 2026][INFO] [Action] E Paste - (r,25150,25370),243
[Sat Aug 29 06:26:55 UTC 2026][INFO] [Action] E DeleteContent - (c,25411,2),B
[Sat Aug 29 06:26:56 UTC 2026][INFO] [Action] E DeleteContent - (c,25411,1),B
[Sat Aug 29 06:26:56 UTC 2026][INFO] [Action] E DeleteContent - (c,25410,1),B
[Sat Aug 29 06:26:56 UTC 2026][INFO] [Action] E DeleteContent - (c,25409,1),B
[Sat Aug 29 06:26:56 UTC 2026][INFO] [Action] E DeleteContent - (c,25408,1),B
[Sat Aug 29 06:26:56 UTC 2026][INFO] [Action] E DeleteContent - (c,25407,1),B
[Sat Aug 29 06:26:56 UTC 2026][INFO] [Action] E DeleteContent - (c,25406,1),B
[Sat Aug 29 06:26:57 UTC 2026][INFO] [Action] E DeleteContent - (c,25405,1),B
[Sat Aug 29 06:26:57 UTC 2026][INFO] [Action] E DeleteContent - (c,25404,1),B
[Sat Aug 29 06:27:12 UTC 2026][INFO] [Action] E InsertTextContent - (r,25316,25318),[']
[Sat Aug 29 06:27:15 UTC 2026][INFO] [Action] E DeleteContent - (c,25316,2),B
[Sat Aug 29 06:27:15 UTC 2026][INFO] [Action] E DeleteContent - (c,25316,1),B
[Sat Aug 29 06:27:17 UTC 2026][INFO] [Action] E InsertTextContent - (c,25315,1),[']
[Sat Aug 29 06:27:18 UTC 2026][INFO] [Action] E InsertTextContent - (c,25315,2),[s]
[Sat Aug 29 06:27:45 UTC 2026][INFO] [Action] E DeleteContent - (c,25401,2),B
[Sat Aug 29 06:27:46 UTC 2026][INFO] [Action] E DeleteContent - (c,25401,1),B
[Sat Aug 29 06:27:46 UTC 2026][INFO] [Action] E DeleteContent - (c,25400,1),B
[Sat Aug 29 06:27:46 UTC 2026][INFO] [Action] E DeleteContent - (c,25399,1),B
[Sat Aug 29 06:27:46 UTC 2026][INFO] [Action] E DeleteContent - (c,25398,1),B
[Sat Aug 29 06:27:47 UTC 2026][INFO] [Action] E DeleteContent - (c,25397,1),B
[Sat Aug 29 06:27:47 UTC 2026][INFO] [Action] E DeleteContent - (c,25396,1),B
[Sat Aug 29 06:27:47 UTC 2026][INFO] [Action] E DeleteContent - (c,25395,1),B
[Sat Aug 29 06:27:47 UTC 2026][INFO] [Action] E DeleteContent - (c,25394,1),B
[Sat Aug 29 06:27:49 UTC 2026][INFO] [Action] E DeleteContent - (c,25393,1),B
[Sat Aug 29 06:27:49 UTC 2026][INFO] [Action] E DeleteContent - (c,25392,1),B
[Sat Aug 29 06:28:25 UTC 2026][INFO] [Action] E Cut - (r,25392,26074)
[Sat Aug 29 06:31:14 UTC 2026][INFO] [Action] E Paste - (c,25392,1),36
[Sat Aug 29 06:31:59 UTC 2026][INFO] [Action] E Copy - (r,25149,25428)
[Sat Aug 29 06:34:04 UTC 2026][INFO] [Action] E DeleteContent - (r,25313,25313),F
[Sat Aug 29 06:34:05 UTC 2026][INFO] [Action] E DeleteContent - (r,25313,25313),F
[Sat Aug 29 06:34:05 UTC 2026][INFO] [Action] E DeleteContent - (r,25313,25313),F
[Sat Aug 29 06:34:05 UTC 2026][INFO] [Action] E DeleteContent - (r,25313,25313),F
[Sat Aug 29 06:34:05 UTC 2026][INFO] [Action] E DeleteContent - (r,25313,25313),F
[Sat Aug 29 06:34:06 UTC 2026][INFO] [Action] E DeleteContent - (r,25313,25313),F
[Sat Aug 29 06:34:06 UTC 2026][INFO] [Action] E DeleteContent - (r,25313,25313),F
[Sat Aug 29 06:34:07 UTC 2026][INFO] [Action] E DeleteContent - (r,25313,25313),F
[Sat Aug 29 06:34:07 UTC 2026][INFO] [Action] E DeleteContent - (r,25313,25313),F
[Sat Aug 29 06:34:07 UTC 2026][INFO] [Action] E DeleteContent - (r,25313,25313),F
[Sat Aug 29 06:34:08 UTC 2026][INFO] [Action] E DeleteContent - (r,25313,25313),F
[Sat Aug 29 06:34:12 UTC 2026][INFO] [Action] E DeleteContent - (r,25313,25313),F
[Sat Aug 29 06:35:00 UTC 2026][INFO] [Action] E Copy - (r,25079,25105)
[Sat Aug 29 06:36:31 UTC 2026][INFO] [Action] E Paste - (r,25106,25311),217
[Sat Aug 29 06:36:47 UTC 2026][INFO] [Action] E InsertTextContent - (c,25148,2),[SPACE]
[Sat Aug 29 06:36:49 UTC 2026][INFO] [Action] E MergeContainer - 25149,0
[Sat Aug 29 06:36:50 UTC 2026][INFO] [Action] E MergeContainer - 25149,0
[Sat Aug 29 06:37:04 UTC 2026][INFO] [Action] E DeleteContent - (r,25315,25322),F
[Sat Aug 29 06:37:07 UTC 2026][INFO] [Action] E DeleteContent - (r,25315,25330),F
[Sat Aug 29 06:37:11 UTC 2026][INFO] [Action] E DeleteContent - (r,25315,25325),F
[Sat Aug 29 06:37:15 UTC 2026][INFO] [Action] E SplitContainer - 25315
[Sat Aug 29 06:37:18 UTC 2026][INFO] [Action] E AddTextContainer - (c,25315,1),1,0,0
[Sat Aug 29 06:37:32 UTC 2026][INFO] [Action] E DeleteContent - (r,25316,25346),B
[Sat Aug 29 06:37:41 UTC 2026][INFO] [Action] E Copy - (r,25317,25353)
[Sat Aug 29 06:38:06 UTC 2026][INFO] [Action] E DeleteContent - (r,25316,25353),B
[Sat Aug 29 06:39:32 UTC 2026][INFO] [Action] E SaveBook - Save
[Sat Aug 29 06:39:48 UTC 2026][INFO] [Action] E SaveBook - SaveforExport
[Sat Aug 29 06:41:35 UTC 2026][INFO] [Action] EE ExportAction
[Sat Aug 29 06:47:02 UTC 2026][INFO] [Action] E Paste - (c,79223,1),14
[Sat Aug 29 06:47:04 UTC 2026][INFO] [Action] E InsertTextContent - (c,79236,2),[SPACE]
[Sat Aug 29 06:47:43 UTC 2026][INFO] [Action] E SplitContainer - 79477
[Sat Aug 29 06:47:52 UTC 2026][INFO] [Action] E SplitContainer - 79514
[Sat Aug 29 06:48:14 UTC 2026][INFO] [Action] E DeleteContent - (r,79477,79477),F
[Sat Aug 29 06:49:29 UTC 2026][INFO] [Action] E Paste - (c,82187,1),14
[Sat Aug 29 06:49:30 UTC 2026][INFO] [Action] E InsertTextContent - (c,82200,2),[SPACE]
[Sat Aug 29 06:50:02 UTC 2026][INFO] [Action] E Paste - (r,82261,82266),23
[Sat Aug 29 06:50:07 UTC 2026][INFO] [Action] U Paste
[Sat Aug 29 06:50:25 UTC 2026][INFO] [Action] E InsertTextContent - (c,82266,2),[SPACE]
[Sat Aug 29 06:50:34 UTC 2026][INFO] [Action] E Paste - (c,82267,2),12
[Sat Aug 29 06:50:37 UTC 2026][INFO] [Action] E DeleteContent - (c,82266,1),B
[Sat Aug 29 06:50:38 UTC 2026][INFO] [Action] E InsertTextContent - (c,82265,1),[,]
[Sat Aug 29 06:50:42 UTC 2026][INFO] [Action] E SaveBook - Save
[Sat Aug 29 06:54:25 UTC 2026][INFO] [Action] E InsertTextContent - (r,107075,107075),[SPACE]
[Sat Aug 29 06:54:25 UTC 2026][INFO] [Action] E DeleteContent - (r,107076,107076),F
[Sat Aug 29 06:54:25 UTC 2026][INFO] [Action] E DeleteContent - (r,107076,107076),F
[Sat Aug 29 06:54:27 UTC 2026][INFO] [Action] U DeleteContent
[Sat Aug 29 06:54:27 UTC 2026][INFO] [Action] U DeleteContent
[Sat Aug 29 06:54:27 UTC 2026][INFO] [Action] U InsertTextContent
[Sat Aug 29 06:54:28 UTC 2026][INFO] [Action] U InsertTextContent
[Sat Aug 29 06:54:30 UTC 2026][INFO] [Action] R InsertTextContent
[Sat Aug 29 06:54:40 UTC 2026][INFO] [Action] U InsertTextContent
[Sat Aug 29 06:54:43 UTC 2026][INFO] [Action] R InsertTextContent
[Sat Aug 29 06:54:44 UTC 2026][INFO] [Action] R InsertTextContent
[Sat Aug 29 06:54:47 UTC 2026][INFO] [Action] R DeleteContent
[Sat Aug 29 06:54:47 UTC 2026][INFO] [Action] R DeleteContent
[Sat Aug 29 06:54:48 UTC 2026][INFO] [Action] U DeleteContent
[Sat Aug 29 06:54:48 UTC 2026][INFO] [Action] U DeleteContent
[Sat Aug 29 06:54:52 UTC 2026][INFO] [Action] E MergeContainer - 107048,0
[Sat Aug 29 06:54:54 UTC 2026][INFO] [Action] E InsertTextContent - (c,107048,2),[SPACE]
[Sat Aug 29 06:55:25 UTC 2026][INFO] [Action] E InsertTextContent - (c,107150,2),[SPACE]
[Sat Aug 29 06:55:27 UTC 2026][INFO] [Action] E InsertTextContent - (c,107151,2),[D]
[Sat Aug 29 06:55:27 UTC 2026][INFO] [Action] E InsertTextContent - (c,107152,2),[e]
[Sat Aug 29 06:55:28 UTC 2026][INFO] [Action] E InsertTextContent - (c,107153,2),[r]
[Sat Aug 29 06:55:28 UTC 2026][INFO] [Action] E InsertTextContent - (c,107154,2),[e]
[Sat Aug 29 06:55:28 UTC 2026][INFO] [Action] E InsertTextContent - (c,107155,2),[k]
[Sat Aug 29 06:55:29 UTC 2026][INFO] [Action] E InsertTextContent - (c,107156,2),[SPACE]
[Sat Aug 29 06:55:29 UTC 2026][INFO] [Action] E InsertTextContent - (c,107157,2),[a]
[Sat Aug 29 06:55:29 UTC 2026][INFO] [Action] E InsertTextContent - (c,107158,2),[n]
[Sat Aug 29 06:55:30 UTC 2026][INFO] [Action] E InsertTextContent - (c,107159,2),[s]
[Sat Aug 29 06:55:30 UTC 2026][INFO] [Action] E InsertTextContent - (c,107160,2),[w]
[Sat Aug 29 06:55:30 UTC 2026][INFO] [Action] E InsertTextContent - (c,107161,2),[e]
[Sat Aug 29 06:55:30 UTC 2026][INFO] [Action] E InsertTextContent - (c,107162,2),[r]
[Sat Aug 29 06:55:30 UTC 2026][INFO] [Action] E InsertTextContent - (c,107163,2),[e]
[Sat Aug 29 06:55:31 UTC 2026][INFO] [Action] E InsertTextContent - (c,107164,2),[d]
[Sat Aug 29 06:55:32 UTC 2026][INFO] [Action] E InsertTextContent - (c,107165,2),[.]
[Sat Aug 29 06:55:36 UTC 2026][INFO] [Action] E DeleteContent - (c,107150,1),B
[Sat Aug 29 06:55:37 UTC 2026][INFO] [Action] E InsertTextContent - (c,107149,1),[,]
[Sat Aug 29 06:55:51 UTC 2026][INFO] [Action] E DeleteContent - (c,107233,1),B
[Sat Aug 29 06:55:52 UTC 2026][INFO] [Action] E InsertTextContent - (c,107232,1),[,]
[Sat Aug 29 06:55:54 UTC 2026][INFO] [Action] E InsertTextContent - (c,107233,2),[SPACE]
[Sat Aug 29 06:55:56 UTC 2026][INFO] [Action] E InsertTextContent - (c,107234,2),[W]
[Sat Aug 29 06:55:57 UTC 2026][INFO] [Action] E InsertTextContent - (c,107235,2),[e]
[Sat Aug 29 06:55:57 UTC 2026][INFO] [Action] E InsertTextContent - (c,107236,2),[i]
[Sat Aug 29 06:55:58 UTC 2026][INFO] [Action] E InsertTextContent - (c,107237,2),[n]
[Sat Aug 29 06:55:58 UTC 2026][INFO] [Action] E InsertTextContent - (c,107238,2),[s]
[Sat Aug 29 06:55:58 UTC 2026][INFO] [Action] E InsertTextContent - (c,107239,2),[t]
[Sat Aug 29 06:55:59 UTC 2026][INFO] [Action] E InsertTextContent - (c,107240,2),[e]
[Sat Aug 29 06:55:59 UTC 2026][INFO] [Action] E InsertTextContent - (c,107241,2),[i]
[Sat Aug 29 06:55:59 UTC 2026][INFO] [Action] E InsertTextContent - (c,107242,2),[n]
[Sat Aug 29 06:56:00 UTC 2026][INFO] [Action] E InsertTextContent - (c,107243,2),[SPACE]
[Sat Aug 29 06:56:12 UTC 2026][INFO] [Action] U InsertTextContent
[Sat Aug 29 06:56:12 UTC 2026][INFO] [Action] U InsertTextContent
[Sat Aug 29 06:56:12 UTC 2026][INFO] [Action] U InsertTextContent
[Sat Aug 29 06:56:12 UTC 2026][INFO] [Action] U InsertTextContent
[Sat Aug 29 06:56:12 UTC 2026][INFO] [Action] U InsertTextContent
[Sat Aug 29 06:56:12 UTC 2026][INFO] [Action] U InsertTextContent
[Sat Aug 29 06:56:12 UTC 2026][INFO] [Action] U InsertTextContent
[Sat Aug 29 06:56:12 UTC 2026][INFO] [Action] U InsertTextContent
[Sat Aug 29 06:56:12 UTC 2026][INFO] [Action] U InsertTextContent
[Sat Aug 29 06:56:14 UTC 2026][INFO] [Action] R InsertTextContent
[Sat Aug 29 06:56:14 UTC 2026][INFO] [Action] R InsertTextContent
[Sat Aug 29 06:56:14 UTC 2026][INFO] [Action] R InsertTextContent
[Sat Aug 29 06:56:14 UTC 2026][INFO] [Action] R InsertTextContent
[Sat Aug 29 06:56:14 UTC 2026][INFO] [Action] R InsertTextContent
[Sat Aug 29 06:56:14 UTC 2026][INFO] [Action] R InsertTextContent
[Sat Aug 29 06:56:14 UTC 2026][INFO] [Action] R InsertTextContent
[Sat Aug 29 06:56:14 UTC 2026][INFO] [Action] R InsertTextContent
[Sat Aug 29 06:56:14 UTC 2026][INFO] [Action] R InsertTextContent
[Sat Aug 29 06:56:16 UTC 2026][INFO] [Action] E InsertTextContent - (c,107244,2),[SPACE]
[Sat Aug 29 06:56:17 UTC 2026][INFO] [Action] E DeleteContent - (c,107245,2),B
[Sat Aug 29 06:56:18 UTC 2026][INFO] [Action] E InsertTextContent - (c,107244,2),[c]
[Sat Aug 29 06:56:19 UTC 2026][INFO] [Action] E InsertTextContent - (c,107245,2),[o]
[Sat Aug 29 06:56:19 UTC 2026][INFO] [Action] E InsertTextContent - (c,107246,2),[n]
[Sat Aug 29 06:56:20 UTC 2026][INFO] [Action] E InsertTextContent - (c,107247,2),[f]
[Sat Aug 29 06:56:20 UTC 2026][INFO] [Action] E InsertTextContent - (c,107248,2),[i]
[Sat Aug 29 06:56:21 UTC 2026][INFO] [Action] E InsertTextContent - (c,107249,2),[r]
[Sat Aug 29 06:56:21 UTC 2026][INFO] [Action] E InsertTextContent - (c,107250,2),[m]
[Sat Aug 29 06:56:21 UTC 2026][INFO] [Action] E InsertTextContent - (c,107251,2),[e]
[Sat Aug 29 06:56:21 UTC 2026][INFO] [Action] E InsertTextContent - (c,107252,2),[d]
[Sat Aug 29 06:56:22 UTC 2026][INFO] [Action] E InsertTextContent - (c,107253,2),[.]
[Sat Aug 29 06:57:32 UTC 2026][INFO] [Action] E SplitContainer - 106992
[Sat Aug 29 06:57:35 UTC 2026][INFO] [Action] E InsertTextContent - (c,107022,2),[SPACE]
[Sat Aug 29 06:57:36 UTC 2026][INFO] [Action] E MergeContainer - 107023,0
[Sat Aug 29 06:58:45 UTC 2026][INFO] [Action] E InsertTextContent - (c,106251,2),[SPACE]
[Sat Aug 29 06:58:46 UTC 2026][INFO] [Action] E MergeContainer - 106252,0
[Sat Aug 29 06:59:50 UTC 2026][INFO] [Action] E DeleteContent - (c,106291,2),B
[Sat Aug 29 06:59:50 UTC 2026][INFO] [Action] E InsertTextContent - (c,106291,1),[,]
[Sat Aug 29 06:59:51 UTC 2026][INFO] [Action] E InsertTextContent - (c,106291,2),[SPACE]
[Sat Aug 29 06:59:51 UTC 2026][INFO] [Action] E InsertTextContent - (c,106292,2),[a]
[Sat Aug 29 06:59:52 UTC 2026][INFO] [Action] E InsertTextContent - (c,106293,2),[g]
[Sat Aug 29 06:59:53 UTC 2026][INFO] [Action] E InsertTextContent - (c,106294,2),[r]
[Sat Aug 29 06:59:53 UTC 2026][INFO] [Action] E InsertTextContent - (c,106295,2),[e]
[Sat Aug 29 06:59:53 UTC 2026][INFO] [Action] E InsertTextContent - (c,106296,2),[e]
[Sat Aug 29 06:59:53 UTC 2026][INFO] [Action] E InsertTextContent - (c,106297,2),[d]
[Sat Aug 29 06:59:54 UTC 2026][INFO] [Action] E InsertTextContent - (c,106298,2),[SPACE]
[Sat Aug 29 06:59:54 UTC 2026][INFO] [Action] E InsertTextContent - (c,106299,2),[W]
[Sat Aug 29 06:59:55 UTC 2026][INFO] [Action] E InsertTextContent - (c,106300,2),[e]
[Sat Aug 29 06:59:55 UTC 2026][INFO] [Action] E InsertTextContent - (c,106301,2),[i]
[Sat Aug 29 06:59:55 UTC 2026][INFO] [Action] E InsertTextContent - (c,106302,2),[n]
[Sat Aug 29 06:59:56 UTC 2026][INFO] [Action] E InsertTextContent - (c,106303,2),[s]
[Sat Aug 29 06:59:56 UTC 2026][INFO] [Action] E InsertTextContent - (c,106304,2),[t]
[Sat Aug 29 06:59:56 UTC 2026][INFO] [Action] E InsertTextContent - (c,106305,2),[e]
[Sat Aug 29 06:59:57 UTC 2026][INFO] [Action] E InsertTextContent - (c,106306,2),[i]
[Sat Aug 29 06:59:57 UTC 2026][INFO] [Action] E InsertTextContent - (c,106307,2),[n]
[Sat Aug 29 06:59:57 UTC 2026][INFO] [Action] E InsertTextContent - (c,106308,2),[.]
[Sat Aug 29 07:00:04 UTC 2026][INFO] [Action] E InsertTextContent - (c,106291,2),["]
[Sat Aug 29 07:00:07 UTC 2026][INFO] [Action] E DeleteContent - (c,106311,2),B
[Sat Aug 29 07:00:26 UTC 2026][INFO] [Action] E InsertTextContent - (c,106369,2),[SPACE]
[Sat Aug 29 07:00:27 UTC 2026][INFO] [Action] E InsertTextContent - (c,106370,2),[a]
[Sat Aug 29 07:00:27 UTC 2026][INFO] [Action] E InsertTextContent - (c,106371,2),[s]
[Sat Aug 29 07:00:27 UTC 2026][INFO] [Action] E InsertTextContent - (c,106372,2),[k]
[Sat Aug 29 07:00:28 UTC 2026][INFO] [Action] E InsertTextContent - (c,106373,2),[e]
[Sat Aug 29 07:00:28 UTC 2026][INFO] [Action] E InsertTextContent - (c,106374,2),[d]
[Sat Aug 29 07:00:28 UTC 2026][INFO] [Action] E InsertTextContent - (c,106375,2),[SPACE]
[Sat Aug 29 07:00:31 UTC 2026][INFO] [Action] E InsertTextContent - (c,106376,2),[D]
[Sat Aug 29 07:00:31 UTC 2026][INFO] [Action] E InsertTextContent - (c,106377,2),[e]
[Sat Aug 29 07:00:31 UTC 2026][INFO] [Action] E InsertTextContent - (c,106378,2),[r]
[Sat Aug 29 07:00:31 UTC 2026][INFO] [Action] E InsertTextContent - (c,106379,2),[e]
[Sat Aug 29 07:00:32 UTC 2026][INFO] [Action] E InsertTextContent - (c,106380,2),[k]
[Sat Aug 29 07:00:35 UTC 2026][INFO] [Action] E InsertTextContent - (c,106381,2),[.]
[Sat Aug 29 07:00:51 UTC 2026][INFO] [Action] E InsertTextContent - (c,106467,2),[SPACE]
[Sat Aug 29 07:00:52 UTC 2026][INFO] [Action] E MergeContainer - 106468,0
[Sat Aug 29 07:00:54 UTC 2026][INFO] [Action] E DeleteContent - (c,106468,2),B
[Sat Aug 29 07:00:55 UTC 2026][INFO] [Action] E InsertTextContent - (c,106468,1),[SPACE]
[Sat Aug 29 07:01:56 UTC 2026][INFO] [Action] E InsertTextContent - (c,106598,2),[SPACE]
[Sat Aug 29 07:01:58 UTC 2026][INFO] [Action] E MergeContainer - 106599,0
[Sat Aug 29 07:02:37 UTC 2026][INFO] [Action] E AddTextContainer - (c,106645,1),1,0,0
[Sat Aug 29 07:02:40 UTC 2026][INFO] [Action] E AddTextContainer - (c,106646,1),1,0,0
[Sat Aug 29 07:02:44 UTC 2026][INFO] [Action] E InsertTextContent - (c,106667,2),[SPACE]
[Sat Aug 29 07:02:45 UTC 2026][INFO] [Action] E MergeContainer - 106668,0
[Sat Aug 29 07:03:23 UTC 2026][INFO] [Action] E InsertTextContent - (c,106918,2),[SPACE]
[Sat Aug 29 07:03:23 UTC 2026][INFO] [Action] E InsertTextContent - (c,106919,2),[a]
[Sat Aug 29 07:03:24 UTC 2026][INFO] [Action] E InsertTextContent - (c,106920,2),[s]
[Sat Aug 29 07:03:24 UTC 2026][INFO] [Action] E InsertTextContent - (c,106921,2),[k]
[Sat Aug 29 07:03:25 UTC 2026][INFO] [Action] E InsertTextContent - (c,106922,2),[e]
[Sat Aug 29 07:03:26 UTC 2026][INFO] [Action] E InsertTextContent - (c,106923,2),[d]
[Sat Aug 29 07:03:26 UTC 2026][INFO] [Action] E InsertTextContent - (c,106924,2),[SPACE]
[Sat Aug 29 07:03:32 UTC 2026][INFO] [Action] E DeleteContent - (c,106925,2),B
[Sat Aug 29 07:03:32 UTC 2026][INFO] [Action] E DeleteContent - (c,106924,2),B
[Sat Aug 29 07:03:32 UTC 2026][INFO] [Action] E DeleteContent - (c,106923,2),B
[Sat Aug 29 07:03:33 UTC 2026][INFO] [Action] E DeleteContent - (c,106922,2),B
[Sat Aug 29 07:03:33 UTC 2026][INFO] [Action] E DeleteContent - (c,106921,2),B
[Sat Aug 29 07:03:33 UTC 2026][INFO] [Action] E DeleteContent - (c,106920,2),B
[Sat Aug 29 07:03:34 UTC 2026][INFO] [Action] E InsertTextContent - (c,106919,2),[w]
[Sat Aug 29 07:03:35 UTC 2026][INFO] [Action] E InsertTextContent - (c,106920,2),[o]
[Sat Aug 29 07:03:35 UTC 2026][INFO] [Action] E InsertTextContent - (c,106921,2),[n]
[Sat Aug 29 07:03:36 UTC 2026][INFO] [Action] E InsertTextContent - (c,106922,2),[d]
[Sat Aug 29 07:03:36 UTC 2026][INFO] [Action] E InsertTextContent - (c,106923,2),[e]
[Sat Aug 29 07:03:36 UTC 2026][INFO] [Action] E InsertTextContent - (c,106924,2),[r]
[Sat Aug 29 07:03:36 UTC 2026][INFO] [Action] E InsertTextContent - (c,106925,2),[e]
[Sat Aug 29 07:03:37 UTC 2026][INFO] [Action] E InsertTextContent - (c,106926,2),[d]
[Sat Aug 29 07:03:37 UTC 2026][INFO] [Action] E InsertTextContent - (c,106927,2),[SPACE]
[Sat Aug 29 07:03:37 UTC 2026][INFO] [Action] E InsertTextContent - (c,106928,2),[D]
[Sat Aug 29 07:03:38 UTC 2026][INFO] [Action] E InsertTextContent - (c,106929,2),[e]
[Sat Aug 29 07:03:38 UTC 2026][INFO] [Action] E InsertTextContent - (c,106930,2),[r]
[Sat Aug 29 07:03:38 UTC 2026][INFO] [Action] E InsertTextContent - (c,106931,2),[e]
[Sat Aug 29 07:03:39 UTC 2026][INFO] [Action] E InsertTextContent - (c,106932,2),[k]
[Sat Aug 29 07:03:39 UTC 2026][INFO] [Action] E InsertTextContent - (c,106933,2),[.]
[Sat Aug 29 07:03:52 UTC 2026][INFO] [Action] E InsertTextContent - (c,106989,2),[SPACE]
[Sat Aug 29 07:03:53 UTC 2026][INFO] [Action] E MergeContainer - 106990,0
[Sat Aug 29 07:05:32 UTC 2026][INFO] [Action] E InsertTextContent - (c,107651,2),[SPACE]
[Sat Aug 29 07:05:33 UTC 2026][INFO] [Action] E MergeContainer - 107652,0
[Sat Aug 29 07:05:56 UTC 2026][INFO] [Action] E InsertTextContent - (c,107669,2),[SPACE]
[Sat Aug 29 07:05:57 UTC 2026][INFO] [Action] E MergeContainer - 107670,0
[Sat Aug 29 07:06:26 UTC 2026][INFO] [Action] E DeleteContent - (c,107847,1),B
[Sat Aug 29 07:06:27 UTC 2026][INFO] [Action] E InsertTextContent - (c,107846,1),[,]
[Sat Aug 29 07:06:28 UTC 2026][INFO] [Action] E InsertTextContent - (c,107847,2),[SPACE]
[Sat Aug 29 07:06:31 UTC 2026][INFO] [Action] E InsertTextContent - (c,107848,2),[h]
[Sat Aug 29 07:06:31 UTC 2026][INFO] [Action] E InsertTextContent - (c,107849,2),[e]
[Sat Aug 29 07:06:31 UTC 2026][INFO] [Action] E InsertTextContent - (c,107850,2),[SPACE]
[Sat Aug 29 07:06:31 UTC 2026][INFO] [Action] E InsertTextContent - (c,107851,2),[c]
[Sat Aug 29 07:06:32 UTC 2026][INFO] [Action] E InsertTextContent - (c,107852,2),[o]
[Sat Aug 29 07:06:32 UTC 2026][INFO] [Action] E InsertTextContent - (c,107853,2),[n]
[Sat Aug 29 07:06:33 UTC 2026][INFO] [Action] E InsertTextContent - (c,107854,2),[t]
[Sat Aug 29 07:06:33 UTC 2026][INFO] [Action] E InsertTextContent - (c,107855,2),[i]
[Sat Aug 29 07:06:33 UTC 2026][INFO] [Action] E InsertTextContent - (c,107856,2),[n]
[Sat Aug 29 07:06:34 UTC 2026][INFO] [Action] E InsertTextContent - (c,107857,2),[u]
[Sat Aug 29 07:06:35 UTC 2026][INFO] [Action] E InsertTextContent - (c,107858,2),[e]
[Sat Aug 29 07:06:35 UTC 2026][INFO] [Action] E InsertTextContent - (c,107859,2),[d]
[Sat Aug 29 07:06:35 UTC 2026][INFO] [Action] E InsertTextContent - (c,107860,2),[.]
[Sat Aug 29 07:06:41 UTC 2026][INFO] [Action] E InsertTextContent - (c,107874,2),[SPACE]
[Sat Aug 29 07:06:42 UTC 2026][INFO] [Action] E MergeContainer - 107875,0
[Sat Aug 29 07:06:56 UTC 2026][INFO] [Action] E InsertTextContent - (c,108015,2),[SPACE]
[Sat Aug 29 07:06:57 UTC 2026][INFO] [Action] E MergeContainer - 108016,0
[Sat Aug 29 07:07:35 UTC 2026][INFO] [Action] E Cut - (r,108096,108108)
[Sat Aug 29 07:07:40 UTC 2026][INFO] [Action] E Paste - (c,108126,1),13
[Sat Aug 29 07:07:41 UTC 2026][INFO] [Action] E InsertTextContent - (c,108138,2),[SPACE]
[Sat Aug 29 07:07:51 UTC 2026][INFO] [Action] E DeleteContent - (c,108151,2),B
[Sat Aug 29 07:07:51 UTC 2026][INFO] [Action] E InsertTextContent - (c,108150,2),[SPACE]
[Sat Aug 29 07:07:53 UTC 2026][INFO] [Action] E MergeContainer - 108151,0
[Sat Aug 29 07:07:54 UTC 2026][INFO] [Action] E DeleteContent - (r,108152,108152),F
[Sat Aug 29 07:08:23 UTC 2026][INFO] [Action] E InsertTextContent - (c,108125,2),[SPACE]
[Sat Aug 29 07:08:26 UTC 2026][INFO] [Action] E MergeContainer - 108126,0
[Sat Aug 29 07:08:30 UTC 2026][INFO] [Action] E InsertTextContent - (c,108133,1),[c]
[Sat Aug 29 07:08:31 UTC 2026][INFO] [Action] E InsertTextContent - (c,108133,2),[o]
[Sat Aug 29 07:08:31 UTC 2026][INFO] [Action] E InsertTextContent - (c,108134,2),[n]
[Sat Aug 29 07:08:31 UTC 2026][INFO] [Action] E InsertTextContent - (c,108135,2),[t]
[Sat Aug 29 07:08:32 UTC 2026][INFO] [Action] E InsertTextContent - (c,108136,2),[i]
[Sat Aug 29 07:08:32 UTC 2026][INFO] [Action] E InsertTextContent - (c,108137,2),[n]
[Sat Aug 29 07:08:32 UTC 2026][INFO] [Action] E InsertTextContent - (c,108138,2),[u]
[Sat Aug 29 07:08:33 UTC 2026][INFO] [Action] E InsertTextContent - (c,108139,2),[e]
[Sat Aug 29 07:08:33 UTC 2026][INFO] [Action] E InsertTextContent - (c,108140,2),[d]
[Sat Aug 29 07:08:34 UTC 2026][INFO] [Action] E DeleteContent - (r,108142,108142),F
[Sat Aug 29 07:08:35 UTC 2026][INFO] [Action] E DeleteContent - (r,108142,108142),F
[Sat Aug 29 07:08:35 UTC 2026][INFO] [Action] E DeleteContent - (r,108142,108142),F
[Sat Aug 29 07:08:35 UTC 2026][INFO] [Action] E DeleteContent - (r,108142,108142),F
[Sat Aug 29 07:08:36 UTC 2026][INFO] [Action] E DeleteContent - (r,108142,108142),F
[Sat Aug 29 07:08:36 UTC 2026][INFO] [Action] E DeleteContent - (r,108142,108142),F
[Sat Aug 29 07:08:41 UTC 2026][INFO] [Action] E DeleteContent - (r,108145,108145),F
[Sat Aug 29 07:08:41 UTC 2026][INFO] [Action] E DeleteContent - (r,108145,108145),F
[Sat Aug 29 07:08:41 UTC 2026][INFO] [Action] E DeleteContent - (r,108145,108145),F
[Sat Aug 29 07:08:42 UTC 2026][INFO] [Action] E DeleteContent - (r,108145,108145),F
[Sat Aug 29 07:08:42 UTC 2026][INFO] [Action] E DeleteContent - (r,108145,108145),F
[Sat Aug 29 07:08:43 UTC 2026][INFO] [Action] E DeleteContent - (r,108145,108145),F
[Sat Aug 29 07:08:43 UTC 2026][INFO] [Action] E DeleteContent - (r,108145,108145),F
[Sat Aug 29 07:08:43 UTC 2026][INFO] [Action] E DeleteContent - (r,108145,108145),F
[Sat Aug 29 07:08:44 UTC 2026][INFO] [Action] E DeleteContent - (r,108145,108145),F
[Sat Aug 29 07:08:44 UTC 2026][INFO] [Action] E DeleteContent - (r,108145,108145),F
[Sat Aug 29 07:08:44 UTC 2026][INFO] [Action] E DeleteContent - (r,108145,108145),F
[Sat Aug 29 07:08:45 UTC 2026][INFO] [Action] E DeleteContent - (r,108145,108145),F
[Sat Aug 29 07:08:46 UTC 2026][INFO] [Action] E DeleteContent - (r,108145,108145),F
[Sat Aug 29 07:08:47 UTC 2026][INFO] [Action] E DeleteContent - (r,108145,108145),F
[Sat Aug 29 07:08:48 UTC 2026][INFO] [Action] E InsertTextContent - (c,108144,2),[B]
[Sat Aug 29 07:08:48 UTC 2026][INFO] [Action] E InsertTextContent - (c,108145,2),[u]
[Sat Aug 29 07:08:49 UTC 2026][INFO] [Action] E InsertTextContent - (c,108146,2),[t]
[Sat Aug 29 07:08:56 UTC 2026][INFO] [Action] E InsertTextContent - (c,108214,2),[SPACE]
[Sat Aug 29 07:08:56 UTC 2026][INFO] [Action] E MergeContainer - 108215,0
[Sat Aug 29 07:09:10 UTC 2026][INFO] [Action] E DeleteContent - (c,108335,2),B
[Sat Aug 29 07:09:11 UTC 2026][INFO] [Action] E InsertTextContent - (c,108335,1),[,]
[Sat Aug 29 07:09:11 UTC 2026][INFO] [Action] E InsertTextContent - (c,108335,2),[SPACE]
[Sat Aug 29 07:09:12 UTC 2026][INFO] [Action] E InsertTextContent - (c,108336,2),[c]
[Sat Aug 29 07:09:13 UTC 2026][INFO] [Action] E InsertTextContent - (c,108337,2),[o]
[Sat Aug 29 07:09:13 UTC 2026][INFO] [Action] E InsertTextContent - (c,108338,2),[n]
[Sat Aug 29 07:09:13 UTC 2026][INFO] [Action] E InsertTextContent - (c,108339,2),[f]
[Sat Aug 29 07:09:14 UTC 2026][INFO] [Action] E InsertTextContent - (c,108340,2),[i]
[Sat Aug 29 07:09:14 UTC 2026][INFO] [Action] E InsertTextContent - (c,108341,2),[r]
[Sat Aug 29 07:09:15 UTC 2026][INFO] [Action] E InsertTextContent - (c,108342,2),[m]
[Sat Aug 29 07:09:15 UTC 2026][INFO] [Action] E InsertTextContent - (c,108343,2),[e]
[Sat Aug 29 07:09:15 UTC 2026][INFO] [Action] E InsertTextContent - (c,108344,2),[d]
[Sat Aug 29 07:09:15 UTC 2026][INFO] [Action] E InsertTextContent - (c,108345,2),[SPACE]
[Sat Aug 29 07:09:16 UTC 2026][INFO] [Action] E InsertTextContent - (c,108346,2),[W]
[Sat Aug 29 07:09:16 UTC 2026][INFO] [Action] E InsertTextContent - (c,108347,2),[e]
[Sat Aug 29 07:09:17 UTC 2026][INFO] [Action] E InsertTextContent - (c,108348,2),[i]
[Sat Aug 29 07:09:17 UTC 2026][INFO] [Action] E InsertTextContent - (c,108349,2),[n]
[Sat Aug 29 07:09:18 UTC 2026][INFO] [Action] E InsertTextContent - (c,108350,2),[s]
[Sat Aug 29 07:09:18 UTC 2026][INFO] [Action] E InsertTextContent - (c,108351,2),[t]
[Sat Aug 29 07:09:18 UTC 2026][INFO] [Action] E InsertTextContent - (c,108352,2),[e]
[Sat Aug 29 07:09:19 UTC 2026][INFO] [Action] E InsertTextContent - (c,108353,2),[i]
[Sat Aug 29 07:09:19 UTC 2026][INFO] [Action] E InsertTextContent - (c,108354,2),[n]
[Sat Aug 29 07:09:23 UTC 2026][INFO] [Action] E InsertTextContent - (c,108355,2),[.]
[Sat Aug 29 07:09:24 UTC 2026][INFO] [Action] E DeleteContent - (r,108357,108357),F
[Sat Aug 29 07:09:29 UTC 2026][INFO] [Action] E InsertTextContent - (c,108336,2),[']
[Sat Aug 29 07:09:33 UTC 2026][INFO] [Action] E DeleteContent - (c,108337,2),B
[Sat Aug 29 07:09:34 UTC 2026][INFO] [Action] E InsertTextContent - (c,108337,1),["]
[Sat Aug 29 07:09:35 UTC 2026][INFO] [Action] E InsertTextContent - (c,108337,2),[SPACE]
[Sat Aug 29 07:09:39 UTC 2026][INFO] [Action] E DeleteContent - (c,108337,1),B
[Sat Aug 29 07:09:54 UTC 2026][INFO] [Action] E InsertTextContent - (c,108409,2),[SPACE]
[Sat Aug 29 07:09:55 UTC 2026][INFO] [Action] E MergeContainer - 108410,0
[Sat Aug 29 07:10:01 UTC 2026][INFO] [Action] E InsertTextContent - (c,108449,2),[SPACE]
[Sat Aug 29 07:10:01 UTC 2026][INFO] [Action] E MergeContainer - 108450,0
[Sat Aug 29 07:10:04 UTC 2026][INFO] [Action] E InsertTextContent - (c,108468,2),[SPACE]
[Sat Aug 29 07:10:05 UTC 2026][INFO] [Action] E MergeContainer - 108469,0
[Sat Aug 29 07:10:19 UTC 2026][INFO] [Action] E InsertTextContent - (c,108572,2),[SPACE]
[Sat Aug 29 07:10:21 UTC 2026][INFO] [Action] E MergeContainer - 108573,0
[Sat Aug 29 07:10:38 UTC 2026][INFO] [Action] E InsertTextContent - (c,108615,2),[SPACE]
[Sat Aug 29 07:10:38 UTC 2026][INFO] [Action] E MergeContainer - 108616,0
[Sat Aug 29 07:10:57 UTC 2026][INFO] [Action] E InsertTextContent - (c,108649,2),[SPACE]
[Sat Aug 29 07:10:58 UTC 2026][INFO] [Action] E MergeContainer - 108650,0
[Sat Aug 29 07:11:22 UTC 2026][INFO] [Action] E Copy - (r,108633,108741)
[Sat Aug 29 07:11:52 UTC 2026][INFO] [Action] E Copy - (r,108633,108741)
[Sat Aug 29 07:13:49 UTC 2026][INFO] [Action] E Paste - (r,108650,108666),25
[Sat Aug 29 07:13:51 UTC 2026][INFO] [Action] E InsertTextContent - (c,108673,2),[SPACE]
[Sat Aug 29 07:13:51 UTC 2026][INFO] [Action] E InsertTextContent - (c,108674,2),[a]
[Sat Aug 29 07:14:22 UTC 2026][INFO] [Action] E InsertTextContent - (c,108817,2),[,]
[Sat Aug 29 07:14:23 UTC 2026][INFO] [Action] E InsertTextContent - (c,108818,2),[SPACE]
[Sat Aug 29 07:14:23 UTC 2026][INFO] [Action] E InsertTextContent - (c,108819,2),[a]
[Sat Aug 29 07:14:23 UTC 2026][INFO] [Action] E InsertTextContent - (c,108820,2),[s]
[Sat Aug 29 07:14:24 UTC 2026][INFO] [Action] E InsertTextContent - (c,108821,2),[k]
[Sat Aug 29 07:14:24 UTC 2026][INFO] [Action] E InsertTextContent - (c,108822,2),[e]
[Sat Aug 29 07:14:25 UTC 2026][INFO] [Action] E InsertTextContent - (c,108823,2),[d]
[Sat Aug 29 07:14:25 UTC 2026][INFO] [Action] E InsertTextContent - (c,108824,2),[SPACE]
[Sat Aug 29 07:14:26 UTC 2026][INFO] [Action] E InsertTextContent - (c,108825,2),[W]
[Sat Aug 29 07:14:26 UTC 2026][INFO] [Action] E InsertTextContent - (c,108826,2),[e]
[Sat Aug 29 07:14:27 UTC 2026][INFO] [Action] E InsertTextContent - (c,108827,2),[i]
[Sat Aug 29 07:14:27 UTC 2026][INFO] [Action] E InsertTextContent - (c,108828,2),[n]
[Sat Aug 29 07:14:27 UTC 2026][INFO] [Action] E InsertTextContent - (c,108829,2),[s]
[Sat Aug 29 07:14:28 UTC 2026][INFO] [Action] E InsertTextContent - (c,108830,2),[t]
[Sat Aug 29 07:14:28 UTC 2026][INFO] [Action] E InsertTextContent - (c,108831,2),[e]
[Sat Aug 29 07:14:28 UTC 2026][INFO] [Action] E InsertTextContent - (c,108832,2),[i]
[Sat Aug 29 07:14:29 UTC 2026][INFO] [Action] E InsertTextContent - (c,108833,2),[n]
[Sat Aug 29 07:14:44 UTC 2026][INFO] [Action] E InsertTextContent - (c,108834,2),[.]
[Sat Aug 29 07:15:37 UTC 2026][INFO] [Action] E Paste - (r,108820,108834),20
[Sat Aug 29 07:15:57 UTC 2026][INFO] [Action] E InsertTextContent - (c,108918,2),[SPACE]
[Sat Aug 29 07:15:59 UTC 2026][INFO] [Action] E MergeContainer - 108919,0
[Sat Aug 29 07:16:05 UTC 2026][INFO] [Action] E InsertTextContent - (c,108867,2),[SPACE]
[Sat Aug 29 07:16:05 UTC 2026][INFO] [Action] E MergeContainer - 108868,0
[Sat Aug 29 07:16:20 UTC 2026][INFO] [Action] E SplitContainer - 108869
[Sat Aug 29 07:16:22 UTC 2026][INFO] [Action] E InsertTextContent - (c,108881,2),[SPACE]
[Sat Aug 29 07:16:22 UTC 2026][INFO] [Action] E MergeContainer - 108882,0
[Sat Aug 29 07:16:30 UTC 2026][INFO] [Action] E InsertTextContent - (c,108947,2),[SPACE]
[Sat Aug 29 07:16:31 UTC 2026][INFO] [Action] E MergeContainer - 108948,0
[Sat Aug 29 07:16:34 UTC 2026][INFO] [Action] E InsertTextContent - (c,108947,1),[:]
[Sat Aug 29 07:16:35 UTC 2026][INFO] [Action] E DeleteContent - (r,108948,108948),F
[Sat Aug 29 07:17:10 UTC 2026][INFO] [Action] E SaveBook - Save
[Sat Aug 29 07:17:13 UTC 2026][INFO] [Action] E InsertTextContent - (c,109194,2),[SPACE]
[Sat Aug 29 07:17:14 UTC 2026][INFO] [Action] E MergeContainer - 109195,0
[Sat Aug 29 07:18:00 UTC 2026][INFO] [Action] E InsertTextContent - (r,109268,109279),[c]
[Sat Aug 29 07:18:01 UTC 2026][INFO] [Action] E InsertTextContent - (c,109268,2),[o]
[Sat Aug 29 07:18:01 UTC 2026][INFO] [Action] E InsertTextContent - (c,109269,2),[n]
[Sat Aug 29 07:18:02 UTC 2026][INFO] [Action] E InsertTextContent - (c,109270,2),[t]
[Sat Aug 29 07:18:02 UTC 2026][INFO] [Action] E InsertTextContent - (c,109271,2),[i]
[Sat Aug 29 07:18:03 UTC 2026][INFO] [Action] E InsertTextContent - (c,109272,2),[n]
[Sat Aug 29 07:18:03 UTC 2026][INFO] [Action] E InsertTextContent - (c,109273,2),[u]
[Sat Aug 29 07:18:03 UTC 2026][INFO] [Action] E InsertTextContent - (c,109274,2),[e]
[Sat Aug 29 07:18:04 UTC 2026][INFO] [Action] E InsertTextContent - (c,109275,2),[d]
[Sat Aug 29 07:18:07 UTC 2026][INFO] [Action] E InsertTextContent - (c,109276,2),[,]
[Sat Aug 29 07:18:07 UTC 2026][INFO] [Action] E InsertTextContent - (c,109277,2),[SPACE]
[Sat Aug 29 07:18:09 UTC 2026][INFO] [Action] E DeleteContent - (r,109279,109279),F
[Sat Aug 29 07:18:10 UTC 2026][INFO] [Action] E MergeContainer - 109278,0
[Sat Aug 29 07:18:39 UTC 2026][INFO] [Action] E InsertTextContent - (c,109356,2),[SPACE]
[Sat Aug 29 07:18:40 UTC 2026][INFO] [Action] E MergeContainer - 109357,0
[Sat Aug 29 07:18:59 UTC 2026][INFO] [Action] E InsertTextContent - (r,109492,109492),[,]
[Sat Aug 29 07:19:00 UTC 2026][INFO] [Action] E InsertTextContent - (c,109493,2),[SPACE]
[Sat Aug 29 07:19:02 UTC 2026][INFO] [Action] E InsertTextContent - (c,109494,2),[c]
[Sat Aug 29 07:19:04 UTC 2026][INFO] [Action] E InsertTextContent - (c,109495,2),[o]
[Sat Aug 29 07:19:07 UTC 2026][INFO] [Action] E InsertTextContent - (c,109496,2),[n]
[Sat Aug 29 07:19:07 UTC 2026][INFO] [Action] E InsertTextContent - (c,109497,2),[f]
[Sat Aug 29 07:19:07 UTC 2026][INFO] [Action] E InsertTextContent - (c,109498,2),[i]
[Sat Aug 29 07:19:08 UTC 2026][INFO] [Action] E InsertTextContent - (c,109499,2),[r]
[Sat Aug 29 07:19:08 UTC 2026][INFO] [Action] E InsertTextContent - (c,109500,2),[m]
[Sat Aug 29 07:19:08 UTC 2026][INFO] [Action] E InsertTextContent - (c,109501,2),[e]
[Sat Aug 29 07:19:09 UTC 2026][INFO] [Action] E InsertTextContent - (c,109502,2),[d]
[Sat Aug 29 07:19:09 UTC 2026][INFO] [Action] E InsertTextContent - (c,109503,2),[SPACE]
[Sat Aug 29 07:19:10 UTC 2026][INFO] [Action] E InsertTextContent - (c,109504,2),[W]
[Sat Aug 29 07:19:10 UTC 2026][INFO] [Action] E InsertTextContent - (c,109505,2),[e]
[Sat Aug 29 07:19:11 UTC 2026][INFO] [Action] E InsertTextContent - (c,109506,2),[o]
[Sat Aug 29 07:19:11 UTC 2026][INFO] [Action] E DeleteContent - (c,109507,2),B
[Sat Aug 29 07:19:12 UTC 2026][INFO] [Action] E InsertTextContent - (c,109506,2),[i]
[Sat Aug 29 07:19:12 UTC 2026][INFO] [Action] E InsertTextContent - (c,109507,2),[n]
[Sat Aug 29 07:19:12 UTC 2026][INFO] [Action] E InsertTextContent - (c,109508,2),[s]
[Sat Aug 29 07:19:13 UTC 2026][INFO] [Action] E InsertTextContent - (c,109509,2),[t]
[Sat Aug 29 07:19:13 UTC 2026][INFO] [Action] E InsertTextContent - (c,109510,2),[e]
[Sat Aug 29 07:19:13 UTC 2026][INFO] [Action] E InsertTextContent - (c,109511,2),[i]
[Sat Aug 29 07:19:14 UTC 2026][INFO] [Action] E InsertTextContent - (c,109512,2),[n]
[Sat Aug 29 07:19:16 UTC 2026][INFO] [Action] E InsertTextContent - (c,109513,2),[.]
[Sat Aug 29 07:20:06 UTC 2026][INFO] [Action] E Cut - (r,109629,109636)
[Sat Aug 29 07:20:08 UTC 2026][INFO] [Action] E InsertTextContent - (c,109611,1),[SPACE]
[Sat Aug 29 07:20:11 UTC 2026][INFO] [Action] E Paste - (c,109611,2),8
[Sat Aug 29 07:20:14 UTC 2026][INFO] [Action] E DeleteContent - (c,109619,2),B
[Sat Aug 29 07:20:15 UTC 2026][INFO] [Action] E InsertTextContent - (c,109619,1),[,]
[Sat Aug 29 07:20:16 UTC 2026][INFO] [Action] E InsertTextContent - (c,109619,2),[SPACE]
[Sat Aug 29 07:20:20 UTC 2026][INFO] [Action] E DeleteContent - (c,109621,1),B
[Sat Aug 29 07:20:23 UTC 2026][INFO] [Action] E InsertTextContent - (c,109620,2),[SPACE]
[Sat Aug 29 07:20:23 UTC 2026][INFO] [Action] E MergeContainer - 109621,0
[Sat Aug 29 07:20:27 UTC 2026][INFO] [Action] E DeleteContent - (c,109637,2),B
[Sat Aug 29 07:20:28 UTC 2026][INFO] [Action] E InsertTextContent - (c,109636,2),[.]
[Sat Aug 29 07:20:31 UTC 2026][INFO] [Action] E InsertTextContent - (c,109640,1),[\]
[Sat Aug 29 07:20:33 UTC 2026][INFO] [Action] E DeleteContent - (c,109640,2),B
[Sat Aug 29 07:20:33 UTC 2026][INFO] [Action] E MergeContainer - 109640,1
[Sat Aug 29 07:20:33 UTC 2026][INFO] [Action] E DeleteContent - (c,109639,2),B
[Sat Aug 29 07:20:33 UTC 2026][INFO] [Action] E DeleteContent - (c,109639,1),B
[Sat Aug 29 07:20:59 UTC 2026][INFO] [Action] E DeleteContent - (c,109874,1),B
[Sat Aug 29 07:21:00 UTC 2026][INFO] [Action] E InsertTextContent - (c,109873,1),[,]
[Sat Aug 29 07:21:01 UTC 2026][INFO] [Action] E InsertTextContent - (c,109874,2),[SPACE]
[Sat Aug 29 07:21:03 UTC 2026][INFO] [Action] E InsertTextContent - (c,109875,2),[c]
[Sat Aug 29 07:21:03 UTC 2026][INFO] [Action] E InsertTextContent - (c,109876,2),[o]
[Sat Aug 29 07:21:03 UTC 2026][INFO] [Action] E InsertTextContent - (c,109877,2),[n]
[Sat Aug 29 07:21:04 UTC 2026][INFO] [Action] E InsertTextContent - (c,109878,2),[f]
[Sat Aug 29 07:21:04 UTC 2026][INFO] [Action] E InsertTextContent - (c,109879,2),[i]
[Sat Aug 29 07:21:05 UTC 2026][INFO] [Action] E InsertTextContent - (c,109880,2),[r]
[Sat Aug 29 07:21:05 UTC 2026][INFO] [Action] E InsertTextContent - (c,109881,2),[m]
[Sat Aug 29 07:21:05 UTC 2026][INFO] [Action] E InsertTextContent - (c,109882,2),[e]
[Sat Aug 29 07:21:05 UTC 2026][INFO] [Action] E InsertTextContent - (c,109883,2),[d]
[Sat Aug 29 07:21:05 UTC 2026][INFO] [Action] E InsertTextContent - (c,109884,2),[SPACE]
[Sat Aug 29 07:21:06 UTC 2026][INFO] [Action] E InsertTextContent - (c,109885,2),[W]
[Sat Aug 29 07:21:07 UTC 2026][INFO] [Action] E InsertTextContent - (c,109886,2),[e]
[Sat Aug 29 07:21:07 UTC 2026][INFO] [Action] E InsertTextContent - (c,109887,2),[i]
[Sat Aug 29 07:21:07 UTC 2026][INFO] [Action] E InsertTextContent - (c,109888,2),[n]
[Sat Aug 29 07:21:08 UTC 2026][INFO] [Action] E InsertTextContent - (c,109889,2),[s]
[Sat Aug 29 07:21:08 UTC 2026][INFO] [Action] E InsertTextContent - (c,109890,2),[t]
[Sat Aug 29 07:21:08 UTC 2026][INFO] [Action] E InsertTextContent - (c,109891,2),[e]
[Sat Aug 29 07:21:09 UTC 2026][INFO] [Action] E InsertTextContent - (c,109892,2),[i]
[Sat Aug 29 07:21:09 UTC 2026][INFO] [Action] E InsertTextContent - (c,109893,2),[n]
[Sat Aug 29 07:21:11 UTC 2026][INFO] [Action] E InsertTextContent - (c,109894,2),[.]
[Sat Aug 29 07:21:22 UTC 2026][INFO] [Action] E InsertTextContent - (c,110010,2),[SPACE]
[Sat Aug 29 07:21:23 UTC 2026][INFO] [Action] E MergeContainer - 110011,0
[Sat Aug 29 07:21:27 UTC 2026][INFO] [Action] E InsertTextContent - (c,110052,2),[SPACE]
[Sat Aug 29 07:21:28 UTC 2026][INFO] [Action] E MergeContainer - 110053,0
[Sat Aug 29 07:21:51 UTC 2026][INFO] [Action] E InsertTextContent - (c,110171,2),[SPACE]
[Sat Aug 29 07:21:51 UTC 2026][INFO] [Action] E InsertTextContent - (c,110172,2),[SPACE]
[Sat Aug 29 07:21:52 UTC 2026][INFO] [Action] E MergeContainer - 110173,0
[Sat Aug 29 07:21:53 UTC 2026][INFO] [Action] E DeleteContent - (c,110173,2),B
[Sat Aug 29 07:22:59 UTC 2026][INFO] [Action] E DeleteContent - (c,110510,2),B
[Sat Aug 29 07:23:00 UTC 2026][INFO] [Action] E InsertTextContent - (c,110510,1),[,]
[Sat Aug 29 07:23:01 UTC 2026][INFO] [Action] E InsertTextContent - (c,110510,2),[SPACE]
[Sat Aug 29 07:23:01 UTC 2026][INFO] [Action] E InsertTextContent - (c,110511,2),[s]
[Sat Aug 29 07:23:01 UTC 2026][INFO] [Action] E InsertTextContent - (c,110512,2),[a]
[Sat Aug 29 07:23:02 UTC 2026][INFO] [Action] E InsertTextContent - (c,110513,2),[i]
[Sat Aug 29 07:23:02 UTC 2026][INFO] [Action] E InsertTextContent - (c,110514,2),[d]
[Sat Aug 29 07:23:03 UTC 2026][INFO] [Action] E InsertTextContent - (c,110515,2),[SPACE]
[Sat Aug 29 07:23:03 UTC 2026][INFO] [Action] E InsertTextContent - (c,110516,2),[D]
[Sat Aug 29 07:23:04 UTC 2026][INFO] [Action] E InsertTextContent - (c,110517,2),[e]
[Sat Aug 29 07:23:04 UTC 2026][INFO] [Action] E InsertTextContent - (c,110518,2),[r]
[Sat Aug 29 07:23:04 UTC 2026][INFO] [Action] E InsertTextContent - (c,110519,2),[e]
[Sat Aug 29 07:23:05 UTC 2026][INFO] [Action] E InsertTextContent - (c,110520,2),[k]
[Sat Aug 29 07:23:05 UTC 2026][INFO] [Action] E InsertTextContent - (c,110521,2),[.]
[Sat Aug 29 07:23:36 UTC 2026][INFO] [Action] E DeleteContent - (c,110408,1),B
[Sat Aug 29 07:23:38 UTC 2026][INFO] [Action] E InsertTextContent - (c,110407,1),[SPACE]
[Sat Aug 29 07:23:38 UTC 2026][INFO] [Action] E InsertTextContent - (c,110407,2),[-]
[Sat Aug 29 07:23:38 UTC 2026][INFO] [Action] E InsertTextContent - (c,110408,2),[SPACE]
[Sat Aug 29 07:23:40 UTC 2026][INFO] [Action] E DeleteContent - (r,110410,110410),F
[Sat Aug 29 07:23:41 UTC 2026][INFO] [Action] E MergeContainer - 110409,0
[Sat Aug 29 07:23:42 UTC 2026][INFO] [Action] E DeleteContent - (r,110410,110410),F
[Sat Aug 29 07:23:42 UTC 2026][INFO] [Action] E DeleteContent - (r,110410,110410),F
[Sat Aug 29 07:23:44 UTC 2026][INFO] [Action] E InsertTextContent - (c,110409,2),[p]
[Sat Aug 29 07:23:46 UTC 2026][INFO] [Action] E InsertTextContent - (c,110432,2),[SPACE]
[Sat Aug 29 07:23:48 UTC 2026][INFO] [Action] E MergeContainer - 110433,0
[Sat Aug 29 07:24:01 UTC 2026][INFO] [Action] E AddTextContainer - (c,110536,1),1,0,0
[Sat Aug 29 07:24:09 UTC 2026][INFO] [Action] E InsertTextContent - (c,110553,2),[SPACE]
[Sat Aug 29 07:24:10 UTC 2026][INFO] [Action] E MergeContainer - 110554,0
[Sat Aug 29 07:24:18 UTC 2026][INFO] [Action] E InsertTextContent - (c,110554,2),[T]
[Sat Aug 29 07:24:18 UTC 2026][INFO] [Action] E InsertTextContent - (c,110555,2),[h]
[Sat Aug 29 07:24:19 UTC 2026][INFO] [Action] E InsertTextContent - (c,110556,2),[e]
[Sat Aug 29 07:24:20 UTC 2026][INFO] [Action] E DeleteContent - (c,110557,2),B
[Sat Aug 29 07:24:20 UTC 2026][INFO] [Action] E InsertTextContent - (c,110557,1),[h]
[Sat Aug 29 07:24:21 UTC 2026][INFO] [Action] E InsertTextContent - (c,110557,2),[e]
[Sat Aug 29 07:24:21 UTC 2026][INFO] [Action] E InsertTextContent - (c,110558,2),[n]
[Sat Aug 29 07:24:21 UTC 2026][INFO] [Action] E InsertTextContent - (c,110559,2),[SPACE]
[Sat Aug 29 07:24:24 UTC 2026][INFO] [Action] E InsertTextContent - (c,110560,2),[h]
[Sat Aug 29 07:24:24 UTC 2026][INFO] [Action] E InsertTextContent - (c,110561,2),[e]
[Sat Aug 29 07:24:25 UTC 2026][INFO] [Action] E InsertTextContent - (c,110562,2),[SPACE]
[Sat Aug 29 07:24:28 UTC 2026][INFO] [Action] E InsertTextContent - (c,110563,2),[s]
[Sat Aug 29 07:24:29 UTC 2026][INFO] [Action] E InsertTextContent - (c,110564,2),[u]
[Sat Aug 29 07:24:29 UTC 2026][INFO] [Action] E InsertTextContent - (c,110565,2),[g]
[Sat Aug 29 07:24:30 UTC 2026][INFO] [Action] E InsertTextContent - (c,110566,2),[g]
[Sat Aug 29 07:24:30 UTC 2026][INFO] [Action] E InsertTextContent - (c,110567,2),[e]
[Sat Aug 29 07:24:30 UTC 2026][INFO] [Action] E InsertTextContent - (c,110568,2),[s]
[Sat Aug 29 07:24:31 UTC 2026][INFO] [Action] E InsertTextContent - (c,110569,2),[t]
[Sat Aug 29 07:24:31 UTC 2026][INFO] [Action] E InsertTextContent - (c,110570,2),[e]
[Sat Aug 29 07:24:31 UTC 2026][INFO] [Action] E InsertTextContent - (c,110571,2),[d]
[Sat Aug 29 07:24:34 UTC 2026][INFO] [Action] E DeleteContent - (r,110556,110556),F
[Sat Aug 29 07:24:37 UTC 2026][INFO] [Action] E InsertTextContent - (c,110571,2),[SPACE]
[Sat Aug 29 07:24:45 UTC 2026][INFO] [Action] E InsertTextContent - (c,110629,2),[SPACE]
[Sat Aug 29 07:24:46 UTC 2026][INFO] [Action] E MergeContainer - 110630,0
[Sat Aug 29 07:25:00 UTC 2026][INFO] [Action] E InsertTextContent - (c,110784,2),[SPACE]
[Sat Aug 29 07:25:01 UTC 2026][INFO] [Action] E MergeContainer - 110785,0
[Sat Aug 29 07:25:05 UTC 2026][INFO] [Action] E DeleteContent - (r,110729,110729),F
[Sat Aug 29 07:25:09 UTC 2026][INFO] [Action] U DeleteContent
[Sat Aug 29 07:25:12 UTC 2026][INFO] [Action] E SplitContainer - 110729
[Sat Aug 29 07:25:15 UTC 2026][INFO] [Action] E MergeContainer - 110741,0
[Sat Aug 29 07:25:16 UTC 2026][INFO] [Action] E InsertTextContent - (c,110741,2),[SPACE]
[Sat Aug 29 07:25:42 UTC 2026][INFO] [Action] E DeleteContent - (c,111072,1),B
[Sat Aug 29 07:25:44 UTC 2026][INFO] [Action] E InsertTextContent - (c,111071,1),[,]
[Sat Aug 29 07:25:45 UTC 2026][INFO] [Action] E InsertTextContent - (c,111072,2),[SPACE]
[Sat Aug 29 07:25:46 UTC 2026][INFO] [Action] E InsertTextContent - (c,111073,2),[c]
[Sat Aug 29 07:25:47 UTC 2026][INFO] [Action] E InsertTextContent - (c,111074,2),[o]
[Sat Aug 29 07:25:47 UTC 2026][INFO] [Action] E InsertTextContent - (c,111075,2),[n]
[Sat Aug 29 07:25:48 UTC 2026][INFO] [Action] E InsertTextContent - (c,111076,2),[c]
[Sat Aug 29 07:25:48 UTC 2026][INFO] [Action] E InsertTextContent - (c,111077,2),[l]
[Sat Aug 29 07:25:54 UTC 2026][INFO] [Action] E InsertTextContent - (c,111074,1),[h]
[Sat Aug 29 07:25:54 UTC 2026][INFO] [Action] E InsertTextContent - (c,111074,2),[e]
[Sat Aug 29 07:25:56 UTC 2026][INFO] [Action] E InsertTextContent - (c,111075,2),[SPACE]
[Sat Aug 29 07:25:58 UTC 2026][INFO] [Action] E InsertTextContent - (c,111081,2),[u]
[Sat Aug 29 07:25:59 UTC 2026][INFO] [Action] E InsertTextContent - (c,111082,2),[d]
[Sat Aug 29 07:25:59 UTC 2026][INFO] [Action] E InsertTextContent - (c,111083,2),[e]
[Sat Aug 29 07:25:59 UTC 2026][INFO] [Action] E InsertTextContent - (c,111084,2),[d]
[Sat Aug 29 07:26:02 UTC 2026][INFO] [Action] E InsertTextContent - (c,111085,2),[.]
[Sat Aug 29 07:26:10 UTC 2026][INFO] [Action] E InsertTextContent - (c,110945,2),[,]
[Sat Aug 29 07:26:10 UTC 2026][INFO] [Action] E InsertTextContent - (c,110946,2),[SPACE]
[Sat Aug 29 07:26:11 UTC 2026][INFO] [Action] E InsertTextContent - (c,110947,2),[w]
[Sat Aug 29 07:26:11 UTC 2026][INFO] [Action] E InsertTextContent - (c,110948,2),[h]
[Sat Aug 29 07:26:12 UTC 2026][INFO] [Action] E InsertTextContent - (c,110949,2),[o]
[Sat Aug 29 07:26:13 UTC 2026][INFO] [Action] E InsertTextContent - (c,110950,2),[SPACE]
[Sat Aug 29 07:26:20 UTC 2026][INFO] [Action] E Cut - (r,110994,111015)
[Sat Aug 29 07:26:22 UTC 2026][INFO] [Action] E InsertTextContent - (c,110950,2),[SPACE]
[Sat Aug 29 07:26:23 UTC 2026][INFO] [Action] E Paste - (c,110951,2),22
[Sat Aug 29 07:26:27 UTC 2026][INFO] [Action] E InsertTextContent - (c,110960,1),[h]
[Sat Aug 29 07:26:27 UTC 2026][INFO] [Action] E InsertTextContent - (c,110960,2),[a]
[Sat Aug 29 07:26:28 UTC 2026][INFO] [Action] E InsertTextContent - (c,110961,2),[d]
[Sat Aug 29 07:26:28 UTC 2026][INFO] [Action] E InsertTextContent - (c,110962,2),[SPACE]
[Sat Aug 29 07:26:33 UTC 2026][INFO] [Action] E InsertTextContent - (c,110978,1),[,]
[Sat Aug 29 07:26:38 UTC 2026][INFO] [Action] E DeleteContent - (c,111022,2),B
[Sat Aug 29 07:26:38 UTC 2026][INFO] [Action] E DeleteContent - (c,111021,2),B
[Sat Aug 29 07:26:38 UTC 2026][INFO] [Action] E DeleteContent - (c,111020,2),B
[Sat Aug 29 07:26:38 UTC 2026][INFO] [Action] E DeleteContent - (c,111019,2),B
[Sat Aug 29 07:26:38 UTC 2026][INFO] [Action] E DeleteContent - (c,111018,2),B
[Sat Aug 29 07:26:39 UTC 2026][INFO] [Action] E DeleteContent - (c,111017,2),B
[Sat Aug 29 07:26:39 UTC 2026][INFO] [Action] E DeleteContent - (c,111016,2),B
[Sat Aug 29 07:26:39 UTC 2026][INFO] [Action] E DeleteContent - (c,111015,2),B
[Sat Aug 29 07:26:49 UTC 2026][INFO] [Action] E InsertTextContent - (c,111109,2),[SPACE]
[Sat Aug 29 07:26:49 UTC 2026][INFO] [Action] E MergeContainer - 111110,0
[Sat Aug 29 07:26:52 UTC 2026][INFO] [Action] E InsertTextContent - (c,111130,2),[SPACE]
[Sat Aug 29 07:26:53 UTC 2026][INFO] [Action] E MergeContainer - 111131,0
[Sat Aug 29 07:26:56 UTC 2026][INFO] [Action] E InsertTextContent - (c,111166,2),[SPACE]
[Sat Aug 29 07:26:57 UTC 2026][INFO] [Action] E MergeContainer - 111167,0
[Sat Aug 29 07:27:05 UTC 2026][INFO] [Action] E InsertTextContent - (c,111231,2),[SPACE]
[Sat Aug 29 07:27:06 UTC 2026][INFO] [Action] E MergeContainer - 111232,0
[Sat Aug 29 07:27:10 UTC 2026][INFO] [Action] E InsertTextContent - (c,111281,2),[SPACE]
[Sat Aug 29 07:27:11 UTC 2026][INFO] [Action] E MergeContainer - 111282,0
[Sat Aug 29 07:27:18 UTC 2026][INFO] [Action] E AddTextContainer - (c,111304,1),1,0,0
[Sat Aug 29 07:27:18 UTC 2026][INFO] [Action] E AddTextContainer - (c,111305,1),1,0,0
[Sat Aug 29 07:27:21 UTC 2026][INFO] [Action] E InsertTextContent - (c,111321,2),[SPACE]
[Sat Aug 29 07:27:22 UTC 2026][INFO] [Action] E MergeContainer - 111322,0
[Sat Aug 29 07:27:27 UTC 2026][INFO] [Action] E SaveBook - Save
[Sat Aug 29 14:19:17 UTC 2026][INFO] [Action] E InsertTextContent - (r,111578,111578),[SPACE]
[Sat Aug 29 14:19:17 UTC 2026][INFO] [Action] E DeleteContent - (r,111579,111579),F
[Sat Aug 29 14:19:22 UTC 2026][INFO] [Action] E InsertTextContent - (r,111576,111577),[SPACE]
[Sat Aug 29 14:19:23 UTC 2026][INFO] [Action] E DeleteContent - (r,111576,111577),F
[Sat Aug 29 14:19:28 UTC 2026][INFO] [Action] E InsertTextContent - (c,111554,2),[SPACE]
[Sat Aug 29 14:19:30 UTC 2026][INFO] [Action] E MergeContainer - 111555,0
[Sat Aug 29 14:20:33 UTC 2026][INFO] [Action] E InsertTextContent - (c,111627,2),[SPACE]
[Sat Aug 29 14:22:33 UTC 2026][INFO] [Action] E InsertTextContent - (c,111737,2),[SPACE]
[Sat Aug 29 14:22:35 UTC 2026][INFO] [Action] E MergeContainer - 111738,0
[Sat Aug 29 14:22:39 UTC 2026][INFO] [Action] E InsertTextContent - (c,111837,2),[SPACE]
[Sat Aug 29 14:22:40 UTC 2026][INFO] [Action] E MergeContainer - 111838,0
[Sat Aug 29 14:22:50 UTC 2026][INFO] [Action] E InsertTextContent - (c,111877,2),[SPACE]
[Sat Aug 29 14:22:51 UTC 2026][INFO] [Action] E MergeContainer - 111878,0
[Sat Aug 29 14:22:58 UTC 2026][INFO] [Action] E InsertTextContent - (c,111925,2),[SPACE]
[Sat Aug 29 14:22:59 UTC 2026][INFO] [Action] E MergeContainer - 111926,0
[Sat Aug 29 14:23:03 UTC 2026][INFO] [Action] E InsertTextContent - (c,111958,2),[SPACE]
[Sat Aug 29 14:23:03 UTC 2026][INFO] [Action] E MergeContainer - 111959,0
[Sat Aug 29 14:23:28 UTC 2026][INFO] [Action] E InsertTextContent - (c,111997,2),[SPACE]
[Sat Aug 29 14:23:28 UTC 2026][INFO] [Action] E MergeContainer - 111998,0
[Sat Aug 29 14:23:34 UTC 2026][INFO] [Action] E InsertTextContent - (c,112094,2),[SPACE]
[Sat Aug 29 14:23:35 UTC 2026][INFO] [Action] E MergeContainer - 112095,0
[Sat Aug 29 14:24:28 UTC 2026][INFO] [Action] E DeleteContent - (c,111637,2),B
[Sat Aug 29 14:24:30 UTC 2026][INFO] [Action] E InsertTextContent - (c,111637,1),[,]
[Sat Aug 29 14:24:33 UTC 2026][INFO] [Action] E InsertTextContent - (c,111638,2),[SPACE]
[Sat Aug 29 14:24:43 UTC 2026][INFO] [Action] E InsertTextContent - (c,111639,2),[s]
[Sat Aug 29 14:24:43 UTC 2026][INFO] [Action] E InsertTextContent - (c,111640,2),[a]
[Sat Aug 29 14:24:44 UTC 2026][INFO] [Action] E InsertTextContent - (c,111641,2),[i]
[Sat Aug 29 14:24:45 UTC 2026][INFO] [Action] E InsertTextContent - (c,111642,2),[d]
[Sat Aug 29 14:24:46 UTC 2026][INFO] [Action] E InsertTextContent - (c,111643,2),[SPACE]
[Sat Aug 29 14:24:49 UTC 2026][INFO] [Action] E InsertTextContent - (c,111644,2),[D]
[Sat Aug 29 14:24:50 UTC 2026][INFO] [Action] E InsertTextContent - (c,111645,2),[e]
[Sat Aug 29 14:24:50 UTC 2026][INFO] [Action] E InsertTextContent - (c,111646,2),[r]
[Sat Aug 29 14:24:50 UTC 2026][INFO] [Action] E InsertTextContent - (c,111647,2),[e]
[Sat Aug 29 14:24:51 UTC 2026][INFO] [Action] E InsertTextContent - (c,111648,2),[k]
[Sat Aug 29 14:24:52 UTC 2026][INFO] [Action] E InsertTextContent - (c,111649,2),[.]
[Sat Aug 29 14:25:08 UTC 2026][INFO] [Action] E InsertTextContent - (c,112133,2),[SPACE]
[Sat Aug 29 14:25:09 UTC 2026][INFO] [Action] E MergeContainer - 112134,0
[Sat Aug 29 14:25:49 UTC 2026][INFO] [Action] E SplitContainer - 112287
[Sat Aug 29 14:25:53 UTC 2026][INFO] [Action] E InsertTextContent - (c,112306,2),[SPACE]
[Sat Aug 29 14:25:54 UTC 2026][INFO] [Action] E MergeContainer - 112307,0
[Sat Aug 29 14:26:02 UTC 2026][INFO] [Action] E InsertTextContent - (c,112516,2),[SPACE]
[Sat Aug 29 14:26:03 UTC 2026][INFO] [Action] E MergeContainer - 112517,0
[Sat Aug 29 14:26:19 UTC 2026][INFO] [Action] E InsertTextContent - (c,112689,2),[SPACE]
[Sat Aug 29 14:26:20 UTC 2026][INFO] [Action] E MergeContainer - 112690,0
[Sat Aug 29 14:26:34 UTC 2026][INFO] [Action] E InsertTextContent - (r,112306,112307),[:]
[Sat Aug 29 14:26:35 UTC 2026][INFO] [Action] E InsertTextContent - (c,112306,2),[SPACE]
[Sat Aug 29 14:27:17 UTC 2026][INFO] [Action] E InsertTextContent - (r,112523,112523),[SPACE]
[Sat Aug 29 14:27:19 UTC 2026][INFO] [Action] E InsertTextContent - (c,112523,2),[S]
[Sat Aug 29 14:27:20 UTC 2026][INFO] [Action] E InsertTextContent - (c,112524,2),[o]
[Sat Aug 29 14:27:24 UTC 2026][INFO] [Action] E InsertTextContent - (c,112525,2),[,]
[Sat Aug 29 14:27:25 UTC 2026][INFO] [Action] E InsertTextContent - (c,112526,2),[SPACE]
[Sat Aug 29 14:27:26 UTC 2026][INFO] [Action] E MergeContainer - 112527,0
[Sat Aug 29 14:27:26 UTC 2026][INFO] [Action] E DeleteContent - (r,112528,112528),F
[Sat Aug 29 14:27:27 UTC 2026][INFO] [Action] E DeleteContent - (r,112528,112528),F
[Sat Aug 29 14:27:27 UTC 2026][INFO] [Action] E DeleteContent - (r,112528,112528),F
[Sat Aug 29 14:27:27 UTC 2026][INFO] [Action] E DeleteContent - (r,112528,112528),F
[Sat Aug 29 14:27:28 UTC 2026][INFO] [Action] E DeleteContent - (r,112528,112528),F
[Sat Aug 29 14:28:26 UTC 2026][INFO] [Action] E InsertTextContent - (r,112624,112624),[SPACE]
[Sat Aug 29 14:28:27 UTC 2026][INFO] [Action] E MergeContainer - 112624,0
[Sat Aug 29 14:28:29 UTC 2026][INFO] [Action] E DeleteContent - (r,112625,112625),F
[Sat Aug 29 14:28:46 UTC 2026][INFO] [Action] E InsertTextContent - (c,112740,2),[SPACE]
[Sat Aug 29 14:28:47 UTC 2026][INFO] [Action] E MergeContainer - 112741,0
[Sat Aug 29 14:28:57 UTC 2026][INFO] [Action] E InsertTextContent - (c,112765,2),[SPACE]
[Sat Aug 29 14:28:58 UTC 2026][INFO] [Action] E MergeContainer - 112766,0
[Sat Aug 29 14:29:14 UTC 2026][INFO] [Action] E SaveBook - Save
[Sat Aug 29 14:30:58 UTC 2026][INFO] [Action] E InsertTextContent - (c,113012,2),[SPACE]
[Sat Aug 29 14:30:59 UTC 2026][INFO] [Action] E MergeContainer - 113013,0
[Sat Aug 29 14:31:02 UTC 2026][INFO] [Action] E InsertTextContent - (c,113034,2),[SPACE]
[Sat Aug 29 14:31:03 UTC 2026][INFO] [Action] E MergeContainer - 113035,0
[Sat Aug 29 14:31:35 UTC 2026][INFO] [Action] E InsertTextContent - (c,113193,2),[SPACE]
[Sat Aug 29 14:31:37 UTC 2026][INFO] [Action] E MergeContainer - 113194,0
[Sat Aug 29 14:31:47 UTC 2026][INFO] [Action] E InsertTextContent - (c,113232,2),[SPACE]
[Sat Aug 29 14:31:49 UTC 2026][INFO] [Action] E MergeContainer - 113233,0
[Sat Aug 29 14:32:18 UTC 2026][INFO] [Action] E InsertTextContent - (c,113349,2),[SPACE]
[Sat Aug 29 14:32:19 UTC 2026][INFO] [Action] E MergeContainer - 113350,0
[Sat Aug 29 14:33:07 UTC 2026][INFO] [Action] E InsertTextContent - (c,113414,2),[SPACE]
[Sat Aug 29 14:33:08 UTC 2026][INFO] [Action] E MergeContainer - 113415,0
[Sat Aug 29 14:33:18 UTC 2026][INFO] [Action] E InsertTextContent - (c,113522,2),[SPACE]
[Sat Aug 29 14:33:19 UTC 2026][INFO] [Action] E MergeContainer - 113523,0
[Sat Aug 29 14:33:31 UTC 2026][INFO] [Action] E InsertTextContent - (c,113628,2),[SPACE]
[Sat Aug 29 14:33:33 UTC 2026][INFO] [Action] E InsertTextContent - (c,113643,2),[SPACE]
[Sat Aug 29 14:33:34 UTC 2026][INFO] [Action] E MergeContainer - 113644,0
[Sat Aug 29 14:33:41 UTC 2026][INFO] [Action] E InsertTextContent - (c,113706,2),[SPACE]
[Sat Aug 29 14:33:42 UTC 2026][INFO] [Action] E MergeContainer - 113707,0
[Sat Aug 29 14:33:58 UTC 2026][INFO] [Action] E InsertTextContent - (c,113840,2),[SPACE]
[Sat Aug 29 14:33:59 UTC 2026][INFO] [Action] E MergeContainer - 113841,0
[Sat Aug 29 14:34:11 UTC 2026][INFO] [Action] E InsertTextContent - (c,113959,2),[SPACE]
[Sat Aug 29 14:34:14 UTC 2026][INFO] [Action] E MergeContainer - 113960,0
[Sat Aug 29 14:34:18 UTC 2026][INFO] [Action] E InsertTextContent - (c,114001,2),[SPACE]
[Sat Aug 29 14:34:19 UTC 2026][INFO] [Action] E MergeContainer - 114002,0
[Sat Aug 29 14:34:31 UTC 2026][INFO] [Action] E InsertTextContent - (c,114090,2),[SPACE]
[Sat Aug 29 14:34:33 UTC 2026][INFO] [Action] E MergeContainer - 114091,0
[Sat Aug 29 14:34:40 UTC 2026][INFO] [Action] E InsertTextContent - (c,114202,2),[SPACE]
[Sat Aug 29 14:34:41 UTC 2026][INFO] [Action] E MergeContainer - 114203,0
[Sat Aug 29 14:35:03 UTC 2026][INFO] [Action] E InsertTextContent - (c,114327,2),[SPACE]
[Sat Aug 29 14:35:04 UTC 2026][INFO] [Action] E MergeContainer - 114328,0
[Sat Aug 29 14:35:09 UTC 2026][INFO] [Action] E InsertTextContent - (c,114372,2),[SPACE]
[Sat Aug 29 14:35:10 UTC 2026][INFO] [Action] E MergeContainer - 114373,0
[Sat Aug 29 14:35:34 UTC 2026][INFO] [Action] E SaveBook - Save
[Sat Aug 29 14:36:17 UTC 2026][INFO] [Action] E InsertTextContent - (c,114515,2),[SPACE]
[Sat Aug 29 14:36:19 UTC 2026][INFO] [Action] E MergeContainer - 114516,0
[Sat Aug 29 14:37:02 UTC 2026][INFO] [Action] E DeleteContent - (r,114357,114373),B
[Sat Aug 29 14:37:05 UTC 2026][INFO] [Action] E MergeContainer - 114357,1
[Sat Aug 29 14:37:07 UTC 2026][INFO] [Action] E SplitContainer - 114357
[Sat Aug 29 14:37:31 UTC 2026][INFO] [Action] E InsertTextContent - (c,114268,2),[SPACE]
[Sat Aug 29 14:37:32 UTC 2026][INFO] [Action] E MergeContainer - 114269,0
[Sat Aug 29 14:37:41 UTC 2026][INFO] [Action] E InsertTextContent - (c,114391,2),[SPACE]
[Sat Aug 29 14:37:42 UTC 2026][INFO] [Action] E InsertTextContent - (c,114392,2),[a]
[Sat Aug 29 14:37:46 UTC 2026][INFO] [Action] E DeleteContent - (c,114393,2),B
[Sat Aug 29 14:37:49 UTC 2026][INFO] [Action] E InsertTextContent - (c,114358,1),[D]
[Sat Aug 29 14:37:50 UTC 2026][INFO] [Action] E InsertTextContent - (c,114358,2),[e]
[Sat Aug 29 14:37:50 UTC 2026][INFO] [Action] E InsertTextContent - (c,114359,2),[e]
[Sat Aug 29 14:37:50 UTC 2026][INFO] [Action] E InsertTextContent - (c,114360,2),[r]
[Sat Aug 29 14:37:51 UTC 2026][INFO] [Action] E InsertTextContent - (c,114361,2),[e]
[Sat Aug 29 14:37:51 UTC 2026][INFO] [Action] E InsertTextContent - (c,114362,2),[k]
[Sat Aug 29 14:37:52 UTC 2026][INFO] [Action] E InsertTextContent - (c,114363,2),[SPACE]
[Sat Aug 29 14:37:52 UTC 2026][INFO] [Action] E InsertTextContent - (c,114364,2),[a]
[Sat Aug 29 14:37:53 UTC 2026][INFO] [Action] E InsertTextContent - (c,114365,2),[s]
[Sat Aug 29 14:37:53 UTC 2026][INFO] [Action] E InsertTextContent - (c,114366,2),[k]
[Sat Aug 29 14:37:53 UTC 2026][INFO] [Action] E InsertTextContent - (c,114367,2),[e]
[Sat Aug 29 14:37:54 UTC 2026][INFO] [Action] E InsertTextContent - (c,114368,2),[d]
[Sat Aug 29 14:37:55 UTC 2026][INFO] [Action] E InsertTextContent - (c,114369,2),[,]
[Sat Aug 29 14:37:55 UTC 2026][INFO] [Action] E InsertTextContent - (c,114370,2),[SPACE]
[Sat Aug 29 14:38:14 UTC 2026][INFO] [Action] E InsertTextContent - (c,114350,1),[T]
[Sat Aug 29 14:38:15 UTC 2026][INFO] [Action] E InsertTextContent - (c,114350,2),[r]
[Sat Aug 29 14:38:15 UTC 2026][INFO] [Action] E InsertTextContent - (c,114351,2),[e]
[Sat Aug 29 14:38:16 UTC 2026][INFO] [Action] E InsertTextContent - (c,114352,2),[v]
[Sat Aug 29 14:38:17 UTC 2026][INFO] [Action] E InsertTextContent - (c,114353,2),[o]
[Sat Aug 29 14:38:17 UTC 2026][INFO] [Action] E InsertTextContent - (c,114354,2),[r]
[Sat Aug 29 14:38:17 UTC 2026][INFO] [Action] E InsertTextContent - (c,114355,2),[SPACE]
[Sat Aug 29 14:38:18 UTC 2026][INFO] [Action] E InsertTextContent - (c,114356,2),[a]
[Sat Aug 29 14:38:19 UTC 2026][INFO] [Action] E InsertTextContent - (c,114357,2),[g]
[Sat Aug 29 14:38:19 UTC 2026][INFO] [Action] E InsertTextContent - (c,114358,2),[r]
[Sat Aug 29 14:38:19 UTC 2026][INFO] [Action] E InsertTextContent - (c,114359,2),[e]
[Sat Aug 29 14:38:20 UTC 2026][INFO] [Action] E InsertTextContent - (c,114360,2),[e]
[Sat Aug 29 14:38:20 UTC 2026][INFO] [Action] E InsertTextContent - (c,114361,2),[d]
[Sat Aug 29 14:38:21 UTC 2026][INFO] [Action] E InsertTextContent - (c,114362,2),[,]
[Sat Aug 29 14:38:21 UTC 2026][INFO] [Action] E InsertTextContent - (c,114363,2),[SPACE]
[Sat Aug 29 14:38:40 UTC 2026][INFO] [Action] E InsertTextContent - (c,114574,2),[SPACE]
[Sat Aug 29 14:38:42 UTC 2026][INFO] [Action] E MergeContainer - 114575,0
[Sat Aug 29 14:39:16 UTC 2026][INFO] [Action] E InsertTextContent - (c,114603,2),[SPACE]
[Sat Aug 29 14:39:18 UTC 2026][INFO] [Action] E MergeContainer - 114604,0
[Sat Aug 29 14:39:56 UTC 2026][INFO] [Action] E InsertTextContent - (r,114615,114615),[SPACE]
[Sat Aug 29 14:39:57 UTC 2026][INFO] [Action] E InsertTextContent - (c,114647,2),[SPACE]
[Sat Aug 29 14:39:59 UTC 2026][INFO] [Action] E MergeContainer - 114648,0
[Sat Aug 29 14:40:16 UTC 2026][INFO] [Action] E InsertTextContent - (c,114700,2),[SPACE]
[Sat Aug 29 14:40:17 UTC 2026][INFO] [Action] E MergeContainer - 114701,0
[Sat Aug 29 14:44:10 UTC 2026][INFO] [Action] E InsertTextContent - (c,114815,2),[SPACE]
[Sat Aug 29 14:44:12 UTC 2026][INFO] [Action] E MergeContainer - 114816,0
[Sat Aug 29 14:44:48 UTC 2026][INFO] [Action] E DeleteContent - (c,114758,1),B
[Sat Aug 29 14:44:49 UTC 2026][INFO] [Action] E InsertTextContent - (c,114757,1),[,]
[Sat Aug 29 14:44:49 UTC 2026][INFO] [Action] E InsertTextContent - (c,114757,2),[SPACE]
[Sat Aug 29 14:44:52 UTC 2026][INFO] [Action] E InsertTextContent - (c,114759,2),[SPACE]
[Sat Aug 29 14:44:54 UTC 2026][INFO] [Action] E InsertTextContent - (c,114760,2),[s]
[Sat Aug 29 14:44:54 UTC 2026][INFO] [Action] E InsertTextContent - (c,114761,2),[h]
[Sat Aug 29 14:44:55 UTC 2026][INFO] [Action] E InsertTextContent - (c,114762,2),[e]
[Sat Aug 29 14:44:56 UTC 2026][INFO] [Action] E InsertTextContent - (c,114763,2),[v]
[Sat Aug 29 14:44:56 UTC 2026][INFO] [Action] E InsertTextContent - (c,114764,2),[SPACE]
[Sat Aug 29 14:44:57 UTC 2026][INFO] [Action] E InsertTextContent - (c,114765,2),[r]
[Sat Aug 29 14:45:02 UTC 2026][INFO] [Action] E DeleteContent - (r,114764,114765),B
[Sat Aug 29 14:45:03 UTC 2026][INFO] [Action] E InsertTextContent - (c,114763,2),[SPACE]
[Sat Aug 29 14:45:06 UTC 2026][INFO] [Action] E InsertTextContent - (c,114765,2),[e]
[Sat Aug 29 14:45:06 UTC 2026][INFO] [Action] E InsertTextContent - (c,114766,2),[p]
[Sat Aug 29 14:45:07 UTC 2026][INFO] [Action] E InsertTextContent - (c,114767,2),[l]
[Sat Aug 29 14:45:07 UTC 2026][INFO] [Action] E InsertTextContent - (c,114768,2),[i]
[Sat Aug 29 14:45:08 UTC 2026][INFO] [Action] E InsertTextContent - (c,114769,2),[e]
[Sat Aug 29 14:45:08 UTC 2026][INFO] [Action] E InsertTextContent - (c,114770,2),[d]
[Sat Aug 29 14:45:10 UTC 2026][INFO] [Action] E InsertTextContent - (c,114771,2),[.]
[Sat Aug 29 14:45:18 UTC 2026][INFO] [Action] E InsertTextContent - (c,114870,2),[SPACE]
[Sat Aug 29 14:45:35 UTC 2026][INFO] [Action] E SplitContainer - 114921
[Sat Aug 29 14:45:53 UTC 2026][INFO] [Action] E InsertTextContent - (c,114940,2),[SPACE]
[Sat Aug 29 14:45:56 UTC 2026][INFO] [Action] E MergeContainer - 114941,0
[Sat Aug 29 14:46:01 UTC 2026][INFO] [Action] E SplitContainer - 114949
[Sat Aug 29 14:46:38 UTC 2026][INFO] [Action] E InsertTextContent - (c,115116,2),[SPACE]
[Sat Aug 29 14:46:39 UTC 2026][INFO] [Action] E MergeContainer - 115117,0
[Sat Aug 29 14:46:42 UTC 2026][INFO] [Action] E InsertTextContent - (c,115135,2),[SPACE]
[Sat Aug 29 14:46:43 UTC 2026][INFO] [Action] E DeleteContent - (r,115137,115137),F
[Sat Aug 29 14:46:44 UTC 2026][INFO] [Action] E MergeContainer - 115136,0
[Sat Aug 29 14:46:45 UTC 2026][INFO] [Action] E DeleteContent - (r,115137,115137),F
[Sat Aug 29 14:46:55 UTC 2026][INFO] [Action] E InsertTextContent - (c,115096,2),[SPACE]
[Sat Aug 29 14:46:57 UTC 2026][INFO] [Action] E MergeContainer - 115097,0
[Sat Aug 29 14:47:29 UTC 2026][INFO] [Action] E InsertTextContent - (c,115033,2),[SPACE]
[Sat Aug 29 14:47:31 UTC 2026][INFO] [Action] E MergeContainer - 115034,0
[Sat Aug 29 14:47:44 UTC 2026][INFO] [Action] E DeleteContent - (c,115061,1),B
[Sat Aug 29 14:47:45 UTC 2026][INFO] [Action] E MergeContainer - 115060,1
[Sat Aug 29 14:47:47 UTC 2026][INFO] [Action] E DeleteContent - (c,115059,2),B
[Sat Aug 29 14:47:47 UTC 2026][INFO] [Action] E InsertTextContent - (c,115059,1),[SPACE]
[Sat Aug 29 14:48:18 UTC 2026][INFO] [Action] E InsertTextContent - (r,115025,115031),[s]
[Sat Aug 29 14:48:19 UTC 2026][INFO] [Action] E InsertTextContent - (c,115025,2),[k]
[Sat Aug 29 14:48:21 UTC 2026][INFO] [Action] E InsertTextContent - (c,115026,2),[e]
[Sat Aug 29 14:48:40 UTC 2026][INFO] [Action] E InsertTextContent - (c,115219,2),[SPACE]
[Sat Aug 29 14:48:41 UTC 2026][INFO] [Action] E MergeContainer - 115220,0
[Sat Aug 29 14:49:30 UTC 2026][INFO] [Action] E InsertTextContent - (c,115233,2),[SPACE]
[Sat Aug 29 14:49:31 UTC 2026][INFO] [Action] E InsertTextContent - (c,115234,2),[a]
[Sat Aug 29 14:49:31 UTC 2026][INFO] [Action] E InsertTextContent - (c,115235,2),[s]
[Sat Aug 29 14:49:32 UTC 2026][INFO] [Action] E InsertTextContent - (c,115236,2),[k]
[Sat Aug 29 14:49:32 UTC 2026][INFO] [Action] E InsertTextContent - (c,115237,2),[e]
[Sat Aug 29 14:49:32 UTC 2026][INFO] [Action] E InsertTextContent - (c,115238,2),[d]
[Sat Aug 29 14:49:33 UTC 2026][INFO] [Action] E InsertTextContent - (c,115239,2),[SPACE]
[Sat Aug 29 14:49:33 UTC 2026][INFO] [Action] E InsertTextContent - (c,115240,2),[W]
[Sat Aug 29 14:49:34 UTC 2026][INFO] [Action] E InsertTextContent - (c,115241,2),[e]
[Sat Aug 29 14:49:34 UTC 2026][INFO] [Action] E InsertTextContent - (c,115242,2),[i]
[Sat Aug 29 14:49:35 UTC 2026][INFO] [Action] E InsertTextContent - (c,115243,2),[n]
[Sat Aug 29 14:49:35 UTC 2026][INFO] [Action] E InsertTextContent - (c,115244,2),[s]
[Sat Aug 29 14:49:35 UTC 2026][INFO] [Action] E InsertTextContent - (c,115245,2),[t]
[Sat Aug 29 14:49:36 UTC 2026][INFO] [Action] E InsertTextContent - (c,115246,2),[e]
[Sat Aug 29 14:49:36 UTC 2026][INFO] [Action] E InsertTextContent - (c,115247,2),[i]
[Sat Aug 29 14:49:36 UTC 2026][INFO] [Action] E InsertTextContent - (c,115248,2),[n]
[Sat Aug 29 14:49:37 UTC 2026][INFO] [Action] E InsertTextContent - (c,115249,2),[.]
[Sat Aug 29 14:49:54 UTC 2026][INFO] [Action] E InsertTextContent - (c,115389,2),[SPACE]
[Sat Aug 29 14:49:55 UTC 2026][INFO] [Action] E MergeContainer - 115390,0
[Sat Aug 29 14:49:58 UTC 2026][INFO] [Action] E DeleteContent - (r,115391,115391),F
[Sat Aug 29 14:50:01 UTC 2026][INFO] [Action] U DeleteContent
[Sat Aug 29 14:50:24 UTC 2026][INFO] [Action] E InsertTextContent - (c,115457,2),[SPACE]
[Sat Aug 29 14:50:26 UTC 2026][INFO] [Action] E MergeContainer - 115458,0
[Sat Aug 29 14:51:00 UTC 2026][INFO] [Action] E InsertTextContent - (c,115557,2),[SPACE]
[Sat Aug 29 14:51:02 UTC 2026][INFO] [Action] E MergeContainer - 115558,0
[Sat Aug 29 14:51:18 UTC 2026][INFO] [Action] E InsertTextContent - (c,115717,2),[SPACE]
[Sat Aug 29 14:51:19 UTC 2026][INFO] [Action] E MergeContainer - 115718,0
[Sat Aug 29 14:52:25 UTC 2026][INFO] [Action] E InsertTextContent - (c,115835,2),[SPACE]
[Sat Aug 29 14:52:26 UTC 2026][INFO] [Action] E MergeContainer - 115836,0
[Sat Aug 29 14:52:38 UTC 2026][INFO] [Action] E InsertTextContent - (c,115984,2),[SPACE]
[Sat Aug 29 14:52:39 UTC 2026][INFO] [Action] E MergeContainer - 115985,0
[Sat Aug 29 14:53:01 UTC 2026][INFO] [Action] E InsertTextContent - (c,116189,2),[SPACE]
[Sat Aug 29 14:53:02 UTC 2026][INFO] [Action] E MergeContainer - 116190,0
[Sat Aug 29 14:53:13 UTC 2026][INFO] [Action] E InsertTextContent - (c,116297,2),[SPACE]
[Sat Aug 29 14:53:13 UTC 2026][INFO] [Action] E MergeContainer - 116298,0
[Sat Aug 29 14:53:39 UTC 2026][INFO] [Action] E InsertTextContent - (c,116354,2),[SPACE]
[Sat Aug 29 14:53:40 UTC 2026][INFO] [Action] E MergeContainer - 116355,0
[Sat Aug 29 14:53:54 UTC 2026][INFO] [Action] E Cut - (r,116277,116298)
[Sat Aug 29 14:54:00 UTC 2026][INFO] [Action] E Paste - (r,116292,116292),22
[Sat Aug 29 14:54:52 UTC 2026][INFO] [Action] E InsertTextContent - (r,116303,116308),[u]
[Sat Aug 29 14:54:52 UTC 2026][INFO] [Action] E InsertTextContent - (c,116303,2),[r]
[Sat Aug 29 14:54:52 UTC 2026][INFO] [Action] E InsertTextContent - (c,116304,2),[g]
[Sat Aug 29 14:54:53 UTC 2026][INFO] [Action] E InsertTextContent - (c,116305,2),[e]
[Sat Aug 29 14:54:55 UTC 2026][INFO] [Action] E DeleteContent - (r,116307,116307),F
[Sat Aug 29 14:54:55 UTC 2026][INFO] [Action] E DeleteContent - (r,116307,116307),F
[Sat Aug 29 14:55:43 UTC 2026][INFO] [Action] U DeleteContent
[Sat Aug 29 14:55:44 UTC 2026][INFO] [Action] U DeleteContent
[Sat Aug 29 14:55:44 UTC 2026][INFO] [Action] U InsertTextContent
[Sat Aug 29 14:55:44 UTC 2026][INFO] [Action] U InsertTextContent
[Sat Aug 29 14:55:45 UTC 2026][INFO] [Action] U InsertTextContent
[Sat Aug 29 14:55:45 UTC 2026][INFO] [Action] U InsertTextContent
[Sat Aug 29 14:57:03 UTC 2026][INFO] [Action] E InsertTextContent - (r,116303,116308),[i]
[Sat Aug 29 14:57:03 UTC 2026][INFO] [Action] E InsertTextContent - (c,116303,2),[n]
[Sat Aug 29 14:57:04 UTC 2026][INFO] [Action] E InsertTextContent - (c,116304,2),[q]
[Sat Aug 29 14:57:04 UTC 2026][INFO] [Action] E InsertTextContent - (c,116305,2),[u]
[Sat Aug 29 14:57:04 UTC 2026][INFO] [Action] E InsertTextContent - (c,116306,2),[i]
[Sat Aug 29 14:57:05 UTC 2026][INFO] [Action] E InsertTextContent - (c,116307,2),[r]
[Sat Aug 29 14:57:05 UTC 2026][INFO] [Action] E InsertTextContent - (c,116308,2),[e]
[Sat Aug 29 14:57:06 UTC 2026][INFO] [Action] E InsertTextContent - (c,116309,2),[d]
[Sat Aug 29 14:57:08 UTC 2026][INFO] [Action] E DeleteContent - (r,116311,116311),F
[Sat Aug 29 14:57:08 UTC 2026][INFO] [Action] E DeleteContent - (r,116311,116311),F
[Sat Aug 29 14:57:08 UTC 2026][INFO] [Action] E DeleteContent - (r,116311,116311),F
[Sat Aug 29 14:57:12 UTC 2026][INFO] [Action] E DeleteContent - (c,116334,2),B
[Sat Aug 29 14:57:14 UTC 2026][INFO] [Action] E InsertTextContent - (c,116334,1),[?]
[Sat Aug 29 14:57:33 UTC 2026][INFO] [Action] E InsertTextContent - (c,116449,2),[SPACE]
[Sat Aug 29 14:57:33 UTC 2026][INFO] [Action] E MergeContainer - 116450,0
[Sat Aug 29 14:57:37 UTC 2026][INFO] [Action] E InsertTextContent - (c,116498,2),[SPACE]
[Sat Aug 29 14:57:38 UTC 2026][INFO] [Action] E MergeContainer - 116499,0
[Sat Aug 29 14:57:51 UTC 2026][INFO] [Action] E InsertTextContent - (c,116537,2),[SPACE]
[Sat Aug 29 14:57:51 UTC 2026][INFO] [Action] E InsertTextContent - (c,116538,2),[SPACE]
[Sat Aug 29 14:57:52 UTC 2026][INFO] [Action] E MergeContainer - 116539,0
[Sat Aug 29 14:57:55 UTC 2026][INFO] [Action] E InsertTextContent - (c,116583,2),[SPACE]
[Sat Aug 29 14:57:56 UTC 2026][INFO] [Action] E MergeContainer - 116584,0
[Sat Aug 29 14:58:11 UTC 2026][INFO] [Action] E InsertTextContent - (c,116699,2),[SPACE]
[Sat Aug 29 14:58:13 UTC 2026][INFO] [Action] E MergeContainer - 116700,0
[Sat Aug 29 14:58:25 UTC 2026][INFO] [Action] E InsertTextContent - (c,116726,2),[SPACE]
[Sat Aug 29 14:58:26 UTC 2026][INFO] [Action] E MergeContainer - 116727,0
[Sat Aug 29 14:58:29 UTC 2026][INFO] [Action] E InsertTextContent - (c,116776,2),[SPACE]
[Sat Aug 29 14:58:30 UTC 2026][INFO] [Action] E MergeContainer - 116777,0
[Sat Aug 29 14:58:33 UTC 2026][INFO] [Action] E InsertTextContent - (c,116806,2),[SPACE]
[Sat Aug 29 14:58:34 UTC 2026][INFO] [Action] E MergeContainer - 116807,0
[Sat Aug 29 14:58:44 UTC 2026][INFO] [Action] E InsertTextContent - (c,116834,2),[SPACE]
[Sat Aug 29 14:58:46 UTC 2026][INFO] [Action] E MergeContainer - 116835,0
[Sat Aug 29 14:58:54 UTC 2026][INFO] [Action] E InsertTextContent - (c,116891,2),[SPACE]
[Sat Aug 29 14:58:56 UTC 2026][INFO] [Action] E MergeContainer - 116892,0
[Sat Aug 29 14:59:02 UTC 2026][INFO] [Action] E InsertTextContent - (c,116957,2),[SPACE]
[Sat Aug 29 14:59:03 UTC 2026][INFO] [Action] E MergeContainer - 116958,0
[Sat Aug 29 14:59:28 UTC 2026][INFO] [Action] E InsertTextContent - (c,116983,2),[SPACE]
[Sat Aug 29 14:59:30 UTC 2026][INFO] [Action] E MergeContainer - 116984,0
[Sat Aug 29 14:59:53 UTC 2026][INFO] [Action] E UpdateStyle - (r,117144,117167),13:350:3,(r,117144,117167),F
[Sat Aug 29 15:00:03 UTC 2026][INFO] [Action] E UpdateStyle - (r,117199,117226),16:10.000000:2,(r,117199,117226),F
[Sat Aug 29 15:00:44 UTC 2026][INFO] [Action] E AddTextContainer - (c,117327,1),1,0,0
[Sat Aug 29 15:00:45 UTC 2026][INFO] [Action] E AddTextContainer - (c,117328,1),1,0,0
[Sat Aug 29 15:00:45 UTC 2026][INFO] [Action] E AddTextContainer - (c,117329,1),1,0,0
[Sat Aug 29 15:00:45 UTC 2026][INFO] [Action] E AddTextContainer - (c,117330,1),1,0,0
[Sat Aug 29 15:00:46 UTC 2026][INFO] [Action] E AddTextContainer - (c,117331,1),1,0,0
[Sat Aug 29 15:01:38 UTC 2026][INFO] [Action] E MergeContainer - 117333,1
[Sat Aug 29 15:01:40 UTC 2026][INFO] [Action] E MergeContainer - 117332,1
[Sat Aug 29 15:01:41 UTC 2026][INFO] [Action] E MergeContainer - 117331,1
[Sat Aug 29 15:01:49 UTC 2026][INFO] [Action] E InsertSectionBreak - (c,117330,2)
[Sat Aug 29 15:03:34 UTC 2026][INFO] [Action] E Copy - (r,117852,118036)
[Sat Aug 29 15:11:07 UTC 2026][INFO] [Action] E Copy - (r,117852,118036)
[Sat Aug 29 15:15:40 UTC 2026][INFO] [Action] E Paste - (r,117852,118036),195
[Sat Aug 29 15:15:48 UTC 2026][INFO] [Action] E MergeContainer - 117852,1
[Sat Aug 29 15:15:49 UTC 2026][INFO] [Action] E SplitContainer - 117852
[Sat Aug 29 15:16:49 UTC 2026][INFO] [Action] E InsertTextContent - (c,118128,1),[W]
[Sat Aug 29 15:16:50 UTC 2026][INFO] [Action] E InsertTextContent - (c,118128,2),[h]
[Sat Aug 29 15:16:50 UTC 2026][INFO] [Action] E InsertTextContent - (c,118129,2),[e]
[Sat Aug 29 15:16:50 UTC 2026][INFO] [Action] E InsertTextContent - (c,118130,2),[n]
[Sat Aug 29 15:16:52 UTC 2026][INFO] [Action] E InsertTextContent - (c,118131,2),[SPACE]
[Sat Aug 29 15:17:04 UTC 2026][INFO] [Action] E InsertTextContent - (c,118156,2),[,]
[Sat Aug 29 15:17:05 UTC 2026][INFO] [Action] E DeleteContent - (r,118158,118158),F
[Sat Aug 29 15:17:06 UTC 2026][INFO] [Action] E MergeContainer - 118157,0
[Sat Aug 29 15:17:07 UTC 2026][INFO] [Action] E InsertTextContent - (c,118157,2),[SPACE]
[Sat Aug 29 15:20:01 UTC 2026][INFO] [Action] E Copy - (r,119459,119469)
[Sat Aug 29 15:20:49 UTC 2026][INFO] [Action] E InsertTextContent - (c,119482,2),[SPACE]
[Sat Aug 29 15:20:49 UTC 2026][INFO] [Action] E InsertTextContent - (c,119483,2),[G]
[Sat Aug 29 15:20:50 UTC 2026][INFO] [Action] E InsertTextContent - (c,119484,2),[e]
[Sat Aug 29 15:20:50 UTC 2026][INFO] [Action] E InsertTextContent - (c,119485,2),[o]
[Sat Aug 29 15:20:51 UTC 2026][INFO] [Action] E InsertTextContent - (c,119486,2),[d]
[Sat Aug 29 15:20:51 UTC 2026][INFO] [Action] E InsertTextContent - (c,119487,2),[e]
[Sat Aug 29 15:20:52 UTC 2026][INFO] [Action] E InsertTextContent - (c,119488,2),[s]
[Sat Aug 29 15:20:52 UTC 2026][INFO] [Action] E InsertTextContent - (c,119489,2),[i]
[Sat Aug 29 15:20:52 UTC 2026][INFO] [Action] E InsertTextContent - (c,119490,2),[c]
[Sat Aug 29 15:20:53 UTC 2026][INFO] [Action] E InsertTextContent - (c,119491,2),[s]
[Sat Aug 29 15:20:53 UTC 2026][INFO] [Action] E InsertTextContent - (c,119492,2),[.]
[Sat Aug 29 15:22:00 UTC 2026][INFO] [Action] E InsertTextContent - (r,120026,120027),[:]
[Sat Aug 29 15:22:01 UTC 2026][INFO] [Action] E InsertTextContent - (c,120026,2),[SPACE]
[Sat Aug 29 15:22:03 UTC 2026][INFO] [Action] E DeleteContent - (c,120028,2),B
[Sat Aug 29 15:22:04 UTC 2026][INFO] [Action] E InsertTextContent - (c,120028,1),[x]
[Sat Aug 29 15:22:06 UTC 2026][INFO] [Action] E DeleteContent - (c,120029,2),B
[Sat Aug 29 15:22:07 UTC 2026][INFO] [Action] E InsertTextContent - (c,120028,2),[,]
[Sat Aug 29 15:22:10 UTC 2026][INFO] [Action] E MergeContainer - 120030,1
[Sat Aug 29 15:22:13 UTC 2026][INFO] [Action] E DeleteContent - (c,120031,2),B
[Sat Aug 29 15:22:14 UTC 2026][INFO] [Action] E InsertTextContent - (c,120031,1),[,]
[Sat Aug 29 15:22:18 UTC 2026][INFO] [Action] E InsertTextContent - (c,120031,2),[z]
[Sat Aug 29 15:22:19 UTC 2026][INFO] [Action] E DeleteContent - (r,120033,120033),F
[Sat Aug 29 15:22:19 UTC 2026][INFO] [Action] E DeleteContent - (r,120033,120033),F
[Sat Aug 29 15:22:38 UTC 2026][INFO] [Action] E Copy - (r,120083,120138)
[Sat Aug 29 15:23:47 UTC 2026][INFO] [Action] E InsertTextContent - (c,120211,2),[SPACE]
[Sat Aug 29 15:23:47 UTC 2026][INFO] [Action] E MergeContainer - 120212,0
[Sat Aug 29 15:24:17 UTC 2026][INFO] [Action] E Copy - (r,120365,120380)
[Sat Aug 29 15:26:09 UTC 2026][INFO] [Action] E Paste - (r,120365,120441),133
[Sat Aug 29 15:26:14 UTC 2026][INFO] [Action] E MergeContainer - 120365,1
[Sat Aug 29 15:26:14 UTC 2026][INFO] [Action] E SplitContainer - 120365
[Sat Aug 29 15:26:22 UTC 2026][INFO] [Action] E InsertTextContent - (c,120177,2),[SPACE]
[Sat Aug 29 15:26:23 UTC 2026][INFO] [Action] E MergeContainer - 120178,0
[Sat Aug 29 15:26:29 UTC 2026][INFO] [Action] E SplitContainer - 120190
[Sat Aug 29 15:26:47 UTC 2026][INFO] [Action] E InsertTextContent - (c,120366,1),[S]
[Sat Aug 29 15:26:47 UTC 2026][INFO] [Action] E InsertTextContent - (c,120366,2),[t]
[Sat Aug 29 15:26:48 UTC 2026][INFO] [Action] E InsertTextContent - (c,120367,2),[i]
[Sat Aug 29 15:26:48 UTC 2026][INFO] [Action] E InsertTextContent - (c,120368,2),[l]
[Sat Aug 29 15:26:48 UTC 2026][INFO] [Action] E InsertTextContent - (c,120369,2),[l]
[Sat Aug 29 15:26:49 UTC 2026][INFO] [Action] E InsertTextContent - (c,120370,2),[,]
[Sat Aug 29 15:26:49 UTC 2026][INFO] [Action] E InsertTextContent - (c,120371,2),[SPACE]
[Sat Aug 29 15:26:49 UTC 2026][INFO] [Action] E InsertTextContent - (c,120372,2),[h]
[Sat Aug 29 15:26:50 UTC 2026][INFO] [Action] E DeleteContent - (r,120374,120374),F
[Sat Aug 29 15:26:59 UTC 2026][INFO] [Action] E InsertTextContent - (c,120506,1),[SPACE]
[Sat Aug 29 15:27:38 UTC 2026][INFO] [Action] E InsertTextContent - (c,120179,1),[W]
[Sat Aug 29 15:27:38 UTC 2026][INFO] [Action] E InsertTextContent - (c,120179,2),[a]
[Sat Aug 29 15:27:39 UTC 2026][INFO] [Action] E InsertTextContent - (c,120180,2),[s]
[Sat Aug 29 15:27:39 UTC 2026][INFO] [Action] E InsertTextContent - (c,120181,2),[SPACE]
[Sat Aug 29 15:27:43 UTC 2026][INFO] [Action] E InsertTextContent - (c,120182,2),[t]
[Sat Aug 29 15:27:44 UTC 2026][INFO] [Action] E InsertTextContent - (c,120183,2),[i]
[Sat Aug 29 15:27:44 UTC 2026][INFO] [Action] E InsertTextContent - (c,120184,2),[m]
[Sat Aug 29 15:27:44 UTC 2026][INFO] [Action] E InsertTextContent - (c,120185,2),[e]
[Sat Aug 29 15:27:44 UTC 2026][INFO] [Action] E InsertTextContent - (c,120186,2),[SPACE]
[Sat Aug 29 15:27:45 UTC 2026][INFO] [Action] E InsertTextContent - (c,120187,2),[s]
[Sat Aug 29 15:27:45 UTC 2026][INFO] [Action] E InsertTextContent - (c,120188,2),[o]
[Sat Aug 29 15:27:45 UTC 2026][INFO] [Action] E InsertTextContent - (c,120189,2),[m]
[Sat Aug 29 15:27:46 UTC 2026][INFO] [Action] E InsertTextContent - (c,120190,2),[e]
[Sat Aug 29 15:27:46 UTC 2026][INFO] [Action] E InsertTextContent - (c,120191,2),[t]
[Sat Aug 29 15:27:46 UTC 2026][INFO] [Action] E InsertTextContent - (c,120192,2),[h]
[Sat Aug 29 15:27:47 UTC 2026][INFO] [Action] E InsertTextContent - (c,120193,2),[i]
[Sat Aug 29 15:27:47 UTC 2026][INFO] [Action] E InsertTextContent - (c,120194,2),[n]
[Sat Aug 29 15:27:48 UTC 2026][INFO] [Action] E InsertTextContent - (c,120195,2),[g]
[Sat Aug 29 15:27:49 UTC 2026][INFO] [Action] E InsertTextContent - (c,120196,2),[SPACE]
[Sat Aug 29 15:27:49 UTC 2026][INFO] [Action] E InsertTextContent - (c,120197,2),[SPACE]
[Sat Aug 29 15:27:52 UTC 2026][INFO] [Action] E InsertTextContent - (c,120208,2),[SPACE]
[Sat Aug 29 15:27:53 UTC 2026][INFO] [Action] E InsertTextContent - (c,120209,2),[A]
[Sat Aug 29 15:27:54 UTC 2026][INFO] [Action] E InsertTextContent - (c,120210,2),[n]
[Sat Aug 29 15:27:54 UTC 2026][INFO] [Action] E InsertTextContent - (c,120211,2),[SPACE]
[Sat Aug 29 15:27:54 UTC 2026][INFO] [Action] E InsertTextContent - (c,120212,2),[i]
[Sat Aug 29 15:27:55 UTC 2026][INFO] [Action] E InsertTextContent - (c,120213,2),[m]
[Sat Aug 29 15:27:55 UTC 2026][INFO] [Action] E InsertTextContent - (c,120214,2),[a]
[Sat Aug 29 15:27:56 UTC 2026][INFO] [Action] E InsertTextContent - (c,120215,2),[g]
[Sat Aug 29 15:27:56 UTC 2026][INFO] [Action] E InsertTextContent - (c,120216,2),[i]
[Sat Aug 29 15:27:56 UTC 2026][INFO] [Action] E InsertTextContent - (c,120217,2),[n]
[Sat Aug 29 15:27:57 UTC 2026][INFO] [Action] E InsertTextContent - (c,120218,2),[a]
[Sat Aug 29 15:27:57 UTC 2026][INFO] [Action] E InsertTextContent - (c,120219,2),[r]
[Sat Aug 29 15:27:58 UTC 2026][INFO] [Action] E InsertTextContent - (c,120220,2),[y]
[Sat Aug 29 15:27:58 UTC 2026][INFO] [Action] E InsertTextContent - (c,120221,2),[SPACE]
[Sat Aug 29 15:27:59 UTC 2026][INFO] [Action] E InsertTextContent - (c,120222,2),[n]
[Sat Aug 29 15:27:59 UTC 2026][INFO] [Action] E InsertTextContent - (c,120223,2),[u]
[Sat Aug 29 15:27:59 UTC 2026][INFO] [Action] E InsertTextContent - (c,120224,2),[m]
[Sat Aug 29 15:28:00 UTC 2026][INFO] [Action] E InsertTextContent - (c,120225,2),[b]
[Sat Aug 29 15:28:01 UTC 2026][INFO] [Action] E InsertTextContent - (c,120226,2),[e]
[Sat Aug 29 15:28:01 UTC 2026][INFO] [Action] E InsertTextContent - (c,120227,2),[r]
[Sat Aug 29 15:28:02 UTC 2026][INFO] [Action] E InsertTextContent - (c,120228,2),[?]
[Sat Aug 29 15:29:55 UTC 2026][INFO] [Action] E Cut - (r,120283,120406)
[Sat Aug 29 15:29:57 UTC 2026][INFO] [Action] E Paste - (r,120186,120186),124
[Sat Aug 29 15:30:05 UTC 2026][INFO] [Action] U Paste
[Sat Aug 29 15:30:14 UTC 2026][INFO] [Action] U Cut
[Sat Aug 29 15:30:22 UTC 2026][INFO] [Action] E Cut - (r,120283,120406)
[Sat Aug 29 15:30:24 UTC 2026][INFO] [Action] E InsertTextContent - (c,120230,2),[SPACE]
[Sat Aug 29 15:30:25 UTC 2026][INFO] [Action] E InsertTextContent - (c,120231,2),[SPACE]
[Sat Aug 29 15:30:26 UTC 2026][INFO] [Action] E Paste - (c,120232,2),124
[Sat Aug 29 15:30:31 UTC 2026][INFO] [Action] E DeleteContent - (r,120230,120230),F
[Sat Aug 29 15:30:32 UTC 2026][INFO] [Action] E DeleteContent - (r,120230,120230),F
[Sat Aug 29 15:30:34 UTC 2026][INFO] [Action] E InsertTextContent - (c,120229,2),[SPACE]
[Sat Aug 29 15:30:34 UTC 2026][INFO] [Action] E InsertTextContent - (c,120230,2),[S]
[Sat Aug 29 15:30:35 UTC 2026][INFO] [Action] E InsertTextContent - (c,120231,2),[u]
[Sat Aug 29 15:30:35 UTC 2026][INFO] [Action] E InsertTextContent - (c,120232,2),[r]
[Sat Aug 29 15:30:35 UTC 2026][INFO] [Action] E InsertTextContent - (c,120233,2),[e]
[Sat Aug 29 15:30:36 UTC 2026][INFO] [Action] E InsertTextContent - (c,120234,2),[,]
[Sat Aug 29 15:30:36 UTC 2026][INFO] [Action] E InsertTextContent - (c,120235,2),[SPACE]
[Sat Aug 29 15:30:38 UTC 2026][INFO] [Action] E InsertTextContent - (c,120236,2),[i]
[Sat Aug 29 15:30:38 UTC 2026][INFO] [Action] E DeleteContent - (r,120238,120238),F
[Sat Aug 29 15:30:39 UTC 2026][INFO] [Action] E DeleteContent - (r,120238,120238),F
[Sat Aug 29 15:31:02 UTC 2026][INFO] [Action] E InsertTextContent - (r,120210,120210),[N]
[Sat Aug 29 15:31:02 UTC 2026][INFO] [Action] E InsertTextContent - (c,120210,2),[o]
[Sat Aug 29 15:31:02 UTC 2026][INFO] [Action] E InsertTextContent - (c,120211,2),[t]
[Sat Aug 29 15:31:03 UTC 2026][INFO] [Action] E InsertTextContent - (c,120212,2),[SPACE]
[Sat Aug 29 15:31:03 UTC 2026][INFO] [Action] E InsertTextContent - (c,120213,2),[j]
[Sat Aug 29 15:31:04 UTC 2026][INFO] [Action] E InsertTextContent - (c,120214,2),[u]
[Sat Aug 29 15:31:04 UTC 2026][INFO] [Action] E InsertTextContent - (c,120215,2),[s]
[Sat Aug 29 15:31:05 UTC 2026][INFO] [Action] E InsertTextContent - (c,120216,2),[t]
[Sat Aug 29 15:31:09 UTC 2026][INFO] [Action] E InsertTextContent - (c,120217,2),[SPACE]
[Sat Aug 29 15:31:11 UTC 2026][INFO] [Action] E InsertTextContent - (c,120218,2),[a]
[Sat Aug 29 15:31:23 UTC 2026][INFO] [Action] E InsertTextContent - (c,120237,2),[SPACE]
[Sat Aug 29 15:31:24 UTC 2026][INFO] [Action] E InsertTextContent - (c,120238,2),[i]
[Sat Aug 29 15:31:25 UTC 2026][INFO] [Action] E InsertTextContent - (c,120239,2),[n]
[Sat Aug 29 15:31:26 UTC 2026][INFO] [Action] E InsertTextContent - (c,120240,2),[SPACE]
[Sat Aug 29 15:31:26 UTC 2026][INFO] [Action] E InsertTextContent - (c,120241,2),[t]
[Sat Aug 29 15:31:26 UTC 2026][INFO] [Action] E InsertTextContent - (c,120242,2),[h]
[Sat Aug 29 15:31:26 UTC 2026][INFO] [Action] E InsertTextContent - (c,120243,2),[e]
[Sat Aug 29 15:31:27 UTC 2026][INFO] [Action] E InsertTextContent - (c,120244,2),[SPACE]
[Sat Aug 29 15:31:27 UTC 2026][INFO] [Action] E InsertTextContent - (c,120245,2),[f]
[Sat Aug 29 15:31:27 UTC 2026][INFO] [Action] E InsertTextContent - (c,120246,2),[o]
[Sat Aug 29 15:31:28 UTC 2026][INFO] [Action] E InsertTextContent - (c,120247,2),[r]
[Sat Aug 29 15:31:28 UTC 2026][INFO] [Action] E InsertTextContent - (c,120248,2),[m]
[Sat Aug 29 15:31:29 UTC 2026][INFO] [Action] E InsertTextContent - (c,120249,2),[u]
[Sat Aug 29 15:31:29 UTC 2026][INFO] [Action] E InsertTextContent - (c,120250,2),[l]
[Sat Aug 29 15:31:30 UTC 2026][INFO] [Action] E InsertTextContent - (c,120251,2),[a]
[Sat Aug 29 15:32:06 UTC 2026][INFO] [Action] E DeleteContent - (c,120253,1),B
[Sat Aug 29 15:32:06 UTC 2026][INFO] [Action] E DeleteContent - (c,120252,1),B
[Sat Aug 29 15:32:06 UTC 2026][INFO] [Action] E DeleteContent - (c,120251,1),B
[Sat Aug 29 15:32:07 UTC 2026][INFO] [Action] E DeleteContent - (c,120250,1),B
[Sat Aug 29 15:32:07 UTC 2026][INFO] [Action] E DeleteContent - (c,120249,1),B
[Sat Aug 29 15:32:07 UTC 2026][INFO] [Action] E DeleteContent - (c,120248,1),B
[Sat Aug 29 15:32:09 UTC 2026][INFO] [Action] E DeleteContent - (c,120247,1),B
[Sat Aug 29 15:32:10 UTC 2026][INFO] [Action] E InsertTextContent - (c,120246,1),[e]
[Sat Aug 29 15:32:10 UTC 2026][INFO] [Action] E InsertTextContent - (c,120246,2),[q]
[Sat Aug 29 15:32:11 UTC 2026][INFO] [Action] E InsertTextContent - (c,120247,2),[u]
[Sat Aug 29 15:32:11 UTC 2026][INFO] [Action] E InsertTextContent - (c,120248,2),[a]
[Sat Aug 29 15:32:11 UTC 2026][INFO] [Action] E InsertTextContent - (c,120249,2),[t]
[Sat Aug 29 15:32:12 UTC 2026][INFO] [Action] E InsertTextContent - (c,120250,2),[i]
[Sat Aug 29 15:32:12 UTC 2026][INFO] [Action] E InsertTextContent - (c,120251,2),[o]
[Sat Aug 29 15:32:12 UTC 2026][INFO] [Action] E InsertTextContent - (c,120252,2),[n]
[Sat Aug 29 15:32:13 UTC 2026][INFO] [Action] E InsertTextContent - (c,120253,2),[s]
[Sat Aug 29 15:32:26 UTC 2026][INFO] [Action] E InsertTextContent - (r,120208,120208),[SPACE]
[Sat Aug 29 15:32:26 UTC 2026][INFO] [Action] E InsertTextContent - (c,120208,2),[-]
[Sat Aug 29 15:32:27 UTC 2026][INFO] [Action] E InsertTextContent - (c,120209,2),[SPACE]
[Sat Aug 29 15:32:30 UTC 2026][INFO] [Action] E DeleteContent - (r,120212,120212),F
[Sat Aug 29 15:32:31 UTC 2026][INFO] [Action] E InsertTextContent - (c,120211,2),[n]
[Sat Aug 29 15:32:36 UTC 2026][INFO] [Action] E SplitContainer - 120259
[Sat Aug 29 15:33:34 UTC 2026][INFO] [Action] E Cut - (r,120620,120674)
[Sat Aug 29 15:33:40 UTC 2026][INFO] [Action] E InsertTextContent - (c,120304,1),[SPACE]
[Sat Aug 29 15:33:42 UTC 2026][INFO] [Action] E Paste - (c,120304,2),55
[Sat Aug 29 15:33:45 UTC 2026][INFO] [Action] E InsertTextContent - (c,120302,2),[SPACE]
[Sat Aug 29 15:33:46 UTC 2026][INFO] [Action] E DeleteContent - (r,120304,120304),F
[Sat Aug 29 15:33:46 UTC 2026][INFO] [Action] E DeleteContent - (r,120304,120304),F
[Sat Aug 29 15:33:50 UTC 2026][INFO] [Action] E InsertTextContent - (c,120359,1),[SPACE]
[Sat Aug 29 15:34:32 UTC 2026][INFO] [Action] E InsertTextContent - (c,120645,1),[j]
[Sat Aug 29 15:34:32 UTC 2026][INFO] [Action] E InsertTextContent - (c,120645,2),[u]
[Sat Aug 29 15:34:32 UTC 2026][INFO] [Action] E InsertTextContent - (c,120646,2),[s]
[Sat Aug 29 15:34:33 UTC 2026][INFO] [Action] E InsertTextContent - (c,120647,2),[t]
[Sat Aug 29 15:34:33 UTC 2026][INFO] [Action] E InsertTextContent - (c,120648,2),[SPACE]
[Sat Aug 29 15:34:33 UTC 2026][INFO] [Action] E InsertTextContent - (c,120649,2),[t]
[Sat Aug 29 15:34:33 UTC 2026][INFO] [Action] E InsertTextContent - (c,120650,2),[h]
[Sat Aug 29 15:34:34 UTC 2026][INFO] [Action] E InsertTextContent - (c,120651,2),[e]
[Sat Aug 29 15:34:34 UTC 2026][INFO] [Action] E InsertTextContent - (c,120652,2),[SPACE]
[Sat Aug 29 15:34:34 UTC 2026][INFO] [Action] E InsertTextContent - (c,120653,2),[u]
[Sat Aug 29 15:34:35 UTC 2026][INFO] [Action] E InsertTextContent - (c,120654,2),[s]
[Sat Aug 29 15:34:35 UTC 2026][INFO] [Action] E InsertTextContent - (c,120655,2),[u]
[Sat Aug 29 15:34:35 UTC 2026][INFO] [Action] E InsertTextContent - (c,120656,2),[a]
[Sat Aug 29 15:34:36 UTC 2026][INFO] [Action] E InsertTextContent - (c,120657,2),[l]
[Sat Aug 29 15:34:36 UTC 2026][INFO] [Action] E InsertTextContent - (c,120658,2),[\]
[Sat Aug 29 15:34:38 UTC 2026][INFO] [Action] E DeleteContent - (c,120659,2),B
[Sat Aug 29 15:34:39 UTC 2026][INFO] [Action] E DeleteContent - (r,120659,120659),F
[Sat Aug 29 15:34:46 UTC 2026][INFO] [Action] E DeleteContent - (c,120504,1),B
[Sat Aug 29 15:34:46 UTC 2026][INFO] [Action] E DeleteContent - (c,120503,1),B
[Sat Aug 29 15:34:46 UTC 2026][INFO] [Action] E DeleteContent - (c,120502,1),B
[Sat Aug 29 15:34:46 UTC 2026][INFO] [Action] E DeleteContent - (c,120501,1),B
[Sat Aug 29 15:34:47 UTC 2026][INFO] [Action] E DeleteContent - (c,120500,1),B
[Sat Aug 29 15:34:47 UTC 2026][INFO] [Action] E DeleteContent - (c,120499,1),B
[Sat Aug 29 15:34:48 UTC 2026][INFO] [Action] E DeleteContent - (c,120498,1),B
[Sat Aug 29 15:34:49 UTC 2026][INFO] [Action] E InsertTextContent - (c,120497,1),[H]
[Sat Aug 29 15:34:50 UTC 2026][INFO] [Action] E DeleteContent - (r,120498,120498),F
[Sat Aug 29 15:37:35 UTC 2026][INFO] [Action] E InsertTextContent - (c,121935,2),[SPACE]
[Sat Aug 29 15:37:35 UTC 2026][INFO] [Action] E InsertTextContent - (c,121936,2),[i]
[Sat Aug 29 15:37:36 UTC 2026][INFO] [Action] E InsertTextContent - (c,121937,2),[n]
[Sat Aug 29 15:37:36 UTC 2026][INFO] [Action] E InsertTextContent - (c,121938,2),[n]
[Sat Aug 29 15:37:36 UTC 2026][INFO] [Action] E InsertTextContent - (c,121939,2),[SPACE]
[Sat Aug 29 15:37:41 UTC 2026][INFO] [Action] E InsertTextContent - (c,121940,2),[a]
[Sat Aug 29 15:37:51 UTC 2026][INFO] [Action] E InsertTextContent - (c,121941,2),[SPACE]
[Sat Aug 29 15:37:51 UTC 2026][INFO] [Action] E InsertTextContent - (c,121942,2),[m]
[Sat Aug 29 15:37:51 UTC 2026][INFO] [Action] E InsertTextContent - (c,121943,2),[o]
[Sat Aug 29 15:37:52 UTC 2026][INFO] [Action] E InsertTextContent - (c,121944,2),[r]
[Sat Aug 29 15:37:52 UTC 2026][INFO] [Action] E InsertTextContent - (c,121945,2),[e]
[Sat Aug 29 15:37:53 UTC 2026][INFO] [Action] E InsertTextContent - (c,121946,2),[SPACE]
[Sat Aug 29 15:37:54 UTC 2026][INFO] [Action] E InsertTextContent - (c,121947,2),[l]
[Sat Aug 29 15:37:54 UTC 2026][INFO] [Action] E InsertTextContent - (c,121948,2),[i]
[Sat Aug 29 15:37:54 UTC 2026][INFO] [Action] E InsertTextContent - (c,121949,2),[t]
[Sat Aug 29 15:37:55 UTC 2026][INFO] [Action] E InsertTextContent - (c,121950,2),[e]
[Sat Aug 29 15:37:55 UTC 2026][INFO] [Action] E InsertTextContent - (c,121951,2),[r]
[Sat Aug 29 15:37:56 UTC 2026][INFO] [Action] E InsertTextContent - (c,121952,2),[a]
[Sat Aug 29 15:37:56 UTC 2026][INFO] [Action] E InsertTextContent - (c,121953,2),[l]
[Sat Aug 29 15:37:56 UTC 2026][INFO] [Action] E InsertTextContent - (c,121954,2),[SPACE]
[Sat Aug 29 15:37:57 UTC 2026][INFO] [Action] E InsertTextContent - (c,121955,2),[s]
[Sat Aug 29 15:37:57 UTC 2026][INFO] [Action] E InsertTextContent - (c,121956,2),[e]
[Sat Aug 29 15:37:58 UTC 2026][INFO] [Action] E InsertTextContent - (c,121957,2),[n]
[Sat Aug 29 15:37:58 UTC 2026][INFO] [Action] E InsertTextContent - (c,121958,2),[s]
[Sat Aug 29 15:37:58 UTC 2026][INFO] [Action] E InsertTextContent - (c,121959,2),[e]
[Sat Aug 29 15:37:59 UTC 2026][INFO] [Action] E InsertTextContent - (c,121960,2),[SPACE]
[Sat Aug 29 15:37:59 UTC 2026][INFO] [Action] E InsertTextContent - (c,121961,2),[t]
[Sat Aug 29 15:37:59 UTC 2026][INFO] [Action] E InsertTextContent - (c,121962,2),[h]
[Sat Aug 29 15:38:00 UTC 2026][INFO] [Action] E InsertTextContent - (c,121963,2),[a]
[Sat Aug 29 15:38:01 UTC 2026][INFO] [Action] E InsertTextContent - (c,121964,2),[n]
[Sat Aug 29 15:38:01 UTC 2026][INFO] [Action] E InsertTextContent - (c,121965,2),[SPACE]
[Sat Aug 29 15:38:01 UTC 2026][INFO] [Action] E InsertTextContent - (c,121966,2),[m]
[Sat Aug 29 15:38:02 UTC 2026][INFO] [Action] E InsertTextContent - (c,121967,2),[a]
[Sat Aug 29 15:38:04 UTC 2026][INFO] [Action] E InsertTextContent - (c,121968,2),[t]
[Sat Aug 29 15:38:05 UTC 2026][INFO] [Action] E InsertTextContent - (c,121969,2),[h]
[Sat Aug 29 15:38:06 UTC 2026][INFO] [Action] E InsertTextContent - (c,121970,2),[e]
[Sat Aug 29 15:38:07 UTC 2026][INFO] [Action] E InsertTextContent - (c,121971,2),[m]
[Sat Aug 29 15:38:07 UTC 2026][INFO] [Action] E InsertTextContent - (c,121972,2),[a]
[Sat Aug 29 15:38:07 UTC 2026][INFO] [Action] E InsertTextContent - (c,121973,2),[t]
[Sat Aug 29 15:38:08 UTC 2026][INFO] [Action] E InsertTextContent - (c,121974,2),[i]
[Sat Aug 29 15:38:09 UTC 2026][INFO] [Action] E InsertTextContent - (c,121975,2),[c]
[Sat Aug 29 15:38:09 UTC 2026][INFO] [Action] E InsertTextContent - (c,121976,2),[s]
[Sat Aug 29 15:38:13 UTC 2026][INFO] [Action] E DeleteContent - (c,121939,2),B
[Sat Aug 29 15:38:18 UTC 2026][INFO] [Action] E InsertTextContent - (c,121966,1),[i]
[Sat Aug 29 15:38:19 UTC 2026][INFO] [Action] E InsertTextContent - (c,121966,2),[n]
[Sat Aug 29 15:38:19 UTC 2026][INFO] [Action] E InsertTextContent - (c,121967,2),[SPACE]
[Sat Aug 29 15:38:20 UTC 2026][INFO] [Action] E InsertTextContent - (c,121968,2),[j]
[Sat Aug 29 15:38:20 UTC 2026][INFO] [Action] E InsertTextContent - (c,121969,2),[u]
[Sat Aug 29 15:38:21 UTC 2026][INFO] [Action] E InsertTextContent - (c,121970,2),[s]
[Sat Aug 29 15:38:21 UTC 2026][INFO] [Action] E InsertTextContent - (c,121971,2),[t]
[Sat Aug 29 15:38:21 UTC 2026][INFO] [Action] E InsertTextContent - (c,121972,2),[SPACE]
[Sat Aug 29 15:38:42 UTC 2026][INFO] [Action] E MergeContainer - 122169,1
[Sat Aug 29 15:38:47 UTC 2026][INFO] [Action] E UpdateStyle - (c,122168,2),49:0.250000:2,(r,122168,122168),F
[Sat Aug 29 15:38:48 UTC 2026][INFO] [Action] E UpdateStyle - (c,122168,2),49:0.500000:2,(r,122168,122168),F
[Sat Aug 29 15:38:51 UTC 2026][INFO] [Action] E MergeContainer - 122203,1
[Sat Aug 29 15:38:55 UTC 2026][INFO] [Action] E UpdateStyle - (c,122202,2),49:0.250000:2,(r,122202,122202),F
[Sat Aug 29 15:38:56 UTC 2026][INFO] [Action] E UpdateStyle - (c,122202,2),49:0.500000:2,(r,122202,122202),F
[Sat Aug 29 15:38:59 UTC 2026][INFO] [Action] E MergeContainer - 122224,1
[Sat Aug 29 15:39:03 UTC 2026][INFO] [Action] E UpdateStyle - (c,122223,2),49:0.250000:2,(r,122223,122223),F
[Sat Aug 29 15:39:06 UTC 2026][INFO] [Action] E MergeContainer - 122250,1
[Sat Aug 29 15:39:09 UTC 2026][INFO] [Action] E UpdateStyle - (c,122249,2),49:0.250000:2,(r,122249,122249),F
[Sat Aug 29 15:39:13 UTC 2026][INFO] [Action] E UpdateStyle - (c,122249,2),49:0.500000:2,(r,122249,122249),F
[Sat Aug 29 15:40:09 UTC 2026][INFO] [Action] E MergeContainer - 166,0
[Sat Aug 29 15:40:10 UTC 2026][INFO] [Action] E MergeContainer - 166,0
[Sat Aug 29 15:40:14 UTC 2026][INFO] [Action] E AddTextContainer - (c,174,2),0,0,0
[Sat Aug 29 15:40:16 UTC 2026][INFO] [Action] E AddTextContainer - (c,175,1),1,0,0
[Sat Aug 29 15:40:18 UTC 2026][INFO] [Action] E InsertTextContent - (c,176,1),[T]
[Sat Aug 29 15:40:19 UTC 2026][INFO] [Action] E InsertTextContent - (c,176,2),[h]
[Sat Aug 29 15:40:24 UTC 2026][INFO] [Action] E InsertTextContent - (c,177,2),[e]
[Sat Aug 29 15:40:24 UTC 2026][INFO] [Action] E InsertTextContent - (c,178,2),[SPACE]
[Sat Aug 29 15:40:25 UTC 2026][INFO] [Action] E InsertTextContent - (c,179,2),[n]
[Sat Aug 29 15:40:25 UTC 2026][INFO] [Action] E InsertTextContent - (c,180,2),[a]
[Sat Aug 29 15:40:26 UTC 2026][INFO] [Action] E InsertTextContent - (c,181,2),[m]
[Sat Aug 29 15:40:26 UTC 2026][INFO] [Action] E InsertTextContent - (c,182,2),[e]
[Sat Aug 29 15:40:27 UTC 2026][INFO] [Action] E InsertTextContent - (c,183,2),[s]
[Sat Aug 29 15:40:27 UTC 2026][INFO] [Action] E InsertTextContent - (c,184,2),[SPACE]
[Sat Aug 29 15:40:28 UTC 2026][INFO] [Action] E InsertTextContent - (c,185,2),[o]
[Sat Aug 29 15:40:32 UTC 2026][INFO] [Action] E InsertTextContent - (c,186,2),[f]
[Sat Aug 29 15:40:33 UTC 2026][INFO] [Action] E InsertTextContent - (c,187,2),[SPACE]
[Sat Aug 29 15:40:37 UTC 2026][INFO] [Action] E InsertTextContent - (c,188,2),[a]
[Sat Aug 29 15:40:38 UTC 2026][INFO] [Action] E InsertTextContent - (c,189,2),[c]
[Sat Aug 29 15:40:38 UTC 2026][INFO] [Action] E InsertTextContent - (c,190,2),[t]
[Sat Aug 29 15:40:39 UTC 2026][INFO] [Action] E InsertTextContent - (c,191,2),[u]
[Sat Aug 29 15:40:39 UTC 2026][INFO] [Action] E InsertTextContent - (c,192,2),[a]
[Sat Aug 29 15:40:39 UTC 2026][INFO] [Action] E InsertTextContent - (c,193,2),[l]
[Sat Aug 29 15:40:40 UTC 2026][INFO] [Action] E InsertTextContent - (c,194,2),[SPACE]
[Sat Aug 29 15:40:42 UTC 2026][INFO] [Action] E InsertTextContent - (c,195,2),[p]
[Sat Aug 29 15:40:42 UTC 2026][INFO] [Action] E InsertTextContent - (c,196,2),[e]
[Sat Aug 29 15:40:43 UTC 2026][INFO] [Action] E InsertTextContent - (c,197,2),[r]
[Sat Aug 29 15:40:43 UTC 2026][INFO] [Action] E InsertTextContent - (c,198,2),[s]
[Sat Aug 29 15:40:44 UTC 2026][INFO] [Action] E InsertTextContent - (c,199,2),[o]
[Sat Aug 29 15:40:44 UTC 2026][INFO] [Action] E InsertTextContent - (c,200,2),[n]
[Sat Aug 29 15:40:45 UTC 2026][INFO] [Action] E InsertTextContent - (c,201,2),[s]
[Sat Aug 29 15:40:46 UTC 2026][INFO] [Action] E InsertTextContent - (c,202,2),[SPACE]
[Sat Aug 29 15:40:48 UTC 2026][INFO] [Action] E InsertTextContent - (c,203,2),[h]
[Sat Aug 29 15:40:49 UTC 2026][INFO] [Action] E InsertTextContent - (c,204,2),[a]
[Sat Aug 29 15:40:50 UTC 2026][INFO] [Action] E InsertTextContent - (c,205,2),[v]
[Sat Aug 29 15:40:50 UTC 2026][INFO] [Action] E InsertTextContent - (c,206,2),[e]
[Sat Aug 29 15:40:50 UTC 2026][INFO] [Action] E InsertTextContent - (c,207,2),[SPACE]
[Sat Aug 29 15:40:51 UTC 2026][INFO] [Action] E InsertTextContent - (c,208,2),[b]
[Sat Aug 29 15:40:51 UTC 2026][INFO] [Action] E InsertTextContent - (c,209,2),[e]
[Sat Aug 29 15:40:51 UTC 2026][INFO] [Action] E InsertTextContent - (c,210,2),[e]
[Sat Aug 29 15:40:52 UTC 2026][INFO] [Action] E InsertTextContent - (c,211,2),[n]
[Sat Aug 29 15:40:52 UTC 2026][INFO] [Action] E InsertTextContent - (c,212,2),[SPACE]
[Sat Aug 29 15:40:53 UTC 2026][INFO] [Action] E InsertTextContent - (c,213,2),[c]
[Sat Aug 29 15:40:53 UTC 2026][INFO] [Action] E InsertTextContent - (c,214,2),[h]
[Sat Aug 29 15:40:54 UTC 2026][INFO] [Action] E InsertTextContent - (c,215,2),[a]
[Sat Aug 29 15:40:54 UTC 2026][INFO] [Action] E InsertTextContent - (c,216,2),[n]
[Sat Aug 29 15:40:54 UTC 2026][INFO] [Action] E InsertTextContent - (c,217,2),[g]
[Sat Aug 29 15:40:55 UTC 2026][INFO] [Action] E InsertTextContent - (c,218,2),[e]
[Sat Aug 29 15:40:55 UTC 2026][INFO] [Action] E InsertTextContent - (c,219,2),[d]
[Sat Aug 29 15:40:55 UTC 2026][INFO] [Action] E InsertTextContent - (c,220,2),[SPACE]
[Sat Aug 29 15:41:07 UTC 2026][INFO] [Action] E InsertTextContent - (c,221,2),[t]
[Sat Aug 29 15:41:07 UTC 2026][INFO] [Action] E InsertTextContent - (c,222,2),[o]
[Sat Aug 29 15:41:08 UTC 2026][INFO] [Action] E InsertTextContent - (c,223,2),[SPACE]
[Sat Aug 29 15:41:08 UTC 2026][INFO] [Action] E InsertTextContent - (c,224,2),[a]
[Sat Aug 29 15:41:09 UTC 2026][INFO] [Action] E InsertTextContent - (c,225,2),[v]
[Sat Aug 29 15:41:09 UTC 2026][INFO] [Action] E InsertTextContent - (c,226,2),[o]
[Sat Aug 29 15:41:10 UTC 2026][INFO] [Action] E InsertTextContent - (c,227,2),[i]
[Sat Aug 29 15:41:10 UTC 2026][INFO] [Action] E InsertTextContent - (c,228,2),[d]
[Sat Aug 29 15:41:10 UTC 2026][INFO] [Action] E InsertTextContent - (c,229,2),[SPACE]
[Sat Aug 29 15:41:12 UTC 2026][INFO] [Action] E InsertTextContent - (c,230,2),[t]
[Sat Aug 29 15:41:12 UTC 2026][INFO] [Action] E InsertTextContent - (c,231,2),[h]
[Sat Aug 29 15:41:12 UTC 2026][INFO] [Action] E InsertTextContent - (c,232,2),[e]
[Sat Aug 29 15:41:13 UTC 2026][INFO] [Action] E InsertTextContent - (c,233,2),[SPACE]
[Sat Aug 29 15:41:14 UTC 2026][INFO] [Action] E InsertTextContent - (c,234,2),[n]
[Sat Aug 29 15:41:14 UTC 2026][INFO] [Action] E InsertTextContent - (c,235,2),[e]
[Sat Aug 29 15:41:14 UTC 2026][INFO] [Action] E InsertTextContent - (c,236,2),[e]
[Sat Aug 29 15:41:15 UTC 2026][INFO] [Action] E InsertTextContent - (c,237,2),[d]
[Sat Aug 29 15:41:16 UTC 2026][INFO] [Action] E InsertTextContent - (c,238,2),[SPACE]
[Sat Aug 29 15:41:17 UTC 2026][INFO] [Action] E InsertTextContent - (c,239,2),[o]
[Sat Aug 29 15:41:18 UTC 2026][INFO] [Action] E InsertTextContent - (c,240,2),[f]
[Sat Aug 29 15:41:18 UTC 2026][INFO] [Action] E InsertTextContent - (c,241,2),[SPACE]
[Sat Aug 29 15:41:18 UTC 2026][INFO] [Action] E InsertTextContent - (c,242,2),[t]
[Sat Aug 29 15:41:19 UTC 2026][INFO] [Action] E InsertTextContent - (c,243,2),[h]
[Sat Aug 29 15:41:19 UTC 2026][INFO] [Action] E InsertTextContent - (c,244,2),[e]
[Sat Aug 29 15:41:19 UTC 2026][INFO] [Action] E InsertTextContent - (c,245,2),[i]
[Sat Aug 29 15:41:20 UTC 2026][INFO] [Action] E InsertTextContent - (c,246,2),[r]
[Sat Aug 29 15:41:20 UTC 2026][INFO] [Action] E InsertTextContent - (c,247,2),[SPACE]
[Sat Aug 29 15:41:21 UTC 2026][INFO] [Action] E InsertTextContent - (c,248,2),[m]
[Sat Aug 29 15:41:21 UTC 2026][INFO] [Action] E InsertTextContent - (c,249,2),[i]
[Sat Aug 29 15:41:22 UTC 2026][INFO] [Action] E InsertTextContent - (c,250,2),[s]
[Sat Aug 29 15:41:22 UTC 2026][INFO] [Action] E InsertTextContent - (c,251,2),[p]
[Sat Aug 29 15:41:23 UTC 2026][INFO] [Action] E InsertTextContent - (c,252,2),[l]
[Sat Aug 29 15:41:23 UTC 2026][INFO] [Action] E InsertTextContent - (c,253,2),[a]
[Sat Aug 29 15:41:23 UTC 2026][INFO] [Action] E InsertTextContent - (c,254,2),[c]
[Sat Aug 29 15:41:24 UTC 2026][INFO] [Action] E InsertTextContent - (c,255,2),[e]
[Sat Aug 29 15:41:24 UTC 2026][INFO] [Action] E InsertTextContent - (c,256,2),[m]
[Sat Aug 29 15:41:25 UTC 2026][INFO] [Action] E InsertTextContent - (c,257,2),[e]
[Sat Aug 29 15:41:25 UTC 2026][INFO] [Action] E InsertTextContent - (c,258,2),[n]
[Sat Aug 29 15:41:25 UTC 2026][INFO] [Action] E InsertTextContent - (c,259,2),[t]
[Sat Aug 29 15:41:25 UTC 2026][INFO] [Action] E InsertTextContent - (c,260,2),[SPACE]
[Sat Aug 29 15:41:26 UTC 2026][INFO] [Action] E InsertTextContent - (c,261,2),[i]
[Sat Aug 29 15:41:26 UTC 2026][INFO] [Action] E InsertTextContent - (c,262,2),[n]
[Sat Aug 29 15:41:26 UTC 2026][INFO] [Action] E InsertTextContent - (c,263,2),[SPACE]
[Sat Aug 29 15:41:27 UTC 2026][INFO] [Action] E InsertTextContent - (c,264,2),[t]
[Sat Aug 29 15:41:27 UTC 2026][INFO] [Action] E InsertTextContent - (c,265,2),[i]
[Sat Aug 29 15:41:27 UTC 2026][INFO] [Action] E InsertTextContent - (c,266,2),[m]
[Sat Aug 29 15:41:28 UTC 2026][INFO] [Action] E InsertTextContent - (c,267,2),[e]
[Sat Aug 29 15:41:31 UTC 2026][INFO] [Action] E InsertTextContent - (c,268,2),[.]
[Sat Aug 29 15:41:31 UTC 2026][INFO] [Action] E InsertTextContent - (c,269,2),[SPACE]
[Sat Aug 29 15:41:34 UTC 2026][INFO] [Action] E InsertTextContent - (c,270,2),[A]
[Sat Aug 29 15:41:35 UTC 2026][INFO] [Action] E InsertTextContent - (c,271,2),[n]
[Sat Aug 29 15:41:36 UTC 2026][INFO] [Action] E InsertTextContent - (c,272,2),[y]
[Sat Aug 29 15:41:36 UTC 2026][INFO] [Action] E InsertTextContent - (c,273,2),[SPACE]
[Sat Aug 29 15:41:36 UTC 2026][INFO] [Action] E InsertTextContent - (c,274,2),[s]
[Sat Aug 29 15:41:37 UTC 2026][INFO] [Action] E InsertTextContent - (c,275,2),[i]
[Sat Aug 29 15:41:37 UTC 2026][INFO] [Action] E InsertTextContent - (c,276,2),[m]
[Sat Aug 29 15:41:37 UTC 2026][INFO] [Action] E InsertTextContent - (c,277,2),[i]
[Sat Aug 29 15:41:38 UTC 2026][INFO] [Action] E InsertTextContent - (c,278,2),[l]
[Sat Aug 29 15:41:38 UTC 2026][INFO] [Action] E InsertTextContent - (c,279,2),[a]
[Sat Aug 29 15:41:39 UTC 2026][INFO] [Action] E InsertTextContent - (c,280,2),[r]
[Sat Aug 29 15:41:39 UTC 2026][INFO] [Action] E InsertTextContent - (c,281,2),[i]
[Sat Aug 29 15:41:40 UTC 2026][INFO] [Action] E InsertTextContent - (c,282,2),[t]
[Sat Aug 29 15:41:40 UTC 2026][INFO] [Action] E InsertTextContent - (c,283,2),[y]
[Sat Aug 29 15:41:41 UTC 2026][INFO] [Action] E InsertTextContent - (c,284,2),[SPACE]
[Sat Aug 29 15:41:46 UTC 2026][INFO] [Action] E InsertTextContent - (c,285,2),[o]
[Sat Aug 29 15:41:47 UTC 2026][INFO] [Action] E InsertTextContent - (c,286,2),[f]
[Sat Aug 29 15:41:48 UTC 2026][INFO] [Action] E InsertTextContent - (c,287,2),[SPACE]
[Sat Aug 29 15:41:48 UTC 2026][INFO] [Action] E InsertTextContent - (c,288,2),[s]
[Sat Aug 29 15:41:49 UTC 2026][INFO] [Action] E InsertTextContent - (c,289,2),[u]
[Sat Aug 29 15:41:49 UTC 2026][INFO] [Action] E InsertTextContent - (c,290,2),[c]
[Sat Aug 29 15:41:49 UTC 2026][INFO] [Action] E InsertTextContent - (c,291,2),[h]
[Sat Aug 29 15:41:50 UTC 2026][INFO] [Action] E InsertTextContent - (c,292,2),[SPACE]
[Sat Aug 29 15:41:50 UTC 2026][INFO] [Action] E InsertTextContent - (c,293,2),[n]
[Sat Aug 29 15:41:51 UTC 2026][INFO] [Action] E InsertTextContent - (c,294,2),[a]
[Sat Aug 29 15:41:51 UTC 2026][INFO] [Action] E InsertTextContent - (c,295,2),[m]
[Sat Aug 29 15:41:52 UTC 2026][INFO] [Action] E InsertTextContent - (c,296,2),[e]
[Sat Aug 29 15:41:52 UTC 2026][INFO] [Action] E InsertTextContent - (c,297,2),[s]
[Sat Aug 29 15:41:52 UTC 2026][INFO] [Action] E InsertTextContent - (c,298,2),[SPACE]
[Sat Aug 29 15:41:53 UTC 2026][INFO] [Action] E InsertTextContent - (c,299,2),[t]
[Sat Aug 29 15:41:53 UTC 2026][INFO] [Action] E InsertTextContent - (c,300,2),[o]
[Sat Aug 29 15:41:54 UTC 2026][INFO] [Action] E InsertTextContent - (c,301,2),[SPACE]
[Sat Aug 29 15:41:54 UTC 2026][INFO] [Action] E InsertTextContent - (c,302,2),[t]
[Sat Aug 29 15:41:54 UTC 2026][INFO] [Action] E InsertTextContent - (c,303,2),[h]
[Sat Aug 29 15:41:55 UTC 2026][INFO] [Action] E InsertTextContent - (c,304,2),[e]
[Sat Aug 29 15:41:55 UTC 2026][INFO] [Action] E InsertTextContent - (c,305,2),[SPACE]
[Sat Aug 29 15:41:56 UTC 2026][INFO] [Action] E InsertTextContent - (c,306,2),[n]
[Sat Aug 29 15:41:57 UTC 2026][INFO] [Action] E InsertTextContent - (c,307,2),[a]
[Sat Aug 29 15:41:58 UTC 2026][INFO] [Action] E InsertTextContent - (c,308,2),[m]
[Sat Aug 29 15:41:58 UTC 2026][INFO] [Action] E InsertTextContent - (c,309,2),[e]
[Sat Aug 29 15:41:58 UTC 2026][INFO] [Action] E InsertTextContent - (c,310,2),[s]
[Sat Aug 29 15:41:59 UTC 2026][INFO] [Action] E InsertTextContent - (c,311,2),[SPACE]
[Sat Aug 29 15:41:59 UTC 2026][INFO] [Action] E InsertTextContent - (c,312,2),[o]
[Sat Aug 29 15:42:00 UTC 2026][INFO] [Action] E InsertTextContent - (c,313,2),[f]
[Sat Aug 29 15:42:00 UTC 2026][INFO] [Action] E InsertTextContent - (c,314,2),[SPACE]
[Sat Aug 29 15:42:01 UTC 2026][INFO] [Action] E InsertTextContent - (c,315,2),[a]
[Sat Aug 29 15:42:02 UTC 2026][INFO] [Action] E InsertTextContent - (c,316,2),[v]
[Sat Aug 29 15:42:02 UTC 2026][INFO] [Action] E InsertTextContent - (c,317,2),[=]
[Sat Aug 29 15:42:03 UTC 2026][INFO] [Action] E InsertTextContent - (c,318,2),[c]
[Sat Aug 29 15:42:03 UTC 2026][INFO] [Action] E InsertTextContent - (c,319,2),[t]
[Sat Aug 29 15:42:04 UTC 2026][INFO] [Action] E InsertTextContent - (c,320,2),[u]
[Sat Aug 29 15:42:04 UTC 2026][INFO] [Action] E InsertTextContent - (c,321,2),[a]
[Sat Aug 29 15:42:05 UTC 2026][INFO] [Action] E InsertTextContent - (c,322,2),[l]
[Sat Aug 29 15:42:05 UTC 2026][INFO] [Action] E InsertTextContent - (c,323,2),[SPACE]
[Sat Aug 29 15:42:05 UTC 2026][INFO] [Action] E InsertTextContent - (c,324,2),[p]
[Sat Aug 29 15:42:06 UTC 2026][INFO] [Action] E InsertTextContent - (c,325,2),[e]
[Sat Aug 29 15:42:06 UTC 2026][INFO] [Action] E InsertTextContent - (c,326,2),[r]
[Sat Aug 29 15:42:06 UTC 2026][INFO] [Action] E InsertTextContent - (c,327,2),[s]
[Sat Aug 29 15:42:08 UTC 2026][INFO] [Action] E InsertTextContent - (c,328,2),[o]
[Sat Aug 29 15:42:08 UTC 2026][INFO] [Action] E InsertTextContent - (c,329,2),[n]
[Sat Aug 29 15:42:08 UTC 2026][INFO] [Action] E InsertTextContent - (c,330,2),[s]
[Sat Aug 29 15:42:09 UTC 2026][INFO] [Action] E InsertTextContent - (c,331,2),[,]
[Sat Aug 29 15:42:09 UTC 2026][INFO] [Action] E InsertTextContent - (c,332,2),[SPACE]
[Sat Aug 29 15:42:10 UTC 2026][INFO] [Action] E InsertTextContent - (c,333,2),[w]
[Sat Aug 29 15:42:10 UTC 2026][INFO] [Action] E InsertTextContent - (c,334,2),[h]
[Sat Aug 29 15:42:10 UTC 2026][INFO] [Action] E InsertTextContent - (c,335,2),[e]
[Sat Aug 29 15:42:11 UTC 2026][INFO] [Action] E InsertTextContent - (c,336,2),[t]
[Sat Aug 29 15:42:11 UTC 2026][INFO] [Action] E InsertTextContent - (c,337,2),[h]
[Sat Aug 29 15:42:11 UTC 2026][INFO] [Action] E InsertTextContent - (c,338,2),[e]
[Sat Aug 29 15:42:11 UTC 2026][INFO] [Action] E InsertTextContent - (c,339,2),[r]
[Sat Aug 29 15:42:12 UTC 2026][INFO] [Action] E InsertTextContent - (c,340,2),[SPACE]
[Sat Aug 29 15:42:13 UTC 2026][INFO] [Action] E InsertTextContent - (c,341,2),[a]
[Sat Aug 29 15:42:13 UTC 2026][INFO] [Action] E InsertTextContent - (c,342,2),[l]
[Sat Aug 29 15:42:13 UTC 2026][INFO] [Action] E InsertTextContent - (c,343,2),[i]
[Sat Aug 29 15:42:14 UTC 2026][INFO] [Action] E InsertTextContent - (c,344,2),[v]
[Sat Aug 29 15:42:14 UTC 2026][INFO] [Action] E InsertTextContent - (c,345,2),[e]
[Sat Aug 29 15:42:14 UTC 2026][INFO] [Action] E InsertTextContent - (c,346,2),[SPACE]
[Sat Aug 29 15:42:15 UTC 2026][INFO] [Action] E InsertTextContent - (c,347,2),[o]
[Sat Aug 29 15:42:15 UTC 2026][INFO] [Action] E InsertTextContent - (c,348,2),[r]
[Sat Aug 29 15:42:15 UTC 2026][INFO] [Action] E InsertTextContent - (c,349,2),[SPACE]
[Sat Aug 29 15:42:16 UTC 2026][INFO] [Action] E InsertTextContent - (c,350,2),[n]
[Sat Aug 29 15:42:17 UTC 2026][INFO] [Action] E InsertTextContent - (c,351,2),[o]
[Sat Aug 29 15:42:17 UTC 2026][INFO] [Action] E InsertTextContent - (c,352,2),[t]
[Sat Aug 29 15:42:19 UTC 2026][INFO] [Action] E InsertTextContent - (c,353,2),[,]
[Sat Aug 29 15:42:20 UTC 2026][INFO] [Action] E InsertTextContent - (c,354,2),[SPACE]
[Sat Aug 29 15:42:22 UTC 2026][INFO] [Action] E InsertTextContent - (c,355,2),[i]
[Sat Aug 29 15:42:23 UTC 2026][INFO] [Action] E InsertTextContent - (c,356,2),[s]
[Sat Aug 29 15:42:23 UTC 2026][INFO] [Action] E InsertTextContent - (c,357,2),[SPACE]
[Sat Aug 29 15:42:24 UTC 2026][INFO] [Action] E InsertTextContent - (c,358,2),[n]
[Sat Aug 29 15:42:25 UTC 2026][INFO] [Action] E InsertTextContent - (c,359,2),[o]
[Sat Aug 29 15:42:25 UTC 2026][INFO] [Action] E InsertTextContent - (c,360,2),[t]
[Sat Aug 29 15:42:25 UTC 2026][INFO] [Action] E InsertTextContent - (c,361,2),[SPACE]
[Sat Aug 29 15:42:26 UTC 2026][INFO] [Action] E InsertTextContent - (c,362,2),[c]
[Sat Aug 29 15:42:26 UTC 2026][INFO] [Action] E InsertTextContent - (c,363,2),[o]
[Sat Aug 29 15:42:26 UTC 2026][INFO] [Action] E InsertTextContent - (c,364,2),[i]
[Sat Aug 29 15:42:28 UTC 2026][INFO] [Action] E InsertTextContent - (c,365,2),[n]
[Sat Aug 29 15:42:28 UTC 2026][INFO] [Action] E InsertTextContent - (c,366,2),[c]
[Sat Aug 29 15:42:28 UTC 2026][INFO] [Action] E InsertTextContent - (c,367,2),[i]
[Sat Aug 29 15:42:29 UTC 2026][INFO] [Action] E InsertTextContent - (c,368,2),[d]
[Sat Aug 29 15:42:29 UTC 2026][INFO] [Action] E InsertTextContent - (c,369,2),[e]
[Sat Aug 29 15:42:29 UTC 2026][INFO] [Action] E InsertTextContent - (c,370,2),[n]
[Sat Aug 29 15:42:29 UTC 2026][INFO] [Action] E InsertTextContent - (c,371,2),[t]
[Sat Aug 29 15:42:30 UTC 2026][INFO] [Action] E InsertTextContent - (c,372,2),[a]
[Sat Aug 29 15:42:30 UTC 2026][INFO] [Action] E InsertTextContent - (c,373,2),[l]
[Sat Aug 29 15:42:32 UTC 2026][INFO] [Action] E InsertTextContent - (c,374,2),[.]
[Sat Aug 29 15:42:41 UTC 2026][INFO] [Action] E InsertTextContent - (r,189,194),[c]
[Sat Aug 29 15:42:41 UTC 2026][INFO] [Action] E InsertTextContent - (c,189,2),[e]
[Sat Aug 29 15:42:42 UTC 2026][INFO] [Action] E InsertTextContent - (c,190,2),[r]
[Sat Aug 29 15:42:42 UTC 2026][INFO] [Action] E InsertTextContent - (c,191,2),[t]
[Sat Aug 29 15:42:42 UTC 2026][INFO] [Action] E InsertTextContent - (c,192,2),[a]
[Sat Aug 29 15:42:43 UTC 2026][INFO] [Action] E InsertTextContent - (c,193,2),[i]
[Sat Aug 29 15:42:43 UTC 2026][INFO] [Action] E InsertTextContent - (c,194,2),[n]
[Sat Aug 29 15:43:04 UTC 2026][INFO] [Action] E InsertTextContent - (c,205,1),[i]
[Sat Aug 29 15:43:06 UTC 2026][INFO] [Action] E InsertTextContent - (c,205,2),[n]
[Sat Aug 29 15:43:06 UTC 2026][INFO] [Action] E InsertTextContent - (c,206,2),[SPACE]
[Sat Aug 29 15:43:06 UTC 2026][INFO] [Action] E InsertTextContent - (c,207,2),[t]
[Sat Aug 29 15:43:06 UTC 2026][INFO] [Action] E InsertTextContent - (c,208,2),[h]
[Sat Aug 29 15:43:07 UTC 2026][INFO] [Action] E InsertTextContent - (c,209,2),[i]
[Sat Aug 29 15:43:08 UTC 2026][INFO] [Action] E InsertTextContent - (c,210,2),[s]
[Sat Aug 29 15:43:08 UTC 2026][INFO] [Action] E InsertTextContent - (c,211,2),[SPACE]
[Sat Aug 29 15:43:12 UTC 2026][INFO] [Action] E InsertTextContent - (c,212,2),[w]
[Sat Aug 29 15:43:13 UTC 2026][INFO] [Action] E InsertTextContent - (c,213,2),[o]
[Sat Aug 29 15:43:13 UTC 2026][INFO] [Action] E InsertTextContent - (c,214,2),[r]
[Sat Aug 29 15:43:13 UTC 2026][INFO] [Action] E InsertTextContent - (c,215,2),[k]
[Sat Aug 29 15:43:14 UTC 2026][INFO] [Action] E InsertTextContent - (c,216,2),[SPACE]
[Sat Aug 29 15:43:14 UTC 2026][INFO] [Action] E InsertTextContent - (c,217,2),[o]
[Sat Aug 29 15:43:15 UTC 2026][INFO] [Action] E InsertTextContent - (c,218,2),[f]
[Sat Aug 29 15:43:15 UTC 2026][INFO] [Action] E InsertTextContent - (c,219,2),[SPACE]
[Sat Aug 29 15:43:15 UTC 2026][INFO] [Action] E InsertTextContent - (c,220,2),[f]
[Sat Aug 29 15:43:15 UTC 2026][INFO] [Action] E InsertTextContent - (c,221,2),[i]
[Sat Aug 29 15:43:16 UTC 2026][INFO] [Action] E InsertTextContent - (c,222,2),[c]
[Sat Aug 29 15:43:16 UTC 2026][INFO] [Action] E InsertTextContent - (c,223,2),[t]
[Sat Aug 29 15:43:17 UTC 2026][INFO] [Action] E InsertTextContent - (c,224,2),[i]
[Sat Aug 29 15:43:17 UTC 2026][INFO] [Action] E InsertTextContent - (c,225,2),[o]
[Sat Aug 29 15:43:17 UTC 2026][INFO] [Action] E InsertTextContent - (c,226,2),[n]
[Sat Aug 29 15:43:19 UTC 2026][INFO] [Action] E InsertTextContent - (c,227,2),[SPACE]
[Sat Aug 29 15:43:39 UTC 2026][INFO] [Action] E InsertTextContent - (c,265,1),[t]
[Sat Aug 29 15:43:39 UTC 2026][INFO] [Action] E InsertTextContent - (c,265,2),[o]
[Sat Aug 29 15:43:40 UTC 2026][INFO] [Action] E InsertTextContent - (c,266,2),[SPACE]
[Sat Aug 29 15:43:40 UTC 2026][INFO] [Action] E InsertTextContent - (c,267,2),[e]
[Sat Aug 29 15:43:41 UTC 2026][INFO] [Action] E InsertTextContent - (c,268,2),[x]
[Sat Aug 29 15:43:41 UTC 2026][INFO] [Action] E InsertTextContent - (c,269,2),[p]
[Sat Aug 29 15:43:42 UTC 2026][INFO] [Action] E InsertTextContent - (c,270,2),[l]
[Sat Aug 29 15:43:42 UTC 2026][INFO] [Action] E InsertTextContent - (c,271,2),[a]
[Sat Aug 29 15:43:42 UTC 2026][INFO] [Action] E InsertTextContent - (c,272,2),[i]
[Sat Aug 29 15:43:43 UTC 2026][INFO] [Action] E InsertTextContent - (c,273,2),[n]
[Sat Aug 29 15:43:44 UTC 2026][INFO] [Action] E DeleteContent - (r,275,275),F
[Sat Aug 29 15:43:45 UTC 2026][INFO] [Action] E DeleteContent - (r,275,275),F
[Sat Aug 29 15:43:54 UTC 2026][INFO] [Action] E InsertTextContent - (c,302,1),[,]
[Sat Aug 29 15:43:54 UTC 2026][INFO] [Action] E InsertTextContent - (c,302,2),[SPACE]
[Sat Aug 29 15:43:54 UTC 2026][INFO] [Action] E InsertTextContent - (c,303,2),[o]
[Sat Aug 29 15:43:55 UTC 2026][INFO] [Action] E InsertTextContent - (c,304,2),[r]
[Sat Aug 29 15:43:55 UTC 2026][INFO] [Action] E InsertTextContent - (c,305,2),[SPACE]
[Sat Aug 29 15:44:05 UTC 2026][INFO] [Action] E InsertTextContent - (c,306,2),[t]
[Sat Aug 29 15:44:06 UTC 2026][INFO] [Action] E InsertTextContent - (c,307,2),[h]
[Sat Aug 29 15:44:06 UTC 2026][INFO] [Action] E InsertTextContent - (c,308,2),[e]
[Sat Aug 29 15:44:06 UTC 2026][INFO] [Action] E InsertTextContent - (c,309,2),[SPACE]
[Sat Aug 29 15:44:07 UTC 2026][INFO] [Action] E InsertTextContent - (c,310,2),[l]
[Sat Aug 29 15:44:08 UTC 2026][INFO] [Action] E InsertTextContent - (c,311,2),[e]
[Sat Aug 29 15:44:08 UTC 2026][INFO] [Action] E InsertTextContent - (c,312,2),[g]
[Sat Aug 29 15:44:09 UTC 2026][INFO] [Action] E InsertTextContent - (c,313,2),[a]
[Sat Aug 29 15:44:09 UTC 2026][INFO] [Action] E InsertTextContent - (c,314,2),[l]
[Sat Aug 29 15:44:10 UTC 2026][INFO] [Action] E InsertTextContent - (c,315,2),[i]
[Sat Aug 29 15:44:10 UTC 2026][INFO] [Action] E InsertTextContent - (c,316,2),[t]
[Sat Aug 29 15:44:10 UTC 2026][INFO] [Action] E InsertTextContent - (c,317,2),[y]
[Sat Aug 29 15:44:10 UTC 2026][INFO] [Action] E InsertTextContent - (c,318,2),[SPACE]
[Sat Aug 29 15:44:11 UTC 2026][INFO] [Action] E InsertTextContent - (c,319,2),[o]
[Sat Aug 29 15:44:12 UTC 2026][INFO] [Action] E InsertTextContent - (c,320,2),[f]
[Sat Aug 29 15:44:12 UTC 2026][INFO] [Action] E InsertTextContent - (c,321,2),[SPACE]
[Sat Aug 29 15:44:16 UTC 2026][INFO] [Action] E InsertTextContent - (c,322,2),[c]
[Sat Aug 29 15:44:17 UTC 2026][INFO] [Action] E InsertTextContent - (c,323,2),[l]
[Sat Aug 29 15:44:17 UTC 2026][INFO] [Action] E InsertTextContent - (c,324,2),[a]
[Sat Aug 29 15:44:17 UTC 2026][INFO] [Action] E InsertTextContent - (c,325,2),[i]
[Sat Aug 29 15:44:18 UTC 2026][INFO] [Action] E InsertTextContent - (c,326,2),[m]
[Sat Aug 29 15:44:18 UTC 2026][INFO] [Action] E InsertTextContent - (c,327,2),[i]
[Sat Aug 29 15:44:18 UTC 2026][INFO] [Action] E InsertTextContent - (c,328,2),[n]
[Sat Aug 29 15:44:19 UTC 2026][INFO] [Action] E InsertTextContent - (c,329,2),[g]
[Sat Aug 29 15:44:19 UTC 2026][INFO] [Action] E InsertTextContent - (c,330,2),[SPACE]
[Sat Aug 29 15:44:19 UTC 2026][INFO] [Action] E InsertTextContent - (c,331,2),[t]
[Sat Aug 29 15:44:19 UTC 2026][INFO] [Action] E InsertTextContent - (c,332,2),[h]
[Sat Aug 29 15:44:20 UTC 2026][INFO] [Action] E InsertTextContent - (c,333,2),[e]
[Sat Aug 29 15:44:20 UTC 2026][INFO] [Action] E InsertTextContent - (c,334,2),[i]
[Sat Aug 29 15:44:20 UTC 2026][INFO] [Action] E InsertTextContent - (c,335,2),[r]
[Sat Aug 29 15:44:21 UTC 2026][INFO] [Action] E InsertTextContent - (c,336,2),[SPACE]
[Sat Aug 29 15:44:21 UTC 2026][INFO] [Action] E InsertTextContent - (c,337,2),[p]
[Sat Aug 29 15:44:21 UTC 2026][INFO] [Action] E InsertTextContent - (c,338,2),[a]
[Sat Aug 29 15:44:22 UTC 2026][INFO] [Action] E InsertTextContent - (c,339,2),[r]
[Sat Aug 29 15:44:22 UTC 2026][INFO] [Action] E InsertTextContent - (c,340,2),[t]
[Sat Aug 29 15:44:23 UTC 2026][INFO] [Action] E InsertTextContent - (c,341,2),[o]
[Sat Aug 29 15:44:23 UTC 2026][INFO] [Action] E DeleteContent - (c,342,2),B
[Sat Aug 29 15:44:24 UTC 2026][INFO] [Action] E InsertTextContent - (c,342,1),[i]
[Sat Aug 29 15:44:24 UTC 2026][INFO] [Action] E InsertTextContent - (c,342,2),[c]
[Sat Aug 29 15:44:25 UTC 2026][INFO] [Action] E InsertTextContent - (c,343,2),[i]
[Sat Aug 29 15:44:26 UTC 2026][INFO] [Action] E InsertTextContent - (c,344,2),[p]
[Sat Aug 29 15:44:26 UTC 2026][INFO] [Action] E InsertTextContent - (c,345,2),[a]
[Sat Aug 29 15:44:26 UTC 2026][INFO] [Action] E InsertTextContent - (c,346,2),[t]
[Sat Aug 29 15:44:27 UTC 2026][INFO] [Action] E InsertTextContent - (c,347,2),[i]
[Sat Aug 29 15:44:27 UTC 2026][INFO] [Action] E InsertTextContent - (c,348,2),[o]
[Sat Aug 29 15:44:28 UTC 2026][INFO] [Action] E InsertTextContent - (c,349,2),[n]
[Sat Aug 29 15:44:39 UTC 2026][INFO] [Action] E DeleteContent - (c,401,1),B
[Sat Aug 29 15:44:40 UTC 2026][INFO] [Action] E DeleteContent - (c,400,1),B
[Sat Aug 29 15:44:42 UTC 2026][INFO] [Action] E InsertTextContent - (c,399,1),[n]
[Sat Aug 29 15:44:43 UTC 2026][INFO] [Action] E InsertTextContent - (c,399,2),[SPACE]
[Sat Aug 29 15:44:43 UTC 2026][INFO] [Action] E InsertTextContent - (c,400,2),[a]
[Sat Aug 29 15:44:47 UTC 2026][INFO] [Action] E DeleteContent - (c,414,2),B
[Sat Aug 29 15:44:54 UTC 2026][INFO] [Action] E DeleteContent - (c,399,2),B
[Sat Aug 29 15:44:54 UTC 2026][INFO] [Action] E DeleteContent - (c,399,1),B
[Sat Aug 29 15:44:55 UTC 2026][INFO] [Action] E DeleteContent - (c,398,1),B
[Sat Aug 29 15:44:58 UTC 2026][INFO] [Action] E InsertTextContent - (c,410,2),[s]
[Sat Aug 29 15:45:14 UTC 2026][INFO] [Action] E InsertTextContent - (c,454,2),[,]
[Sat Aug 29 15:45:14 UTC 2026][INFO] [Action] E InsertTextContent - (c,455,2),[SPACE]
[Sat Aug 29 15:45:15 UTC 2026][INFO] [Action] E InsertTextContent - (c,456,2),[a]
[Sat Aug 29 15:45:15 UTC 2026][INFO] [Action] E InsertTextContent - (c,457,2),[p]
[Sat Aug 29 15:45:15 UTC 2026][INFO] [Action] E InsertTextContent - (c,458,2),[p]
[Sat Aug 29 15:45:15 UTC 2026][INFO] [Action] E InsertTextContent - (c,459,2),[a]
[Sat Aug 29 15:45:16 UTC 2026][INFO] [Action] E InsertTextContent - (c,460,2),[r]
[Sat Aug 29 15:45:16 UTC 2026][INFO] [Action] E InsertTextContent - (c,461,2),[e]
[Sat Aug 29 15:45:17 UTC 2026][INFO] [Action] E InsertTextContent - (c,462,2),[n]
[Sat Aug 29 15:45:17 UTC 2026][INFO] [Action] E InsertTextContent - (c,463,2),[t]
[Sat Aug 29 15:45:17 UTC 2026][INFO] [Action] E InsertTextContent - (c,464,2),[l]
[Sat Aug 29 15:45:18 UTC 2026][INFO] [Action] E InsertTextContent - (c,465,2),[y]
[Sat Aug 29 15:45:47 UTC 2026][INFO] [Action] E Copy - (r,176,467)
[Sat Aug 29 15:54:06 UTC 2026][INFO] [Action] E Paste - (r,176,467),233
[Sat Aug 29 15:54:19 UTC 2026][INFO] [Action] E InsertTextContent - (r,294,296),[']
[Sat Aug 29 15:54:31 UTC 2026][INFO] [Action] E MergeContainer - 414,1
[Sat Aug 29 15:54:33 UTC 2026][INFO] [Action] E MergeContainer - 407,1
[Sat Aug 29 15:54:42 UTC 2026][INFO] [Action] E MergeContainer - 406,0
[Sat Aug 29 15:54:42 UTC 2026][INFO] [Action] E MergeContainer - 406,0
[Sat Aug 29 15:54:43 UTC 2026][INFO] [Action] E MergeContainer - 406,0
[Sat Aug 29 15:54:44 UTC 2026][INFO] [Action] E MergeContainer - 406,0
[Sat Aug 29 15:54:44 UTC 2026][INFO] [Action] E MergeContainer - 406,0
[Sat Aug 29 15:54:45 UTC 2026][INFO] [Action] E MergeContainer - 406,0
[Sat Aug 29 15:54:58 UTC 2026][INFO] [Action] E DeleteContent - (r,422,422),F
[Sat Aug 29 15:54:59 UTC 2026][INFO] [Action] E DeleteContent - (r,422,422),F
[Sat Aug 29 15:55:00 UTC 2026][INFO] [Action] E DeleteContent - (r,422,422),F
[Sat Aug 29 15:55:02 UTC 2026][INFO] [Action] U DeleteContent
[Sat Aug 29 15:55:02 UTC 2026][INFO] [Action] U DeleteContent
[Sat Aug 29 15:55:03 UTC 2026][INFO] [Action] U DeleteContent
[Sat Aug 29 15:55:03 UTC 2026][INFO] [Action] U MergeContainer
[Sat Aug 29 15:55:07 UTC 2026][INFO] [Action] E MergeContainer - 407,0
[Sat Aug 29 15:55:07 UTC 2026][INFO] [Action] E MergeContainer - 407,0
[Sat Aug 29 15:55:08 UTC 2026][INFO] [Action] E MergeContainer - 407,0
[Sat Aug 29 15:55:10 UTC 2026][INFO] [Action] E DeleteContent - (r,407,407),F
[Sat Aug 29 15:55:10 UTC 2026][INFO] [Action] E DeleteContent - (r,407,407),F
[Sat Aug 29 15:55:11 UTC 2026][INFO] [Action] E DeleteContent - (r,407,407),F
[Sat Aug 29 15:55:11 UTC 2026][INFO] [Action] E DeleteContent - (r,407,407),F
[Sat Aug 29 15:55:11 UTC 2026][INFO] [Action] E DeleteContent - (r,407,407),F
[Sat Aug 29 15:55:11 UTC 2026][INFO] [Action] E DeleteContent - (r,407,407),F
[Sat Aug 29 15:55:12 UTC 2026][INFO] [Action] E DeleteContent - (r,407,407),F
[Sat Aug 29 15:55:12 UTC 2026][INFO] [Action] E DeleteContent - (r,407,407),F
[Sat Aug 29 15:55:12 UTC 2026][INFO] [Action] E DeleteContent - (r,407,407),F
[Sat Aug 29 15:55:12 UTC 2026][INFO] [Action] E DeleteContent - (r,407,407),F
[Sat Aug 29 15:55:12 UTC 2026][INFO] [Action] E DeleteContent - (r,407,407),F
[Sat Aug 29 15:55:13 UTC 2026][INFO] [Action] E DeleteContent - (r,407,407),F
[Sat Aug 29 15:55:13 UTC 2026][INFO] [Action] E DeleteContent - (r,407,407),F
[Sat Aug 29 15:55:15 UTC 2026][INFO] [Action] E InsertTextContent - (c,407,1),[SPACE]
[Sat Aug 29 15:55:15 UTC 2026][INFO] [Action] E InsertTextContent - (c,407,2),[SPACE]
[Sat Aug 29 15:55:15 UTC 2026][INFO] [Action] E InsertTextContent - (c,408,2),[SPACE]
[Sat Aug 29 15:55:15 UTC 2026][INFO] [Action] E InsertTextContent - (c,409,2),[SPACE]
[Sat Aug 29 15:55:15 UTC 2026][INFO] [Action] E InsertTextContent - (c,410,2),[SPACE]
[Sat Aug 29 15:55:16 UTC 2026][INFO] [Action] E InsertTextContent - (c,411,2),[SPACE]
[Sat Aug 29 15:55:16 UTC 2026][INFO] [Action] E InsertTextContent - (c,412,2),[SPACE]
[Sat Aug 29 15:55:16 UTC 2026][INFO] [Action] E InsertTextContent - (c,413,2),[SPACE]
[Sat Aug 29 15:55:16 UTC 2026][INFO] [Action] E InsertTextContent - (c,414,2),[SPACE]
[Sat Aug 29 15:55:16 UTC 2026][INFO] [Action] E InsertTextContent - (c,415,2),[SPACE]
[Sat Aug 29 15:55:16 UTC 2026][INFO] [Action] E InsertTextContent - (c,416,2),[SPACE]
[Sat Aug 29 15:55:17 UTC 2026][INFO] [Action] E InsertTextContent - (c,417,2),[SPACE]
[Sat Aug 29 15:55:17 UTC 2026][INFO] [Action] E InsertTextContent - (c,418,2),[SPACE]
[Sat Aug 29 15:55:17 UTC 2026][INFO] [Action] E InsertTextContent - (c,419,2),[SPACE]
[Sat Aug 29 15:55:17 UTC 2026][INFO] [Action] E InsertTextContent - (c,420,2),[SPACE]
[Sat Aug 29 15:55:17 UTC 2026][INFO] [Action] E InsertTextContent - (c,421,2),[SPACE]
[Sat Aug 29 15:55:18 UTC 2026][INFO] [Action] E InsertTextContent - (c,422,2),[SPACE]
[Sat Aug 29 15:55:18 UTC 2026][INFO] [Action] E InsertTextContent - (c,423,2),[SPACE]
[Sat Aug 29 15:55:18 UTC 2026][INFO] [Action] E InsertTextContent - (c,424,2),[SPACE]
[Sat Aug 29 15:55:18 UTC 2026][INFO] [Action] E InsertTextContent - (c,425,2),[SPACE]
[Sat Aug 29 15:55:22 UTC 2026][INFO] [Action] E UpdateStyle - (c,406,2),49:0.250000:2,(r,406,406),F
[Sat Aug 29 15:55:23 UTC 2026][INFO] [Action] E UpdateStyle - (c,406,2),49:0.500000:2,(r,406,406),F
[Sat Aug 29 15:55:39 UTC 2026][INFO] [Action] E Cut - (r,167,174)
[Sat Aug 29 15:55:42 UTC 2026][INFO] [Action] E Paste - (c,38,1),8
[Sat Aug 29 15:55:50 UTC 2026][INFO] [Action] E InsertTextContent - (c,83,1),[b]
[Sat Aug 29 15:55:51 UTC 2026][INFO] [Action] E InsertTextContent - (c,83,2),[y]
[Sat Aug 29 15:55:51 UTC 2026][INFO] [Action] E InsertTextContent - (c,84,2),[SPACE]
[Sat Aug 29 15:55:56 UTC 2026][INFO] [Action] E InsertTextContent - (r,83,83),[B]
[Sat Aug 29 15:56:07 UTC 2026][INFO] [Action] E MergeContainer - 119,0
[Sat Aug 29 15:56:07 UTC 2026][INFO] [Action] E MergeContainer - 119,0
[Sat Aug 29 15:56:09 UTC 2026][INFO] [Action] E MergeContainer - 119,1
[Sat Aug 29 15:56:21 UTC 2026][INFO] [Action] E Cut - (r,83,117)
[Sat Aug 29 15:56:23 UTC 2026][INFO] [Action] E AddTextContainer - (c,136,2),0,0,0
[Sat Aug 29 15:56:24 UTC 2026][INFO] [Action] E Paste - (c,137,1),37
[Sat Aug 29 15:56:29 UTC 2026][INFO] [Action] E DeleteContent - (c,458,2),B
[Sat Aug 29 15:56:29 UTC 2026][INFO] [Action] E DeleteContent - (c,458,1),B
[Sat Aug 29 15:56:29 UTC 2026][INFO] [Action] E DeleteContent - (c,457,1),B
[Sat Aug 29 15:56:29 UTC 2026][INFO] [Action] E DeleteContent - (c,456,1),B
[Sat Aug 29 15:56:30 UTC 2026][INFO] [Action] E DeleteContent - (c,455,1),B
[Sat Aug 29 15:56:30 UTC 2026][INFO] [Action] E DeleteContent - (c,454,1),B
[Sat Aug 29 15:56:31 UTC 2026][INFO] [Action] E DeleteContent - (c,453,1),B
[Sat Aug 29 15:56:31 UTC 2026][INFO] [Action] E DeleteContent - (c,452,1),B
[Sat Aug 29 15:56:31 UTC 2026][INFO] [Action] E DeleteContent - (c,451,1),B
[Sat Aug 29 15:56:32 UTC 2026][INFO] [Action] E DeleteContent - (c,450,1),B
[Sat Aug 29 15:56:38 UTC 2026][INFO] [Action] E InsertTextContent - (c,427,1),[SPACE]
[Sat Aug 29 15:56:38 UTC 2026][INFO] [Action] E InsertTextContent - (c,427,2),[SPACE]
[Sat Aug 29 15:56:39 UTC 2026][INFO] [Action] E InsertTextContent - (c,428,2),[SPACE]
[Sat Aug 29 15:56:39 UTC 2026][INFO] [Action] E InsertTextContent - (c,429,2),[SPACE]
[Sat Aug 29 15:56:39 UTC 2026][INFO] [Action] E InsertTextContent - (c,430,2),[SPACE]
[Sat Aug 29 15:56:40 UTC 2026][INFO] [Action] E InsertTextContent - (c,431,2),[SPACE]
[Sat Aug 29 15:56:40 UTC 2026][INFO] [Action] E InsertTextContent - (c,432,2),[SPACE]
[Sat Aug 29 15:56:40 UTC 2026][INFO] [Action] E InsertTextContent - (c,433,2),[SPACE]
[Sat Aug 29 15:57:13 UTC 2026][INFO] [Action] E Cut - (r,456,468)
[Sat Aug 29 15:57:21 UTC 2026][INFO] [Action] E Paste - (c,171,2),13
[Sat Aug 29 15:57:39 UTC 2026][INFO] [Action] E InsertTextContent - (c,448,1),[SPACE]
[Sat Aug 29 15:57:40 UTC 2026][INFO] [Action] E InsertTextContent - (c,448,2),[SPACE]
[Sat Aug 29 15:57:40 UTC 2026][INFO] [Action] E InsertTextContent - (c,449,2),[SPACE]
[Sat Aug 29 15:57:40 UTC 2026][INFO] [Action] E InsertTextContent - (c,450,2),[SPACE]
[Sat Aug 29 15:57:41 UTC 2026][INFO] [Action] E InsertTextContent - (c,451,2),[SPACE]
[Sat Aug 29 15:57:41 UTC 2026][INFO] [Action] E InsertTextContent - (c,452,2),[SPACE]
[Sat Aug 29 15:57:47 UTC 2026][INFO] [Action] E AddTextContainer - (c,184,2),0,0,0
[Sat Aug 29 15:57:49 UTC 2026][INFO] [Action] E InsertTextContent - (c,185,1),[O]
[Sat Aug 29 15:57:50 UTC 2026][INFO] [Action] E InsertTextContent - (c,185,2),[r]
[Sat Aug 29 15:57:50 UTC 2026][INFO] [Action] E InsertTextContent - (c,186,2),[SPACE]
[Sat Aug 29 15:57:50 UTC 2026][INFO] [Action] E InsertTextContent - (c,187,2),[b]
[Sat Aug 29 15:57:51 UTC 2026][INFO] [Action] E InsertTextContent - (c,188,2),[y]
[Sat Aug 29 15:57:52 UTC 2026][INFO] [Action] E InsertTextContent - (c,189,2),[SPACE]
[Sat Aug 29 15:57:54 UTC 2026][INFO] [Action] E InsertTextContent - (c,190,2),[L]
[Sat Aug 29 15:57:54 UTC 2026][INFO] [Action] E InsertTextContent - (c,191,2),[o]
[Sat Aug 29 15:57:54 UTC 2026][INFO] [Action] E InsertTextContent - (c,192,2),[t]
[Sat Aug 29 15:57:55 UTC 2026][INFO] [Action] E InsertTextContent - (c,193,2),[h]
[Sat Aug 29 15:57:55 UTC 2026][INFO] [Action] E InsertTextContent - (c,194,2),[a]
[Sat Aug 29 15:57:56 UTC 2026][INFO] [Action] E InsertTextContent - (c,195,2),[r]
[Sat Aug 29 15:57:56 UTC 2026][INFO] [Action] E InsertTextContent - (c,196,2),[SPACE]
[Sat Aug 29 15:57:57 UTC 2026][INFO] [Action] E InsertTextContent - (c,197,2),[J]
[Sat Aug 29 15:57:58 UTC 2026][INFO] [Action] E InsertTextContent - (c,198,2),[.]
[Sat Aug 29 15:57:58 UTC 2026][INFO] [Action] E InsertTextContent - (c,199,2),[SPACE]
[Sat Aug 29 15:57:59 UTC 2026][INFO] [Action] E InsertTextContent - (c,200,2),[M]
[Sat Aug 29 15:57:59 UTC 2026][INFO] [Action] E InsertTextContent - (c,201,2),[u]
[Sat Aug 29 15:57:59 UTC 2026][INFO] [Action] E InsertTextContent - (c,202,2),[s]
[Sat Aug 29 15:58:00 UTC 2026][INFO] [Action] E InsertTextContent - (c,203,2),[i]
[Sat Aug 29 15:58:00 UTC 2026][INFO] [Action] E InsertTextContent - (c,204,2),[o]
[Sat Aug 29 15:58:00 UTC 2026][INFO] [Action] E InsertTextContent - (c,205,2),[l]
[Sat Aug 29 15:58:02 UTC 2026][INFO] [Action] E InsertTextContent - (c,206,2),[,]
[Sat Aug 29 15:58:02 UTC 2026][INFO] [Action] E InsertTextContent - (c,207,2),[SPACE]
[Sat Aug 29 15:58:03 UTC 2026][INFO] [Action] E InsertTextContent - (c,208,2),[a]
[Sat Aug 29 15:58:04 UTC 2026][INFO] [Action] E InsertTextContent - (c,209,2),[c]
[Sat Aug 29 15:58:04 UTC 2026][INFO] [Action] E InsertTextContent - (c,210,2),[t]
[Sat Aug 29 15:58:05 UTC 2026][INFO] [Action] E InsertTextContent - (c,211,2),[u]
[Sat Aug 29 15:58:05 UTC 2026][INFO] [Action] E InsertTextContent - (c,212,2),[a]
[Sat Aug 29 15:58:06 UTC 2026][INFO] [Action] E InsertTextContent - (c,213,2),[l]
[Sat Aug 29 15:58:06 UTC 2026][INFO] [Action] E InsertTextContent - (c,214,2),[l]
[Sat Aug 29 15:58:06 UTC 2026][INFO] [Action] E InsertTextContent - (c,215,2),[t]
[Sat Aug 29 15:58:07 UTC 2026][INFO] [Action] E InsertTextContent - (c,216,2),[.]
[Sat Aug 29 15:58:09 UTC 2026][INFO] [Action] E DeleteContent - (c,217,2),B
[Sat Aug 29 15:58:10 UTC 2026][INFO] [Action] E DeleteContent - (c,216,2),B
[Sat Aug 29 15:58:11 UTC 2026][INFO] [Action] E InsertTextContent - (c,215,2),[y]
[Sat Aug 29 15:58:12 UTC 2026][INFO] [Action] E InsertTextContent - (c,216,2),[.]
[Sat Aug 29 15:58:22 UTC 2026][INFO] [Action] E InsertTextContent - (c,220,1),[D]
[Sat Aug 29 15:58:22 UTC 2026][INFO] [Action] E InsertTextContent - (c,220,2),[i]
[Sat Aug 29 15:58:23 UTC 2026][INFO] [Action] E InsertTextContent - (c,221,2),[s]
[Sat Aug 29 15:58:23 UTC 2026][INFO] [Action] E InsertTextContent - (c,222,2),[c]
[Sat Aug 29 15:58:24 UTC 2026][INFO] [Action] E InsertTextContent - (c,223,2),[l]
[Sat Aug 29 15:58:24 UTC 2026][INFO] [Action] E InsertTextContent - (c,224,2),[a]
[Sat Aug 29 15:58:24 UTC 2026][INFO] [Action] E InsertTextContent - (c,225,2),[i]
[Sat Aug 29 15:58:24 UTC 2026][INFO] [Action] E InsertTextContent - (c,226,2),[m]
[Sat Aug 29 15:58:25 UTC 2026][INFO] [Action] E InsertTextContent - (c,227,2),[e]
[Sat Aug 29 15:58:25 UTC 2026][INFO] [Action] E InsertTextContent - (c,228,2),[r]
[Sat Aug 29 15:58:26 UTC 2026][INFO] [Action] E InsertTextContent - (c,229,2),[:]
[Sat Aug 29 15:58:35 UTC 2026][INFO] [Action] E UpdateStyle - (r,231,517),19:4283265685:1,(r,231,517),F
[Sat Aug 29 15:58:49 UTC 2026][INFO] [Action] E UpdateStyle - (r,220,517),19:4283265685:1,(r,220,517),F
[Sat Aug 29 15:59:08 UTC 2026][INFO] [Action] E InsertTextContent - (r,497,517),[T]
[Sat Aug 29 15:59:08 UTC 2026][INFO] [Action] E InsertTextContent - (c,497,2),[h]
[Sat Aug 29 15:59:09 UTC 2026][INFO] [Action] E InsertTextContent - (c,498,2),[e]
[Sat Aug 29 15:59:09 UTC 2026][INFO] [Action] E InsertTextContent - (c,499,2),[SPACE]
[Sat Aug 29 15:59:10 UTC 2026][INFO] [Action] E InsertTextContent - (c,500,2),[A]
[Sat Aug 29 15:59:11 UTC 2026][INFO] [Action] E InsertTextContent - (c,501,2),[u]
[Sat Aug 29 15:59:11 UTC 2026][INFO] [Action] E InsertTextContent - (c,502,2),[t]
[Sat Aug 29 15:59:12 UTC 2026][INFO] [Action] E InsertTextContent - (c,503,2),[h]
[Sat Aug 29 15:59:12 UTC 2026][INFO] [Action] E InsertTextContent - (c,504,2),[o]
[Sat Aug 29 15:59:13 UTC 2026][INFO] [Action] E InsertTextContent - (c,505,2),[r]
[Sat Aug 29 15:59:20 UTC 2026][INFO] [Action] E UpdateStyle - (r,462,506),34:59:3,(r,462,506),F
[Sat Aug 29 15:59:25 UTC 2026][INFO] [Action] E DeleteContent - (r,463,463),F
[Sat Aug 29 15:59:25 UTC 2026][INFO] [Action] E DeleteContent - (r,463,463),F
[Sat Aug 29 15:59:25 UTC 2026][INFO] [Action] E DeleteContent - (r,463,463),F
[Sat Aug 29 15:59:25 UTC 2026][INFO] [Action] E DeleteContent - (r,463,463),F
[Sat Aug 29 15:59:26 UTC 2026][INFO] [Action] E DeleteContent - (r,463,463),F
[Sat Aug 29 15:59:26 UTC 2026][INFO] [Action] E DeleteContent - (r,463,463),F
[Sat Aug 29 15:59:26 UTC 2026][INFO] [Action] E DeleteContent - (r,463,463),F
[Sat Aug 29 15:59:26 UTC 2026][INFO] [Action] E DeleteContent - (r,463,463),F
[Sat Aug 29 15:59:26 UTC 2026][INFO] [Action] E DeleteContent - (r,463,463),F
[Sat Aug 29 15:59:27 UTC 2026][INFO] [Action] E DeleteContent - (r,463,463),F
[Sat Aug 29 15:59:27 UTC 2026][INFO] [Action] E DeleteContent - (r,463,463),F
[Sat Aug 29 15:59:27 UTC 2026][INFO] [Action] E DeleteContent - (r,463,463),F
[Sat Aug 29 15:59:27 UTC 2026][INFO] [Action] E DeleteContent - (r,463,463),F
[Sat Aug 29 15:59:27 UTC 2026][INFO] [Action] E DeleteContent - (r,463,463),F
[Sat Aug 29 15:59:28 UTC 2026][INFO] [Action] E DeleteContent - (r,463,463),F
[Sat Aug 29 15:59:28 UTC 2026][INFO] [Action] E DeleteContent - (r,463,463),F
[Sat Aug 29 15:59:28 UTC 2026][INFO] [Action] E DeleteContent - (r,463,463),F
[Sat Aug 29 15:59:28 UTC 2026][INFO] [Action] E DeleteContent - (r,463,463),F
[Sat Aug 29 15:59:28 UTC 2026][INFO] [Action] E DeleteContent - (r,463,463),F
[Sat Aug 29 15:59:28 UTC 2026][INFO] [Action] E DeleteContent - (r,463,463),F
[Sat Aug 29 15:59:29 UTC 2026][INFO] [Action] E DeleteContent - (r,463,463),F
[Sat Aug 29 15:59:29 UTC 2026][INFO] [Action] E DeleteContent - (r,463,463),F
[Sat Aug 29 15:59:29 UTC 2026][INFO] [Action] E DeleteContent - (r,463,463),F
[Sat Aug 29 15:59:29 UTC 2026][INFO] [Action] E DeleteContent - (r,463,463),F
[Sat Aug 29 15:59:29 UTC 2026][INFO] [Action] E DeleteContent - (r,463,463),F
[Sat Aug 29 15:59:29 UTC 2026][INFO] [Action] E DeleteContent - (r,463,463),F
[Sat Aug 29 15:59:30 UTC 2026][INFO] [Action] E DeleteContent - (r,463,463),F
[Sat Aug 29 15:59:30 UTC 2026][INFO] [Action] E DeleteContent - (r,463,463),F
[Sat Aug 29 15:59:30 UTC 2026][INFO] [Action] E DeleteContent - (r,463,463),F
[Sat Aug 29 15:59:30 UTC 2026][INFO] [Action] E DeleteContent - (r,463,463),F
[Sat Aug 29 15:59:30 UTC 2026][INFO] [Action] E DeleteContent - (r,463,463),F
[Sat Aug 29 15:59:31 UTC 2026][INFO] [Action] E DeleteContent - (r,463,463),F
[Sat Aug 29 15:59:31 UTC 2026][INFO] [Action] E DeleteContent - (r,463,463),F
[Sat Aug 29 15:59:31 UTC 2026][INFO] [Action] E DeleteContent - (r,463,463),F
[Sat Aug 29 15:59:33 UTC 2026][INFO] [Action] E UpdateStyle - (c,462,2),34:320:3,(r,462,462),F
[Sat Aug 29 15:59:39 UTC 2026][INFO] [Action] E AddTextContainer - (c,230,2),0,0,0
[Sat Aug 29 15:59:41 UTC 2026][INFO] [Action] E MergeContainer - 231,1
[Sat Aug 29 16:00:14 UTC 2026][INFO] [Action] E InsertTextContent - (c,338,2),[,]
[Sat Aug 29 16:00:14 UTC 2026][INFO] [Action] E InsertTextContent - (c,339,2),[SPACE]
[Sat Aug 29 16:00:14 UTC 2026][INFO] [Action] E InsertTextContent - (c,340,2),[i]
[Sat Aug 29 16:00:16 UTC 2026][INFO] [Action] E InsertTextContent - (c,341,2),[n]
[Sat Aug 29 16:00:16 UTC 2026][INFO] [Action] E InsertTextContent - (c,342,2),[SPACE]
[Sat Aug 29 16:00:17 UTC 2026][INFO] [Action] E InsertTextContent - (c,343,2),[s]
[Sat Aug 29 16:00:17 UTC 2026][INFO] [Action] E InsertTextContent - (c,344,2),[o]
[Sat Aug 29 16:00:17 UTC 2026][INFO] [Action] E InsertTextContent - (c,345,2),[m]
[Sat Aug 29 16:00:17 UTC 2026][INFO] [Action] E InsertTextContent - (c,346,2),[e]
[Sat Aug 29 16:00:18 UTC 2026][INFO] [Action] E InsertTextContent - (c,347,2),[SPACE]
[Sat Aug 29 16:00:18 UTC 2026][INFO] [Action] E InsertTextContent - (c,348,2),[c]
[Sat Aug 29 16:00:19 UTC 2026][INFO] [Action] E InsertTextContent - (c,349,2),[a]
[Sat Aug 29 16:00:19 UTC 2026][INFO] [Action] E InsertTextContent - (c,350,2),[s]
[Sat Aug 29 16:00:19 UTC 2026][INFO] [Action] E InsertTextContent - (c,351,2),[e]
[Sat Aug 29 16:00:20 UTC 2026][INFO] [Action] E InsertTextContent - (c,352,2),[s]
[Sat Aug 29 16:00:20 UTC 2026][INFO] [Action] E InsertTextContent - (c,353,2),[,]
[Sat Aug 29 16:00:30 UTC 2026][INFO] [Action] E Copy - (r,1,488)
[Sat Aug 29 16:01:24 UTC 2026][INFO] [Action] E Paste - (r,231,488),265
[Sat Aug 29 16:01:33 UTC 2026][INFO] [Action] E Copy - (r,161,164)
[Sat Aug 29 16:01:37 UTC 2026][INFO] [Action] E Paste - (r,480,483),6
[Sat Aug 29 16:01:39 UTC 2026][INFO] [Action] E DeleteContent - (c,483,2),B
[Sat Aug 29 16:01:42 UTC 2026][INFO] [Action] E DeleteContent - (c,230,2),B
[Sat Aug 29 16:01:47 UTC 2026][INFO] [Action] E UpdateStyle - (r,220,491),11:Bookerly,serif:4,(r,220,491),F
[Sat Aug 29 16:01:49 UTC 2026][INFO] [Action] E UpdateStyle - (r,220,491),11:AmazonEmber,sans-serif:4,(r,220,491),F
[Sat Aug 29 16:01:51 UTC 2026][INFO] [Action] E UpdateStyle - (r,220,491),12:382:3,(r,220,491),F
[Sat Aug 29 16:01:57 UTC 2026][INFO] [Action] E InsertTextContent - (r,364,367),[']
[Sat Aug 29 16:01:59 UTC 2026][INFO] [Action] E InsertTextContent - (c,364,2),[m]
[Sat Aug 29 16:02:04 UTC 2026][INFO] [Action] E UpdateStyle - (r,220,489),13:361:3,(r,220,489),F
[Sat Aug 29 16:02:10 UTC 2026][INFO] [Action] E UpdateStyle - (r,220,489),19:4283265685:1,(r,220,489),F
[Sat Aug 29 16:02:26 UTC 2026][INFO] [Action] E UpdateStyle - (r,38,45),19:4278190080:1,(r,38,45),F
[Sat Aug 29 16:02:35 UTC 2026][INFO] [Action] U UpdateStyle
[Sat Aug 29 16:02:43 UTC 2026][INFO] [Action] E UpdateStyle - (r,38,45),13:361:3,(r,38,45),F
[Sat Aug 29 16:04:46 UTC 2026][INFO] [Action] E DeleteContent - (r,172,172),F
[Sat Aug 29 16:05:07 UTC 2026][INFO] [Action] E AddTextContainer - (c,218,1),1,0,0
[Sat Aug 29 16:05:08 UTC 2026][INFO] [Action] E AddTextContainer - (c,219,1),1,0,0
[Sat Aug 29 16:07:03 UTC 2026][INFO] [Action] E AddTextContainer - (c,490,2),0,0,0
[Sat Aug 29 16:07:03 UTC 2026][INFO] [Action] E AddTextContainer - (c,491,1),1,0,0
[Sat Aug 29 16:07:04 UTC 2026][INFO] [Action] E AddTextContainer - (c,492,1),1,0,0
[Sat Aug 29 16:07:04 UTC 2026][INFO] [Action] E AddTextContainer - (c,493,1),1,0,0
[Sat Aug 29 16:07:09 UTC 2026][INFO] [Action] E Paste - (c,494,1),70
[Sat Aug 29 16:07:16 UTC 2026][INFO] [Action] E DeleteContent - (r,494,494),B
[Sat Aug 29 16:07:30 UTC 2026][INFO] [Action] E UpdateStyle - (r,494,562),16:10.000000:2,(r,494,562),F
[Sat Aug 29 16:07:38 UTC 2026][INFO] [Action] E UpdateStyle - (r,494,562),11:Bookerly,serif:4,(r,494,562),F
[Sat Aug 29 16:07:40 UTC 2026][INFO] [Action] E UpdateStyle - (r,494,562),11:AmazonEmber,sans-serif:4,(r,494,562),F
[Sat Aug 29 16:07:43 UTC 2026][INFO] [Action] E UpdateStyle - (r,494,562),11:SourceCodePro,monospace:4,(r,494,562),F
[Sat Aug 29 16:07:47 UTC 2026][INFO] [Action] E UpdateStyle - (r,494,562),11:AmazonEmber,sans-serif:4,(r,494,562),F
[Sat Aug 29 16:07:52 UTC 2026][INFO] [Action] E UpdateStyle - (c,558,1),34:320:3,(r,558,558),F
[Sat Aug 29 16:07:56 UTC 2026][INFO] [Action] E AddTextContainer - (c,492,1),1,0,0
[Sat Aug 29 16:07:56 UTC 2026][INFO] [Action] E AddTextContainer - (c,493,1),1,0,0
[Sat Aug 29 16:08:01 UTC 2026][INFO] [Action] U AddTextContainer
[Sat Aug 29 16:08:01 UTC 2026][INFO] [Action] U AddTextContainer
[Sat Aug 29 16:09:56 UTC 2026][INFO] [Action] E UpdateStyle - (r,38,45),16:8.000000:2,(r,38,45),F
[Sat Aug 29 16:10:03 UTC 2026][INFO] [Action] E SaveBook - Save
[Sat Aug 29 16:10:14 UTC 2026][INFO] [Action] E AddTextContainer - (c,45,2),0,0,0
[Sat Aug 29 16:10:25 UTC 2026][INFO] [Action] E UpdateStyle - (r,48,83),16:14.000000:2,(r,48,83),F
[Sat Aug 29 16:10:35 UTC 2026][INFO] [Action] E UpdateStyle - (r,1,37),13:361:3,(r,1,37),F
[Sat Aug 29 16:11:09 UTC 2026][INFO] [Action] E AddTextContainer - (c,493,1),1,0,0
[Sat Aug 29 16:11:11 UTC 2026][INFO] [Action] E MergeContainer - 494,1
[Sat Aug 29 16:16:35 UTC 2026][INFO] [Action] E Paste - (r,84,95),13
[Sat Aug 29 16:16:39 UTC 2026][INFO] [Action] U Paste
[Sat Aug 29 16:16:55 UTC 2026][INFO] [Action] E Paste - (c,95,2),13
[Sat Aug 29 16:16:59 UTC 2026][INFO] [Action] E DeleteContent - (c,95,2),B
[Sat Aug 29 16:16:59 UTC 2026][INFO] [Action] E DeleteContent - (c,95,1),B
[Sat Aug 29 16:16:59 UTC 2026][INFO] [Action] E DeleteContent - (c,94,1),B
[Sat Aug 29 16:16:59 UTC 2026][INFO] [Action] E DeleteContent - (c,93,1),B
[Sat Aug 29 16:17:00 UTC 2026][INFO] [Action] E DeleteContent - (c,92,1),B
[Sat Aug 29 16:17:00 UTC 2026][INFO] [Action] E DeleteContent - (c,91,1),B
[Sat Aug 29 16:17:00 UTC 2026][INFO] [Action] E DeleteContent - (c,90,1),B
[Sat Aug 29 16:17:01 UTC 2026][INFO] [Action] E DeleteContent - (c,89,1),B
[Sat Aug 29 16:17:01 UTC 2026][INFO] [Action] E DeleteContent - (c,88,1),B
[Sat Aug 29 16:17:01 UTC 2026][INFO] [Action] E DeleteContent - (c,87,1),B
[Sat Aug 29 16:17:02 UTC 2026][INFO] [Action] E DeleteContent - (c,86,1),B
[Sat Aug 29 16:17:02 UTC 2026][INFO] [Action] E DeleteContent - (c,85,1),B
[Sat Aug 29 16:17:09 UTC 2026][INFO] [Action] E UpdateStyle - (c,83,2),49:0.250000:2,(r,83,83),F
[Sat Aug 29 16:17:11 UTC 2026][INFO] [Action] E UpdateStyle - (c,83,2),49:0.000000:2,(r,83,83),F
[Sat Aug 29 16:17:12 UTC 2026][INFO] [Action] E UpdateStyle - (c,83,2),47:0.500000:2,(r,83,83),F
[Sat Aug 29 16:17:14 UTC 2026][INFO] [Action] E UpdateStyle - (c,83,2),47:0.250000:2,(r,83,83),F
[Sat Aug 29 16:17:16 UTC 2026][INFO] [Action] E UpdateStyle - (c,83,2),42:1.250000:2,(r,83,83),F
[Sat Aug 29 16:17:17 UTC 2026][INFO] [Action] E UpdateStyle - (c,83,2),42:1.000000:2,(r,83,83),F
[Sat Aug 29 16:17:22 UTC 2026][INFO] [Action] E UpdateStyle - (c,84,1),47:0.500000:2,(r,84,84),F
[Sat Aug 29 16:17:30 UTC 2026][INFO] [Action] E UpdateStyle - (c,84,1),49:0.250000:2,(r,84,84),F
[Sat Aug 29 16:17:32 UTC 2026][INFO] [Action] E UpdateStyle - (c,84,1),49:0.000000:2,(r,84,84),F
[Sat Aug 29 16:17:39 UTC 2026][INFO] [Action] E UpdateStyle - (c,84,1),42:1.250000:2,(r,84,84),F
[Sat Aug 29 16:17:40 UTC 2026][INFO] [Action] E UpdateStyle - (c,84,1),42:1.000000:2,(r,84,84),F
[Sat Aug 29 16:17:54 UTC 2026][INFO] [Action] E SaveBook - Save
[Sat Aug 29 16:17:57 UTC 2026][INFO] [Action] E SaveBook - Save
[Sat Aug 29 16:18:20 UTC 2026][INFO] [Action] E SplitContainer - 281
[Sat Aug 29 16:18:28 UTC 2026][INFO] [Action] E UpdateStyle - (r,223,355),34:320:3,(r,223,355),F
[Sat Aug 29 16:19:19 UTC 2026][INFO] [Action] E InsertTextContent - (c,264,1),[s]
[Sat Aug 29 16:19:20 UTC 2026][INFO] [Action] E InsertTextContent - (c,264,2),[l]
[Sat Aug 29 16:19:20 UTC 2026][INFO] [Action] E InsertTextContent - (c,265,2),[i]
[Sat Aug 29 16:19:20 UTC 2026][INFO] [Action] E InsertTextContent - (c,266,2),[g]
[Sat Aug 29 16:19:21 UTC 2026][INFO] [Action] E InsertTextContent - (c,267,2),[h]
[Sat Aug 29 16:19:21 UTC 2026][INFO] [Action] E InsertTextContent - (c,268,2),[t]
[Sat Aug 29 16:19:21 UTC 2026][INFO] [Action] E InsertTextContent - (c,269,2),[l]
[Sat Aug 29 16:19:22 UTC 2026][INFO] [Action] E InsertTextContent - (c,270,2),[y]
[Sat Aug 29 16:19:22 UTC 2026][INFO] [Action] E InsertTextContent - (c,271,2),[SPACE]
[Sat Aug 29 16:19:28 UTC 2026][INFO] [Action] E MergeContainer - 289,0
[Sat Aug 29 16:26:03 UTC 2026][INFO] [Action] E ItemChanged - -1,323463
[Sat Aug 29 16:26:18 UTC 2026][INFO] [Action] E AddTextContainer - (c,323463,1),1,0,0
[Sat Aug 29 16:26:19 UTC 2026][INFO] [Action] E AddTextContainer - (c,323464,1),1,0,0
[Sat Aug 29 16:26:19 UTC 2026][INFO] [Action] E AddTextContainer - (c,323465,1),1,0,0
[Sat Aug 29 16:26:19 UTC 2026][INFO] [Action] E AddTextContainer - (c,323466,1),1,0,0
[Sat Aug 29 16:26:19 UTC 2026][INFO] [Action] E AddTextContainer - (c,323467,1),1,0,0
[Sat Aug 29 16:26:20 UTC 2026][INFO] [Action] E AddTextContainer - (c,323468,1),1,0,0
[Sat Aug 29 16:26:20 UTC 2026][INFO] [Action] E AddTextContainer - (c,323469,1),1,0,0
[Sat Aug 29 16:26:20 UTC 2026][INFO] [Action] E AddTextContainer - (c,323470,1),1,0,0
[Sat Aug 29 16:26:27 UTC 2026][INFO] [Action] E Paste - (c,323465,1),316
[Sat Aug 29 16:26:34 UTC 2026][INFO] [Action] E Copy - (r,323782,323794)
[Sat Aug 29 16:26:38 UTC 2026][INFO] [Action] E AddTextContainer - (c,323465,1),1,0,0
[Sat Aug 29 16:26:38 UTC 2026][INFO] [Action] E AddTextContainer - (c,323466,1),1,0,0
[Sat Aug 29 16:26:41 UTC 2026][INFO] [Action] E Paste - (c,323464,1),13
[Sat Aug 29 16:26:46 UTC 2026][INFO] [Action] E InsertTextContent - (r,323466,323478),[B]
[Sat Aug 29 16:26:50 UTC 2026][INFO] [Action] U InsertTextContent
[Sat Aug 29 16:26:53 UTC 2026][INFO] [Action] E InsertTextContent - (c,323470,2),[B]
[Sat Aug 29 16:26:56 UTC 2026][INFO] [Action] E InsertTextContent - (c,323471,2),[I]
[Sat Aug 29 16:26:57 UTC 2026][INFO] [Action] E InsertTextContent - (c,323472,2),[B]
[Sat Aug 29 16:26:58 UTC 2026][INFO] [Action] E InsertTextContent - (c,323473,2),[L]
[Sat Aug 29 16:26:58 UTC 2026][INFO] [Action] E InsertTextContent - (c,323474,2),[I]
[Sat Aug 29 16:26:58 UTC 2026][INFO] [Action] E InsertTextContent - (c,323475,2),[O]
[Sat Aug 29 16:26:59 UTC 2026][INFO] [Action] E InsertTextContent - (c,323476,2),[G]
[Sat Aug 29 16:27:00 UTC 2026][INFO] [Action] E InsertTextContent - (c,323477,2),[R]
[Sat Aug 29 16:27:00 UTC 2026][INFO] [Action] E InsertTextContent - (c,323478,2),[A]
[Sat Aug 29 16:27:01 UTC 2026][INFO] [Action] E InsertTextContent - (c,323479,2),[P]
[Sat Aug 29 16:27:01 UTC 2026][INFO] [Action] E InsertTextContent - (c,323480,2),[H]
[Sat Aug 29 16:27:04 UTC 2026][INFO] [Action] E InsertTextContent - (c,323481,2),[Y]
[Sat Aug 29 16:27:05 UTC 2026][INFO] [Action] E DeleteContent - (r,323483,323483),F
[Sat Aug 29 16:27:05 UTC 2026][INFO] [Action] E DeleteContent - (r,323483,323483),F
[Sat Aug 29 16:27:05 UTC 2026][INFO] [Action] E DeleteContent - (r,323483,323483),F
[Sat Aug 29 16:27:05 UTC 2026][INFO] [Action] E DeleteContent - (r,323483,323483),F
[Sat Aug 29 16:27:05 UTC 2026][INFO] [Action] E DeleteContent - (r,323483,323483),F
[Sat Aug 29 16:27:06 UTC 2026][INFO] [Action] E DeleteContent - (r,323483,323483),F
[Sat Aug 29 16:27:06 UTC 2026][INFO] [Action] E DeleteContent - (r,323483,323483),F
[Sat Aug 29 16:27:07 UTC 2026][INFO] [Action] E DeleteContent - (r,323483,323483),F
[Sat Aug 29 16:27:12 UTC 2026][INFO] [Action] E DeleteContent - (c,323470,2),B
[Sat Aug 29 16:27:12 UTC 2026][INFO] [Action] E DeleteContent - (c,323470,1),B
[Sat Aug 29 16:27:12 UTC 2026][INFO] [Action] E DeleteContent - (c,323469,1),B
[Sat Aug 29 16:27:13 UTC 2026][INFO] [Action] E DeleteContent - (c,323468,1),B
[Sat Aug 29 16:27:13 UTC 2026][INFO] [Action] E DeleteContent - (c,323467,1),B
[Sat Aug 29 16:27:17 UTC 2026][INFO] [Action] E RemoveSectionBreak - 323477,1
[Sat Aug 29 16:27:19 UTC 2026][INFO] [Action] E MergeContainer - 323478,0
[Sat Aug 29 16:27:20 UTC 2026][INFO] [Action] E MergeContainer - 323478,0
[Sat Aug 29 16:27:24 UTC 2026][INFO] [Action] E UpdateStyle - (c,323477,2),49:0.750000:2,(r,323477,323477),F
[Sat Aug 29 16:27:25 UTC 2026][INFO] [Action] E UpdateStyle - (c,323477,2),49:1.000000:2,(r,323477,323477),F
[Sat Aug 29 16:27:26 UTC 2026][INFO] [Action] E UpdateStyle - (c,323477,2),49:1.250000:2,(r,323477,323477),F
[Sat Aug 29 16:27:45 UTC 2026][INFO] [Action] U UpdateStyle
[Sat Aug 29 16:27:46 UTC 2026][INFO] [Action] U UpdateStyle
[Sat Aug 29 16:27:47 UTC 2026][INFO] [Action] U UpdateStyle
[Sat Aug 29 16:27:48 UTC 2026][INFO] [Action] U MergeContainer
[Sat Aug 29 16:27:49 UTC 2026][INFO] [Action] U MergeContainer
[Sat Aug 29 16:27:49 UTC 2026][INFO] [Action] U RemoveSectionBreak
[Sat Aug 29 16:27:49 UTC 2026][INFO] [Action] U DeleteContent
[Sat Aug 29 16:27:49 UTC 2026][INFO] [Action] U DeleteContent
[Sat Aug 29 16:27:49 UTC 2026][INFO] [Action] U DeleteContent
[Sat Aug 29 16:27:49 UTC 2026][INFO] [Action] U DeleteContent
[Sat Aug 29 16:27:49 UTC 2026][INFO] [Action] U DeleteContent
[Sat Aug 29 16:27:50 UTC 2026][INFO] [Action] U DeleteContent
[Sat Aug 29 16:27:51 UTC 2026][INFO] [Action] U DeleteContent
[Sat Aug 29 16:27:51 UTC 2026][INFO] [Action] U DeleteContent
[Sat Aug 29 16:27:51 UTC 2026][INFO] [Action] U DeleteContent
[Sat Aug 29 16:27:51 UTC 2026][INFO] [Action] U DeleteContent
[Sat Aug 29 16:27:51 UTC 2026][INFO] [Action] U DeleteContent
[Sat Aug 29 16:27:51 UTC 2026][INFO] [Action] U DeleteContent
[Sat Aug 29 16:27:51 UTC 2026][INFO] [Action] U DeleteContent
[Sat Aug 29 16:27:51 UTC 2026][INFO] [Action] U InsertTextContent
[Sat Aug 29 16:27:52 UTC 2026][INFO] [Action] U InsertTextContent
[Sat Aug 29 16:27:52 UTC 2026][INFO] [Action] U InsertTextContent
[Sat Aug 29 16:27:52 UTC 2026][INFO] [Action] U InsertTextContent
[Sat Aug 29 16:27:52 UTC 2026][INFO] [Action] U InsertTextContent
[Sat Aug 29 16:27:52 UTC 2026][INFO] [Action] U InsertTextContent
[Sat Aug 29 16:27:53 UTC 2026][INFO] [Action] U InsertTextContent
[Sat Aug 29 16:27:53 UTC 2026][INFO] [Action] U InsertTextContent
[Sat Aug 29 16:27:53 UTC 2026][INFO] [Action] U InsertTextContent
[Sat Aug 29 16:27:53 UTC 2026][INFO] [Action] U InsertTextContent
[Sat Aug 29 16:27:54 UTC 2026][INFO] [Action] U InsertTextContent
[Sat Aug 29 16:27:54 UTC 2026][INFO] [Action] U InsertTextContent
[Sat Aug 29 16:27:55 UTC 2026][INFO] [Action] U Paste
[Sat Aug 29 16:27:57 UTC 2026][INFO] [Action] U AddTextContainer
[Sat Aug 29 16:28:08 UTC 2026][INFO] [Action] E Copy - (r,323783,323795)
[Sat Aug 29 16:28:11 UTC 2026][INFO] [Action] R AddTextContainer
[Sat Aug 29 16:28:11 UTC 2026][INFO] [Action] R Paste
[Sat Aug 29 16:28:11 UTC 2026][INFO] [Action] R InsertTextContent
[Sat Aug 29 16:28:11 UTC 2026][INFO] [Action] R InsertTextContent
[Sat Aug 29 16:28:12 UTC 2026][INFO] [Action] R InsertTextContent
[Sat Aug 29 16:28:12 UTC 2026][INFO] [Action] R InsertTextContent
[Sat Aug 29 16:28:12 UTC 2026][INFO] [Action] R InsertTextContent
[Sat Aug 29 16:28:12 UTC 2026][INFO] [Action] R InsertTextContent
[Sat Aug 29 16:28:12 UTC 2026][INFO] [Action] R InsertTextContent
[Sat Aug 29 16:28:12 UTC 2026][INFO] [Action] R InsertTextContent
[Sat Aug 29 16:28:12 UTC 2026][INFO] [Action] R InsertTextContent
[Sat Aug 29 16:28:12 UTC 2026][INFO] [Action] R InsertTextContent
[Sat Aug 29 16:28:12 UTC 2026][INFO] [Action] R InsertTextContent
[Sat Aug 29 16:28:12 UTC 2026][INFO] [Action] R InsertTextContent
[Sat Aug 29 16:28:12 UTC 2026][INFO] [Action] R DeleteContent
[Sat Aug 29 16:28:12 UTC 2026][INFO] [Action] R DeleteContent
[Sat Aug 29 16:28:12 UTC 2026][INFO] [Action] R DeleteContent
[Sat Aug 29 16:28:12 UTC 2026][INFO] [Action] R DeleteContent
[Sat Aug 29 16:28:12 UTC 2026][INFO] [Action] R DeleteContent
[Sat Aug 29 16:28:12 UTC 2026][INFO] [Action] R DeleteContent
[Sat Aug 29 16:28:12 UTC 2026][INFO] [Action] R DeleteContent
[Sat Aug 29 16:28:13 UTC 2026][INFO] [Action] R DeleteContent
[Sat Aug 29 16:28:13 UTC 2026][INFO] [Action] R DeleteContent
[Sat Aug 29 16:28:13 UTC 2026][INFO] [Action] R DeleteContent
[Sat Aug 29 16:28:13 UTC 2026][INFO] [Action] R DeleteContent
[Sat Aug 29 16:28:13 UTC 2026][INFO] [Action] R DeleteContent
[Sat Aug 29 16:28:13 UTC 2026][INFO] [Action] R DeleteContent
[Sat Aug 29 16:28:13 UTC 2026][INFO] [Action] R RemoveSectionBreak
[Sat Aug 29 16:28:13 UTC 2026][INFO] [Action] R MergeContainer
[Sat Aug 29 16:28:13 UTC 2026][INFO] [Action] R MergeContainer
[Sat Aug 29 16:28:14 UTC 2026][INFO] [Action] R UpdateStyle
[Sat Aug 29 16:28:14 UTC 2026][INFO] [Action] R UpdateStyle
[Sat Aug 29 16:28:14 UTC 2026][INFO] [Action] R UpdateStyle
[Sat Aug 29 16:28:20 UTC 2026][INFO] [Action] E Paste - (r,323795,323807),13
[Sat Aug 29 16:28:22 UTC 2026][INFO] [Action] E RemoveSectionBreak - 323809,1
[Sat Aug 29 16:28:29 UTC 2026][INFO] [Action] E MergeContainer - 323790,0
[Sat Aug 29 16:28:30 UTC 2026][INFO] [Action] E MergeContainer - 323790,0
[Sat Aug 29 16:28:31 UTC 2026][INFO] [Action] E MergeContainer - 323790,0
[Sat Aug 29 16:28:31 UTC 2026][INFO] [Action] E MergeContainer - 323790,0
[Sat Aug 29 16:28:31 UTC 2026][INFO] [Action] E MergeContainer - 323790,0
[Sat Aug 29 16:28:32 UTC 2026][INFO] [Action] E RemoveSectionBreak - 323790,1
[Sat Aug 29 16:28:35 UTC 2026][INFO] [Action] U RemoveSectionBreak
[Sat Aug 29 16:28:38 UTC 2026][INFO] [Action] E RemoveSectionBreak - 323792,0
[Sat Aug 29 16:28:45 UTC 2026][INFO] [Action] U RemoveSectionBreak
[Sat Aug 29 16:28:59 UTC 2026][INFO] [Action] E MergeContainer - 323805,1
[Sat Aug 29 16:29:19 UTC 2026][INFO] [Action] E InsertTextContent - (c,324068,2),[,]
[Sat Aug 29 16:29:19 UTC 2026][INFO] [Action] E InsertTextContent - (c,324069,2),[SPACE]
[Sat Aug 29 16:29:20 UTC 2026][INFO] [Action] E InsertTextContent - (c,324070,2),[a]
[Sat Aug 29 16:29:20 UTC 2026][INFO] [Action] E InsertTextContent - (c,324071,2),[n]
[Sat Aug 29 16:29:21 UTC 2026][INFO] [Action] E InsertTextContent - (c,324072,2),[d]
[Sat Aug 29 16:29:21 UTC 2026][INFO] [Action] E InsertTextContent - (c,324073,2),[SPACE]
[Sat Aug 29 16:29:21 UTC 2026][INFO] [Action] E InsertTextContent - (c,324074,2),[t]
[Sat Aug 29 16:29:22 UTC 2026][INFO] [Action] E InsertTextContent - (c,324075,2),[h]
[Sat Aug 29 16:29:22 UTC 2026][INFO] [Action] E InsertTextContent - (c,324076,2),[e]
[Sat Aug 29 16:29:22 UTC 2026][INFO] [Action] E InsertTextContent - (c,324077,2),[n]
[Sat Aug 29 16:29:22 UTC 2026][INFO] [Action] E InsertTextContent - (c,324078,2),[SPACE]
[Sat Aug 29 16:29:23 UTC 2026][INFO] [Action] E InsertTextContent - (c,324079,2),[s]
[Sat Aug 29 16:29:23 UTC 2026][INFO] [Action] E InsertTextContent - (c,324080,2),[o]
[Sat Aug 29 16:29:23 UTC 2026][INFO] [Action] E InsertTextContent - (c,324081,2),[m]
[Sat Aug 29 16:29:23 UTC 2026][INFO] [Action] E InsertTextContent - (c,324082,2),[e]
[Sat Aug 29 16:29:44 UTC 2026][INFO] [Action] E InsertTextContent - (c,324203,2),[,]
[Sat Aug 29 16:29:45 UTC 2026][INFO] [Action] E InsertTextContent - (c,324204,2),[SPACE]
[Sat Aug 29 16:29:45 UTC 2026][INFO] [Action] E InsertTextContent - (c,324205,2),[o]
[Sat Aug 29 16:29:46 UTC 2026][INFO] [Action] E InsertTextContent - (c,324206,2),[r]
[Sat Aug 29 16:29:46 UTC 2026][INFO] [Action] E InsertTextContent - (c,324207,2),[SPACE]
[Sat Aug 29 16:29:47 UTC 2026][INFO] [Action] E InsertTextContent - (c,324208,2),[m]
[Sat Aug 29 16:29:47 UTC 2026][INFO] [Action] E InsertTextContent - (c,324209,2),[o]
[Sat Aug 29 16:29:48 UTC 2026][INFO] [Action] E InsertTextContent - (c,324210,2),[n]
[Sat Aug 29 16:29:48 UTC 2026][INFO] [Action] E InsertTextContent - (c,324211,2),[e]
[Sat Aug 29 16:29:49 UTC 2026][INFO] [Action] E InsertTextContent - (c,324212,2),[y]
[Sat Aug 29 16:29:49 UTC 2026][INFO] [Action] E InsertTextContent - (c,324213,2),[SPACE]
[Sat Aug 29 16:29:49 UTC 2026][INFO] [Action] E InsertTextContent - (c,324214,2),[f]
[Sat Aug 29 16:29:50 UTC 2026][INFO] [Action] E InsertTextContent - (c,324215,2),[o]
[Sat Aug 29 16:29:50 UTC 2026][INFO] [Action] E InsertTextContent - (c,324216,2),[r]
[Sat Aug 29 16:29:50 UTC 2026][INFO] [Action] E InsertTextContent - (c,324217,2),[SPACE]
[Sat Aug 29 16:29:50 UTC 2026][INFO] [Action] E InsertTextContent - (c,324218,2),[t]
[Sat Aug 29 16:29:50 UTC 2026][INFO] [Action] E InsertTextContent - (c,324219,2),[h]
[Sat Aug 29 16:29:51 UTC 2026][INFO] [Action] E InsertTextContent - (c,324220,2),[a]
[Sat Aug 29 16:29:51 UTC 2026][INFO] [Action] E InsertTextContent - (c,324221,2),[t]
[Sat Aug 29 16:29:51 UTC 2026][INFO] [Action] E InsertTextContent - (c,324222,2),[SPACE]
[Sat Aug 29 16:29:52 UTC 2026][INFO] [Action] E InsertTextContent - (c,324223,2),[m]
[Sat Aug 29 16:29:52 UTC 2026][INFO] [Action] E InsertTextContent - (c,324224,2),[a]
[Sat Aug 29 16:29:53 UTC 2026][INFO] [Action] E InsertTextContent - (c,324225,2),[t]
[Sat Aug 29 16:29:53 UTC 2026][INFO] [Action] E InsertTextContent - (c,324226,2),[t]
[Sat Aug 29 16:29:53 UTC 2026][INFO] [Action] E InsertTextContent - (c,324227,2),[e]
[Sat Aug 29 16:29:53 UTC 2026][INFO] [Action] E InsertTextContent - (c,324228,2),[r]
[Sat Aug 29 16:30:25 UTC 2026][INFO] [Action] U InsertTextContent
[Sat Aug 29 16:30:25 UTC 2026][INFO] [Action] U InsertTextContent
[Sat Aug 29 16:30:25 UTC 2026][INFO] [Action] U InsertTextContent
[Sat Aug 29 16:30:25 UTC 2026][INFO] [Action] U InsertTextContent
[Sat Aug 29 16:30:25 UTC 2026][INFO] [Action] U InsertTextContent
[Sat Aug 29 16:30:25 UTC 2026][INFO] [Action] U InsertTextContent
[Sat Aug 29 16:30:26 UTC 2026][INFO] [Action] U InsertTextContent
[Sat Aug 29 16:30:26 UTC 2026][INFO] [Action] U InsertTextContent
[Sat Aug 29 16:30:26 UTC 2026][INFO] [Action] U InsertTextContent
[Sat Aug 29 16:30:26 UTC 2026][INFO] [Action] U InsertTextContent
[Sat Aug 29 16:30:26 UTC 2026][INFO] [Action] U InsertTextContent
[Sat Aug 29 16:30:26 UTC 2026][INFO] [Action] U InsertTextContent
[Sat Aug 29 16:30:26 UTC 2026][INFO] [Action] U InsertTextContent
[Sat Aug 29 16:30:26 UTC 2026][INFO] [Action] U InsertTextContent
[Sat Aug 29 16:30:26 UTC 2026][INFO] [Action] U InsertTextContent
[Sat Aug 29 16:30:26 UTC 2026][INFO] [Action] U InsertTextContent
[Sat Aug 29 16:30:26 UTC 2026][INFO] [Action] U InsertTextContent
[Sat Aug 29 16:30:26 UTC 2026][INFO] [Action] U InsertTextContent
[Sat Aug 29 16:30:26 UTC 2026][INFO] [Action] U InsertTextContent
[Sat Aug 29 16:30:26 UTC 2026][INFO] [Action] U InsertTextContent
[Sat Aug 29 16:30:27 UTC 2026][INFO] [Action] U InsertTextContent
[Sat Aug 29 16:30:27 UTC 2026][INFO] [Action] U InsertTextContent
[Sat Aug 29 16:30:27 UTC 2026][INFO] [Action] U InsertTextContent
[Sat Aug 29 16:30:27 UTC 2026][INFO] [Action] U InsertTextContent
[Sat Aug 29 16:30:28 UTC 2026][INFO] [Action] U InsertTextContent
[Sat Aug 29 16:30:28 UTC 2026][INFO] [Action] U InsertTextContent
[Sat Aug 29 16:31:43 UTC 2026][INFO] [Action] E RemoveSectionBreak - 323461,1
[Sat Aug 29 16:31:49 UTC 2026][INFO] [Action] E RemoveSectionBreak - 323463,1
[Sat Aug 29 16:31:56 UTC 2026][INFO] [Action] E AddTextContainer - (c,323475,2),0,0,0
[Sat Aug 29 16:31:57 UTC 2026][INFO] [Action] E AddTextContainer - (c,323476,1),1,0,0
[Sat Aug 29 16:32:02 UTC 2026][INFO] [Action] E UpdateStyle - (r,323464,323475),11:Bookerly,serif:4,(r,323464,323475),F
[Sat Aug 29 16:32:04 UTC 2026][INFO] [Action] E UpdateStyle - (r,323464,323475),11:AmazonEmber,sans-serif:4,(r,323464,323475),F
[Sat Aug 29 16:32:07 UTC 2026][INFO] [Action] E UpdateStyle - (r,323464,323475),34:320:3,(r,323464,323475),F
[Sat Aug 29 16:32:09 UTC 2026][INFO] [Action] E UpdateStyle - (r,323464,323475),13:361:3,(r,323464,323475),F
[Sat Aug 29 16:32:30 UTC 2026][INFO] [Action] E UpdateStyle - (r,323464,323475),16:14.000000:2,(r,323464,323475),F
[Sat Aug 29 16:32:33 UTC 2026][INFO] [Action] E AddTextContainer - (c,323464,1),1,0,0
[Sat Aug 29 16:32:34 UTC 2026][INFO] [Action] E AddTextContainer - (c,323465,1),1,0,0
[Sat Aug 29 16:32:38 UTC 2026][INFO] [Action] E AddTextContainer - (c,323794,1),1,0,0
[Sat Aug 29 16:33:14 UTC 2026][INFO] [Action] E Copy - (r,324735,324751)
[Sat Aug 29 16:36:48 UTC 2026][INFO] [Action] E Paste - (r,324735,324751),18
[Sat Aug 29 16:36:52 UTC 2026][INFO] [Action] E MergeContainer - 324734,0
[Sat Aug 29 16:36:52 UTC 2026][INFO] [Action] E SplitContainer - 324735
[Sat Aug 29 16:37:07 UTC 2026][INFO] [Action] E InsertTextContent - (r,176563,176566),[b]
[Sat Aug 29 16:37:07 UTC 2026][INFO] [Action] E InsertTextContent - (c,176563,2),[e]
[Sat Aug 29 16:37:07 UTC 2026][INFO] [Action] E InsertTextContent - (c,176564,2),[r]
[Sat Aug 29 16:37:08 UTC 2026][INFO] [Action] E InsertTextContent - (c,176565,2),[t]
[Sat Aug 29 16:38:09 UTC 2026][INFO] [Action] E Paste - (r,75493,75509),23
[Sat Aug 29 16:38:16 UTC 2026][INFO] [Action] E UpdateStyle - (r,75493,75513),13:361:3,(r,75493,75513),F
[Sat Aug 29 16:38:29 UTC 2026][INFO] [Action] E InsertTextContent - (r,70929,70932),[b]
[Sat Aug 29 16:38:29 UTC 2026][INFO] [Action] E InsertTextContent - (c,70929,2),[e]
[Sat Aug 29 16:38:29 UTC 2026][INFO] [Action] E InsertTextContent - (c,70930,2),[r]
[Sat Aug 29 16:38:30 UTC 2026][INFO] [Action] E InsertTextContent - (c,70931,2),[t]
[Sat Aug 29 16:38:50 UTC 2026][INFO] [Action] E Paste - (r,66030,66046),18
[Sat Aug 29 16:38:59 UTC 2026][INFO] [Action] E InsertTextContent - (r,49122,49125),[b]
[Sat Aug 29 16:39:00 UTC 2026][INFO] [Action] E InsertTextContent - (c,49122,2),[e]
[Sat Aug 29 16:39:00 UTC 2026][INFO] [Action] E InsertTextContent - (c,49123,2),[r]
[Sat Aug 29 16:39:00 UTC 2026][INFO] [Action] E InsertTextContent - (c,49124,2),[t]
[Sat Aug 29 16:39:08 UTC 2026][INFO] [Action] E Paste - (r,6105,6121),18
[Sat Aug 29 16:40:02 UTC 2026][INFO] [Action] E Paste - (r,49403,49411),10
[Sat Aug 29 16:40:09 UTC 2026][INFO] [Action] E Paste - (r,50185,50194),10
[Sat Aug 29 16:40:11 UTC 2026][INFO] [Action] E InsertTextContent - (c,50194,2),[SPACE]
[Sat Aug 29 16:40:13 UTC 2026][INFO] [Action] E MergeContainer - 50184,0
[Sat Aug 29 16:40:14 UTC 2026][INFO] [Action] E SplitContainer - 50185
[Sat Aug 29 16:40:27 UTC 2026][INFO] [Action] E Paste - (r,50479,50487),10
[Sat Aug 29 16:40:31 UTC 2026][INFO] [Action] E DeleteContent - (c,50488,2),B
[Sat Aug 29 16:40:31 UTC 2026][INFO] [Action] E SplitContainer - 50488
[Sat Aug 29 16:40:34 UTC 2026][INFO] [Action] E InsertTextContent - (c,50487,2),[i]
[Sat Aug 29 16:40:36 UTC 2026][INFO] [Action] E InsertTextContent - (c,50488,2),[SPACE]
[Sat Aug 29 16:40:36 UTC 2026][INFO] [Action] E MergeContainer - 50489,0
[Sat Aug 29 16:40:38 UTC 2026][INFO] [Action] E DeleteContent - (r,50490,50490),F
[Sat Aug 29 16:40:40 UTC 2026][INFO] [Action] E MergeContainer - 50479,1
[Sat Aug 29 16:40:43 UTC 2026][INFO] [Action] E SplitContainer - 50479
[Sat Aug 29 16:40:57 UTC 2026][INFO] [Action] E Paste - (r,66042,66051),10
[Sat Aug 29 16:41:05 UTC 2026][INFO] [Action] E Paste - (r,66206,66214),10
[Sat Aug 29 16:41:07 UTC 2026][INFO] [Action] E MergeContainer - 66205,0
[Sat Aug 29 16:41:08 UTC 2026][INFO] [Action] E SplitContainer - 66206
[Sat Aug 29 16:41:42 UTC 2026][INFO] [Action] E Paste - (r,66345,66353),10
[Sat Aug 29 16:41:44 UTC 2026][INFO] [Action] E InsertTextContent - (c,66344,2),[SPACE]
[Sat Aug 29 16:41:45 UTC 2026][INFO] [Action] E MergeContainer - 66345,0
[Sat Aug 29 16:41:46 UTC 2026][INFO] [Action] E SplitContainer - 66346
[Sat Aug 29 16:42:22 UTC 2026][INFO] [Action] E Paste - (r,66481,66490),10
[Sat Aug 29 16:42:24 UTC 2026][INFO] [Action] E InsertTextContent - (c,66490,2),[SPACE]
[Sat Aug 29 16:42:46 UTC 2026][INFO] [Action] E Paste - (r,66771,66779),10
[Sat Aug 29 16:42:54 UTC 2026][INFO] [Action] E Paste - (r,67071,67080),10
[Sat Aug 29 16:42:57 UTC 2026][INFO] [Action] E InsertTextContent - (r,67071,67071),[SPACE]
[Sat Aug 29 16:43:00 UTC 2026][INFO] [Action] U InsertTextContent
[Sat Aug 29 16:43:12 UTC 2026][INFO] [Action] E InsertTextContent - (c,67070,2),[SPACE]
[Sat Aug 29 16:43:24 UTC 2026][INFO] [Action] E Paste - (r,67216,67224),10
[Sat Aug 29 16:43:28 UTC 2026][INFO] [Action] E MergeContainer - 67216,1
[Sat Aug 29 16:43:28 UTC 2026][INFO] [Action] E SplitContainer - 67216
[Sat Aug 29 16:43:40 UTC 2026][INFO] [Action] E Paste - (r,67646,67646),10
[Sat Aug 29 16:43:44 UTC 2026][INFO] [Action] E DeleteContent - (c,67646,1),B
[Sat Aug 29 16:43:44 UTC 2026][INFO] [Action] E DeleteContent - (c,67645,1),B
[Sat Aug 29 16:43:45 UTC 2026][INFO] [Action] E DeleteContent - (c,67644,1),B
[Sat Aug 29 16:43:45 UTC 2026][INFO] [Action] E DeleteContent - (c,67643,1),B
[Sat Aug 29 16:43:45 UTC 2026][INFO] [Action] E DeleteContent - (c,67642,1),B
[Sat Aug 29 16:43:46 UTC 2026][INFO] [Action] E DeleteContent - (c,67641,1),B
[Sat Aug 29 16:43:46 UTC 2026][INFO] [Action] E DeleteContent - (c,67640,1),B
[Sat Aug 29 16:43:46 UTC 2026][INFO] [Action] E DeleteContent - (c,67639,1),B
[Sat Aug 29 16:43:46 UTC 2026][INFO] [Action] E MergeContainer - 67638,1
[Sat Aug 29 16:43:48 UTC 2026][INFO] [Action] E SplitContainer - 67638
[Sat Aug 29 16:44:03 UTC 2026][INFO] [Action] E Paste - (r,67862,67870),10
[Sat Aug 29 16:44:07 UTC 2026][INFO] [Action] E MergeContainer - 67862,1
[Sat Aug 29 16:44:08 UTC 2026][INFO] [Action] E SplitContainer - 67862
[Sat Aug 29 16:44:23 UTC 2026][INFO] [Action] E Paste - (r,67920,67928),10
[Sat Aug 29 16:44:32 UTC 2026][INFO] [Action] E Paste - (r,68294,68302),10
[Sat Aug 29 16:44:45 UTC 2026][INFO] [Action] E AddTextContainer - (c,68294,1),1,0,0
[Sat Aug 29 16:44:45 UTC 2026][INFO] [Action] E MergeContainer - 68295,1
[Sat Aug 29 16:44:57 UTC 2026][INFO] [Action] E Paste - (r,68452,68460),10
[Sat Aug 29 16:45:03 UTC 2026][INFO] [Action] E Paste - (r,68706,68714),10
[Sat Aug 29 16:45:19 UTC 2026][INFO] [Action] E Paste - (r,68901,68909),10
[Sat Aug 29 16:45:28 UTC 2026][INFO] [Action] E Paste - (r,69007,69007),10
[Sat Aug 29 16:45:32 UTC 2026][INFO] [Action] E DeleteContent - (c,69006,2),B
[Sat Aug 29 16:45:33 UTC 2026][INFO] [Action] E DeleteContent - (c,69006,1),B
[Sat Aug 29 16:45:33 UTC 2026][INFO] [Action] E DeleteContent - (c,69005,1),B
[Sat Aug 29 16:45:33 UTC 2026][INFO] [Action] E DeleteContent - (c,69004,1),B
[Sat Aug 29 16:45:33 UTC 2026][INFO] [Action] E DeleteContent - (c,69003,1),B
[Sat Aug 29 16:45:33 UTC 2026][INFO] [Action] E DeleteContent - (c,69002,1),B
[Sat Aug 29 16:45:34 UTC 2026][INFO] [Action] E DeleteContent - (c,69001,1),B
[Sat Aug 29 16:45:34 UTC 2026][INFO] [Action] E DeleteContent - (c,69000,1),B
[Sat Aug 29 16:45:48 UTC 2026][INFO] [Action] E Paste - (r,69055,69063),10
[Sat Aug 29 17:13:35 UTC 2026][INFO] [Action] E ItemChanged - -1,322316
[Sat Aug 29 17:13:52 UTC 2026][INFO] [Action] E Paste - (c,323814,2),150
[Sat Aug 29 17:14:00 UTC 2026][INFO] [Action] E InsertTextContent - (r,323834,323837),["]
[Sat Aug 29 17:14:06 UTC 2026][INFO] [Action] E InsertTextContent - (r,323848,323850),["]
[Sat Aug 29 17:14:12 UTC 2026][INFO] [Action] E InsertTextContent - (c,323847,2),[.]
[Sat Aug 29 17:14:23 UTC 2026][INFO] [Action] E InsertTextContent - (r,323953,323955),[SPACE]
[Sat Aug 29 17:14:24 UTC 2026][INFO] [Action] E InsertTextContent - (c,323953,2),[-]
[Sat Aug 29 17:14:24 UTC 2026][INFO] [Action] E InsertTextContent - (c,323954,2),[SPACE]
[Sat Aug 29 17:14:33 UTC 2026][INFO] [Action] E DeleteContent - (r,323948,323948),B
[Sat Aug 29 17:14:33 UTC 2026][INFO] [Action] E DeleteContent - (r,323948,323948),F
[Sat Aug 29 17:14:34 UTC 2026][INFO] [Action] E DeleteContent - (r,323948,323948),F
[Sat Aug 29 17:14:35 UTC 2026][INFO] [Action] E InsertTextContent - (c,323947,2),[SPACE]
[Sat Aug 29 17:14:50 UTC 2026][INFO] [Action] E InsertTextContent - (c,323835,1),[S]
[Sat Aug 29 17:15:00 UTC 2026][INFO] [Action] E UpdateStyle - (r,323833,323957),13:350:3,(r,323833,323957),F
[Sat Aug 29 17:16:33 UTC 2026][INFO] [Action] E InsertTextContent - (r,266907,266909),[a]
[Sat Aug 29 17:16:34 UTC 2026][INFO] [Action] E InsertTextContent - (c,266907,2),[t]
[Sat Aug 29 17:16:34 UTC 2026][INFO] [Action] E InsertTextContent - (c,266908,2),[h]
[Sat Aug 29 17:16:43 UTC 2026][INFO] [Action] E InsertTextContent - (c,266907,1),[M]
[Sat Aug 29 17:16:49 UTC 2026][INFO] [Action] E InsertTextContent - (r,266906,266906),[SPACE]
[Sat Aug 29 17:16:54 UTC 2026][INFO] [Action] E Copy - (r,266908,266910)
[Sat Aug 29 17:17:04 UTC 2026][INFO] [Action] E Paste - (r,178572,178574),3
[Sat Aug 29 17:17:08 UTC 2026][INFO] [Action] E InsertTextContent - (c,178572,1),[M]
[Sat Aug 29 17:17:17 UTC 2026][INFO] [Action] E Copy - (r,178572,178575)
[Sat Aug 29 17:17:24 UTC 2026][INFO] [Action] E Paste - (r,178442,178444),4
[Sat Aug 29 17:17:28 UTC 2026][INFO] [Action] E Paste - (r,178354,178356),4
[Sat Aug 29 17:17:34 UTC 2026][INFO] [Action] E Paste - (r,177997,177999),4
[Sat Aug 29 17:17:44 UTC 2026][INFO] [Action] E Paste - (r,177806,177808),4
[Sat Aug 29 17:17:51 UTC 2026][INFO] [Action] E Paste - (r,177603,177605),4
[Sat Aug 29 17:17:59 UTC 2026][INFO] [Action] E Paste - (c,176900,2),4
[Sat Aug 29 17:18:03 UTC 2026][INFO] [Action] E DeleteContent - (c,176900,2),B
[Sat Aug 29 17:18:03 UTC 2026][INFO] [Action] E DeleteContent - (c,176900,1),B
[Sat Aug 29 17:18:03 UTC 2026][INFO] [Action] E DeleteContent - (c,176899,1),B
[Sat Aug 29 17:18:13 UTC 2026][INFO] [Action] E Paste - (r,176613,176615),4
[Sat Aug 29 17:18:21 UTC 2026][INFO] [Action] E Paste - (r,75972,75974),4
[Sat Aug 29 17:18:30 UTC 2026][INFO] [Action] E Paste - (r,75866,75868),4
[Sat Aug 29 17:18:39 UTC 2026][INFO] [Action] E Paste - (r,75800,75802),4
[Sat Aug 29 17:18:47 UTC 2026][INFO] [Action] E Paste - (r,66118,66120),4
[Sat Aug 29 17:18:52 UTC 2026][INFO] [Action] E Paste - (r,54442,54444),4
[Sat Aug 29 17:19:00 UTC 2026][INFO] [Action] E Paste - (c,54065,2),4
[Sat Aug 29 17:19:05 UTC 2026][INFO] [Action] E DeleteContent - (r,54066,54066),B
[Sat Aug 29 17:19:05 UTC 2026][INFO] [Action] E DeleteContent - (c,54065,2),B
[Sat Aug 29 17:19:06 UTC 2026][INFO] [Action] E DeleteContent - (c,54065,1),B
[Sat Aug 29 17:19:06 UTC 2026][INFO] [Action] E DeleteContent - (c,54064,1),B
[Sat Aug 29 17:19:09 UTC 2026][INFO] [Action] U DeleteContent
[Sat Aug 29 17:19:09 UTC 2026][INFO] [Action] U DeleteContent
[Sat Aug 29 17:19:09 UTC 2026][INFO] [Action] U DeleteContent
[Sat Aug 29 17:19:13 UTC 2026][INFO] [Action] E DeleteContent - (c,54065,2),B
[Sat Aug 29 17:19:13 UTC 2026][INFO] [Action] E DeleteContent - (c,54065,1),B
[Sat Aug 29 17:19:22 UTC 2026][INFO] [Action] E Paste - (r,50994,50996),4
[Sat Aug 29 17:19:30 UTC 2026][INFO] [Action] E Paste - (c,50775,2),4
[Sat Aug 29 17:19:40 UTC 2026][INFO] [Action] U Paste
[Sat Aug 29 17:19:46 UTC 2026][INFO] [Action] E Paste - (r,50773,50775),4
[Sat Aug 29 17:20:28 UTC 2026][INFO] [Action] E UpdateStyle - (r,319700,319932),13:350:3,(r,319700,319932),F
[Sat Aug 29 17:20:46 UTC 2026][INFO] [Action] E DeleteContent - (r,319861,319931),B
[Sat Aug 29 17:21:08 UTC 2026][INFO] [Action] E DeleteContent - (r,317819,317847),B
[Sat Aug 29 17:21:13 UTC 2026][INFO] [Action] E InsertTextContent - (c,317818,2),[R]
[Sat Aug 29 17:21:13 UTC 2026][INFO] [Action] E InsertTextContent - (c,317819,2),[.]
[Sat Aug 29 17:21:20 UTC 2026][INFO] [Action] E AddTextContainer - (c,317770,1),1,0,0
[Sat Aug 29 17:21:25 UTC 2026][INFO] [Action] E AddTextContainer - (c,317851,2),0,0,0
[Sat Aug 29 17:21:28 UTC 2026][INFO] [Action] E AddTextContainer - (c,317920,2),0,0,0
[Sat Aug 29 17:22:16 UTC 2026][INFO] [Action] E AddTextContainer - (c,317782,2),0,0,0
[Sat Aug 29 17:22:27 UTC 2026][INFO] [Action] E InsertTextContent - (c,317899,2),[SPACE]
[Sat Aug 29 17:22:27 UTC 2026][INFO] [Action] E InsertTextContent - (c,317900,2),[b]
[Sat Aug 29 17:22:28 UTC 2026][INFO] [Action] E InsertTextContent - (c,317901,2),[e]
[Sat Aug 29 17:22:29 UTC 2026][INFO] [Action] E InsertTextContent - (c,317902,2),[y]
[Sat Aug 29 17:22:29 UTC 2026][INFO] [Action] E InsertTextContent - (c,317903,2),[o]
[Sat Aug 29 17:22:29 UTC 2026][INFO] [Action] E InsertTextContent - (c,317904,2),[n]
[Sat Aug 29 17:22:30 UTC 2026][INFO] [Action] E InsertTextContent - (c,317905,2),[d]
[Sat Aug 29 17:22:38 UTC 2026][INFO] [Action] E DeleteContent - (r,317912,317921),B
[Sat Aug 29 17:22:41 UTC 2026][INFO] [Action] E InsertTextContent - (c,317911,2),[C]
[Sat Aug 29 17:23:25 UTC 2026][INFO] [Action] E Copy - (r,318070,318391)
[Sat Aug 29 17:26:46 UTC 2026][INFO] [Action] E InsertTextContent - (c,318118,2),[SPACE]
[Sat Aug 29 17:26:46 UTC 2026][INFO] [Action] E InsertTextContent - (c,318119,2),[a]
[Sat Aug 29 17:26:47 UTC 2026][INFO] [Action] E InsertTextContent - (c,318120,2),[t]
[Sat Aug 29 17:26:47 UTC 2026][INFO] [Action] E InsertTextContent - (c,318121,2),[SPACE]
[Sat Aug 29 17:26:52 UTC 2026][INFO] [Action] E Paste - (c,318122,2),60
[Sat Aug 29 17:27:31 UTC 2026][INFO] [Action] U Paste
[Sat Aug 29 17:27:33 UTC 2026][INFO] [Action] U InsertTextContent
[Sat Aug 29 17:27:33 UTC 2026][INFO] [Action] U InsertTextContent
[Sat Aug 29 17:27:33 UTC 2026][INFO] [Action] U InsertTextContent
[Sat Aug 29 17:27:34 UTC 2026][INFO] [Action] U InsertTextContent
[Sat Aug 29 17:27:34 UTC 2026][INFO] [Action] U InsertTextContent
[Sat Aug 29 17:27:51 UTC 2026][INFO] [Action] E AddHyperlink - (r,318078,318117),https://einstein.stanford.edu/SPACETIME/spacetime-index.html
[Sat Aug 29 17:38:54 UTC 2026][INFO] [Action] U AddHyperlink
[Sat Aug 29 17:39:35 UTC 2026][INFO] [Action] E AddHyperlink - (r,318069,318117),https://einstein.stanford.edu/
[Sat Aug 29 17:41:08 UTC 2026][INFO] [Action] E InsertTextContent - (c,317911,2),[C]
[Sat Aug 29 17:50:50 UTC 2026][INFO] [Action] E AddHyperlink - (r,318070,318118),https://einstein.stanford.edu/SPACETIME/spacetime2.html
[Sat Aug 29 17:51:39 UTC 2026][INFO] [Action] E AddHyperlink - (r,318070,318119),https://einstein.stanford.edu/SPACETIME/spacetime-index.html
[Sat Aug 29 17:52:02 UTC 2026][INFO] [Action] E AddHyperlink - (r,318263,318282),https://einstein.stanford.edu/SPACETIME/spacetime2.html
[Sat Aug 29 17:53:57 UTC 2026][INFO] [Action] E AddHyperlink - (r,317895,317919),https://einstein.stanford.edu/SPACETIME/spacetime2.html
[Sat Aug 29 17:54:11 UTC 2026][INFO] [Action] E UpdateStyle - (r,317872,317919),13:350:3,(r,317872,317919),F
[Sat Aug 29 17:54:16 UTC 2026][INFO] [Action] E UpdateStyle - (r,317872,317919),16:8.000000:2,(r,317872,317919),F
[Sat Aug 29 17:54:36 UTC 2026][INFO] [Action] E DeleteContent - (r,317870,317870),F
[Sat Aug 29 17:54:38 UTC 2026][INFO] [Action] E SplitContainer - 317871
[Sat Aug 29 17:54:57 UTC 2026][INFO] [Action] E RemoveHyperlinkAction - (r,317894,317918)
[Sat Aug 29 17:56:12 UTC 2026][INFO] [Action] E AddHyperlink - (r,317911,317918),https://sextoystarterpack.com/vegetable-dildos/#Cucumber
[Sat Aug 29 18:01:45 UTC 2026][INFO] [Action] E ItemChanged - -1,285574
[Sat Aug 29 18:01:46 UTC 2026][INFO] [Action] E ItemChanged - -1,285574
[Sat Aug 29 18:02:03 UTC 2026][INFO] [Action] E AddHyperlink - (r,285682,285704),https://en.wikipedia.org/wiki/Lorentz_transformation
[Sat Aug 29 18:02:07 UTC 2026][INFO] [Action] U AddHyperlink
[Sat Aug 29 18:02:18 UTC 2026][INFO] [Action] E AddHyperlink - (r,285683,285704),https://en.wikipedia.org/wiki/Lorentz_transformation
[Sat Aug 29 18:03:31 UTC 2026][INFO] [Action] E AddTextContainer - (c,288227,2),0,0,0
[Sat Aug 29 18:03:34 UTC 2026][INFO] [Action] E UpdateStyle - (c,288248,2),34:320:3,(r,288248,288248),F
[Sat Aug 29 18:03:48 UTC 2026][INFO] [Action] E AddTextContainer - (c,288249,1),1,0,0
[Sat Aug 29 18:03:53 UTC 2026][INFO] [Action] E SplitContainer - 288366
[Sat Aug 29 18:03:57 UTC 2026][INFO] [Action] E SplitContainer - 288547
[Sat Aug 29 18:04:02 UTC 2026][INFO] [Action] E ItemChanged - -1,282278
[Sat Aug 29 18:04:10 UTC 2026][INFO] [Action] E ItemChanged - -1,285574
[Sat Aug 29 18:04:15 UTC 2026][INFO] [Action] E AddTextContainer - (c,286664,2),0,0,0
[Sat Aug 29 18:04:17 UTC 2026][INFO] [Action] E AddTextContainer - (c,286685,2),0,0,0
[Sat Aug 29 18:04:20 UTC 2026][INFO] [Action] E UpdateStyle - (c,286685,2),34:320:3,(r,286685,286685),F
[Sat Aug 29 18:04:24 UTC 2026][INFO] [Action] E SplitContainer - 286794
[Sat Aug 29 18:04:27 UTC 2026][INFO] [Action] E SplitContainer - 286906
[Sat Aug 29 18:04:31 UTC 2026][INFO] [Action] E ItemChanged - -1,282278
[Sat Aug 29 18:04:46 UTC 2026][INFO] [Action] E UpdateStyle - (c,289805,1),34:320:3,(r,289805,289805),F
[Sat Aug 29 18:04:50 UTC 2026][INFO] [Action] E AddTextContainer - (c,289810,2),0,0,0
[Sat Aug 29 18:05:00 UTC 2026][INFO] [Action] E AddTextContainer - (c,291037,2),0,0,0
[Sat Aug 29 18:05:00 UTC 2026][INFO] [Action] E AddTextContainer - (c,291038,1),1,0,0
[Sat Aug 29 18:05:01 UTC 2026][INFO] [Action] E AddTextContainer - (c,291039,1),1,0,0
[Sat Aug 29 18:05:04 UTC 2026][INFO] [Action] E AddTextContainer - (c,291060,2),0,0,0
[Sat Aug 29 18:05:07 UTC 2026][INFO] [Action] E UpdateStyle - (c,291057,2),34:320:3,(r,291057,291057),F
[Sat Aug 29 18:05:12 UTC 2026][INFO] [Action] E SplitContainer - 291198
[Sat Aug 29 18:05:32 UTC 2026][INFO] [Action] E AddTextContainer - (c,291198,1),1,0,0
[Sat Aug 29 18:05:35 UTC 2026][INFO] [Action] E AddTextContainer - (c,291340,2),0,0,0
[Sat Aug 29 18:05:36 UTC 2026][INFO] [Action] E ItemChanged - -1,282278
[Sat Aug 29 18:05:39 UTC 2026][INFO] [Action] E AddTextContainer - (c,285340,2),0,0,0
[Sat Aug 29 18:05:40 UTC 2026][INFO] [Action] E AddTextContainer - (c,285467,2),0,0,0
[Sat Aug 29 18:05:44 UTC 2026][INFO] [Action] E ItemChanged - -1,285576
[Sat Aug 29 18:05:47 UTC 2026][INFO] [Action] E AddTextContainer - (c,286795,2),0,0,0
[Sat Aug 29 18:05:48 UTC 2026][INFO] [Action] E AddTextContainer - (c,286908,2),0,0,0
[Sat Aug 29 18:05:50 UTC 2026][INFO] [Action] E ItemChanged - -1,287056
[Sat Aug 29 18:05:53 UTC 2026][INFO] [Action] E AddTextContainer - (c,288371,2),0,0,0
[Sat Aug 29 18:05:54 UTC 2026][INFO] [Action] E AddTextContainer - (c,288553,2),0,0,0
[Sat Aug 29 18:05:57 UTC 2026][INFO] [Action] E ItemChanged - -1,287056
[Sat Aug 29 18:05:58 UTC 2026][INFO] [Action] E AddTextContainer - (c,287056,1),1,0,0
[Sat Aug 29 18:06:01 UTC 2026][INFO] [Action] U AddTextContainer
[Sat Aug 29 18:06:10 UTC 2026][INFO] [Action] E AddTextContainer - (c,289929,2),0,0,0
[Sat Aug 29 18:06:12 UTC 2026][INFO] [Action] E AddTextContainer - (c,290016,2),0,0,0
[Sat Aug 29 18:06:24 UTC 2026][INFO] [Action] E SplitContainer - 291394
[Sat Aug 29 18:06:31 UTC 2026][INFO] [Action] E UpdateStyle - (c,291394,1),34:59:3,(r,291394,291394),F
[Sat Aug 29 18:06:31 UTC 2026][INFO] [Action] E UpdateStyle - (c,291394,1),34:59:3,(r,291394,291394),F
[Sat Aug 29 18:06:34 UTC 2026][INFO] [Action] U UpdateStyle
[Sat Aug 29 18:06:35 UTC 2026][INFO] [Action] U UpdateStyle
[Sat Aug 29 18:06:36 UTC 2026][INFO] [Action] U SplitContainer
[Sat Aug 29 18:06:44 UTC 2026][INFO] [Action] E UpdateStyle - (r,291350,291418),34:59:3,(r,291350,291418),F
[Sat Aug 29 18:06:45 UTC 2026][INFO] [Action] E UpdateStyle - (r,291350,291418),34:59:3,(r,291350,291418),F
[Sat Aug 29 18:06:59 UTC 2026][INFO] [Action] E Cut - (r,291379,291389)
[Sat Aug 29 18:07:04 UTC 2026][INFO] [Action] E InsertTextContent - (c,291392,2),[SPACE]
[Sat Aug 29 18:07:05 UTC 2026][INFO] [Action] E Paste - (c,291393,2),11
[Sat Aug 29 18:07:11 UTC 2026][INFO] [Action] E DeleteContent - (c,291404,2),B
[Sat Aug 29 18:07:13 UTC 2026][INFO] [Action] E InsertTextContent - (c,291379,1),[SPACE]
[Sat Aug 29 18:07:14 UTC 2026][INFO] [Action] E InsertTextContent - (c,291379,2),[f]
[Sat Aug 29 18:07:21 UTC 2026][INFO] [Action] E DeleteContent - (r,291400,291400),F
[Sat Aug 29 18:07:24 UTC 2026][INFO] [Action] E InsertTextContent - (c,291399,2),[o]
[Sat Aug 29 18:07:28 UTC 2026][INFO] [Action] E InsertTextContent - (c,291408,1),[SPACE]
[Sat Aug 29 18:07:29 UTC 2026][INFO] [Action] E InsertTextContent - (c,291408,2),[SPACE]
[Sat Aug 29 18:07:29 UTC 2026][INFO] [Action] E InsertTextContent - (c,291409,2),[SPACE]
[Sat Aug 29 18:07:29 UTC 2026][INFO] [Action] E InsertTextContent - (c,291410,2),[SPACE]
[Sat Aug 29 18:07:29 UTC 2026][INFO] [Action] E InsertTextContent - (c,291411,2),[SPACE]
[Sat Aug 29 18:07:29 UTC 2026][INFO] [Action] E InsertTextContent - (c,291412,2),[SPACE]
[Sat Aug 29 18:07:30 UTC 2026][INFO] [Action] E InsertTextContent - (c,291413,2),[SPACE]
[Sat Aug 29 18:07:30 UTC 2026][INFO] [Action] E InsertTextContent - (c,291414,2),[SPACE]
[Sat Aug 29 18:07:30 UTC 2026][INFO] [Action] E InsertTextContent - (c,291415,2),[SPACE]
[Sat Aug 29 18:07:30 UTC 2026][INFO] [Action] E InsertTextContent - (c,291416,2),[SPACE]
[Sat Aug 29 18:07:30 UTC 2026][INFO] [Action] E InsertTextContent - (c,291417,2),[SPACE]
[Sat Aug 29 18:07:30 UTC 2026][INFO] [Action] E InsertTextContent - (c,291418,2),[SPACE]
[Sat Aug 29 18:07:30 UTC 2026][INFO] [Action] E InsertTextContent - (c,291419,2),[SPACE]
[Sat Aug 29 18:07:30 UTC 2026][INFO] [Action] E InsertTextContent - (c,291420,2),[SPACE]
[Sat Aug 29 18:07:30 UTC 2026][INFO] [Action] E InsertTextContent - (c,291421,2),[SPACE]
[Sat Aug 29 18:07:30 UTC 2026][INFO] [Action] E InsertTextContent - (c,291422,2),[SPACE]
[Sat Aug 29 18:07:30 UTC 2026][INFO] [Action] E InsertTextContent - (c,291423,2),[SPACE]
[Sat Aug 29 18:07:30 UTC 2026][INFO] [Action] E InsertTextContent - (c,291424,2),[SPACE]
[Sat Aug 29 18:07:30 UTC 2026][INFO] [Action] E InsertTextContent - (c,291425,2),[SPACE]
[Sat Aug 29 18:07:30 UTC 2026][INFO] [Action] E InsertTextContent - (c,291426,2),[SPACE]
[Sat Aug 29 18:07:36 UTC 2026][INFO] [Action] E DeleteContent - (r,291407,291427),B
[Sat Aug 29 18:07:37 UTC 2026][INFO] [Action] E InsertTextContent - (c,291406,2),[SPACE]
[Sat Aug 29 18:07:45 UTC 2026][INFO] [Action] E Cut - (r,291350,291450)
[Sat Aug 29 18:07:47 UTC 2026][INFO] [Action] E InsertTextContent - (c,291348,2),[SPACE]
[Sat Aug 29 18:07:48 UTC 2026][INFO] [Action] E Paste - (c,291349,2),101
[Sat Aug 29 18:07:51 UTC 2026][INFO] [Action] E SplitContainer - 291350
[Sat Aug 29 18:07:52 UTC 2026][INFO] [Action] E AddTextContainer - (c,291350,1),1,0,0
[Sat Aug 29 18:08:10 UTC 2026][INFO] [Action] E SplitContainer - 291081
[Sat Aug 29 18:08:18 UTC 2026][INFO] [Action] E UpdateStyle - (c,291073,2),34:320:3,(r,291073,291073),F
[Sat Aug 29 18:08:21 UTC 2026][INFO] [Action] U UpdateStyle
[Sat Aug 29 18:08:21 UTC 2026][INFO] [Action] U SplitContainer
[Sat Aug 29 18:08:37 UTC 2026][INFO] [Action] E ItemChanged - -1,287056
[Sat Aug 29 18:09:11 UTC 2026][INFO] [Action] U AddTextContainer
[Sat Aug 29 18:09:15 UTC 2026][INFO] [Action] R AddTextContainer
[Sat Aug 29 18:09:17 UTC 2026][INFO] [Action] E SaveBook - Save
[Sat Aug 29 18:09:25 UTC 2026][INFO] [Action] E AddTextContainer - (c,292658,2),0,0,0
[Sat Aug 29 18:09:36 UTC 2026][INFO] [Action] E AddTextContainer - (c,293652,1),1,0,0
[Sat Aug 29 18:09:38 UTC 2026][INFO] [Action] E AddTextContainer - (c,293748,1),1,0,0
[Sat Aug 29 18:11:09 UTC 2026][INFO] [Action] E SplitContainer - 292853
[Sat Aug 29 18:11:22 UTC 2026][INFO] [Action] E SplitContainer - 292929
[Sat Aug 29 18:11:27 UTC 2026][INFO] [Action] E SplitContainer - 293117
[Sat Aug 29 18:12:37 UTC 2026][INFO] [Action] E Copy - (r,292639,293852)
[Sat Aug 29 18:14:01 UTC 2026][INFO] [Action] E Paste - (r,292660,293852),1019
[Sat Aug 29 18:14:19 UTC 2026][INFO] [Action] E UpdateStyle - (r,293617,293672),13:361:3,(r,293617,293672),F
[Sat Aug 29 18:14:20 UTC 2026][INFO] [Action] E UpdateStyle - (r,293617,293672),13:350:3,(r,293617,293672),F
[Sat Aug 29 18:14:42 UTC 2026][INFO] [Action] E DeleteContent - (r,293134,293134),B
[Sat Aug 29 18:14:43 UTC 2026][INFO] [Action] E DeleteContent - (r,293134,293134),B
[Sat Aug 29 18:14:46 UTC 2026][INFO] [Action] E DeleteContent - (c,293133,2),B
[Sat Aug 29 18:14:48 UTC 2026][INFO] [Action] E DeleteContent - (c,293133,1),B
[Sat Aug 29 18:14:51 UTC 2026][INFO] [Action] E InsertTextContent - (c,293132,1),[']
[Sat Aug 29 18:14:51 UTC 2026][INFO] [Action] E InsertTextContent - (c,293132,2),[s]
[Sat Aug 29 18:15:07 UTC 2026][INFO] [Action] E DeleteContent - (r,293401,293401),B
[Sat Aug 29 18:15:09 UTC 2026][INFO] [Action] E DeleteContent - (r,293401,293401),B
[Sat Aug 29 18:15:10 UTC 2026][INFO] [Action] E DeleteContent - (c,293400,2),B
[Sat Aug 29 18:15:12 UTC 2026][INFO] [Action] E DeleteContent - (c,293400,1),B
[Sat Aug 29 18:15:13 UTC 2026][INFO] [Action] E DeleteContent - (c,293399,1),B
[Sat Aug 29 18:15:15 UTC 2026][INFO] [Action] E InsertTextContent - (c,293398,1),[']
[Sat Aug 29 18:15:16 UTC 2026][INFO] [Action] E InsertTextContent - (c,293398,2),[s]
[Sat Aug 29 18:15:18 UTC 2026][INFO] [Action] E InsertTextContent - (c,293399,2),[SPACE]
[Sat Aug 29 18:15:29 UTC 2026][INFO] [Action] E SaveBook - Save
[Sat Aug 29 18:15:56 UTC 2026][INFO] [Action] E Copy - (r,293002,293101)
[Sat Aug 29 18:16:22 UTC 2026][INFO] [Action] E DeleteContent - (r,293002,293101),B
[Sat Aug 29 18:16:23 UTC 2026][INFO] [Action] E DeleteContent - (c,293001,2),B
[Sat Aug 29 18:16:24 UTC 2026][INFO] [Action] E InsertTextContent - (c,293000,2),[.]
[Sat Aug 29 18:17:03 UTC 2026][INFO] [Action] E UpdateStyle - (r,292655,292658),34:320:3,(r,292655,292658),F
[Sat Aug 29 18:18:22 UTC 2026][INFO] [Action] E AddHyperlink - (r,292775,292786),https://science.nasa.gov/universe/black-holes/
[Sat Aug 29 18:30:34 UTC 2026][INFO] [Action] E AddHyperlink - (r,292853,292863),https://www.sciencenewstoday.org/what-is-a-white-hole-the-mathematical-opposite-of-a-black-hole
[Sat Aug 29 18:31:23 UTC 2026][INFO] [Action] E AddHyperlink - (r,292927,292935),https://phys.org/news/2026-01-wormholes-weve-reveal-deeper-universe.html
[Sat Aug 29 18:34:10 UTC 2026][INFO] [Action] E AddHyperlink - (r,293154,293165),https://scienceinsights.org/what-is-a-singularity-in-the-universe-and-do-they-exist/
[Sat Aug 29 18:34:34 UTC 2026][INFO] [Action] E Copy - (r,293529,293557)
[Sat Aug 29 18:36:05 UTC 2026][INFO] [Action] E AddHyperlink - (r,293525,293545),https://ned.ipac.caltech.edu/level5/ESSAYS/Bekenstein/bekenstein.html
[Sat Aug 29 18:36:09 UTC 2026][INFO] [Action] E ItemChanged - -1,282278
[Sat Aug 29 18:36:37 UTC 2026][INFO] [Action] E Copy - (r,284831,284843)
[Sat Aug 29 18:37:41 UTC 2026][INFO] [Action] E AddHyperlink - (r,284830,284856),https://www.scienceabc.com/nature/universe/time-dilation-why-does-gravity-slow-down-the-flow-of-time
[Sat Aug 29 18:37:49 UTC 2026][INFO] [Action] U AddHyperlink
[Sat Aug 29 18:38:01 UTC 2026][INFO] [Action] E AddHyperlink - (r,284831,284856),https://www.scienceabc.com/nature/universe/time-dilation-why-does-gravity-slow-down-the-flow-of-time
[Sat Aug 29 18:38:21 UTC 2026][INFO] [Action] E Copy - (r,285222,285239)
[Sat Aug 29 18:39:21 UTC 2026][INFO] [Action] E AddHyperlink - (r,285222,285239),https://phys.libretexts.org/Bookshelves/College_Physics/College_Physics_1e_(OpenStax)/28%3A_Special_Relativity
[Sat Aug 29 18:39:31 UTC 2026][INFO] [Action] E Copy - (r,285484,285515)
[Sat Aug 29 18:40:41 UTC 2026][INFO] [Action] E AddHyperlink - (r,285481,285514),https://sites.pitt.edu/~jdnorton/teaching/HPS_0410/chapters/Special_relativity_rel_sim/index.html
[Sat Aug 29 18:41:12 UTC 2026][INFO] [Action] E ItemChanged - -1,285576
[Sat Aug 29 18:41:32 UTC 2026][INFO] [Action] E UpdateStyle - (r,285784,285807),16:8.000000:2,(r,285784,285807),F
[Sat Aug 29 18:41:38 UTC 2026][INFO] [Action] E UpdateStyle - (c,285769,1),34:320:3,(r,285769,285769),F
[Sat Aug 29 18:41:47 UTC 2026][INFO] [Action] E SplitContainer - 285748
[Sat Aug 29 18:41:52 UTC 2026][INFO] [Action] E SplitContainer - 285762
[Sat Aug 29 18:41:56 UTC 2026][INFO] [Action] E UpdateStyle - (r,285748,285765),34:320:3,(r,285748,285765),F
[Sat Aug 29 18:42:03 UTC 2026][INFO] [Action] E SplitContainer - 285784
[Sat Aug 29 18:42:08 UTC 2026][INFO] [Action] E AddTextContainer - (c,285807,2),0,0,0
[Sat Aug 29 18:42:32 UTC 2026][INFO] [Action] E UpdateStyle - (r,285773,285781),13:361:3,(r,285773,285781),F
[Sat Aug 29 18:42:49 UTC 2026][INFO] [Action] E UpdateStyle - (r,285755,285760),13:361:3,(r,285755,285760),F
[Sat Aug 29 18:43:03 UTC 2026][INFO] [Action] E SplitContainer - 286206
[Sat Aug 29 18:43:16 UTC 2026][INFO] [Action] E SplitContainer - 286220
[Sat Aug 29 18:43:33 UTC 2026][INFO] [Action] E UpdateStyle - (r,286182,286217),34:320:3,(r,286182,286217),F
[Sat Aug 29 18:44:21 UTC 2026][INFO] [Action] E Copy - (r,286243,286270)
[Sat Aug 29 18:45:18 UTC 2026][INFO] [Action] E AddHyperlink - (r,286243,286250),https://phys.libretexts.org/Bookshelves/Relativity/Spacetime_Physics_(Taylor_and_Wheeler)/06:_Regions_of_Spacetime/6.02:_Relation_Between_Events-_Timelike_Spacelike_or_Lightlike
[Sat Aug 29 18:45:44 UTC 2026][INFO] [Action] E Copy - (r,286320,286343)
[Sat Aug 29 18:47:45 UTC 2026][INFO] [Action] E AddHyperlink - (r,286320,286341),https://www.reddit.com/r/AskPhysics/comments/17yf4rg/what_are_the_advantagesdisadvantagesmotivations/
[Sat Aug 29 18:49:44 UTC 2026][INFO] [Action] E AddHyperlink - (r,286320,286341),https://www.reddit.com/r/AskPhysics/comments/pcondv/why_do_people_have_a_preference_for_one_signature/
[Sat Aug 29 18:50:04 UTC 2026][INFO] [Action] E Copy - (r,286701,286723)
[Sat Aug 29 18:51:23 UTC 2026][INFO] [Action] E AddHyperlink - (r,286701,286723),https://phys.libretexts.org/Bookshelves/University_Physics/University_Physics_(OpenStax)/University_Physics_III_-_Optics_and_Modern_Physics_(OpenStax)/05:__Relativity/5.06:_The_Lorentz_Transformation
[Sat Aug 29 19:05:36 UTC 2026][INFO] [Action] E DeleteContent - (r,205469,205479),F
[Sat Aug 29 19:05:39 UTC 2026][INFO] [Action] U DeleteContent
[Sat Aug 29 19:06:14 UTC 2026][INFO] [Action] E InsertTextContent - (c,205473,2),[SPACE]
[Sat Aug 29 19:06:15 UTC 2026][INFO] [Action] E InsertTextContent - (c,205474,2),[a]
[Sat Aug 29 19:06:15 UTC 2026][INFO] [Action] E InsertTextContent - (c,205475,2),[n]
[Sat Aug 29 19:06:16 UTC 2026][INFO] [Action] E InsertTextContent - (c,205476,2),[d]
[Sat Aug 29 19:06:16 UTC 2026][INFO] [Action] E InsertTextContent - (c,205477,2),[SPACE]
[Sat Aug 29 19:06:34 UTC 2026][INFO] [Action] E SaveBook - Save
[Sat Aug 29 19:18:24 UTC 2026][INFO] [Action] E Paste - (r,317241,317252),19
[Sat Aug 29 19:18:38 UTC 2026][INFO] [Action] E InsertTextContent - (c,317240,2),[SPACE]
[Sat Aug 29 19:19:12 UTC 2026][INFO] [Action] E InsertTextContent - (c,317266,1),[c]
[Sat Aug 29 19:19:12 UTC 2026][INFO] [Action] E InsertTextContent - (c,317266,2),[u]
[Sat Aug 29 19:19:13 UTC 2026][INFO] [Action] E InsertTextContent - (c,317267,2),[r]
[Sat Aug 29 19:19:14 UTC 2026][INFO] [Action] E InsertTextContent - (c,317268,2),[v]
[Sat Aug 29 19:19:14 UTC 2026][INFO] [Action] E InsertTextContent - (c,317269,2),[e]
[Sat Aug 29 19:19:14 UTC 2026][INFO] [Action] E InsertTextContent - (c,317270,2),[d]
[Sat Aug 29 19:19:14 UTC 2026][INFO] [Action] E InsertTextContent - (c,317271,2),[SPACE]
[Sat Aug 29 19:19:53 UTC 2026][INFO] [Action] E Copy - (r,317008,317532)
[Sat Aug 29 19:24:50 UTC 2026][INFO] [Action] E AddTextContainer - (c,269747,2),0,0,0
[Sat Aug 29 19:24:53 UTC 2026][INFO] [Action] E Paste - (c,269748,1),33
[Sat Aug 29 19:25:01 UTC 2026][INFO] [Action] E Copy - (r,269723,269728)
[Sat Aug 29 19:25:04 UTC 2026][INFO] [Action] E Paste - (c,269748,1),7
[Sat Aug 29 19:25:08 UTC 2026][INFO] [Action] E DeleteContent - (c,269753,2),B
[Sat Aug 29 19:25:32 UTC 2026][INFO] [Action] E DeleteContent - (r,268987,268987),B
[Sat Aug 29 19:25:35 UTC 2026][INFO] [Action] E InsertTextContent - (c,268987,1),[S]
[Sat Aug 29 19:25:41 UTC 2026][INFO] [Action] E Copy - (r,268987,268995)
[Sat Aug 29 19:28:09 UTC 2026][INFO] [Action] U InsertTextContent
[Sat Aug 29 19:28:13 UTC 2026][INFO] [Action] R InsertTextContent
