[Wed Sep 09 04:03:58 UTC 2026][INFO] [Action] EE NewBook
[Wed Sep 09 04:04:29 UTC 2026][INFO] [Action] E AutoChapterGroupAction - 0
[Wed Sep 09 04:04:54 UTC 2026][INFO] [Action] E RemoveSectionBreak - 47,0
[Wed Sep 09 04:05:00 UTC 2026][INFO] [Action] E UpdateStyle - (c,46,1),34:320:3,(r,46,46),F
[Wed Sep 09 04:05:03 UTC 2026][INFO] [Action] E AddTextContainer - (c,45,2),0,0,0
[Wed Sep 09 04:05:04 UTC 2026][INFO] [Action] E AddTextContainer - (c,46,1),1,0,0
[Wed Sep 09 04:05:11 UTC 2026][INFO] [Action] E RemoveSectionBreak - 219,0
[Wed Sep 09 04:05:15 UTC 2026][INFO] [Action] E UpdateStyle - (c,218,1),34:320:3,(r,218,218),F
[Wed Sep 09 04:05:18 UTC 2026][INFO] [Action] E AddTextContainer - (c,217,2),0,0,0
[Wed Sep 09 04:05:19 UTC 2026][INFO] [Action] E AddTextContainer - (c,218,1),1,0,0
[Wed Sep 09 04:05:19 UTC 2026][INFO] [Action] E AddTextContainer - (c,219,1),1,0,0
[Wed Sep 09 04:05:19 UTC 2026][INFO] [Action] E AddTextContainer - (c,220,1),1,0,0
[Wed Sep 09 04:05:21 UTC 2026][INFO] [Action] E AddTextContainer - (c,221,1),1,0,0
[Wed Sep 09 04:05:21 UTC 2026][INFO] [Action] E AddTextContainer - (c,222,1),1,0,0
[Wed Sep 09 04:05:21 UTC 2026][INFO] [Action] E AddTextContainer - (c,223,1),1,0,0
[Wed Sep 09 04:05:21 UTC 2026][INFO] [Action] E AddTextContainer - (c,224,1),1,0,0
[Wed Sep 09 04:05:35 UTC 2026][INFO] [Action] E UpdateStyle - (c,574,1),47:2.250000:2,(r,574,574),F
[Wed Sep 09 04:05:36 UTC 2026][INFO] [Action] E UpdateStyle - (c,574,1),47:2.000000:2,(r,574,574),F
[Wed Sep 09 04:05:37 UTC 2026][INFO] [Action] E UpdateStyle - (c,574,1),47:1.750000:2,(r,574,574),F
[Wed Sep 09 04:05:37 UTC 2026][INFO] [Action] E UpdateStyle - (c,574,1),47:1.500000:2,(r,574,574),F
[Wed Sep 09 04:05:37 UTC 2026][INFO] [Action] E UpdateStyle - (c,574,1),47:1.250000:2,(r,574,574),F
[Wed Sep 09 04:05:38 UTC 2026][INFO] [Action] E UpdateStyle - (c,574,1),47:1.000000:2,(r,574,574),F
[Wed Sep 09 04:05:38 UTC 2026][INFO] [Action] E UpdateStyle - (c,574,1),47:0.750000:2,(r,574,574),F
[Wed Sep 09 04:05:38 UTC 2026][INFO] [Action] E UpdateStyle - (c,574,1),47:0.500000:2,(r,574,574),F
[Wed Sep 09 04:05:39 UTC 2026][INFO] [Action] E UpdateStyle - (c,574,1),47:0.250000:2,(r,574,574),F
[Wed Sep 09 04:05:39 UTC 2026][INFO] [Action] E UpdateStyle - (c,574,1),47:0.000000:2,(r,574,574),F
[Wed Sep 09 04:06:00 UTC 2026][INFO] [Action] E UpdateStyle - (r,574,2042),16:8.000000:2,(r,574,2042),F
[Wed Sep 09 04:06:09 UTC 2026][INFO] [Action] E AddTextContainer - (c,590,2),0,0,0
[Wed Sep 09 04:06:23 UTC 2026][INFO] [Action] E UpdateStyle - (c,1943,1),36:1.000000:2,(r,1943,1943),F
[Wed Sep 09 04:06:25 UTC 2026][INFO] [Action] E UpdateStyle - (c,1943,1),48:1.000000:2,(r,1943,1943),F
[Wed Sep 09 04:06:27 UTC 2026][INFO] [Action] E UpdateStyle - (c,1943,1),48:0.000000:2,(r,1943,1943),F
[Wed Sep 09 04:06:28 UTC 2026][INFO] [Action] E UpdateStyle - (c,1943,1),36:2.000000:2,(r,1943,1943),F
[Wed Sep 09 04:06:28 UTC 2026][INFO] [Action] E UpdateStyle - (c,1943,1),36:3.000000:2,(r,1943,1943),F
[Wed Sep 09 04:06:29 UTC 2026][INFO] [Action] E UpdateStyle - (c,1943,1),36:4.000000:2,(r,1943,1943),F
[Wed Sep 09 04:06:29 UTC 2026][INFO] [Action] E UpdateStyle - (c,1943,1),36:5.000000:2,(r,1943,1943),F
[Wed Sep 09 04:06:30 UTC 2026][INFO] [Action] E UpdateStyle - (c,1943,1),36:6.000000:2,(r,1943,1943),F
[Wed Sep 09 04:06:31 UTC 2026][INFO] [Action] E UpdateStyle - (c,1943,1),36:7.000000:2,(r,1943,1943),F
[Wed Sep 09 04:06:32 UTC 2026][INFO] [Action] E UpdateStyle - (c,1943,1),36:8.000000:2,(r,1943,1943),F
[Wed Sep 09 04:06:47 UTC 2026][INFO] [Action] E ItemChanged - -1,574
[Wed Sep 09 04:06:55 UTC 2026][INFO] [Action] E UpdateStyle - (c,1943,1),36:7.000000:2,(r,1943,1943),F
[Wed Sep 09 04:06:57 UTC 2026][INFO] [Action] E UpdateStyle - (c,1943,1),48:1.000000:2,(r,1943,1943),F
[Wed Sep 09 04:07:07 UTC 2026][INFO] [Action] E UpdateStyle - (r,1943,1996),23:328:3,(r,1943,1996),F
[Wed Sep 09 04:07:29 UTC 2026][INFO] [Action] E ItemChanged - -1,574
[Wed Sep 09 04:07:36 UTC 2026][INFO] [Action] E ItemChanged - -1,574
[Wed Sep 09 04:07:43 UTC 2026][INFO] [Action] E ItemChanged - -1,574
[Wed Sep 09 04:07:47 UTC 2026][INFO] [Action] E UpdateStyle - (c,574,1),48:9.000000:2,(r,574,574),F
[Wed Sep 09 04:07:48 UTC 2026][INFO] [Action] E UpdateStyle - (c,574,1),48:8.000000:2,(r,574,574),F
[Wed Sep 09 04:07:48 UTC 2026][INFO] [Action] E UpdateStyle - (c,574,1),48:7.000000:2,(r,574,574),F
[Wed Sep 09 04:07:54 UTC 2026][INFO] [Action] E UpdateStyle - (c,574,1),48:7.690000:2,(r,574,574),F
[Wed Sep 09 04:08:15 UTC 2026][INFO] [Action] E UpdateStyle - (r,1943,1996),48:0.000000:2,(r,1943,1996),F
[Wed Sep 09 04:08:22 UTC 2026][INFO] [Action] E UpdateStyle - (r,1943,1996),36:7.690000:2,(r,1943,1996),F
[Wed Sep 09 04:08:59 UTC 2026][INFO] [Action] E ItemChanged - -1,3602
[Wed Sep 09 04:09:01 UTC 2026][INFO] [Action] E ItemChanged - -1,3602
[Wed Sep 09 04:09:02 UTC 2026][INFO] [Action] E ItemChanged - -1,2057
[Wed Sep 09 04:09:11 UTC 2026][INFO] [Action] E UpdateStyle - (c,3640,2),49:0.250000:2,(r,3640,3640),F
[Wed Sep 09 04:09:11 UTC 2026][INFO] [Action] E UpdateStyle - (c,3640,2),49:0.500000:2,(r,3640,3640),F
[Wed Sep 09 04:09:11 UTC 2026][INFO] [Action] E UpdateStyle - (c,3640,2),49:0.750000:2,(r,3640,3640),F
[Wed Sep 09 04:09:14 UTC 2026][INFO] [Action] E UpdateStyle - (c,3640,2),49:1.000000:2,(r,3640,3640),F
[Wed Sep 09 04:09:17 UTC 2026][INFO] [Action] E ItemChanged - -1,17241
[Wed Sep 09 04:09:19 UTC 2026][INFO] [Action] E ItemChanged - -1,3602
[Wed Sep 09 04:09:20 UTC 2026][INFO] [Action] E ItemChanged - -1,17241
[Wed Sep 09 04:09:21 UTC 2026][INFO] [Action] E ItemChanged - -1,25981
[Wed Sep 09 04:09:23 UTC 2026][INFO] [Action] E ItemChanged - -1,50904
[Wed Sep 09 04:09:24 UTC 2026][INFO] [Action] E ItemChanged - -1,66102
[Wed Sep 09 04:09:26 UTC 2026][INFO] [Action] E ItemChanged - -1,89564
[Wed Sep 09 04:09:27 UTC 2026][INFO] [Action] E ItemChanged - -1,120617
[Wed Sep 09 04:09:29 UTC 2026][INFO] [Action] E ItemChanged - -1,145721
[Wed Sep 09 04:09:30 UTC 2026][INFO] [Action] E ItemChanged - -1,162369
[Wed Sep 09 04:09:31 UTC 2026][INFO] [Action] E ItemChanged - -1,171412
[Wed Sep 09 04:09:37 UTC 2026][INFO] [Action] E ItemChanged - -1,188936
[Wed Sep 09 04:09:41 UTC 2026][INFO] [Action] E ItemChanged - -1,269843
[Wed Sep 09 04:09:43 UTC 2026][INFO] [Action] E ItemChanged - -1,263131
[Wed Sep 09 04:09:45 UTC 2026][INFO] [Action] E ItemChanged - -1,232637
[Wed Sep 09 04:09:45 UTC 2026][INFO] [Action] E ItemChanged - -1,219183
[Wed Sep 09 04:09:47 UTC 2026][INFO] [Action] E ItemChanged - -1,2057
[Wed Sep 09 04:09:48 UTC 2026][INFO] [Action] E ItemChanged - -1,3602
[Wed Sep 09 04:09:51 UTC 2026][INFO] [Action] E ItemChanged - -1,17241
[Wed Sep 09 04:09:55 UTC 2026][INFO] [Action] E ItemChanged - -1,3602
[Wed Sep 09 04:09:57 UTC 2026][INFO] [Action] E ItemChanged - -1,25981
[Wed Sep 09 04:10:01 UTC 2026][INFO] [Action] E ItemChanged - -1,50904
[Wed Sep 09 04:10:05 UTC 2026][INFO] [Action] E ItemChanged - -1,2057
[Wed Sep 09 04:10:24 UTC 2026][INFO] [Action] E UpdateStyle - (c,5410,2),49:0.250000:2,(r,5410,5410),F
[Wed Sep 09 04:10:29 UTC 2026][INFO] [Action] E UpdateStyle - (c,5484,2),49:0.250000:2,(r,5484,5484),F
[Wed Sep 09 04:10:31 UTC 2026][INFO] [Action] E UpdateStyle - (c,5484,2),49:0.500000:2,(r,5484,5484),F
[Wed Sep 09 04:10:36 UTC 2026][INFO] [Action] E UpdateStyle - (c,5585,2),49:0.250000:2,(r,5585,5585),F
[Wed Sep 09 04:10:40 UTC 2026][INFO] [Action] E UpdateStyle - (c,5632,2),49:0.500000:2,(r,5632,5632),F
[Wed Sep 09 04:10:41 UTC 2026][INFO] [Action] E UpdateStyle - (c,5632,2),49:0.750000:2,(r,5632,5632),F
[Wed Sep 09 04:11:02 UTC 2026][INFO] [Action] E UpdateStyle - (c,6053,1),48:5.000000:2,(r,6053,6053),F
[Wed Sep 09 04:11:03 UTC 2026][INFO] [Action] E UpdateStyle - (c,6053,1),48:6.000000:2,(r,6053,6053),F
[Wed Sep 09 04:11:04 UTC 2026][INFO] [Action] E UpdateStyle - (c,6053,1),48:7.000000:2,(r,6053,6053),F
[Wed Sep 09 04:11:12 UTC 2026][INFO] [Action] E UpdateStyle - (c,6053,1),36:6.000000:2,(r,6053,6053),F
[Wed Sep 09 04:11:13 UTC 2026][INFO] [Action] E UpdateStyle - (c,6053,1),36:5.000000:2,(r,6053,6053),F
[Wed Sep 09 04:11:13 UTC 2026][INFO] [Action] E UpdateStyle - (c,6053,1),36:4.000000:2,(r,6053,6053),F
[Wed Sep 09 04:11:13 UTC 2026][INFO] [Action] E UpdateStyle - (c,6053,1),36:3.000000:2,(r,6053,6053),F
[Wed Sep 09 04:11:13 UTC 2026][INFO] [Action] E UpdateStyle - (c,6053,1),36:2.000000:2,(r,6053,6053),F
[Wed Sep 09 04:11:14 UTC 2026][INFO] [Action] E UpdateStyle - (c,6053,1),36:1.000000:2,(r,6053,6053),F
[Wed Sep 09 04:11:14 UTC 2026][INFO] [Action] E UpdateStyle - (c,6053,1),36:0.000000:2,(r,6053,6053),F
[Wed Sep 09 04:11:16 UTC 2026][INFO] [Action] E UpdateStyle - (c,6053,1),48:8.000000:2,(r,6053,6053),F
[Wed Sep 09 04:11:16 UTC 2026][INFO] [Action] E UpdateStyle - (c,6053,1),48:9.000000:2,(r,6053,6053),F
[Wed Sep 09 04:11:16 UTC 2026][INFO] [Action] E UpdateStyle - (c,6053,1),48:10.000000:2,(r,6053,6053),F
[Wed Sep 09 04:11:17 UTC 2026][INFO] [Action] E UpdateStyle - (c,6053,1),48:11.000000:2,(r,6053,6053),F
[Wed Sep 09 04:11:17 UTC 2026][INFO] [Action] E UpdateStyle - (c,6053,1),48:12.000000:2,(r,6053,6053),F
[Wed Sep 09 04:11:17 UTC 2026][INFO] [Action] E UpdateStyle - (c,6053,1),48:13.000000:2,(r,6053,6053),F
[Wed Sep 09 04:11:26 UTC 2026][INFO] [Action] E UpdateStyle - (c,6100,1),48:5.000000:2,(r,6100,6100),F
[Wed Sep 09 04:11:27 UTC 2026][INFO] [Action] E UpdateStyle - (c,6100,1),48:6.000000:2,(r,6100,6100),F
[Wed Sep 09 04:11:27 UTC 2026][INFO] [Action] E UpdateStyle - (c,6100,1),48:7.000000:2,(r,6100,6100),F
[Wed Sep 09 04:11:28 UTC 2026][INFO] [Action] E UpdateStyle - (c,6100,1),48:8.000000:2,(r,6100,6100),F
[Wed Sep 09 04:11:28 UTC 2026][INFO] [Action] E UpdateStyle - (c,6100,1),48:9.000000:2,(r,6100,6100),F
[Wed Sep 09 04:11:29 UTC 2026][INFO] [Action] E UpdateStyle - (c,6100,1),48:10.000000:2,(r,6100,6100),F
[Wed Sep 09 04:11:31 UTC 2026][INFO] [Action] E UpdateStyle - (c,6100,1),36:7.000000:2,(r,6100,6100),F
[Wed Sep 09 04:11:31 UTC 2026][INFO] [Action] E UpdateStyle - (c,6100,1),36:6.000000:2,(r,6100,6100),F
[Wed Sep 09 04:11:31 UTC 2026][INFO] [Action] E UpdateStyle - (c,6100,1),36:5.000000:2,(r,6100,6100),F
[Wed Sep 09 04:11:31 UTC 2026][INFO] [Action] E UpdateStyle - (c,6100,1),36:4.000000:2,(r,6100,6100),F
[Wed Sep 09 04:11:31 UTC 2026][INFO] [Action] E UpdateStyle - (c,6100,1),36:3.000000:2,(r,6100,6100),F
[Wed Sep 09 04:11:32 UTC 2026][INFO] [Action] E UpdateStyle - (c,6100,1),36:2.000000:2,(r,6100,6100),F
[Wed Sep 09 04:11:32 UTC 2026][INFO] [Action] E UpdateStyle - (c,6100,1),36:1.000000:2,(r,6100,6100),F
[Wed Sep 09 04:11:32 UTC 2026][INFO] [Action] E UpdateStyle - (c,6100,1),36:0.000000:2,(r,6100,6100),F
[Wed Sep 09 04:11:39 UTC 2026][INFO] [Action] E UpdateStyle - (c,6053,1),48:12.000000:2,(r,6053,6053),F
[Wed Sep 09 04:11:40 UTC 2026][INFO] [Action] E UpdateStyle - (c,6053,1),48:11.000000:2,(r,6053,6053),F
[Wed Sep 09 04:11:40 UTC 2026][INFO] [Action] E UpdateStyle - (c,6053,1),48:10.000000:2,(r,6053,6053),F
[Wed Sep 09 04:11:45 UTC 2026][INFO] [Action] E UpdateStyle - (c,6113,1),36:7.000000:2,(r,6113,6113),F
[Wed Sep 09 04:11:46 UTC 2026][INFO] [Action] E UpdateStyle - (c,6113,1),48:5.000000:2,(r,6113,6113),F
[Wed Sep 09 04:11:47 UTC 2026][INFO] [Action] E UpdateStyle - (c,6113,1),48:6.000000:2,(r,6113,6113),F
[Wed Sep 09 04:11:47 UTC 2026][INFO] [Action] E UpdateStyle - (c,6113,1),48:7.000000:2,(r,6113,6113),F
[Wed Sep 09 04:11:47 UTC 2026][INFO] [Action] E UpdateStyle - (c,6113,1),48:8.000000:2,(r,6113,6113),F
[Wed Sep 09 04:11:47 UTC 2026][INFO] [Action] E UpdateStyle - (c,6113,1),48:9.000000:2,(r,6113,6113),F
[Wed Sep 09 04:11:48 UTC 2026][INFO] [Action] E UpdateStyle - (c,6113,1),48:10.000000:2,(r,6113,6113),F
[Wed Sep 09 04:11:51 UTC 2026][INFO] [Action] E UpdateStyle - (c,6113,1),36:6.000000:2,(r,6113,6113),F
[Wed Sep 09 04:11:51 UTC 2026][INFO] [Action] E UpdateStyle - (c,6113,1),36:5.000000:2,(r,6113,6113),F
[Wed Sep 09 04:11:51 UTC 2026][INFO] [Action] E UpdateStyle - (c,6113,1),36:4.000000:2,(r,6113,6113),F
[Wed Sep 09 04:11:52 UTC 2026][INFO] [Action] E UpdateStyle - (c,6113,1),36:3.000000:2,(r,6113,6113),F
[Wed Sep 09 04:11:52 UTC 2026][INFO] [Action] E UpdateStyle - (c,6113,1),36:2.000000:2,(r,6113,6113),F
[Wed Sep 09 04:11:52 UTC 2026][INFO] [Action] E UpdateStyle - (c,6113,1),36:1.000000:2,(r,6113,6113),F
[Wed Sep 09 04:11:52 UTC 2026][INFO] [Action] E UpdateStyle - (c,6113,1),36:0.000000:2,(r,6113,6113),F
[Wed Sep 09 04:11:57 UTC 2026][INFO] [Action] E UpdateStyle - (r,6123,6134),36:6.000000:2,(r,6123,6134),F
[Wed Sep 09 04:11:57 UTC 2026][INFO] [Action] E UpdateStyle - (r,6123,6134),36:5.000000:2,(r,6123,6134),F
[Wed Sep 09 04:11:57 UTC 2026][INFO] [Action] E UpdateStyle - (r,6123,6134),36:4.000000:2,(r,6123,6134),F
[Wed Sep 09 04:11:57 UTC 2026][INFO] [Action] E UpdateStyle - (r,6123,6134),36:3.000000:2,(r,6123,6134),F
[Wed Sep 09 04:11:58 UTC 2026][INFO] [Action] E UpdateStyle - (r,6123,6134),36:2.000000:2,(r,6123,6134),F
[Wed Sep 09 04:11:58 UTC 2026][INFO] [Action] E UpdateStyle - (r,6123,6134),36:1.000000:2,(r,6123,6134),F
[Wed Sep 09 04:11:58 UTC 2026][INFO] [Action] E UpdateStyle - (r,6123,6134),36:0.000000:2,(r,6123,6134),F
[Wed Sep 09 04:12:00 UTC 2026][INFO] [Action] E UpdateStyle - (r,6123,6134),48:5.000000:2,(r,6123,6134),F
[Wed Sep 09 04:12:01 UTC 2026][INFO] [Action] E UpdateStyle - (r,6123,6134),48:6.000000:2,(r,6123,6134),F
[Wed Sep 09 04:12:01 UTC 2026][INFO] [Action] E UpdateStyle - (r,6123,6134),48:7.000000:2,(r,6123,6134),F
[Wed Sep 09 04:12:01 UTC 2026][INFO] [Action] E UpdateStyle - (r,6123,6134),48:8.000000:2,(r,6123,6134),F
[Wed Sep 09 04:12:01 UTC 2026][INFO] [Action] E UpdateStyle - (r,6123,6134),48:9.000000:2,(r,6123,6134),F
[Wed Sep 09 04:12:01 UTC 2026][INFO] [Action] E UpdateStyle - (r,6123,6134),48:10.000000:2,(r,6123,6134),F
[Wed Sep 09 04:12:21 UTC 2026][INFO] [Action] E UpdateStyle - (c,6053,1),36:1.000000:2,(r,6053,6053),F
[Wed Sep 09 04:12:22 UTC 2026][INFO] [Action] E UpdateStyle - (c,6053,1),36:2.000000:2,(r,6053,6053),F
[Wed Sep 09 04:12:22 UTC 2026][INFO] [Action] E UpdateStyle - (c,6053,1),36:3.000000:2,(r,6053,6053),F
[Wed Sep 09 04:12:22 UTC 2026][INFO] [Action] E UpdateStyle - (c,6053,1),36:4.000000:2,(r,6053,6053),F
[Wed Sep 09 04:12:34 UTC 2026][INFO] [Action] E UpdateStyle - (c,6099,2),49:0.250000:2,(r,6099,6099),F
[Wed Sep 09 04:12:36 UTC 2026][INFO] [Action] E UpdateStyle - (c,6099,2),49:0.500000:2,(r,6099,6099),F
[Wed Sep 09 04:12:41 UTC 2026][INFO] [Action] E UpdateStyle - (c,5955,2),49:0.250000:2,(r,5955,5955),F
[Wed Sep 09 04:12:47 UTC 2026][INFO] [Action] E UpdateStyle - (c,6099,2),49:0.250000:2,(r,6099,6099),F
[Wed Sep 09 04:13:17 UTC 2026][INFO] [Action] E UpdateStyle - (c,17204,2),42:1.500000:2,(r,17204,17204),F
[Wed Sep 09 04:13:19 UTC 2026][INFO] [Action] E UpdateStyle - (c,17204,2),42:1.250000:2,(r,17204,17204),F
[Wed Sep 09 04:13:19 UTC 2026][INFO] [Action] E UpdateStyle - (c,17204,2),42:1.000000:2,(r,17204,17204),F
[Wed Sep 09 04:13:25 UTC 2026][INFO] [Action] E UpdateStyle - (c,17204,2),48:34.000000:2,(r,17204,17204),F
[Wed Sep 09 04:13:28 UTC 2026][INFO] [Action] E UpdateStyle - (c,17204,2),36:3.000000:2,(r,17204,17204),F
[Wed Sep 09 04:13:29 UTC 2026][INFO] [Action] E UpdateStyle - (c,17204,2),36:4.000000:2,(r,17204,17204),F
[Wed Sep 09 04:13:29 UTC 2026][INFO] [Action] E UpdateStyle - (c,17204,2),36:5.000000:2,(r,17204,17204),F
[Wed Sep 09 04:13:37 UTC 2026][INFO] [Action] E UpdateStyle - (r,17160,17189),48:34.000000:2,(r,17160,17189),F
[Wed Sep 09 04:13:38 UTC 2026][INFO] [Action] E UpdateStyle - (r,17160,17189),48:33.000000:2,(r,17160,17189),F
[Wed Sep 09 04:13:39 UTC 2026][INFO] [Action] E UpdateStyle - (r,17160,17189),36:4.000000:2,(r,17160,17189),F
[Wed Sep 09 04:13:40 UTC 2026][INFO] [Action] E UpdateStyle - (r,17160,17189),36:3.000000:2,(r,17160,17189),F
[Wed Sep 09 04:13:40 UTC 2026][INFO] [Action] E UpdateStyle - (r,17160,17189),36:2.000000:2,(r,17160,17189),F
[Wed Sep 09 04:13:41 UTC 2026][INFO] [Action] E UpdateStyle - (r,17160,17189),36:1.000000:2,(r,17160,17189),F
[Wed Sep 09 04:13:41 UTC 2026][INFO] [Action] E UpdateStyle - (r,17160,17189),36:0.000000:2,(r,17160,17189),F
[Wed Sep 09 04:13:43 UTC 2026][INFO] [Action] E UpdateStyle - (r,17160,17189),48:34.000000:2,(r,17160,17189),F
[Wed Sep 09 04:13:43 UTC 2026][INFO] [Action] E UpdateStyle - (r,17160,17189),48:35.000000:2,(r,17160,17189),F
[Wed Sep 09 04:13:44 UTC 2026][INFO] [Action] E UpdateStyle - (r,17160,17189),48:36.000000:2,(r,17160,17189),F
[Wed Sep 09 04:13:44 UTC 2026][INFO] [Action] E UpdateStyle - (r,17160,17189),48:37.000000:2,(r,17160,17189),F
[Wed Sep 09 04:13:45 UTC 2026][INFO] [Action] E UpdateStyle - (r,17160,17189),48:38.000000:2,(r,17160,17189),F
[Wed Sep 09 04:13:45 UTC 2026][INFO] [Action] E UpdateStyle - (r,17160,17189),48:39.000000:2,(r,17160,17189),F
[Wed Sep 09 04:13:55 UTC 2026][INFO] [Action] E UpdateStyle - (c,17189,2),42:1.000000:2,(r,17189,17189),F
[Wed Sep 09 04:14:03 UTC 2026][INFO] [Action] E UpdateStyle - (c,17204,2),47:0.250000:2,(r,17204,17204),F
[Wed Sep 09 04:14:04 UTC 2026][INFO] [Action] E UpdateStyle - (c,17204,2),47:0.000000:2,(r,17204,17204),F
[Wed Sep 09 04:14:18 UTC 2026][INFO] [Action] E UpdateStyle - (c,17172,2),49:0.250000:2,(r,17172,17172),F
[Wed Sep 09 04:14:19 UTC 2026][INFO] [Action] E UpdateStyle - (c,17172,2),49:0.500000:2,(r,17172,17172),F
[Wed Sep 09 04:14:43 UTC 2026][INFO] [Action] E UpdateStyle - (c,20273,2),49:0.250000:2,(r,20273,20273),F
[Wed Sep 09 04:14:47 UTC 2026][INFO] [Action] E UpdateStyle - (c,20314,2),49:0.250000:2,(r,20314,20314),F
[Wed Sep 09 04:15:00 UTC 2026][INFO] [Action] E UpdateStyle - (r,20274,20314),48:13.000000:2,(r,20274,20314),F
[Wed Sep 09 04:15:04 UTC 2026][INFO] [Action] E UpdateStyle - (r,20274,20314),36:1.000000:2,(r,20274,20314),F
[Wed Sep 09 04:15:04 UTC 2026][INFO] [Action] E UpdateStyle - (r,20274,20314),36:2.000000:2,(r,20274,20314),F
[Wed Sep 09 04:15:05 UTC 2026][INFO] [Action] E UpdateStyle - (r,20274,20314),36:3.000000:2,(r,20274,20314),F
[Wed Sep 09 04:15:13 UTC 2026][INFO] [Action] E UpdateStyle - (r,20443,20504),48:11.000000:2,(r,20443,20504),F
[Wed Sep 09 04:15:14 UTC 2026][INFO] [Action] E UpdateStyle - (r,20443,20504),48:12.000000:2,(r,20443,20504),F
[Wed Sep 09 04:15:16 UTC 2026][INFO] [Action] E UpdateStyle - (r,20443,20504),48:13.000000:2,(r,20443,20504),F
[Wed Sep 09 04:15:17 UTC 2026][INFO] [Action] E UpdateStyle - (r,20443,20504),36:5.000000:2,(r,20443,20504),F
[Wed Sep 09 04:15:17 UTC 2026][INFO] [Action] E UpdateStyle - (r,20443,20504),36:4.000000:2,(r,20443,20504),F
[Wed Sep 09 04:15:17 UTC 2026][INFO] [Action] E UpdateStyle - (r,20443,20504),36:3.000000:2,(r,20443,20504),F
[Wed Sep 09 04:15:17 UTC 2026][INFO] [Action] E UpdateStyle - (r,20443,20504),36:2.000000:2,(r,20443,20504),F
[Wed Sep 09 04:15:18 UTC 2026][INFO] [Action] E UpdateStyle - (r,20443,20504),36:3.000000:2,(r,20443,20504),F
[Wed Sep 09 04:15:24 UTC 2026][INFO] [Action] E UpdateStyle - (c,20704,1),48:8.000000:2,(r,20704,20704),F
[Wed Sep 09 04:15:25 UTC 2026][INFO] [Action] E UpdateStyle - (c,20704,1),48:9.000000:2,(r,20704,20704),F
[Wed Sep 09 04:15:25 UTC 2026][INFO] [Action] E UpdateStyle - (c,20704,1),48:10.000000:2,(r,20704,20704),F
[Wed Sep 09 04:15:25 UTC 2026][INFO] [Action] E UpdateStyle - (c,20704,1),48:11.000000:2,(r,20704,20704),F
[Wed Sep 09 04:15:26 UTC 2026][INFO] [Action] E UpdateStyle - (c,20704,1),48:12.000000:2,(r,20704,20704),F
[Wed Sep 09 04:15:26 UTC 2026][INFO] [Action] E UpdateStyle - (c,20704,1),48:13.000000:2,(r,20704,20704),F
[Wed Sep 09 04:15:28 UTC 2026][INFO] [Action] E UpdateStyle - (c,20704,1),36:7.000000:2,(r,20704,20704),F
[Wed Sep 09 04:15:28 UTC 2026][INFO] [Action] E UpdateStyle - (c,20704,1),36:6.000000:2,(r,20704,20704),F
[Wed Sep 09 04:15:28 UTC 2026][INFO] [Action] E UpdateStyle - (c,20704,1),36:5.000000:2,(r,20704,20704),F
[Wed Sep 09 04:15:28 UTC 2026][INFO] [Action] E UpdateStyle - (c,20704,1),36:4.000000:2,(r,20704,20704),F
[Wed Sep 09 04:15:29 UTC 2026][INFO] [Action] E UpdateStyle - (c,20704,1),36:3.000000:2,(r,20704,20704),F
[Wed Sep 09 04:15:29 UTC 2026][INFO] [Action] E UpdateStyle - (c,20704,1),36:2.000000:2,(r,20704,20704),F
[Wed Sep 09 04:15:30 UTC 2026][INFO] [Action] E UpdateStyle - (c,20704,1),36:3.000000:2,(r,20704,20704),F
[Wed Sep 09 04:15:38 UTC 2026][INFO] [Action] E UpdateStyle - (c,20703,2),49:0.250000:2,(r,20703,20703),F
[Wed Sep 09 04:15:56 UTC 2026][INFO] [Action] E UpdateStyle - (c,21989,2),49:0.250000:2,(r,21989,21989),F
[Wed Sep 09 04:15:59 UTC 2026][INFO] [Action] E UpdateStyle - (c,22022,2),49:0.250000:2,(r,22022,22022),F
[Wed Sep 09 04:16:02 UTC 2026][INFO] [Action] E UpdateStyle - (c,22057,2),49:0.250000:2,(r,22057,22057),F
[Wed Sep 09 04:16:05 UTC 2026][INFO] [Action] E UpdateStyle - (c,22072,2),49:0.500000:2,(r,22072,22072),F
[Wed Sep 09 04:16:22 UTC 2026][INFO] [Action] E SplitContainer - 22580
[Wed Sep 09 04:16:29 UTC 2026][INFO] [Action] E UpdateStyle - (c,22579,2),49:0.250000:2,(r,22579,22579),F
[Wed Sep 09 04:16:30 UTC 2026][INFO] [Action] E UpdateStyle - (c,22579,2),49:0.500000:2,(r,22579,22579),F
[Wed Sep 09 04:16:31 UTC 2026][INFO] [Action] E UpdateStyle - (c,22579,2),49:0.750000:2,(r,22579,22579),F
[Wed Sep 09 04:16:31 UTC 2026][INFO] [Action] E UpdateStyle - (c,22579,2),49:1.000000:2,(r,22579,22579),F
[Wed Sep 09 04:16:32 UTC 2026][INFO] [Action] E UpdateStyle - (c,22579,2),49:1.250000:2,(r,22579,22579),F
[Wed Sep 09 04:16:33 UTC 2026][INFO] [Action] E UpdateStyle - (c,22579,2),49:1.500000:2,(r,22579,22579),F
[Wed Sep 09 04:16:39 UTC 2026][INFO] [Action] E UpdateStyle - (c,22625,2),49:0.250000:2,(r,22625,22625),F
[Wed Sep 09 04:16:40 UTC 2026][INFO] [Action] E UpdateStyle - (c,22625,2),49:0.500000:2,(r,22625,22625),F
[Wed Sep 09 04:16:41 UTC 2026][INFO] [Action] E UpdateStyle - (c,22625,2),49:0.750000:2,(r,22625,22625),F
[Wed Sep 09 04:16:47 UTC 2026][INFO] [Action] E UpdateStyle - (c,23418,2),49:0.250000:2,(r,23418,23418),F
[Wed Sep 09 04:16:50 UTC 2026][INFO] [Action] E UpdateStyle - (c,23448,2),49:0.250000:2,(r,23448,23448),F
[Wed Sep 09 04:16:55 UTC 2026][INFO] [Action] E UpdateStyle - (c,23448,2),42:1.500000:2,(r,23448,23448),F
[Wed Sep 09 04:16:56 UTC 2026][INFO] [Action] E UpdateStyle - (c,23448,2),42:1.250000:2,(r,23448,23448),F
[Wed Sep 09 04:16:56 UTC 2026][INFO] [Action] E UpdateStyle - (c,23448,2),42:1.000000:2,(r,23448,23448),F
[Wed Sep 09 04:17:06 UTC 2026][INFO] [Action] E UpdateStyle - (c,23433,2),49:0.250000:2,(r,23433,23433),F
[Wed Sep 09 04:17:18 UTC 2026][INFO] [Action] E UpdateStyle - (c,28392,2),49:0.500000:2,(r,28392,28392),F
[Wed Sep 09 04:17:25 UTC 2026][INFO] [Action] E UpdateStyle - (c,29814,2),49:0.250000:2,(r,29814,29814),F
[Wed Sep 09 04:17:38 UTC 2026][INFO] [Action] E UpdateStyle - (c,32271,2),42:2.250000:2,(r,32271,32271),F
[Wed Sep 09 04:17:38 UTC 2026][INFO] [Action] E UpdateStyle - (c,32271,2),42:2.000000:2,(r,32271,32271),F
[Wed Sep 09 04:17:38 UTC 2026][INFO] [Action] E UpdateStyle - (c,32271,2),42:1.750000:2,(r,32271,32271),F
[Wed Sep 09 04:17:40 UTC 2026][INFO] [Action] E UpdateStyle - (c,32271,2),42:1.500000:2,(r,32271,32271),F
[Wed Sep 09 04:17:41 UTC 2026][INFO] [Action] E UpdateStyle - (c,32271,2),42:1.250000:2,(r,32271,32271),F
[Wed Sep 09 04:17:42 UTC 2026][INFO] [Action] E UpdateStyle - (c,32271,2),42:1.000000:2,(r,32271,32271),F
[Wed Sep 09 04:17:49 UTC 2026][INFO] [Action] E UpdateStyle - (c,32283,2),47:0.250000:2,(r,32283,32283),F
[Wed Sep 09 04:17:49 UTC 2026][INFO] [Action] E UpdateStyle - (c,32283,2),47:0.000000:2,(r,32283,32283),F
[Wed Sep 09 04:17:54 UTC 2026][INFO] [Action] E UpdateStyle - (c,32283,2),49:0.250000:2,(r,32283,32283),F
[Wed Sep 09 04:17:59 UTC 2026][INFO] [Action] E UpdateStyle - (c,32406,2),49:0.250000:2,(r,32406,32406),F
[Wed Sep 09 04:19:04 UTC 2026][INFO] [Action] E UpdateStyle - (r,47943,47943),13:350:3,(r,47943,47943),F
[Wed Sep 09 04:19:08 UTC 2026][INFO] [Action] E UpdateStyle - (r,47943,47951),13:361:3,(r,47943,47951),F
[Wed Sep 09 04:19:09 UTC 2026][INFO] [Action] E UpdateStyle - (r,47943,47951),13:350:3,(r,47943,47951),F
[Wed Sep 09 04:19:16 UTC 2026][INFO] [Action] E UpdateStyle - (c,47943,1),48:15.000000:2,(r,47943,47943),F
[Wed Sep 09 04:19:18 UTC 2026][INFO] [Action] E UpdateStyle - (c,47943,1),48:16.000000:2,(r,47943,47943),F
[Wed Sep 09 04:19:33 UTC 2026][INFO] [Action] E SplitContainer - 48591
[Wed Sep 09 04:19:38 UTC 2026][INFO] [Action] E UpdateStyle - (c,48629,2),49:0.250000:2,(r,48629,48629),F
[Wed Sep 09 04:19:43 UTC 2026][INFO] [Action] E UpdateStyle - (c,48613,1),48:16.000000:2,(r,48613,48613),F
[Wed Sep 09 04:19:50 UTC 2026][INFO] [Action] E UpdateStyle - (c,50454,2),49:0.250000:2,(r,50454,50454),F
[Wed Sep 09 04:19:54 UTC 2026][INFO] [Action] E UpdateStyle - (c,50467,2),49:0.250000:2,(r,50467,50467),F
[Wed Sep 09 04:19:57 UTC 2026][INFO] [Action] E UpdateStyle - (c,50493,2),49:0.250000:2,(r,50493,50493),F
[Wed Sep 09 04:20:10 UTC 2026][INFO] [Action] E UpdateStyle - (c,50509,1),36:8.000000:2,(r,50509,50509),F
[Wed Sep 09 04:20:19 UTC 2026][INFO] [Action] E UpdateStyle - (c,50509,1),48:16.000000:2,(r,50509,50509),F
[Wed Sep 09 04:20:20 UTC 2026][INFO] [Action] E UpdateStyle - (c,50509,1),48:17.000000:2,(r,50509,50509),F
[Wed Sep 09 04:20:30 UTC 2026][INFO] [Action] E UpdateStyle - (c,53206,2),49:0.250000:2,(r,53206,53206),F
[Wed Sep 09 04:20:32 UTC 2026][INFO] [Action] E UpdateStyle - (c,53206,2),49:0.500000:2,(r,53206,53206),F
[Wed Sep 09 04:20:59 UTC 2026][INFO] [Action] E UpdateStyle - (c,65404,2),42:2.250000:2,(r,65404,65404),F
[Wed Sep 09 04:21:00 UTC 2026][INFO] [Action] E UpdateStyle - (c,65404,2),42:2.000000:2,(r,65404,65404),F
[Wed Sep 09 04:21:00 UTC 2026][INFO] [Action] E UpdateStyle - (c,65404,2),42:1.750000:2,(r,65404,65404),F
[Wed Sep 09 04:21:00 UTC 2026][INFO] [Action] E UpdateStyle - (c,65404,2),42:1.500000:2,(r,65404,65404),F
[Wed Sep 09 04:21:01 UTC 2026][INFO] [Action] E UpdateStyle - (c,65404,2),42:1.250000:2,(r,65404,65404),F
[Wed Sep 09 04:21:01 UTC 2026][INFO] [Action] E UpdateStyle - (c,65404,2),42:1.000000:2,(r,65404,65404),F
[Wed Sep 09 04:21:03 UTC 2026][INFO] [Action] E UpdateStyle - (c,65404,2),47:0.250000:2,(r,65404,65404),F
[Wed Sep 09 04:21:03 UTC 2026][INFO] [Action] E UpdateStyle - (c,65404,2),47:0.000000:2,(r,65404,65404),F
[Wed Sep 09 04:21:08 UTC 2026][INFO] [Action] E UpdateStyle - (c,65404,2),49:0.000000:2,(r,65404,65404),F
[Wed Sep 09 04:21:19 UTC 2026][INFO] [Action] E UpdateStyle - (c,66683,2),49:0.250000:2,(r,66683,66683),F
[Wed Sep 09 04:21:25 UTC 2026][INFO] [Action] E UpdateStyle - (r,66684,66722),16:10.000000:2,(r,66684,66722),F
[Wed Sep 09 04:21:33 UTC 2026][INFO] [Action] E UpdateStyle - (r,66568,66602),16:10.000000:2,(r,66568,66602),F
[Wed Sep 09 04:21:49 UTC 2026][INFO] [Action] E UpdateStyle - (c,74846,2),49:0.250000:2,(r,74846,74846),F
[Wed Sep 09 04:21:52 UTC 2026][INFO] [Action] E UpdateStyle - (c,74850,2),49:0.250000:2,(r,74850,74850),F
[Wed Sep 09 04:22:01 UTC 2026][INFO] [Action] E DeleteContent - (r,74850,74850),B
[Wed Sep 09 04:22:15 UTC 2026][INFO] [Action] E UpdateStyle - (r,81039,81083),48:1.000000:2,(r,81039,81083),F
[Wed Sep 09 04:22:16 UTC 2026][INFO] [Action] E UpdateStyle - (r,81039,81083),48:2.000000:2,(r,81039,81083),F
[Wed Sep 09 04:22:17 UTC 2026][INFO] [Action] E UpdateStyle - (r,81039,81083),48:3.000000:2,(r,81039,81083),F
[Wed Sep 09 04:22:17 UTC 2026][INFO] [Action] E UpdateStyle - (r,81039,81083),48:4.000000:2,(r,81039,81083),F
[Wed Sep 09 04:22:17 UTC 2026][INFO] [Action] E UpdateStyle - (r,81039,81083),48:5.000000:2,(r,81039,81083),F
[Wed Sep 09 04:22:18 UTC 2026][INFO] [Action] E UpdateStyle - (r,81039,81083),48:6.000000:2,(r,81039,81083),F
[Wed Sep 09 04:22:19 UTC 2026][INFO] [Action] E UpdateStyle - (r,81039,81083),48:7.000000:2,(r,81039,81083),F
[Wed Sep 09 04:22:19 UTC 2026][INFO] [Action] E UpdateStyle - (r,81039,81083),48:8.000000:2,(r,81039,81083),F
[Wed Sep 09 04:22:19 UTC 2026][INFO] [Action] E UpdateStyle - (r,81039,81083),48:9.000000:2,(r,81039,81083),F
[Wed Sep 09 04:22:19 UTC 2026][INFO] [Action] E UpdateStyle - (r,81039,81083),48:10.000000:2,(r,81039,81083),F
[Wed Sep 09 04:22:20 UTC 2026][INFO] [Action] E UpdateStyle - (r,81039,81083),48:11.000000:2,(r,81039,81083),F
[Wed Sep 09 04:22:22 UTC 2026][INFO] [Action] E UpdateStyle - (r,81039,81083),48:12.000000:2,(r,81039,81083),F
[Wed Sep 09 04:22:22 UTC 2026][INFO] [Action] E UpdateStyle - (r,81039,81083),48:13.000000:2,(r,81039,81083),F
[Wed Sep 09 04:22:22 UTC 2026][INFO] [Action] E UpdateStyle - (r,81039,81083),48:14.000000:2,(r,81039,81083),F
[Wed Sep 09 04:22:23 UTC 2026][INFO] [Action] E UpdateStyle - (r,81039,81083),48:15.000000:2,(r,81039,81083),F
[Wed Sep 09 04:22:23 UTC 2026][INFO] [Action] E UpdateStyle - (r,81039,81083),48:16.000000:2,(r,81039,81083),F
[Wed Sep 09 04:22:23 UTC 2026][INFO] [Action] E UpdateStyle - (r,81039,81083),48:17.000000:2,(r,81039,81083),F
[Wed Sep 09 04:22:23 UTC 2026][INFO] [Action] E UpdateStyle - (r,81039,81083),48:18.000000:2,(r,81039,81083),F
[Wed Sep 09 04:22:24 UTC 2026][INFO] [Action] E UpdateStyle - (r,81039,81083),48:19.000000:2,(r,81039,81083),F
[Wed Sep 09 04:22:24 UTC 2026][INFO] [Action] E UpdateStyle - (r,81039,81083),48:20.000000:2,(r,81039,81083),F
[Wed Sep 09 04:22:27 UTC 2026][INFO] [Action] E UpdateStyle - (r,81039,81083),48:21.000000:2,(r,81039,81083),F
[Wed Sep 09 04:22:28 UTC 2026][INFO] [Action] E UpdateStyle - (r,81039,81083),48:22.000000:2,(r,81039,81083),F
[Wed Sep 09 04:22:28 UTC 2026][INFO] [Action] E UpdateStyle - (r,81039,81083),48:23.000000:2,(r,81039,81083),F
[Wed Sep 09 04:22:35 UTC 2026][INFO] [Action] E UpdateStyle - (c,81038,2),49:0.250000:2,(r,81038,81038),F
[Wed Sep 09 04:22:40 UTC 2026][INFO] [Action] E UpdateStyle - (c,81083,2),49:0.250000:2,(r,81083,81083),F
[Wed Sep 09 04:22:43 UTC 2026][INFO] [Action] E UpdateStyle - (c,81083,2),49:0.500000:2,(r,81083,81083),F
[Wed Sep 09 04:22:56 UTC 2026][INFO] [Action] E UpdateStyle - (c,81282,2),49:0.250000:2,(r,81282,81282),F
[Wed Sep 09 04:22:56 UTC 2026][INFO] [Action] E UpdateStyle - (c,81282,2),49:0.500000:2,(r,81282,81282),F
[Wed Sep 09 04:22:57 UTC 2026][INFO] [Action] E UpdateStyle - (c,81282,2),49:0.750000:2,(r,81282,81282),F
[Wed Sep 09 04:22:58 UTC 2026][INFO] [Action] E UpdateStyle - (c,81282,2),49:1.000000:2,(r,81282,81282),F
[Wed Sep 09 04:23:18 UTC 2026][INFO] [Action] E MergeContainer - 93296,0
[Wed Sep 09 04:23:19 UTC 2026][INFO] [Action] E SplitContainer - 93297
[Wed Sep 09 04:23:37 UTC 2026][INFO] [Action] E UpdateStyle - (c,96027,1),34:59:3,(r,96027,96027),F
[Wed Sep 09 04:23:40 UTC 2026][INFO] [Action] E UpdateStyle - (c,96027,1),48:1.000000:2,(r,96027,96027),F
[Wed Sep 09 04:23:40 UTC 2026][INFO] [Action] E UpdateStyle - (c,96027,1),48:2.000000:2,(r,96027,96027),F
[Wed Sep 09 04:23:40 UTC 2026][INFO] [Action] E UpdateStyle - (c,96027,1),48:3.000000:2,(r,96027,96027),F
[Wed Sep 09 04:23:41 UTC 2026][INFO] [Action] E UpdateStyle - (c,96027,1),48:4.000000:2,(r,96027,96027),F
[Wed Sep 09 04:23:41 UTC 2026][INFO] [Action] E UpdateStyle - (c,96027,1),48:5.000000:2,(r,96027,96027),F
[Wed Sep 09 04:23:41 UTC 2026][INFO] [Action] E UpdateStyle - (c,96027,1),48:6.000000:2,(r,96027,96027),F
[Wed Sep 09 04:23:41 UTC 2026][INFO] [Action] E UpdateStyle - (c,96027,1),48:7.000000:2,(r,96027,96027),F
[Wed Sep 09 04:23:41 UTC 2026][INFO] [Action] E UpdateStyle - (c,96027,1),48:8.000000:2,(r,96027,96027),F
[Wed Sep 09 04:23:42 UTC 2026][INFO] [Action] E UpdateStyle - (c,96027,1),48:9.000000:2,(r,96027,96027),F
[Wed Sep 09 04:23:42 UTC 2026][INFO] [Action] E UpdateStyle - (c,96027,1),48:10.000000:2,(r,96027,96027),F
[Wed Sep 09 04:23:42 UTC 2026][INFO] [Action] E UpdateStyle - (c,96027,1),48:11.000000:2,(r,96027,96027),F
[Wed Sep 09 04:23:42 UTC 2026][INFO] [Action] E UpdateStyle - (c,96027,1),48:12.000000:2,(r,96027,96027),F
[Wed Sep 09 04:23:42 UTC 2026][INFO] [Action] E UpdateStyle - (c,96027,1),48:13.000000:2,(r,96027,96027),F
[Wed Sep 09 04:23:43 UTC 2026][INFO] [Action] E UpdateStyle - (c,96027,1),48:14.000000:2,(r,96027,96027),F
[Wed Sep 09 04:23:43 UTC 2026][INFO] [Action] E UpdateStyle - (c,96027,1),48:15.000000:2,(r,96027,96027),F
[Wed Sep 09 04:23:43 UTC 2026][INFO] [Action] E UpdateStyle - (c,96027,1),48:16.000000:2,(r,96027,96027),F
[Wed Sep 09 04:23:43 UTC 2026][INFO] [Action] E UpdateStyle - (c,96027,1),48:17.000000:2,(r,96027,96027),F
[Wed Sep 09 04:23:43 UTC 2026][INFO] [Action] E UpdateStyle - (c,96027,1),48:18.000000:2,(r,96027,96027),F
[Wed Sep 09 04:23:44 UTC 2026][INFO] [Action] E UpdateStyle - (c,96027,1),48:19.000000:2,(r,96027,96027),F
[Wed Sep 09 04:23:44 UTC 2026][INFO] [Action] E UpdateStyle - (c,96027,1),48:20.000000:2,(r,96027,96027),F
[Wed Sep 09 04:23:44 UTC 2026][INFO] [Action] E UpdateStyle - (c,96027,1),48:21.000000:2,(r,96027,96027),F
[Wed Sep 09 04:23:44 UTC 2026][INFO] [Action] E UpdateStyle - (c,96027,1),48:22.000000:2,(r,96027,96027),F
[Wed Sep 09 04:23:44 UTC 2026][INFO] [Action] E UpdateStyle - (c,96027,1),48:23.000000:2,(r,96027,96027),F
[Wed Sep 09 04:23:51 UTC 2026][INFO] [Action] E UpdateStyle - (c,96053,1),34:59:3,(r,96053,96053),F
[Wed Sep 09 04:23:53 UTC 2026][INFO] [Action] E UpdateStyle - (c,96053,1),48:1.000000:2,(r,96053,96053),F
[Wed Sep 09 04:23:53 UTC 2026][INFO] [Action] E UpdateStyle - (c,96053,1),48:2.000000:2,(r,96053,96053),F
[Wed Sep 09 04:23:53 UTC 2026][INFO] [Action] E UpdateStyle - (c,96053,1),48:3.000000:2,(r,96053,96053),F
[Wed Sep 09 04:23:53 UTC 2026][INFO] [Action] E UpdateStyle - (c,96053,1),48:4.000000:2,(r,96053,96053),F
[Wed Sep 09 04:23:54 UTC 2026][INFO] [Action] E UpdateStyle - (c,96053,1),48:5.000000:2,(r,96053,96053),F
[Wed Sep 09 04:23:54 UTC 2026][INFO] [Action] E UpdateStyle - (c,96053,1),48:6.000000:2,(r,96053,96053),F
[Wed Sep 09 04:23:54 UTC 2026][INFO] [Action] E UpdateStyle - (c,96053,1),48:7.000000:2,(r,96053,96053),F
[Wed Sep 09 04:23:54 UTC 2026][INFO] [Action] E UpdateStyle - (c,96053,1),48:8.000000:2,(r,96053,96053),F
[Wed Sep 09 04:23:54 UTC 2026][INFO] [Action] E UpdateStyle - (c,96053,1),48:9.000000:2,(r,96053,96053),F
[Wed Sep 09 04:23:55 UTC 2026][INFO] [Action] E UpdateStyle - (c,96053,1),48:10.000000:2,(r,96053,96053),F
[Wed Sep 09 04:23:55 UTC 2026][INFO] [Action] E UpdateStyle - (c,96053,1),48:11.000000:2,(r,96053,96053),F
[Wed Sep 09 04:23:55 UTC 2026][INFO] [Action] E UpdateStyle - (c,96053,1),48:12.000000:2,(r,96053,96053),F
[Wed Sep 09 04:23:55 UTC 2026][INFO] [Action] E UpdateStyle - (c,96053,1),48:13.000000:2,(r,96053,96053),F
[Wed Sep 09 04:23:56 UTC 2026][INFO] [Action] E UpdateStyle - (c,96053,1),48:14.000000:2,(r,96053,96053),F
[Wed Sep 09 04:23:56 UTC 2026][INFO] [Action] E UpdateStyle - (c,96053,1),48:15.000000:2,(r,96053,96053),F
[Wed Sep 09 04:23:56 UTC 2026][INFO] [Action] E UpdateStyle - (c,96053,1),48:16.000000:2,(r,96053,96053),F
[Wed Sep 09 04:23:56 UTC 2026][INFO] [Action] E UpdateStyle - (c,96053,1),48:17.000000:2,(r,96053,96053),F
[Wed Sep 09 04:23:56 UTC 2026][INFO] [Action] E UpdateStyle - (c,96053,1),48:18.000000:2,(r,96053,96053),F
[Wed Sep 09 04:23:57 UTC 2026][INFO] [Action] E UpdateStyle - (c,96053,1),48:19.000000:2,(r,96053,96053),F
[Wed Sep 09 04:23:57 UTC 2026][INFO] [Action] E UpdateStyle - (c,96053,1),48:20.000000:2,(r,96053,96053),F
[Wed Sep 09 04:23:57 UTC 2026][INFO] [Action] E UpdateStyle - (c,96053,1),48:21.000000:2,(r,96053,96053),F
[Wed Sep 09 04:23:58 UTC 2026][INFO] [Action] E UpdateStyle - (c,96053,1),48:22.000000:2,(r,96053,96053),F
[Wed Sep 09 04:23:58 UTC 2026][INFO] [Action] E UpdateStyle - (c,96053,1),48:23.000000:2,(r,96053,96053),F
[Wed Sep 09 04:24:07 UTC 2026][INFO] [Action] E UpdateStyle - (r,96162,96172),34:59:3,(r,96162,96172),F
[Wed Sep 09 04:24:12 UTC 2026][INFO] [Action] E UpdateStyle - (r,96162,96172),48:23.000000:2,(r,96162,96172),F
[Wed Sep 09 04:24:19 UTC 2026][INFO] [Action] E UpdateStyle - (r,96261,96261),34:59:3,(r,96261,96261),F
[Wed Sep 09 04:24:22 UTC 2026][INFO] [Action] E UpdateStyle - (r,96261,96261),48:23.000000:2,(r,96261,96261),F
[Wed Sep 09 04:24:44 UTC 2026][INFO] [Action] E MergeContainer - 96864,0
[Wed Sep 09 04:24:45 UTC 2026][INFO] [Action] E SplitContainer - 96865
[Wed Sep 09 04:25:03 UTC 2026][INFO] [Action] E MergeContainer - 101550,0
[Wed Sep 09 04:25:04 UTC 2026][INFO] [Action] E SplitContainer - 101551
[Wed Sep 09 04:25:18 UTC 2026][INFO] [Action] E UpdateStyle - (r,107399,107422),16:10.000000:2,(r,107399,107422),F
[Wed Sep 09 04:25:26 UTC 2026][INFO] [Action] E UpdateStyle - (r,107453,107454),16:8.000000:2,(r,107453,107454),F
[Wed Sep 09 04:25:33 UTC 2026][INFO] [Action] E UpdateStyle - (r,107454,107481),16:8.000000:2,(r,107454,107481),F
[Wed Sep 09 04:25:40 UTC 2026][INFO] [Action] E UpdateStyle - (c,107453,2),49:0.250000:2,(r,107453,107453),F
[Wed Sep 09 04:25:43 UTC 2026][INFO] [Action] E UpdateStyle - (c,107481,2),49:0.500000:2,(r,107481,107481),F
[Wed Sep 09 04:25:44 UTC 2026][INFO] [Action] E UpdateStyle - (c,107481,2),49:0.750000:2,(r,107481,107481),F
[Wed Sep 09 04:25:54 UTC 2026][INFO] [Action] E DeleteContent - (r,107890,107891),F
[Wed Sep 09 04:25:54 UTC 2026][INFO] [Action] E SplitContainer - 107890
[Wed Sep 09 04:25:57 UTC 2026][INFO] [Action] E MergeContainer - 107890,1
[Wed Sep 09 04:26:03 UTC 2026][INFO] [Action] U MergeContainer
[Wed Sep 09 04:26:04 UTC 2026][INFO] [Action] U SplitContainer
[Wed Sep 09 04:26:05 UTC 2026][INFO] [Action] U DeleteContent
[Wed Sep 09 04:26:09 UTC 2026][INFO] [Action] E MergeContainer - 107940,0
[Wed Sep 09 04:26:11 UTC 2026][INFO] [Action] E SplitContainer - 107941
[Wed Sep 09 04:26:15 UTC 2026][INFO] [Action] U SplitContainer
[Wed Sep 09 04:26:17 UTC 2026][INFO] [Action] U MergeContainer
[Wed Sep 09 04:26:26 UTC 2026][INFO] [Action] E UpdateStyle - (c,107940,2),49:0.500000:2,(r,107940,107940),F
[Wed Sep 09 04:26:27 UTC 2026][INFO] [Action] E UpdateStyle - (c,107940,2),49:0.250000:2,(r,107940,107940),F
[Wed Sep 09 04:26:28 UTC 2026][INFO] [Action] E UpdateStyle - (c,107940,2),49:0.000000:2,(r,107940,107940),F
[Wed Sep 09 04:26:44 UTC 2026][INFO] [Action] E UpdateStyle - (c,107940,2),49:0.250000:2,(r,107940,107940),F
[Wed Sep 09 04:27:02 UTC 2026][INFO] [Action] E InsertTextContent - (c,110057,2),[SPACE]
[Wed Sep 09 04:27:03 UTC 2026][INFO] [Action] E MergeContainer - 110058,0
[Wed Sep 09 04:27:15 UTC 2026][INFO] [Action] U MergeContainer
[Wed Sep 09 04:27:16 UTC 2026][INFO] [Action] U InsertTextContent
[Wed Sep 09 04:27:21 UTC 2026][INFO] [Action] E UpdateStyle - (c,110057,2),49:0.250000:2,(r,110057,110057),F
[Wed Sep 09 04:27:26 UTC 2026][INFO] [Action] E UpdateStyle - (c,110073,2),49:0.250000:2,(r,110073,110073),F
[Wed Sep 09 04:27:35 UTC 2026][INFO] [Action] E UpdateStyle - (c,110233,2),49:0.250000:2,(r,110233,110233),F
[Wed Sep 09 04:27:37 UTC 2026][INFO] [Action] E UpdateStyle - (c,110233,2),49:0.500000:2,(r,110233,110233),F
[Wed Sep 09 04:27:38 UTC 2026][INFO] [Action] E UpdateStyle - (c,110233,2),49:0.750000:2,(r,110233,110233),F
[Wed Sep 09 04:27:38 UTC 2026][INFO] [Action] E UpdateStyle - (c,110233,2),49:1.000000:2,(r,110233,110233),F
[Wed Sep 09 04:27:38 UTC 2026][INFO] [Action] E UpdateStyle - (c,110233,2),49:1.250000:2,(r,110233,110233),F
[Wed Sep 09 04:27:38 UTC 2026][INFO] [Action] E UpdateStyle - (c,110233,2),49:1.500000:2,(r,110233,110233),F
[Wed Sep 09 04:27:39 UTC 2026][INFO] [Action] E UpdateStyle - (c,110233,2),49:1.750000:2,(r,110233,110233),F
[Wed Sep 09 04:27:39 UTC 2026][INFO] [Action] E UpdateStyle - (c,110233,2),49:2.000000:2,(r,110233,110233),F
[Wed Sep 09 04:27:39 UTC 2026][INFO] [Action] E UpdateStyle - (c,110233,2),49:2.250000:2,(r,110233,110233),F
[Wed Sep 09 04:27:39 UTC 2026][INFO] [Action] E UpdateStyle - (c,110233,2),49:2.500000:2,(r,110233,110233),F
[Wed Sep 09 04:27:39 UTC 2026][INFO] [Action] E UpdateStyle - (c,110233,2),49:2.750000:2,(r,110233,110233),F
[Wed Sep 09 04:27:40 UTC 2026][INFO] [Action] E UpdateStyle - (c,110233,2),49:3.000000:2,(r,110233,110233),F
[Wed Sep 09 04:27:40 UTC 2026][INFO] [Action] E UpdateStyle - (c,110233,2),49:3.250000:2,(r,110233,110233),F
[Wed Sep 09 04:27:40 UTC 2026][INFO] [Action] E UpdateStyle - (c,110233,2),49:3.500000:2,(r,110233,110233),F
[Wed Sep 09 04:27:40 UTC 2026][INFO] [Action] E UpdateStyle - (c,110233,2),49:3.750000:2,(r,110233,110233),F
[Wed Sep 09 04:27:59 UTC 2026][INFO] [Action] E UpdateStyle - (c,110286,1),48:1.000000:2,(r,110286,110286),F
[Wed Sep 09 04:28:05 UTC 2026][INFO] [Action] E UpdateStyle - (c,110286,1),48:2.000000:2,(r,110286,110286),F
[Wed Sep 09 04:28:11 UTC 2026][INFO] [Action] E UpdateStyle - (c,110253,1),48:1.000000:2,(r,110253,110253),F
[Wed Sep 09 04:28:11 UTC 2026][INFO] [Action] E UpdateStyle - (c,110253,1),48:2.000000:2,(r,110253,110253),F
[Wed Sep 09 04:28:34 UTC 2026][INFO] [Action] E UpdateStyle - (c,110356,2),49:0.250000:2,(r,110356,110356),F
[Wed Sep 09 04:28:34 UTC 2026][INFO] [Action] E UpdateStyle - (c,110356,2),49:0.500000:2,(r,110356,110356),F
[Wed Sep 09 04:28:59 UTC 2026][INFO] [Action] E UpdateStyle - (r,118951,118967),16:10.000000:2,(r,118951,118967),F
[Wed Sep 09 04:29:08 UTC 2026][INFO] [Action] E UpdateStyle - (r,118973,118976),16:10.000000:2,(r,118973,118976),F
[Wed Sep 09 04:29:12 UTC 2026][INFO] [Action] E UpdateStyle - (r,118973,118976),16:12.000000:2,(r,118973,118976),F
[Wed Sep 09 04:29:34 UTC 2026][INFO] [Action] E UpdateStyle - (c,127378,2),49:0.250000:2,(r,127378,127378),F
[Wed Sep 09 04:29:37 UTC 2026][INFO] [Action] E UpdateStyle - (c,127384,2),49:0.250000:2,(r,127384,127384),F
[Wed Sep 09 04:29:41 UTC 2026][INFO] [Action] E UpdateStyle - (c,127463,2),49:0.250000:2,(r,127463,127463),F
[Wed Sep 09 04:29:44 UTC 2026][INFO] [Action] E UpdateStyle - (c,127464,2),49:0.250000:2,(r,127464,127464),F
[Wed Sep 09 04:29:51 UTC 2026][INFO] [Action] U UpdateStyle
[Wed Sep 09 04:30:07 UTC 2026][INFO] [Action] E UpdateStyle - (c,130070,2),42:2.250000:2,(r,130070,130070),F
[Wed Sep 09 04:30:08 UTC 2026][INFO] [Action] E UpdateStyle - (c,130070,2),42:2.000000:2,(r,130070,130070),F
[Wed Sep 09 04:30:08 UTC 2026][INFO] [Action] E UpdateStyle - (c,130070,2),42:1.750000:2,(r,130070,130070),F
[Wed Sep 09 04:30:08 UTC 2026][INFO] [Action] E UpdateStyle - (c,130070,2),42:1.500000:2,(r,130070,130070),F
[Wed Sep 09 04:30:09 UTC 2026][INFO] [Action] E UpdateStyle - (c,130070,2),42:1.250000:2,(r,130070,130070),F
[Wed Sep 09 04:30:09 UTC 2026][INFO] [Action] E UpdateStyle - (c,130070,2),42:1.000000:2,(r,130070,130070),F
[Wed Sep 09 04:30:10 UTC 2026][INFO] [Action] E UpdateStyle - (c,130070,2),49:0.000000:2,(r,130070,130070),F
[Wed Sep 09 04:30:23 UTC 2026][INFO] [Action] E MergeContainer - 130063,0
[Wed Sep 09 04:30:24 UTC 2026][INFO] [Action] E SplitContainer - 130064
[Wed Sep 09 04:30:29 UTC 2026][INFO] [Action] E UpdateStyle - (c,130070,2),49:0.250000:2,(r,130070,130070),F
[Wed Sep 09 04:30:29 UTC 2026][INFO] [Action] E UpdateStyle - (c,130070,2),49:0.500000:2,(r,130070,130070),F
[Wed Sep 09 04:30:29 UTC 2026][INFO] [Action] E UpdateStyle - (c,130070,2),49:0.750000:2,(r,130070,130070),F
[Wed Sep 09 04:30:33 UTC 2026][INFO] [Action] E UpdateStyle - (c,130043,2),49:0.250000:2,(r,130043,130043),F
[Wed Sep 09 04:31:00 UTC 2026][INFO] [Action] E UpdateStyle - (c,136471,2),47:0.250000:2,(r,136471,136471),F
[Wed Sep 09 04:31:02 UTC 2026][INFO] [Action] E UpdateStyle - (c,136471,2),47:0.500000:2,(r,136471,136471),F
[Wed Sep 09 04:31:06 UTC 2026][INFO] [Action] E UpdateStyle - (c,136475,2),47:0.250000:2,(r,136475,136475),F
[Wed Sep 09 04:31:08 UTC 2026][INFO] [Action] E UpdateStyle - (c,136475,2),42:1.000000:2,(r,136475,136475),F
[Wed Sep 09 04:31:11 UTC 2026][INFO] [Action] E UpdateStyle - (c,136475,2),47:0.000000:2,(r,136475,136475),F
[Wed Sep 09 04:31:15 UTC 2026][INFO] [Action] E UpdateStyle - (c,136475,2),49:0.250000:2,(r,136475,136475),F
[Wed Sep 09 04:31:32 UTC 2026][INFO] [Action] E UpdateStyle - (c,139302,2),34:59:3,(r,139302,139302),F
[Wed Sep 09 04:31:38 UTC 2026][INFO] [Action] E UpdateStyle - (c,139302,2),48:15.000000:2,(r,139302,139302),F
[Wed Sep 09 04:31:38 UTC 2026][INFO] [Action] E UpdateStyle - (c,139302,2),48:14.000000:2,(r,139302,139302),F
[Wed Sep 09 04:31:39 UTC 2026][INFO] [Action] E UpdateStyle - (c,139302,2),48:13.000000:2,(r,139302,139302),F
[Wed Sep 09 04:31:39 UTC 2026][INFO] [Action] E UpdateStyle - (c,139302,2),48:12.000000:2,(r,139302,139302),F
[Wed Sep 09 04:31:39 UTC 2026][INFO] [Action] E UpdateStyle - (c,139302,2),48:11.000000:2,(r,139302,139302),F
[Wed Sep 09 04:31:39 UTC 2026][INFO] [Action] E UpdateStyle - (c,139302,2),48:10.000000:2,(r,139302,139302),F
[Wed Sep 09 04:31:40 UTC 2026][INFO] [Action] E UpdateStyle - (c,139302,2),48:9.000000:2,(r,139302,139302),F
[Wed Sep 09 04:31:40 UTC 2026][INFO] [Action] E UpdateStyle - (c,139302,2),48:8.000000:2,(r,139302,139302),F
[Wed Sep 09 04:31:48 UTC 2026][INFO] [Action] E UpdateStyle - (c,141956,2),48:15.000000:2,(r,141956,141956),F
[Wed Sep 09 04:31:48 UTC 2026][INFO] [Action] E UpdateStyle - (c,141956,2),48:14.000000:2,(r,141956,141956),F
[Wed Sep 09 04:31:49 UTC 2026][INFO] [Action] E UpdateStyle - (c,141956,2),48:13.000000:2,(r,141956,141956),F
[Wed Sep 09 04:31:49 UTC 2026][INFO] [Action] E UpdateStyle - (c,141956,2),48:12.000000:2,(r,141956,141956),F
[Wed Sep 09 04:31:49 UTC 2026][INFO] [Action] E UpdateStyle - (c,141956,2),48:11.000000:2,(r,141956,141956),F
[Wed Sep 09 04:32:17 UTC 2026][INFO] [Action] E SplitContainer - 147467
[Wed Sep 09 04:32:23 UTC 2026][INFO] [Action] E SplitContainer - 147603
[Wed Sep 09 04:32:31 UTC 2026][INFO] [Action] E UpdateStyle - (c,147602,2),49:0.250000:2,(r,147602,147602),F
[Wed Sep 09 04:32:36 UTC 2026][INFO] [Action] E UpdateStyle - (c,147507,2),49:0.250000:2,(r,147507,147507),F
[Wed Sep 09 04:32:41 UTC 2026][INFO] [Action] E UpdateStyle - (c,147561,2),49:0.500000:2,(r,147561,147561),F
[Wed Sep 09 04:32:43 UTC 2026][INFO] [Action] E UpdateStyle - (c,147561,2),49:0.250000:2,(r,147561,147561),F
[Wed Sep 09 04:32:47 UTC 2026][INFO] [Action] E UpdateStyle - (c,147562,2),49:0.500000:2,(r,147562,147562),F
[Wed Sep 09 04:32:49 UTC 2026][INFO] [Action] E UpdateStyle - (c,147562,2),49:0.250000:2,(r,147562,147562),F
[Wed Sep 09 04:32:54 UTC 2026][INFO] [Action] E UpdateStyle - (c,147562,2),49:0.500000:2,(r,147562,147562),F
[Wed Sep 09 04:32:56 UTC 2026][INFO] [Action] E UpdateStyle - (c,147562,2),49:0.250000:2,(r,147562,147562),F
[Wed Sep 09 04:33:00 UTC 2026][INFO] [Action] E SplitContainer - 147563
[Wed Sep 09 04:33:10 UTC 2026][INFO] [Action] E UpdateStyle - (c,147634,2),49:0.250000:2,(r,147634,147634),F
[Wed Sep 09 04:33:10 UTC 2026][INFO] [Action] E UpdateStyle - (c,147634,2),49:0.500000:2,(r,147634,147634),F
[Wed Sep 09 04:33:11 UTC 2026][INFO] [Action] E UpdateStyle - (c,147634,2),49:0.750000:2,(r,147634,147634),F
[Wed Sep 09 04:33:11 UTC 2026][INFO] [Action] E UpdateStyle - (c,147634,2),49:1.000000:2,(r,147634,147634),F
[Wed Sep 09 04:33:11 UTC 2026][INFO] [Action] E UpdateStyle - (c,147634,2),49:1.250000:2,(r,147634,147634),F
[Wed Sep 09 04:33:11 UTC 2026][INFO] [Action] E UpdateStyle - (c,147634,2),49:1.500000:2,(r,147634,147634),F
[Wed Sep 09 04:33:11 UTC 2026][INFO] [Action] E UpdateStyle - (c,147634,2),49:1.750000:2,(r,147634,147634),F
[Wed Sep 09 04:33:12 UTC 2026][INFO] [Action] E UpdateStyle - (c,147634,2),49:2.000000:2,(r,147634,147634),F
[Wed Sep 09 04:33:12 UTC 2026][INFO] [Action] E UpdateStyle - (c,147634,2),49:2.250000:2,(r,147634,147634),F
[Wed Sep 09 04:33:12 UTC 2026][INFO] [Action] E UpdateStyle - (c,147634,2),49:2.500000:2,(r,147634,147634),F
[Wed Sep 09 04:33:12 UTC 2026][INFO] [Action] E UpdateStyle - (c,147634,2),49:2.750000:2,(r,147634,147634),F
[Wed Sep 09 04:33:12 UTC 2026][INFO] [Action] E UpdateStyle - (c,147634,2),49:3.000000:2,(r,147634,147634),F
[Wed Sep 09 04:33:13 UTC 2026][INFO] [Action] E UpdateStyle - (c,147634,2),49:3.250000:2,(r,147634,147634),F
[Wed Sep 09 04:33:14 UTC 2026][INFO] [Action] E UpdateStyle - (c,147634,2),49:3.500000:2,(r,147634,147634),F
[Wed Sep 09 04:33:28 UTC 2026][INFO] [Action] E UpdateStyle - (r,147702,147821),16:10.000000:2,(r,147702,147821),F
[Wed Sep 09 04:33:33 UTC 2026][INFO] [Action] E UpdateStyle - (c,147821,2),49:0.500000:2,(r,147821,147821),F
[Wed Sep 09 04:33:34 UTC 2026][INFO] [Action] E UpdateStyle - (c,147821,2),49:0.750000:2,(r,147821,147821),F
[Wed Sep 09 04:33:48 UTC 2026][INFO] [Action] E UpdateStyle - (r,147848,147870),16:10.000000:2,(r,147848,147870),F
[Wed Sep 09 04:33:55 UTC 2026][INFO] [Action] E UpdateStyle - (r,147673,147821),16:10.000000:2,(r,147673,147821),F
[Wed Sep 09 04:34:05 UTC 2026][INFO] [Action] E UpdateStyle - (r,147891,147950),16:10.000000:2,(r,147891,147950),F
[Wed Sep 09 04:34:08 UTC 2026][INFO] [Action] E UpdateStyle - (c,147950,2),49:0.250000:2,(r,147950,147950),F
[Wed Sep 09 04:34:08 UTC 2026][INFO] [Action] E UpdateStyle - (c,147950,2),49:0.500000:2,(r,147950,147950),F
[Wed Sep 09 04:34:15 UTC 2026][INFO] [Action] E UpdateStyle - (c,147890,2),49:0.250000:2,(r,147890,147890),F
[Wed Sep 09 04:34:32 UTC 2026][INFO] [Action] E UpdateStyle - (r,148654,149464),16:10.000000:2,(r,148654,149464),F
[Wed Sep 09 04:34:38 UTC 2026][INFO] [Action] E UpdateStyle - (c,149464,2),49:0.500000:2,(r,149464,149464),F
[Wed Sep 09 04:34:52 UTC 2026][INFO] [Action] E UpdateStyle - (r,154655,154701),16:10.000000:2,(r,154655,154701),F
[Wed Sep 09 04:34:56 UTC 2026][INFO] [Action] E UpdateStyle - (r,154655,154701),34:59:3,(r,154655,154701),F
[Wed Sep 09 04:34:58 UTC 2026][INFO] [Action] E UpdateStyle - (r,154655,154701),34:59:3,(r,154655,154701),F
[Wed Sep 09 04:35:03 UTC 2026][INFO] [Action] E UpdateStyle - (c,154655,1),48:15.000000:2,(r,154655,154655),F
[Wed Sep 09 04:35:04 UTC 2026][INFO] [Action] E UpdateStyle - (c,154655,1),48:14.000000:2,(r,154655,154655),F
[Wed Sep 09 04:35:04 UTC 2026][INFO] [Action] E UpdateStyle - (c,154655,1),48:13.000000:2,(r,154655,154655),F
[Wed Sep 09 04:35:04 UTC 2026][INFO] [Action] E UpdateStyle - (c,154655,1),48:12.000000:2,(r,154655,154655),F
[Wed Sep 09 04:35:04 UTC 2026][INFO] [Action] E UpdateStyle - (c,154655,1),48:11.000000:2,(r,154655,154655),F
[Wed Sep 09 04:35:05 UTC 2026][INFO] [Action] E UpdateStyle - (c,154655,1),48:10.000000:2,(r,154655,154655),F
[Wed Sep 09 04:35:05 UTC 2026][INFO] [Action] E UpdateStyle - (c,154655,1),48:9.000000:2,(r,154655,154655),F
[Wed Sep 09 04:35:05 UTC 2026][INFO] [Action] E UpdateStyle - (c,154655,1),48:8.000000:2,(r,154655,154655),F
[Wed Sep 09 04:35:05 UTC 2026][INFO] [Action] E UpdateStyle - (c,154655,1),48:7.000000:2,(r,154655,154655),F
[Wed Sep 09 04:35:05 UTC 2026][INFO] [Action] E UpdateStyle - (c,154655,1),48:6.000000:2,(r,154655,154655),F
[Wed Sep 09 04:35:06 UTC 2026][INFO] [Action] E UpdateStyle - (c,154655,1),48:5.000000:2,(r,154655,154655),F
[Wed Sep 09 04:35:06 UTC 2026][INFO] [Action] E UpdateStyle - (c,154655,1),48:4.000000:2,(r,154655,154655),F
[Wed Sep 09 04:35:07 UTC 2026][INFO] [Action] E UpdateStyle - (c,154655,1),48:3.000000:2,(r,154655,154655),F
[Wed Sep 09 04:35:08 UTC 2026][INFO] [Action] E UpdateStyle - (c,154655,1),48:2.000000:2,(r,154655,154655),F
[Wed Sep 09 04:35:13 UTC 2026][INFO] [Action] E UpdateStyle - (r,154729,154798),48:17.000000:2,(r,154729,154798),F
[Wed Sep 09 04:35:13 UTC 2026][INFO] [Action] E UpdateStyle - (r,154729,154798),48:16.000000:2,(r,154729,154798),F
[Wed Sep 09 04:35:13 UTC 2026][INFO] [Action] E UpdateStyle - (r,154729,154798),48:15.000000:2,(r,154729,154798),F
[Wed Sep 09 04:35:14 UTC 2026][INFO] [Action] E UpdateStyle - (r,154729,154798),48:14.000000:2,(r,154729,154798),F
[Wed Sep 09 04:35:14 UTC 2026][INFO] [Action] E UpdateStyle - (r,154729,154798),48:13.000000:2,(r,154729,154798),F
[Wed Sep 09 04:35:14 UTC 2026][INFO] [Action] E UpdateStyle - (r,154729,154798),48:12.000000:2,(r,154729,154798),F
[Wed Sep 09 04:35:14 UTC 2026][INFO] [Action] E UpdateStyle - (r,154729,154798),48:11.000000:2,(r,154729,154798),F
[Wed Sep 09 04:35:14 UTC 2026][INFO] [Action] E UpdateStyle - (r,154729,154798),48:10.000000:2,(r,154729,154798),F
[Wed Sep 09 04:35:15 UTC 2026][INFO] [Action] E UpdateStyle - (r,154729,154798),48:9.000000:2,(r,154729,154798),F
[Wed Sep 09 04:35:15 UTC 2026][INFO] [Action] E UpdateStyle - (r,154729,154798),48:8.000000:2,(r,154729,154798),F
[Wed Sep 09 04:35:15 UTC 2026][INFO] [Action] E UpdateStyle - (r,154729,154798),48:7.000000:2,(r,154729,154798),F
[Wed Sep 09 04:35:15 UTC 2026][INFO] [Action] E UpdateStyle - (r,154729,154798),48:6.000000:2,(r,154729,154798),F
[Wed Sep 09 04:35:16 UTC 2026][INFO] [Action] E UpdateStyle - (r,154729,154798),48:5.000000:2,(r,154729,154798),F
[Wed Sep 09 04:35:16 UTC 2026][INFO] [Action] E UpdateStyle - (r,154729,154798),48:4.000000:2,(r,154729,154798),F
[Wed Sep 09 04:35:16 UTC 2026][INFO] [Action] E UpdateStyle - (r,154729,154798),48:3.000000:2,(r,154729,154798),F
[Wed Sep 09 04:35:18 UTC 2026][INFO] [Action] E UpdateStyle - (r,154729,154798),48:4.000000:2,(r,154729,154798),F
[Wed Sep 09 04:35:18 UTC 2026][INFO] [Action] E UpdateStyle - (r,154729,154798),48:5.000000:2,(r,154729,154798),F
[Wed Sep 09 04:35:22 UTC 2026][INFO] [Action] E UpdateStyle - (r,154729,154798),16:10.000000:2,(r,154729,154798),F
[Wed Sep 09 04:35:27 UTC 2026][INFO] [Action] E UpdateStyle - (c,154799,2),49:0.250000:2,(r,154799,154799),F
[Wed Sep 09 04:35:43 UTC 2026][INFO] [Action] E SplitContainer - 155428
[Wed Sep 09 04:35:47 UTC 2026][INFO] [Action] E SplitContainer - 155558
[Wed Sep 09 04:35:50 UTC 2026][INFO] [Action] E SplitContainer - 155573
[Wed Sep 09 04:35:53 UTC 2026][INFO] [Action] E SplitContainer - 155690
[Wed Sep 09 04:35:55 UTC 2026][INFO] [Action] E SplitContainer - 155748
[Wed Sep 09 04:36:01 UTC 2026][INFO] [Action] E SplitContainer - 155950
[Wed Sep 09 04:36:08 UTC 2026][INFO] [Action] E UpdateStyle - (r,156013,156025),16:10.000000:2,(r,156013,156025),F
[Wed Sep 09 04:36:15 UTC 2026][INFO] [Action] E UpdateStyle - (r,156031,156070),16:10.000000:2,(r,156031,156070),F
[Wed Sep 09 04:36:19 UTC 2026][INFO] [Action] E UpdateStyle - (c,156070,2),49:0.500000:2,(r,156070,156070),F
[Wed Sep 09 04:36:24 UTC 2026][INFO] [Action] E UpdateStyle - (c,156025,2),49:0.250000:2,(r,156025,156025),F
[Wed Sep 09 04:36:29 UTC 2026][INFO] [Action] E UpdateStyle - (c,156012,2),49:0.250000:2,(r,156012,156012),F
[Wed Sep 09 04:36:39 UTC 2026][INFO] [Action] E UpdateStyle - (c,156070,2),49:0.750000:2,(r,156070,156070),F
[Wed Sep 09 04:36:47 UTC 2026][INFO] [Action] E UpdateStyle - (r,156675,156690),16:10.000000:2,(r,156675,156690),F
[Wed Sep 09 04:36:53 UTC 2026][INFO] [Action] E UpdateStyle - (r,156754,156789),16:10.000000:2,(r,156754,156789),F
[Wed Sep 09 04:36:59 UTC 2026][INFO] [Action] E UpdateStyle - (r,156798,156813),16:10.000000:2,(r,156798,156813),F
[Wed Sep 09 04:37:24 UTC 2026][INFO] [Action] E UpdateStyle - (r,156871,156874),16:10.000000:2,(r,156871,156874),F
[Wed Sep 09 04:37:29 UTC 2026][INFO] [Action] E UpdateStyle - (r,156885,156900),16:10.000000:2,(r,156885,156900),F
[Wed Sep 09 04:37:31 UTC 2026][INFO] [Action] E UpdateStyle - (r,156885,156900),48:16.000000:2,(r,156885,156900),F
[Wed Sep 09 04:37:31 UTC 2026][INFO] [Action] E UpdateStyle - (r,156885,156900),48:17.000000:2,(r,156885,156900),F
[Wed Sep 09 04:37:32 UTC 2026][INFO] [Action] E UpdateStyle - (r,156885,156900),48:18.000000:2,(r,156885,156900),F
[Wed Sep 09 04:37:33 UTC 2026][INFO] [Action] E UpdateStyle - (r,156885,156900),48:17.000000:2,(r,156885,156900),F
[Wed Sep 09 04:37:34 UTC 2026][INFO] [Action] E UpdateStyle - (r,156885,156900),36:7.000000:2,(r,156885,156900),F
[Wed Sep 09 04:37:35 UTC 2026][INFO] [Action] E UpdateStyle - (r,156885,156900),36:6.000000:2,(r,156885,156900),F
[Wed Sep 09 04:37:36 UTC 2026][INFO] [Action] E UpdateStyle - (r,156885,156900),36:7.000000:2,(r,156885,156900),F
[Wed Sep 09 04:37:37 UTC 2026][INFO] [Action] E UpdateStyle - (r,156885,156900),36:8.000000:2,(r,156885,156900),F
[Wed Sep 09 04:37:44 UTC 2026][INFO] [Action] E UpdateStyle - (c,156871,1),48:15.000000:2,(r,156871,156871),F
[Wed Sep 09 04:37:45 UTC 2026][INFO] [Action] E UpdateStyle - (c,156871,1),48:16.000000:2,(r,156871,156871),F
[Wed Sep 09 04:37:49 UTC 2026][INFO] [Action] E UpdateStyle - (c,156798,1),48:16.000000:2,(r,156798,156798),F
[Wed Sep 09 04:37:54 UTC 2026][INFO] [Action] E UpdateStyle - (r,156754,156789),48:16.000000:2,(r,156754,156789),F
[Wed Sep 09 04:37:58 UTC 2026][INFO] [Action] E UpdateStyle - (c,156675,1),48:16.000000:2,(r,156675,156675),F
[Wed Sep 09 04:38:16 UTC 2026][INFO] [Action] E UpdateStyle - (c,156923,2),49:0.250000:2,(r,156923,156923),F
[Wed Sep 09 04:38:17 UTC 2026][INFO] [Action] E UpdateStyle - (c,156923,2),49:0.500000:2,(r,156923,156923),F
[Wed Sep 09 04:38:20 UTC 2026][INFO] [Action] E UpdateStyle - (c,156923,2),49:0.250000:2,(r,156923,156923),F
[Wed Sep 09 04:38:23 UTC 2026][INFO] [Action] E UpdateStyle - (c,156928,2),49:0.250000:2,(r,156928,156928),F
[Wed Sep 09 04:38:25 UTC 2026][INFO] [Action] E UpdateStyle - (c,156941,2),49:0.250000:2,(r,156941,156941),F
[Wed Sep 09 04:38:28 UTC 2026][INFO] [Action] E UpdateStyle - (c,156983,2),49:0.500000:2,(r,156983,156983),F
[Wed Sep 09 04:38:36 UTC 2026][INFO] [Action] E UpdateStyle - (c,157029,2),49:0.250000:2,(r,157029,157029),F
[Wed Sep 09 04:38:38 UTC 2026][INFO] [Action] E UpdateStyle - (c,157086,2),49:0.500000:2,(r,157086,157086),F
[Wed Sep 09 04:38:39 UTC 2026][INFO] [Action] E UpdateStyle - (c,157086,2),49:0.750000:2,(r,157086,157086),F
[Wed Sep 09 04:38:48 UTC 2026][INFO] [Action] E UpdateStyle - (r,156924,156928),16:10.000000:2,(r,156924,156928),F
[Wed Sep 09 04:38:55 UTC 2026][INFO] [Action] E UpdateStyle - (r,156942,156983),16:10.000000:2,(r,156942,156983),F
[Wed Sep 09 04:39:06 UTC 2026][INFO] [Action] E UpdateStyle - (r,157124,157155),16:10.000000:2,(r,157124,157155),F
[Wed Sep 09 04:39:13 UTC 2026][INFO] [Action] U UpdateStyle
[Wed Sep 09 04:39:34 UTC 2026][INFO] [Action] E UpdateStyle - (r,158575,158633),16:10.000000:2,(r,158575,158633),F
[Wed Sep 09 04:39:41 UTC 2026][INFO] [Action] E UpdateStyle - (r,158639,158770),16:10.000000:2,(r,158639,158770),F
[Wed Sep 09 04:39:58 UTC 2026][INFO] [Action] E SplitContainer - 162011
[Wed Sep 09 04:40:01 UTC 2026][INFO] [Action] E SplitContainer - 161919
[Wed Sep 09 04:40:03 UTC 2026][INFO] [Action] E DeleteContent - (r,161919,161919),F
[Wed Sep 09 04:40:14 UTC 2026][INFO] [Action] E InsertTextContent - (c,161460,1),[']
[Wed Sep 09 04:40:23 UTC 2026][INFO] [Action] E DeleteContent - (c,161460,2),B
[Wed Sep 09 04:40:25 UTC 2026][INFO] [Action] E SplitContainer - 161460
[Wed Sep 09 04:40:31 UTC 2026][INFO] [Action] E SplitContainer - 161239
[Wed Sep 09 04:40:41 UTC 2026][INFO] [Action] E SplitContainer - 162034
[Wed Sep 09 04:40:46 UTC 2026][INFO] [Action] E UpdateStyle - (c,162140,2),49:0.250000:2,(r,162140,162140),F
[Wed Sep 09 04:40:47 UTC 2026][INFO] [Action] E UpdateStyle - (c,162140,2),49:0.500000:2,(r,162140,162140),F
[Wed Sep 09 04:40:52 UTC 2026][INFO] [Action] E UpdateStyle - (c,162199,2),49:0.250000:2,(r,162199,162199),F
[Wed Sep 09 04:40:56 UTC 2026][INFO] [Action] E UpdateStyle - (c,162229,2),49:0.250000:2,(r,162229,162229),F
[Wed Sep 09 04:41:02 UTC 2026][INFO] [Action] E UpdateStyle - (c,162239,2),49:0.500000:2,(r,162239,162239),F
[Wed Sep 09 04:41:07 UTC 2026][INFO] [Action] E UpdateStyle - (r,162114,162160),16:10.000000:2,(r,162114,162160),F
[Wed Sep 09 04:41:12 UTC 2026][INFO] [Action] U UpdateStyle
[Wed Sep 09 04:41:17 UTC 2026][INFO] [Action] E UpdateStyle - (r,162114,162140),16:10.000000:2,(r,162114,162140),F
[Wed Sep 09 04:41:22 UTC 2026][INFO] [Action] E UpdateStyle - (r,162172,162199),16:10.000000:2,(r,162172,162199),F
[Wed Sep 09 04:41:28 UTC 2026][INFO] [Action] E UpdateStyle - (r,162230,162237),16:10.000000:2,(r,162230,162237),F
[Wed Sep 09 04:41:41 UTC 2026][INFO] [Action] E UpdateStyle - (r,166280,166329),16:10.000000:2,(r,166280,166329),F
[Wed Sep 09 04:41:46 UTC 2026][INFO] [Action] E UpdateStyle - (r,166056,166092),16:10.000000:2,(r,166056,166092),F
[Wed Sep 09 04:41:53 UTC 2026][INFO] [Action] E UpdateStyle - (c,166280,1),34:59:3,(r,166280,166280),F
[Wed Sep 09 04:41:55 UTC 2026][INFO] [Action] E UpdateStyle - (c,166280,1),48:1.000000:2,(r,166280,166280),F
[Wed Sep 09 04:41:55 UTC 2026][INFO] [Action] E UpdateStyle - (c,166280,1),48:2.000000:2,(r,166280,166280),F
[Wed Sep 09 04:41:56 UTC 2026][INFO] [Action] E UpdateStyle - (c,166280,1),48:3.000000:2,(r,166280,166280),F
[Wed Sep 09 04:41:56 UTC 2026][INFO] [Action] E UpdateStyle - (c,166280,1),48:4.000000:2,(r,166280,166280),F
[Wed Sep 09 04:41:56 UTC 2026][INFO] [Action] E UpdateStyle - (c,166280,1),48:5.000000:2,(r,166280,166280),F
[Wed Sep 09 04:41:56 UTC 2026][INFO] [Action] E UpdateStyle - (c,166280,1),48:6.000000:2,(r,166280,166280),F
[Wed Sep 09 04:41:57 UTC 2026][INFO] [Action] E UpdateStyle - (c,166280,1),48:7.000000:2,(r,166280,166280),F
[Wed Sep 09 04:41:57 UTC 2026][INFO] [Action] E UpdateStyle - (c,166280,1),48:8.000000:2,(r,166280,166280),F
[Wed Sep 09 04:41:57 UTC 2026][INFO] [Action] E UpdateStyle - (c,166280,1),48:9.000000:2,(r,166280,166280),F
[Wed Sep 09 04:41:58 UTC 2026][INFO] [Action] E UpdateStyle - (c,166280,1),48:10.000000:2,(r,166280,166280),F
[Wed Sep 09 04:41:58 UTC 2026][INFO] [Action] E UpdateStyle - (c,166280,1),48:11.000000:2,(r,166280,166280),F
[Wed Sep 09 04:41:58 UTC 2026][INFO] [Action] E UpdateStyle - (c,166280,1),48:12.000000:2,(r,166280,166280),F
[Wed Sep 09 04:42:00 UTC 2026][INFO] [Action] E UpdateStyle - (c,166280,1),48:11.000000:2,(r,166280,166280),F
[Wed Sep 09 04:42:00 UTC 2026][INFO] [Action] E UpdateStyle - (c,166280,1),48:10.000000:2,(r,166280,166280),F
[Wed Sep 09 04:42:09 UTC 2026][INFO] [Action] E UpdateStyle - (r,166060,166063),34:59:3,(r,166060,166063),F
[Wed Sep 09 04:42:14 UTC 2026][INFO] [Action] E UpdateStyle - (r,166060,166063),48:10.000000:2,(r,166060,166063),F
[Wed Sep 09 04:42:24 UTC 2026][INFO] [Action] E SplitContainer - 167481
[Wed Sep 09 04:42:42 UTC 2026][INFO] [Action] E UpdateStyle - (c,169989,2),49:0.250000:2,(r,169989,169989),F
[Wed Sep 09 04:42:46 UTC 2026][INFO] [Action] E UpdateStyle - (c,170035,2),49:0.500000:2,(r,170035,170035),F
[Wed Sep 09 04:42:51 UTC 2026][INFO] [Action] E UpdateStyle - (c,170006,2),49:0.250000:2,(r,170006,170006),F
[Wed Sep 09 04:42:55 UTC 2026][INFO] [Action] E UpdateStyle - (c,170011,2),49:0.250000:2,(r,170011,170011),F
[Wed Sep 09 04:42:58 UTC 2026][INFO] [Action] E UpdateStyle - (c,170035,2),49:0.750000:2,(r,170035,170035),F
[Wed Sep 09 04:42:59 UTC 2026][INFO] [Action] E UpdateStyle - (c,170035,2),49:1.000000:2,(r,170035,170035),F
[Wed Sep 09 04:43:22 UTC 2026][INFO] [Action] E UpdateStyle - (c,177752,1),48:5.000000:2,(r,177752,177752),F
[Wed Sep 09 04:43:22 UTC 2026][INFO] [Action] E UpdateStyle - (c,177752,1),48:6.000000:2,(r,177752,177752),F
[Wed Sep 09 04:43:22 UTC 2026][INFO] [Action] E UpdateStyle - (c,177752,1),48:7.000000:2,(r,177752,177752),F
[Wed Sep 09 04:43:23 UTC 2026][INFO] [Action] E UpdateStyle - (c,177752,1),48:8.000000:2,(r,177752,177752),F
[Wed Sep 09 04:43:23 UTC 2026][INFO] [Action] E UpdateStyle - (c,177752,1),48:9.000000:2,(r,177752,177752),F
[Wed Sep 09 04:43:23 UTC 2026][INFO] [Action] E UpdateStyle - (c,177752,1),48:10.000000:2,(r,177752,177752),F
[Wed Sep 09 04:43:50 UTC 2026][INFO] [Action] E UpdateStyle - (c,187488,1),48:15.000000:2,(r,187488,187488),F
[Wed Sep 09 04:43:50 UTC 2026][INFO] [Action] E UpdateStyle - (c,187488,1),48:14.000000:2,(r,187488,187488),F
[Wed Sep 09 04:43:51 UTC 2026][INFO] [Action] E UpdateStyle - (c,187488,1),48:13.000000:2,(r,187488,187488),F
[Wed Sep 09 04:43:51 UTC 2026][INFO] [Action] E UpdateStyle - (c,187488,1),48:12.000000:2,(r,187488,187488),F
[Wed Sep 09 04:43:52 UTC 2026][INFO] [Action] E UpdateStyle - (c,187488,1),48:11.000000:2,(r,187488,187488),F
[Wed Sep 09 04:43:52 UTC 2026][INFO] [Action] E UpdateStyle - (c,187488,1),48:10.000000:2,(r,187488,187488),F
[Wed Sep 09 04:43:52 UTC 2026][INFO] [Action] E UpdateStyle - (c,187488,1),48:9.000000:2,(r,187488,187488),F
[Wed Sep 09 04:43:53 UTC 2026][INFO] [Action] E UpdateStyle - (c,187488,1),48:8.000000:2,(r,187488,187488),F
[Wed Sep 09 04:44:01 UTC 2026][INFO] [Action] E UpdateStyle - (c,187487,2),49:0.250000:2,(r,187487,187487),F
[Wed Sep 09 04:44:06 UTC 2026][INFO] [Action] E UpdateStyle - (c,187529,2),49:0.250000:2,(r,187529,187529),F
[Wed Sep 09 04:44:13 UTC 2026][INFO] [Action] E UpdateStyle - (r,187913,187930),16:12.000000:2,(r,187913,187930),F
[Wed Sep 09 04:44:26 UTC 2026][INFO] [Action] E UpdateStyle - (r,187913,187930),11:Bookerly,serif:4,(r,187913,187930),F
[Wed Sep 09 04:44:29 UTC 2026][INFO] [Action] E UpdateStyle - (r,187913,187930),11:AmazonEmber,sans-serif:4,(r,187913,187930),F
[Wed Sep 09 04:44:34 UTC 2026][INFO] [Action] E UpdateStyle - (c,187930,2),34:320:3,(r,187930,187930),F
[Wed Sep 09 04:44:39 UTC 2026][INFO] [Action] E UpdateStyle - (c,187913,1),48:15.000000:2,(r,187913,187913),F
[Wed Sep 09 04:44:40 UTC 2026][INFO] [Action] E UpdateStyle - (c,187913,1),48:14.000000:2,(r,187913,187913),F
[Wed Sep 09 04:44:40 UTC 2026][INFO] [Action] E UpdateStyle - (c,187913,1),48:13.000000:2,(r,187913,187913),F
[Wed Sep 09 04:44:40 UTC 2026][INFO] [Action] E UpdateStyle - (c,187913,1),48:12.000000:2,(r,187913,187913),F
[Wed Sep 09 04:44:40 UTC 2026][INFO] [Action] E UpdateStyle - (c,187913,1),48:11.000000:2,(r,187913,187913),F
[Wed Sep 09 04:44:40 UTC 2026][INFO] [Action] E UpdateStyle - (c,187913,1),48:10.000000:2,(r,187913,187913),F
[Wed Sep 09 04:44:41 UTC 2026][INFO] [Action] E UpdateStyle - (c,187913,1),48:9.000000:2,(r,187913,187913),F
[Wed Sep 09 04:44:41 UTC 2026][INFO] [Action] E UpdateStyle - (c,187913,1),48:8.000000:2,(r,187913,187913),F
[Wed Sep 09 04:44:41 UTC 2026][INFO] [Action] E UpdateStyle - (c,187913,1),48:7.000000:2,(r,187913,187913),F
[Wed Sep 09 04:44:41 UTC 2026][INFO] [Action] E UpdateStyle - (c,187913,1),48:6.000000:2,(r,187913,187913),F
[Wed Sep 09 04:44:41 UTC 2026][INFO] [Action] E UpdateStyle - (c,187913,1),48:5.000000:2,(r,187913,187913),F
[Wed Sep 09 04:44:42 UTC 2026][INFO] [Action] E UpdateStyle - (c,187913,1),48:4.000000:2,(r,187913,187913),F
[Wed Sep 09 04:44:42 UTC 2026][INFO] [Action] E UpdateStyle - (c,187913,1),48:3.000000:2,(r,187913,187913),F
[Wed Sep 09 04:44:42 UTC 2026][INFO] [Action] E UpdateStyle - (c,187913,1),48:2.000000:2,(r,187913,187913),F
[Wed Sep 09 04:44:42 UTC 2026][INFO] [Action] E UpdateStyle - (c,187913,1),48:1.000000:2,(r,187913,187913),F
[Wed Sep 09 04:44:42 UTC 2026][INFO] [Action] E UpdateStyle - (c,187913,1),48:0.000000:2,(r,187913,187913),F
[Wed Sep 09 04:44:44 UTC 2026][INFO] [Action] E UpdateStyle - (c,187913,1),36:7.000000:2,(r,187913,187913),F
[Wed Sep 09 04:44:45 UTC 2026][INFO] [Action] E UpdateStyle - (c,187913,1),36:6.000000:2,(r,187913,187913),F
[Wed Sep 09 04:44:45 UTC 2026][INFO] [Action] E UpdateStyle - (c,187913,1),36:5.000000:2,(r,187913,187913),F
[Wed Sep 09 04:44:45 UTC 2026][INFO] [Action] E UpdateStyle - (c,187913,1),36:4.000000:2,(r,187913,187913),F
[Wed Sep 09 04:44:45 UTC 2026][INFO] [Action] E UpdateStyle - (c,187913,1),36:3.000000:2,(r,187913,187913),F
[Wed Sep 09 04:44:45 UTC 2026][INFO] [Action] E UpdateStyle - (c,187913,1),36:2.000000:2,(r,187913,187913),F
[Wed Sep 09 04:44:46 UTC 2026][INFO] [Action] E UpdateStyle - (c,187913,1),36:1.000000:2,(r,187913,187913),F
[Wed Sep 09 04:44:46 UTC 2026][INFO] [Action] E UpdateStyle - (c,187913,1),36:0.000000:2,(r,187913,187913),F
[Wed Sep 09 04:44:59 UTC 2026][INFO] [Action] E UpdateStyle - (c,188675,2),49:0.250000:2,(r,188675,188675),F
[Wed Sep 09 04:44:59 UTC 2026][INFO] [Action] E UpdateStyle - (c,188675,2),49:0.500000:2,(r,188675,188675),F
[Wed Sep 09 04:45:03 UTC 2026][INFO] [Action] E UpdateStyle - (c,188727,2),49:0.250000:2,(r,188727,188727),F
[Wed Sep 09 04:45:03 UTC 2026][INFO] [Action] E UpdateStyle - (c,188727,2),49:0.500000:2,(r,188727,188727),F
[Wed Sep 09 04:45:13 UTC 2026][INFO] [Action] E SplitContainer - 188759
[Wed Sep 09 04:45:16 UTC 2026][INFO] [Action] E DeleteContent - (r,188759,188759),F
[Wed Sep 09 04:45:19 UTC 2026][INFO] [Action] E UpdateStyle - (c,188758,2),49:0.250000:2,(r,188758,188758),F
[Wed Sep 09 04:45:20 UTC 2026][INFO] [Action] E UpdateStyle - (c,188758,2),49:0.500000:2,(r,188758,188758),F
[Wed Sep 09 04:45:26 UTC 2026][INFO] [Action] E SplitContainer - 188803
[Wed Sep 09 04:45:27 UTC 2026][INFO] [Action] E AddTextContainer - (c,188803,1),1,0,0
[Wed Sep 09 04:45:35 UTC 2026][INFO] [Action] E UpdateStyle - (r,188759,188802),12:382:3,(r,188759,188802),F
[Wed Sep 09 04:45:42 UTC 2026][INFO] [Action] E SplitContainer - 188682
[Wed Sep 09 04:45:48 UTC 2026][INFO] [Action] E UpdateStyle - (c,188681,2),49:0.250000:2,(r,188681,188681),F
[Wed Sep 09 04:45:48 UTC 2026][INFO] [Action] E UpdateStyle - (c,188681,2),49:0.000000:2,(r,188681,188681),F
[Wed Sep 09 04:45:55 UTC 2026][INFO] [Action] E UpdateStyle - (r,188676,188727),48:1.000000:2,(r,188676,188727),F
[Wed Sep 09 04:45:56 UTC 2026][INFO] [Action] E UpdateStyle - (r,188676,188727),48:2.000000:2,(r,188676,188727),F
[Wed Sep 09 04:45:56 UTC 2026][INFO] [Action] E UpdateStyle - (r,188676,188727),48:3.000000:2,(r,188676,188727),F
[Wed Sep 09 04:45:57 UTC 2026][INFO] [Action] E UpdateStyle - (r,188676,188727),48:4.000000:2,(r,188676,188727),F
[Wed Sep 09 04:45:58 UTC 2026][INFO] [Action] E UpdateStyle - (r,188676,188727),48:5.000000:2,(r,188676,188727),F
[Wed Sep 09 04:46:01 UTC 2026][INFO] [Action] E UpdateStyle - (c,188759,1),48:1.000000:2,(r,188759,188759),F
[Wed Sep 09 04:46:02 UTC 2026][INFO] [Action] E UpdateStyle - (c,188759,1),48:2.000000:2,(r,188759,188759),F
[Wed Sep 09 04:46:02 UTC 2026][INFO] [Action] E UpdateStyle - (c,188759,1),48:3.000000:2,(r,188759,188759),F
[Wed Sep 09 04:46:02 UTC 2026][INFO] [Action] E UpdateStyle - (c,188759,1),48:4.000000:2,(r,188759,188759),F
[Wed Sep 09 04:46:03 UTC 2026][INFO] [Action] E UpdateStyle - (c,188759,1),48:5.000000:2,(r,188759,188759),F
[Wed Sep 09 04:46:17 UTC 2026][INFO] [Action] E UpdateStyle - (c,188826,2),49:0.250000:2,(r,188826,188826),F
[Wed Sep 09 04:46:22 UTC 2026][INFO] [Action] E SplitContainer - 188874
[Wed Sep 09 04:47:01 UTC 2026][INFO] [Action] E UpdateStyle - (r,205184,205244),16:10.000000:2,(r,205184,205244),F
[Wed Sep 09 04:47:23 UTC 2026][INFO] [Action] E UpdateStyle - (r,209024,209056),12:382:3,(r,209024,209056),F
[Wed Sep 09 04:47:26 UTC 2026][INFO] [Action] E UpdateStyle - (r,209024,209056),13:361:3,(r,209024,209056),F
[Wed Sep 09 04:47:29 UTC 2026][INFO] [Action] E UpdateStyle - (r,209024,209056),13:350:3,(r,209024,209056),F
[Wed Sep 09 04:47:32 UTC 2026][INFO] [Action] E UpdateStyle - (c,209023,2),49:0.250000:2,(r,209023,209023),F
[Wed Sep 09 04:47:36 UTC 2026][INFO] [Action] E UpdateStyle - (c,209056,2),49:0.250000:2,(r,209056,209056),F
[Wed Sep 09 04:47:52 UTC 2026][INFO] [Action] E UpdateStyle - (c,216053,2),49:0.250000:2,(r,216053,216053),F
[Wed Sep 09 04:47:56 UTC 2026][INFO] [Action] E UpdateStyle - (r,216020,216053),12:382:3,(r,216020,216053),F
[Wed Sep 09 04:48:06 UTC 2026][INFO] [Action] E UpdateStyle - (c,216237,1),48:8.000000:2,(r,216237,216237),F
[Wed Sep 09 04:48:06 UTC 2026][INFO] [Action] E UpdateStyle - (c,216237,1),48:9.000000:2,(r,216237,216237),F
[Wed Sep 09 04:48:06 UTC 2026][INFO] [Action] E UpdateStyle - (c,216237,1),48:10.000000:2,(r,216237,216237),F
[Wed Sep 09 04:48:07 UTC 2026][INFO] [Action] E UpdateStyle - (c,216237,1),48:11.000000:2,(r,216237,216237),F
[Wed Sep 09 04:48:07 UTC 2026][INFO] [Action] E UpdateStyle - (c,216237,1),48:12.000000:2,(r,216237,216237),F
[Wed Sep 09 04:48:07 UTC 2026][INFO] [Action] E UpdateStyle - (c,216237,1),48:13.000000:2,(r,216237,216237),F
[Wed Sep 09 04:48:07 UTC 2026][INFO] [Action] E UpdateStyle - (c,216237,1),48:14.000000:2,(r,216237,216237),F
[Wed Sep 09 04:48:08 UTC 2026][INFO] [Action] E UpdateStyle - (c,216237,1),48:15.000000:2,(r,216237,216237),F
[Wed Sep 09 04:48:09 UTC 2026][INFO] [Action] E UpdateStyle - (c,216237,1),48:16.000000:2,(r,216237,216237),F
[Wed Sep 09 04:48:17 UTC 2026][INFO] [Action] E SplitContainer - 216232
[Wed Sep 09 04:48:21 UTC 2026][INFO] [Action] E UpdateStyle - (c,216240,2),49:0.250000:2,(r,216240,216240),F
[Wed Sep 09 04:48:22 UTC 2026][INFO] [Action] E UpdateStyle - (c,216240,2),49:0.500000:2,(r,216240,216240),F
[Wed Sep 09 04:48:30 UTC 2026][INFO] [Action] E SplitContainer - 216279
[Wed Sep 09 04:48:33 UTC 2026][INFO] [Action] E UpdateStyle - (c,216279,1),47:0.250000:2,(r,216279,216279),F
[Wed Sep 09 04:48:33 UTC 2026][INFO] [Action] E UpdateStyle - (c,216279,1),47:0.500000:2,(r,216279,216279),F
[Wed Sep 09 04:48:33 UTC 2026][INFO] [Action] E UpdateStyle - (c,216279,1),47:0.750000:2,(r,216279,216279),F
[Wed Sep 09 04:48:35 UTC 2026][INFO] [Action] E UpdateStyle - (c,216279,1),47:0.500000:2,(r,216279,216279),F
[Wed Sep 09 04:48:38 UTC 2026][INFO] [Action] E UpdateStyle - (c,216279,1),48:1.000000:2,(r,216279,216279),F
[Wed Sep 09 04:48:39 UTC 2026][INFO] [Action] E UpdateStyle - (c,216279,1),48:2.000000:2,(r,216279,216279),F
[Wed Sep 09 04:48:39 UTC 2026][INFO] [Action] E UpdateStyle - (c,216279,1),48:3.000000:2,(r,216279,216279),F
[Wed Sep 09 04:48:39 UTC 2026][INFO] [Action] E UpdateStyle - (c,216279,1),48:4.000000:2,(r,216279,216279),F
[Wed Sep 09 04:48:39 UTC 2026][INFO] [Action] E UpdateStyle - (c,216279,1),48:5.000000:2,(r,216279,216279),F
[Wed Sep 09 04:48:40 UTC 2026][INFO] [Action] E UpdateStyle - (c,216279,1),48:6.000000:2,(r,216279,216279),F
[Wed Sep 09 04:48:40 UTC 2026][INFO] [Action] E UpdateStyle - (c,216279,1),48:7.000000:2,(r,216279,216279),F
[Wed Sep 09 04:48:40 UTC 2026][INFO] [Action] E UpdateStyle - (c,216279,1),48:8.000000:2,(r,216279,216279),F
[Wed Sep 09 04:48:40 UTC 2026][INFO] [Action] E UpdateStyle - (c,216279,1),48:9.000000:2,(r,216279,216279),F
[Wed Sep 09 04:48:40 UTC 2026][INFO] [Action] E UpdateStyle - (c,216279,1),48:10.000000:2,(r,216279,216279),F
[Wed Sep 09 04:48:40 UTC 2026][INFO] [Action] E UpdateStyle - (c,216279,1),48:11.000000:2,(r,216279,216279),F
[Wed Sep 09 04:48:41 UTC 2026][INFO] [Action] E UpdateStyle - (c,216279,1),48:12.000000:2,(r,216279,216279),F
[Wed Sep 09 04:48:41 UTC 2026][INFO] [Action] E UpdateStyle - (c,216279,1),48:13.000000:2,(r,216279,216279),F
[Wed Sep 09 04:48:41 UTC 2026][INFO] [Action] E UpdateStyle - (c,216279,1),48:14.000000:2,(r,216279,216279),F
[Wed Sep 09 04:48:41 UTC 2026][INFO] [Action] E UpdateStyle - (c,216279,1),48:15.000000:2,(r,216279,216279),F
[Wed Sep 09 04:48:42 UTC 2026][INFO] [Action] E UpdateStyle - (c,216279,1),48:16.000000:2,(r,216279,216279),F
[Wed Sep 09 04:48:42 UTC 2026][INFO] [Action] E UpdateStyle - (c,216279,1),48:17.000000:2,(r,216279,216279),F
[Wed Sep 09 04:48:47 UTC 2026][INFO] [Action] E UpdateStyle - (c,216314,2),49:0.250000:2,(r,216314,216314),F
[Wed Sep 09 04:48:48 UTC 2026][INFO] [Action] E UpdateStyle - (c,216314,2),49:0.500000:2,(r,216314,216314),F
[Wed Sep 09 04:48:51 UTC 2026][INFO] [Action] E SplitContainer - 216330
[Wed Sep 09 04:48:55 UTC 2026][INFO] [Action] E UpdateStyle - (c,216365,2),49:0.250000:2,(r,216365,216365),F
[Wed Sep 09 04:48:59 UTC 2026][INFO] [Action] E SplitContainer - 216405
[Wed Sep 09 04:49:11 UTC 2026][INFO] [Action] E UpdateStyle - (c,216404,2),47:0.250000:2,(r,216404,216404),F
[Wed Sep 09 04:49:12 UTC 2026][INFO] [Action] E UpdateStyle - (c,216404,2),47:0.000000:2,(r,216404,216404),F
[Wed Sep 09 04:49:15 UTC 2026][INFO] [Action] E UpdateStyle - (c,216404,2),42:1.000000:2,(r,216404,216404),F
[Wed Sep 09 04:49:21 UTC 2026][INFO] [Action] E UpdateStyle - (c,216415,2),42:1.000000:2,(r,216415,216415),F
[Wed Sep 09 04:49:24 UTC 2026][INFO] [Action] E UpdateStyle - (c,216415,2),47:0.250000:2,(r,216415,216415),F
[Wed Sep 09 04:49:24 UTC 2026][INFO] [Action] E UpdateStyle - (c,216415,2),47:0.000000:2,(r,216415,216415),F
[Wed Sep 09 04:49:37 UTC 2026][INFO] [Action] E UpdateStyle - (r,216416,216561),48:16.000000:2,(r,216416,216561),F
[Wed Sep 09 04:49:37 UTC 2026][INFO] [Action] E UpdateStyle - (r,216416,216561),48:17.000000:2,(r,216416,216561),F
[Wed Sep 09 04:49:45 UTC 2026][INFO] [Action] E UpdateStyle - (c,216648,2),34:59:3,(r,216648,216648),F
[Wed Sep 09 04:50:00 UTC 2026][INFO] [Action] E SplitContainer - 216678
[Wed Sep 09 04:50:02 UTC 2026][INFO] [Action] E DeleteContent - (r,216678,216678),F
[Wed Sep 09 04:50:11 UTC 2026][INFO] [Action] E UpdateStyle - (c,216707,2),47:0.250000:2,(r,216707,216707),F
[Wed Sep 09 04:50:11 UTC 2026][INFO] [Action] E UpdateStyle - (c,216707,2),47:0.000000:2,(r,216707,216707),F
[Wed Sep 09 04:50:29 UTC 2026][INFO] [Action] E UpdateStyle - (c,216796,2),49:0.250000:2,(r,216796,216796),F
[Wed Sep 09 04:50:33 UTC 2026][INFO] [Action] E UpdateStyle - (c,216812,2),49:0.500000:2,(r,216812,216812),F
[Wed Sep 09 04:50:34 UTC 2026][INFO] [Action] E UpdateStyle - (c,216812,2),49:0.750000:2,(r,216812,216812),F
[Wed Sep 09 04:50:47 UTC 2026][INFO] [Action] E UpdateStyle - (c,217609,2),49:0.250000:2,(r,217609,217609),F
[Wed Sep 09 04:50:53 UTC 2026][INFO] [Action] E UpdateStyle - (c,217587,2),49:0.250000:2,(r,217587,217587),F
[Wed Sep 09 04:51:02 UTC 2026][INFO] [Action] E UpdateStyle - (c,218569,2),49:0.250000:2,(r,218569,218569),F
[Wed Sep 09 04:51:05 UTC 2026][INFO] [Action] E UpdateStyle - (c,218531,2),49:0.250000:2,(r,218531,218531),F
[Wed Sep 09 04:51:13 UTC 2026][INFO] [Action] E UpdateStyle - (c,218512,2),49:0.250000:2,(r,218512,218512),F
[Wed Sep 09 04:51:17 UTC 2026][INFO] [Action] E UpdateStyle - (c,218527,2),49:0.250000:2,(r,218527,218527),F
[Wed Sep 09 04:51:21 UTC 2026][INFO] [Action] E UpdateStyle - (c,218583,2),49:0.250000:2,(r,218583,218583),F
[Wed Sep 09 04:51:29 UTC 2026][INFO] [Action] E UpdateStyle - (c,218704,2),49:0.250000:2,(r,218704,218704),F
[Wed Sep 09 04:51:38 UTC 2026][INFO] [Action] E SplitContainer - 218822
[Wed Sep 09 04:51:45 UTC 2026][INFO] [Action] E UpdateStyle - (c,218821,2),49:0.250000:2,(r,218821,218821),F
[Wed Sep 09 04:51:46 UTC 2026][INFO] [Action] E UpdateStyle - (c,218821,2),49:0.000000:2,(r,218821,218821),F
[Wed Sep 09 04:51:50 UTC 2026][INFO] [Action] E UpdateStyle - (c,218900,2),49:0.250000:2,(r,218900,218900),F
[Wed Sep 09 04:51:51 UTC 2026][INFO] [Action] E UpdateStyle - (c,218900,2),49:0.500000:2,(r,218900,218900),F
[Wed Sep 09 04:51:59 UTC 2026][INFO] [Action] E UpdateStyle - (c,218882,1),48:8.000000:2,(r,218882,218882),F
[Wed Sep 09 04:52:01 UTC 2026][INFO] [Action] E UpdateStyle - (c,218882,1),48:9.000000:2,(r,218882,218882),F
[Wed Sep 09 04:52:02 UTC 2026][INFO] [Action] E UpdateStyle - (c,218882,1),48:8.000000:2,(r,218882,218882),F
[Wed Sep 09 04:52:33 UTC 2026][INFO] [Action] E UpdateStyle - (c,232792,2),49:0.250000:2,(r,232792,232792),F
[Wed Sep 09 04:52:33 UTC 2026][INFO] [Action] E UpdateStyle - (c,232792,2),49:0.500000:2,(r,232792,232792),F
[Wed Sep 09 04:52:43 UTC 2026][INFO] [Action] E SplitContainer - 235213
[Wed Sep 09 04:52:47 UTC 2026][INFO] [Action] E UpdateStyle - (c,235213,1),47:0.250000:2,(r,235213,235213),F
[Wed Sep 09 04:52:47 UTC 2026][INFO] [Action] E UpdateStyle - (c,235213,1),47:0.000000:2,(r,235213,235213),F
[Wed Sep 09 04:52:56 UTC 2026][INFO] [Action] E UpdateStyle - (c,237100,2),49:0.250000:2,(r,237100,237100),F
[Wed Sep 09 04:53:09 UTC 2026][INFO] [Action] E UpdateStyle - (r,238934,238939),48:8.000000:2,(r,238934,238939),F
[Wed Sep 09 04:53:10 UTC 2026][INFO] [Action] E UpdateStyle - (r,238934,238939),48:9.000000:2,(r,238934,238939),F
[Wed Sep 09 04:53:12 UTC 2026][INFO] [Action] E UpdateStyle - (r,238934,238939),48:8.000000:2,(r,238934,238939),F
[Wed Sep 09 04:53:26 UTC 2026][INFO] [Action] E UpdateStyle - (c,246528,1),48:1.000000:2,(r,246528,246528),F
[Wed Sep 09 04:53:28 UTC 2026][INFO] [Action] E UpdateStyle - (c,246528,1),48:2.000000:2,(r,246528,246528),F
[Wed Sep 09 04:53:38 UTC 2026][INFO] [Action] E UpdateStyle - (c,251380,1),34:59:3,(r,251380,251380),F
[Wed Sep 09 04:53:40 UTC 2026][INFO] [Action] E UpdateStyle - (c,251380,1),48:1.000000:2,(r,251380,251380),F
[Wed Sep 09 04:53:40 UTC 2026][INFO] [Action] E UpdateStyle - (c,251380,1),48:2.000000:2,(r,251380,251380),F
[Wed Sep 09 04:53:40 UTC 2026][INFO] [Action] E UpdateStyle - (c,251380,1),48:3.000000:2,(r,251380,251380),F
[Wed Sep 09 04:53:40 UTC 2026][INFO] [Action] E UpdateStyle - (c,251380,1),48:4.000000:2,(r,251380,251380),F
[Wed Sep 09 04:53:41 UTC 2026][INFO] [Action] E UpdateStyle - (c,251380,1),48:5.000000:2,(r,251380,251380),F
[Wed Sep 09 04:53:41 UTC 2026][INFO] [Action] E UpdateStyle - (c,251380,1),48:6.000000:2,(r,251380,251380),F
[Wed Sep 09 04:53:41 UTC 2026][INFO] [Action] E UpdateStyle - (c,251380,1),48:7.000000:2,(r,251380,251380),F
[Wed Sep 09 04:53:41 UTC 2026][INFO] [Action] E UpdateStyle - (c,251380,1),48:8.000000:2,(r,251380,251380),F
[Wed Sep 09 04:53:41 UTC 2026][INFO] [Action] E UpdateStyle - (c,251380,1),48:9.000000:2,(r,251380,251380),F
[Wed Sep 09 04:53:42 UTC 2026][INFO] [Action] E UpdateStyle - (c,251380,1),48:10.000000:2,(r,251380,251380),F
[Wed Sep 09 04:53:42 UTC 2026][INFO] [Action] E UpdateStyle - (c,251380,1),48:11.000000:2,(r,251380,251380),F
[Wed Sep 09 04:53:42 UTC 2026][INFO] [Action] E UpdateStyle - (c,251380,1),48:12.000000:2,(r,251380,251380),F
[Wed Sep 09 04:53:42 UTC 2026][INFO] [Action] E UpdateStyle - (c,251380,1),48:13.000000:2,(r,251380,251380),F
[Wed Sep 09 04:53:43 UTC 2026][INFO] [Action] E UpdateStyle - (c,251380,1),48:14.000000:2,(r,251380,251380),F
[Wed Sep 09 04:53:45 UTC 2026][INFO] [Action] E UpdateStyle - (c,251380,1),48:13.000000:2,(r,251380,251380),F
[Wed Sep 09 04:54:00 UTC 2026][INFO] [Action] E SplitContainer - 258763
[Wed Sep 09 04:54:06 UTC 2026][INFO] [Action] E UpdateStyle - (c,258762,2),49:0.250000:2,(r,258762,258762),F
[Wed Sep 09 04:54:07 UTC 2026][INFO] [Action] E UpdateStyle - (c,258762,2),49:0.500000:2,(r,258762,258762),F
[Wed Sep 09 04:54:14 UTC 2026][INFO] [Action] E UpdateStyle - (c,258778,2),49:0.250000:2,(r,258778,258778),F
[Wed Sep 09 04:54:19 UTC 2026][INFO] [Action] E UpdateStyle - (c,259132,2),49:0.250000:2,(r,259132,259132),F
[Wed Sep 09 04:54:22 UTC 2026][INFO] [Action] E UpdateStyle - (c,259142,2),49:0.250000:2,(r,259142,259142),F
[Wed Sep 09 04:54:27 UTC 2026][INFO] [Action] E UpdateStyle - (r,259133,259142),11:Bookerly,serif:4,(r,259133,259142),F
[Wed Sep 09 04:54:29 UTC 2026][INFO] [Action] E UpdateStyle - (r,259133,259142),11:AmazonEmber,sans-serif:4,(r,259133,259142),F
[Wed Sep 09 04:54:35 UTC 2026][INFO] [Action] E DeleteContent - (c,259142,2),B
[Wed Sep 09 04:54:50 UTC 2026][INFO] [Action] E SplitContainer - 259347
[Wed Sep 09 04:54:56 UTC 2026][INFO] [Action] U SplitContainer
[Wed Sep 09 04:55:02 UTC 2026][INFO] [Action] E UpdateStyle - (r,259347,259356),12:382:3,(r,259347,259356),F
[Wed Sep 09 04:55:14 UTC 2026][INFO] [Action] E SplitContainer - 260327
[Wed Sep 09 04:55:20 UTC 2026][INFO] [Action] E SplitContainer - 260553
[Wed Sep 09 04:55:29 UTC 2026][INFO] [Action] E UpdateStyle - (c,261367,2),49:0.250000:2,(r,261367,261367),F
[Wed Sep 09 04:55:30 UTC 2026][INFO] [Action] E UpdateStyle - (c,261367,2),49:0.500000:2,(r,261367,261367),F
[Wed Sep 09 04:55:34 UTC 2026][INFO] [Action] E UpdateStyle - (c,261401,2),49:0.250000:2,(r,261401,261401),F
[Wed Sep 09 04:55:39 UTC 2026][INFO] [Action] E UpdateStyle - (c,261434,2),49:0.500000:2,(r,261434,261434),F
[Wed Sep 09 04:55:39 UTC 2026][INFO] [Action] E UpdateStyle - (c,261434,2),49:0.750000:2,(r,261434,261434),F
[Wed Sep 09 04:56:11 UTC 2026][INFO] [Action] E UpdateStyle - (r,263135,263248),16:14.000000:2,(r,263135,263248),F
[Wed Sep 09 04:56:14 UTC 2026][INFO] [Action] E UpdateStyle - (r,263135,263248),16:12.000000:2,(r,263135,263248),F
[Wed Sep 09 04:56:27 UTC 2026][INFO] [Action] E SplitContainer - 263183
[Wed Sep 09 04:56:30 UTC 2026][INFO] [Action] E MergeContainer - 263186,0
[Wed Sep 09 04:56:32 UTC 2026][INFO] [Action] E InsertTextContent - (c,263186,2),[SPACE]
[Wed Sep 09 04:56:37 UTC 2026][INFO] [Action] E SplitContainer - 263218
[Wed Sep 09 04:56:44 UTC 2026][INFO] [Action] E UpdateStyle - (r,263135,263249),16:14.000000:2,(r,263135,263249),F
[Wed Sep 09 04:56:47 UTC 2026][INFO] [Action] E UpdateStyle - (r,263135,263249),16:16.000000:2,(r,263135,263249),F
[Wed Sep 09 04:56:53 UTC 2026][INFO] [Action] E UpdateStyle - (r,263135,263249),16:14.000000:2,(r,263135,263249),F
[Wed Sep 09 04:57:06 UTC 2026][INFO] [Action] E SplitContainer - 263660
[Wed Sep 09 04:57:30 UTC 2026][INFO] [Action] E SplitContainer - 267952
[Wed Sep 09 04:57:41 UTC 2026][INFO] [Action] E AddTextContainer - (c,269283,2),0,0,0
[Wed Sep 09 04:57:43 UTC 2026][INFO] [Action] E MergeContainer - 269284,0
[Wed Sep 09 04:57:45 UTC 2026][INFO] [Action] E MergeContainer - 269284,1
[Wed Sep 09 04:57:46 UTC 2026][INFO] [Action] E SplitContainer - 269284
[Wed Sep 09 04:57:53 UTC 2026][INFO] [Action] E UpdateStyle - (c,269341,2),49:0.250000:2,(r,269341,269341),F
[Wed Sep 09 04:57:54 UTC 2026][INFO] [Action] E UpdateStyle - (c,269341,2),49:0.500000:2,(r,269341,269341),F
[Wed Sep 09 04:57:59 UTC 2026][INFO] [Action] E UpdateStyle - (r,269334,269340),49:0.750000:2,(r,269334,269340),F
[Wed Sep 09 04:58:00 UTC 2026][INFO] [Action] E UpdateStyle - (r,269334,269340),49:1.000000:2,(r,269334,269340),F
[Wed Sep 09 04:58:01 UTC 2026][INFO] [Action] E UpdateStyle - (r,269334,269340),49:1.250000:2,(r,269334,269340),F
[Wed Sep 09 04:58:03 UTC 2026][INFO] [Action] E UpdateStyle - (r,269334,269340),49:1.000000:2,(r,269334,269340),F
[Wed Sep 09 04:58:03 UTC 2026][INFO] [Action] E UpdateStyle - (r,269334,269340),49:0.750000:2,(r,269334,269340),F
[Wed Sep 09 04:58:22 UTC 2026][INFO] [Action] E AddTextContainer - (c,269125,2),0,0,0
[Wed Sep 09 04:58:31 UTC 2026][INFO] [Action] E AddTextContainer - (c,269284,2),0,0,0
[Wed Sep 09 04:58:41 UTC 2026][INFO] [Action] E SplitContainer - 269344
[Wed Sep 09 04:58:53 UTC 2026][INFO] [Action] E UpdateStyle - (r,269850,269872),11:Bookerly,serif:4,(r,269850,269872),F
[Wed Sep 09 04:58:55 UTC 2026][INFO] [Action] E UpdateStyle - (r,269850,269872),11:AmazonEmber,sans-serif:4,(r,269850,269872),F
[Wed Sep 09 04:58:58 UTC 2026][INFO] [Action] E UpdateStyle - (r,269850,269872),16:14.000000:2,(r,269850,269872),F
[Wed Sep 09 04:59:11 UTC 2026][INFO] [Action] E UpdateStyle - (r,271547,271580),11:Bookerly,serif:4,(r,271547,271580),F
[Wed Sep 09 04:59:13 UTC 2026][INFO] [Action] E UpdateStyle - (r,271547,271580),11:AmazonEmber,sans-serif:4,(r,271547,271580),F
[Wed Sep 09 04:59:16 UTC 2026][INFO] [Action] E UpdateStyle - (r,271547,271580),16:14.000000:2,(r,271547,271580),F
[Wed Sep 09 04:59:24 UTC 2026][INFO] [Action] E UpdateStyle - (c,271580,2),50:1.000000:2,(r,271580,271580),F
[Wed Sep 09 04:59:26 UTC 2026][INFO] [Action] E UpdateStyle - (c,271580,2),50:0.000000:2,(r,271580,271580),F
[Wed Sep 09 04:59:28 UTC 2026][INFO] [Action] E UpdateStyle - (c,271580,2),49:0.250000:2,(r,271580,271580),F
[Wed Sep 09 04:59:29 UTC 2026][INFO] [Action] E UpdateStyle - (c,271580,2),49:0.500000:2,(r,271580,271580),F
[Wed Sep 09 04:59:37 UTC 2026][INFO] [Action] E SplitContainer - 273370
[Wed Sep 09 04:59:38 UTC 2026][INFO] [Action] E AddTextContainer - (c,273370,1),1,0,0
[Wed Sep 09 04:59:55 UTC 2026][INFO] [Action] E AddTextContainer - (c,273879,2),0,0,0
[Wed Sep 09 05:00:02 UTC 2026][INFO] [Action] E SplitContainer - 273759
[Wed Sep 09 05:00:03 UTC 2026][INFO] [Action] E AddTextContainer - (c,273759,1),1,0,0
[Wed Sep 09 05:00:09 UTC 2026][INFO] [Action] E SplitContainer - 273815
[Wed Sep 09 05:00:14 UTC 2026][INFO] [Action] E MergeContainer - 273880,0
[Wed Sep 09 05:00:32 UTC 2026][INFO] [Action] E SplitContainer - 273950
[Wed Sep 09 05:00:41 UTC 2026][INFO] [Action] E UpdateStyle - (r,273815,273949),48:1.000000:2,(r,273815,273949),F
[Wed Sep 09 05:00:42 UTC 2026][INFO] [Action] E UpdateStyle - (r,273815,273949),48:2.000000:2,(r,273815,273949),F
[Wed Sep 09 05:00:42 UTC 2026][INFO] [Action] E UpdateStyle - (r,273815,273949),48:3.000000:2,(r,273815,273949),F
[Wed Sep 09 05:00:43 UTC 2026][INFO] [Action] E UpdateStyle - (r,273815,273949),48:4.000000:2,(r,273815,273949),F
[Wed Sep 09 05:00:43 UTC 2026][INFO] [Action] E UpdateStyle - (r,273815,273949),48:5.000000:2,(r,273815,273949),F
[Wed Sep 09 05:00:44 UTC 2026][INFO] [Action] E UpdateStyle - (r,273815,273949),48:6.000000:2,(r,273815,273949),F
[Wed Sep 09 05:00:45 UTC 2026][INFO] [Action] E UpdateStyle - (r,273815,273949),48:7.000000:2,(r,273815,273949),F
[Wed Sep 09 05:00:45 UTC 2026][INFO] [Action] E UpdateStyle - (r,273815,273949),48:8.000000:2,(r,273815,273949),F
[Wed Sep 09 05:00:59 UTC 2026][INFO] [Action] E UpdateStyle - (c,273880,2),49:0.250000:2,(r,273880,273880),F
[Wed Sep 09 05:01:04 UTC 2026][INFO] [Action] E UpdateStyle - (c,273814,2),49:0.250000:2,(r,273814,273814),F
[Wed Sep 09 05:01:08 UTC 2026][INFO] [Action] E UpdateStyle - (c,273949,2),49:0.250000:2,(r,273949,273949),F
[Wed Sep 09 05:01:08 UTC 2026][INFO] [Action] E UpdateStyle - (c,273949,2),49:0.500000:2,(r,273949,273949),F
[Wed Sep 09 05:01:16 UTC 2026][INFO] [Action] E SplitContainer - 274078
[Wed Sep 09 05:01:25 UTC 2026][INFO] [Action] E UpdateStyle - (c,274291,2),49:0.250000:2,(r,274291,274291),F
[Wed Sep 09 05:01:32 UTC 2026][INFO] [Action] E InsertTextContent - (c,274336,2),[SPACE]
[Wed Sep 09 05:01:36 UTC 2026][INFO] [Action] E UpdateStyle - (c,274337,2),49:0.250000:2,(r,274337,274337),F
[Wed Sep 09 05:01:42 UTC 2026][INFO] [Action] E UpdateStyle - (r,274292,274320),48:1.000000:2,(r,274292,274320),F
[Wed Sep 09 05:01:42 UTC 2026][INFO] [Action] E UpdateStyle - (r,274292,274320),48:2.000000:2,(r,274292,274320),F
[Wed Sep 09 05:01:42 UTC 2026][INFO] [Action] E UpdateStyle - (r,274292,274320),48:3.000000:2,(r,274292,274320),F
[Wed Sep 09 05:01:43 UTC 2026][INFO] [Action] E UpdateStyle - (r,274292,274320),48:4.000000:2,(r,274292,274320),F
[Wed Sep 09 05:01:43 UTC 2026][INFO] [Action] E UpdateStyle - (r,274292,274320),48:5.000000:2,(r,274292,274320),F
[Wed Sep 09 05:01:43 UTC 2026][INFO] [Action] E UpdateStyle - (r,274292,274320),48:6.000000:2,(r,274292,274320),F
[Wed Sep 09 05:01:43 UTC 2026][INFO] [Action] E UpdateStyle - (r,274292,274320),48:7.000000:2,(r,274292,274320),F
[Wed Sep 09 05:01:44 UTC 2026][INFO] [Action] E UpdateStyle - (r,274292,274320),48:8.000000:2,(r,274292,274320),F
[Wed Sep 09 05:01:49 UTC 2026][INFO] [Action] E UpdateStyle - (c,274338,1),48:1.000000:2,(r,274338,274338),F
[Wed Sep 09 05:01:49 UTC 2026][INFO] [Action] E UpdateStyle - (c,274338,1),48:2.000000:2,(r,274338,274338),F
[Wed Sep 09 05:01:49 UTC 2026][INFO] [Action] E UpdateStyle - (c,274338,1),48:3.000000:2,(r,274338,274338),F
[Wed Sep 09 05:01:50 UTC 2026][INFO] [Action] E UpdateStyle - (c,274338,1),48:4.000000:2,(r,274338,274338),F
[Wed Sep 09 05:01:50 UTC 2026][INFO] [Action] E UpdateStyle - (c,274338,1),48:5.000000:2,(r,274338,274338),F
[Wed Sep 09 05:01:50 UTC 2026][INFO] [Action] E UpdateStyle - (c,274338,1),48:6.000000:2,(r,274338,274338),F
[Wed Sep 09 05:01:50 UTC 2026][INFO] [Action] E UpdateStyle - (c,274338,1),48:7.000000:2,(r,274338,274338),F
[Wed Sep 09 05:01:50 UTC 2026][INFO] [Action] E UpdateStyle - (c,274338,1),48:8.000000:2,(r,274338,274338),F
[Wed Sep 09 05:02:02 UTC 2026][INFO] [Action] E UpdateStyle - (r,275720,276527),16:10.000000:2,(r,275720,276527),F
[Wed Sep 09 05:02:06 UTC 2026][INFO] [Action] E UpdateStyle - (r,275720,276527),16:12.000000:2,(r,275720,276527),F
[Wed Sep 09 05:02:11 UTC 2026][INFO] [Action] E AddTextContainer - (c,275719,2),0,0,0
[Wed Sep 09 05:02:16 UTC 2026][INFO] [Action] U AddTextContainer
[Wed Sep 09 05:02:18 UTC 2026][INFO] [Action] E UpdateStyle - (c,275719,2),49:0.500000:2,(r,275719,275719),F
[Wed Sep 09 05:02:19 UTC 2026][INFO] [Action] E UpdateStyle - (c,275719,2),49:0.750000:2,(r,275719,275719),F
[Wed Sep 09 05:02:19 UTC 2026][INFO] [Action] E UpdateStyle - (c,275719,2),49:1.000000:2,(r,275719,275719),F
[Wed Sep 09 05:02:25 UTC 2026][INFO] [Action] E UpdateStyle - (c,276527,2),49:0.250000:2,(r,276527,276527),F
[Wed Sep 09 05:02:25 UTC 2026][INFO] [Action] E UpdateStyle - (c,276527,2),49:0.500000:2,(r,276527,276527),F
[Wed Sep 09 05:02:25 UTC 2026][INFO] [Action] E UpdateStyle - (c,276527,2),49:0.750000:2,(r,276527,276527),F
[Wed Sep 09 05:02:26 UTC 2026][INFO] [Action] E UpdateStyle - (c,276527,2),49:1.000000:2,(r,276527,276527),F
[Wed Sep 09 05:02:34 UTC 2026][INFO] [Action] E UpdateStyle - (c,277421,1),34:59:3,(r,277421,277421),F
[Wed Sep 09 05:02:37 UTC 2026][INFO] [Action] E UpdateStyle - (c,277421,1),48:14.000000:2,(r,277421,277421),F
[Wed Sep 09 05:02:37 UTC 2026][INFO] [Action] E UpdateStyle - (c,277421,1),48:13.000000:2,(r,277421,277421),F
[Wed Sep 09 05:02:37 UTC 2026][INFO] [Action] E UpdateStyle - (c,277421,1),48:12.000000:2,(r,277421,277421),F
[Wed Sep 09 05:02:37 UTC 2026][INFO] [Action] E UpdateStyle - (c,277421,1),48:11.000000:2,(r,277421,277421),F
[Wed Sep 09 05:02:38 UTC 2026][INFO] [Action] E UpdateStyle - (c,277421,1),48:10.000000:2,(r,277421,277421),F
[Wed Sep 09 05:02:38 UTC 2026][INFO] [Action] E UpdateStyle - (c,277421,1),48:9.000000:2,(r,277421,277421),F
[Wed Sep 09 05:02:38 UTC 2026][INFO] [Action] E UpdateStyle - (c,277421,1),48:8.000000:2,(r,277421,277421),F
[Wed Sep 09 05:02:38 UTC 2026][INFO] [Action] E UpdateStyle - (c,277421,1),48:7.000000:2,(r,277421,277421),F
[Wed Sep 09 05:02:38 UTC 2026][INFO] [Action] E UpdateStyle - (c,277421,1),48:6.000000:2,(r,277421,277421),F
[Wed Sep 09 05:02:39 UTC 2026][INFO] [Action] E UpdateStyle - (c,277421,1),48:5.000000:2,(r,277421,277421),F
[Wed Sep 09 05:02:39 UTC 2026][INFO] [Action] E UpdateStyle - (c,277421,1),48:4.000000:2,(r,277421,277421),F
[Wed Sep 09 05:02:39 UTC 2026][INFO] [Action] E UpdateStyle - (c,277421,1),48:3.000000:2,(r,277421,277421),F
[Wed Sep 09 05:02:39 UTC 2026][INFO] [Action] E UpdateStyle - (c,277421,1),48:2.000000:2,(r,277421,277421),F
[Wed Sep 09 05:02:40 UTC 2026][INFO] [Action] E UpdateStyle - (c,277421,1),48:1.000000:2,(r,277421,277421),F
[Wed Sep 09 05:02:40 UTC 2026][INFO] [Action] E UpdateStyle - (c,277421,1),48:0.000000:2,(r,277421,277421),F
[Wed Sep 09 05:02:51 UTC 2026][INFO] [Action] E UpdateStyle - (r,277421,277489),16:8.000000:2,(r,277421,277489),F
[Wed Sep 09 05:02:55 UTC 2026][INFO] [Action] E UpdateStyle - (c,277489,2),49:0.250000:2,(r,277489,277489),F
[Wed Sep 09 05:02:56 UTC 2026][INFO] [Action] E UpdateStyle - (c,277489,2),49:0.500000:2,(r,277489,277489),F
[Wed Sep 09 05:03:01 UTC 2026][INFO] [Action] E UpdateStyle - (c,277389,2),49:0.250000:2,(r,277389,277389),F
[Wed Sep 09 05:03:15 UTC 2026][INFO] [Action] E UpdateStyle - (c,277421,1),48:1.000000:2,(r,277421,277421),F
[Wed Sep 09 05:03:15 UTC 2026][INFO] [Action] E UpdateStyle - (c,277421,1),48:2.000000:2,(r,277421,277421),F
[Wed Sep 09 05:03:15 UTC 2026][INFO] [Action] E UpdateStyle - (c,277421,1),48:3.000000:2,(r,277421,277421),F
[Wed Sep 09 05:03:16 UTC 2026][INFO] [Action] E UpdateStyle - (c,277421,1),48:4.000000:2,(r,277421,277421),F
[Wed Sep 09 05:03:16 UTC 2026][INFO] [Action] E UpdateStyle - (c,277421,1),48:5.000000:2,(r,277421,277421),F
[Wed Sep 09 05:03:16 UTC 2026][INFO] [Action] E UpdateStyle - (c,277421,1),48:6.000000:2,(r,277421,277421),F
[Wed Sep 09 05:03:16 UTC 2026][INFO] [Action] E UpdateStyle - (c,277421,1),48:7.000000:2,(r,277421,277421),F
[Wed Sep 09 05:03:16 UTC 2026][INFO] [Action] E UpdateStyle - (c,277421,1),48:8.000000:2,(r,277421,277421),F
[Wed Sep 09 05:03:17 UTC 2026][INFO] [Action] E UpdateStyle - (c,277421,1),48:9.000000:2,(r,277421,277421),F
[Wed Sep 09 05:03:17 UTC 2026][INFO] [Action] E UpdateStyle - (c,277421,1),48:10.000000:2,(r,277421,277421),F
[Wed Sep 09 05:03:17 UTC 2026][INFO] [Action] E UpdateStyle - (c,277421,1),48:11.000000:2,(r,277421,277421),F
[Wed Sep 09 05:03:18 UTC 2026][INFO] [Action] E UpdateStyle - (c,277421,1),48:12.000000:2,(r,277421,277421),F
[Wed Sep 09 05:03:20 UTC 2026][INFO] [Action] E UpdateStyle - (c,277421,1),48:11.000000:2,(r,277421,277421),F
[Wed Sep 09 05:03:20 UTC 2026][INFO] [Action] E UpdateStyle - (c,277421,1),48:10.000000:2,(r,277421,277421),F
[Wed Sep 09 05:03:25 UTC 2026][INFO] [Action] E UpdateStyle - (r,277390,277420),48:21.000000:2,(r,277390,277420),F
[Wed Sep 09 05:03:26 UTC 2026][INFO] [Action] E UpdateStyle - (r,277390,277420),48:20.000000:2,(r,277390,277420),F
[Wed Sep 09 05:03:27 UTC 2026][INFO] [Action] E UpdateStyle - (r,277390,277420),48:19.000000:2,(r,277390,277420),F
[Wed Sep 09 05:03:55 UTC 2026][INFO] [Action] E UpdateStyle - (r,277949,277976),13:361:3,(r,277949,277976),F
[Wed Sep 09 05:03:56 UTC 2026][INFO] [Action] E UpdateStyle - (r,277949,277976),13:350:3,(r,277949,277976),F
[Wed Sep 09 05:04:36 UTC 2026][INFO] [Action] E SplitContainer - 278710
[Wed Sep 09 05:04:45 UTC 2026][INFO] [Action] E UpdateStyle - (r,278690,278709),12:382:3,(r,278690,278709),F
[Wed Sep 09 05:04:46 UTC 2026][INFO] [Action] E UpdateStyle - (r,278690,278709),13:361:3,(r,278690,278709),F
[Wed Sep 09 05:04:47 UTC 2026][INFO] [Action] E UpdateStyle - (r,278690,278709),13:350:3,(r,278690,278709),F
[Wed Sep 09 05:05:17 UTC 2026][INFO] [Action] E UpdateStyle - (c,279161,1),47:0.250000:2,(r,279161,279161),F
[Wed Sep 09 05:05:17 UTC 2026][INFO] [Action] E UpdateStyle - (c,279161,1),47:0.500000:2,(r,279161,279161),F
[Wed Sep 09 05:05:17 UTC 2026][INFO] [Action] E UpdateStyle - (c,279161,1),47:0.750000:2,(r,279161,279161),F
[Wed Sep 09 05:05:28 UTC 2026][INFO] [Action] E UpdateStyle - (c,279312,2),49:0.250000:2,(r,279312,279312),F
[Wed Sep 09 05:05:34 UTC 2026][INFO] [Action] E UpdateStyle - (r,279206,279312),11:Bookerly,serif:4,(r,279206,279312),F
[Wed Sep 09 05:05:36 UTC 2026][INFO] [Action] E UpdateStyle - (r,279206,279312),11:AmazonEmber,sans-serif:4,(r,279206,279312),F
[Wed Sep 09 05:05:47 UTC 2026][INFO] [Action] E SplitContainer - 279247
[Wed Sep 09 05:06:01 UTC 2026][INFO] [Action] E UpdateStyle - (c,279247,1),49:0.000000:2,(r,279247,279247),F
[Wed Sep 09 05:06:09 UTC 2026][INFO] [Action] E UpdateStyle - (c,279246,2),49:0.000000:2,(r,279246,279246),F
[Wed Sep 09 05:06:16 UTC 2026][INFO] [Action] E UpdateStyle - (c,279312,2),49:0.250000:2,(r,279312,279312),F
[Wed Sep 09 05:06:20 UTC 2026][INFO] [Action] E UpdateStyle - (c,279205,2),49:0.250000:2,(r,279205,279205),F
[Wed Sep 09 05:06:38 UTC 2026][INFO] [Action] E UpdateStyle - (c,279954,2),47:0.250000:2,(r,279954,279954),F
[Wed Sep 09 05:06:54 UTC 2026][INFO] [Action] E DeleteContent - (r,280106,280106),F
[Wed Sep 09 05:06:55 UTC 2026][INFO] [Action] E DeleteContent - (r,280106,280106),F
[Wed Sep 09 05:06:55 UTC 2026][INFO] [Action] E DeleteContent - (r,280106,280106),F
[Wed Sep 09 05:06:56 UTC 2026][INFO] [Action] E DeleteContent - (r,280106,280106),F
[Wed Sep 09 05:06:56 UTC 2026][INFO] [Action] E DeleteContent - (r,280106,280106),F
[Wed Sep 09 05:06:57 UTC 2026][INFO] [Action] E DeleteContent - (r,280106,280106),F
[Wed Sep 09 05:07:09 UTC 2026][INFO] [Action] E MergeContainer - 280123,0
[Wed Sep 09 05:07:12 UTC 2026][INFO] [Action] E SplitContainer - 280124
[Wed Sep 09 05:07:23 UTC 2026][INFO] [Action] E UpdateStyle - (c,279996,1),49:0.000000:2,(r,279996,279996),F
[Wed Sep 09 05:07:26 UTC 2026][INFO] [Action] E UpdateStyle - (c,279996,1),47:1.000000:2,(r,279996,279996),F
[Wed Sep 09 05:07:26 UTC 2026][INFO] [Action] E UpdateStyle - (c,279996,1),47:0.750000:2,(r,279996,279996),F
[Wed Sep 09 05:07:27 UTC 2026][INFO] [Action] E UpdateStyle - (c,279996,1),47:0.500000:2,(r,279996,279996),F
[Wed Sep 09 05:07:36 UTC 2026][INFO] [Action] E AddTextContainer - (c,280124,1),1,0,0
[Wed Sep 09 05:07:39 UTC 2026][INFO] [Action] E AddTextContainer - (c,280125,1),1,0,0
[Wed Sep 09 05:07:41 UTC 2026][INFO] [Action] E MergeContainer - 280126,1
[Wed Sep 09 05:07:41 UTC 2026][INFO] [Action] E MergeContainer - 280125,1
[Wed Sep 09 05:07:42 UTC 2026][INFO] [Action] E MergeContainer - 280124,1
[Wed Sep 09 05:07:46 UTC 2026][INFO] [Action] E SplitContainer - 280124
[Wed Sep 09 05:07:54 UTC 2026][INFO] [Action] E UpdateStyle - (r,280124,280212),16:10.000000:2,(r,280124,280212),F
[Wed Sep 09 05:07:59 UTC 2026][INFO] [Action] E MergeContainer - 280124,1
[Wed Sep 09 05:08:01 UTC 2026][INFO] [Action] E SplitContainer - 280124
[Wed Sep 09 05:08:17 UTC 2026][INFO] [Action] E UpdateStyle - (c,279995,2),49:0.250000:2,(r,279995,279995),F
[Wed Sep 09 05:08:18 UTC 2026][INFO] [Action] E UpdateStyle - (c,279995,2),49:0.500000:2,(r,279995,279995),F
[Wed Sep 09 05:08:18 UTC 2026][INFO] [Action] E UpdateStyle - (c,279995,2),49:0.750000:2,(r,279995,279995),F
[Wed Sep 09 05:08:19 UTC 2026][INFO] [Action] E UpdateStyle - (c,279995,2),49:1.000000:2,(r,279995,279995),F
[Wed Sep 09 05:08:24 UTC 2026][INFO] [Action] E UpdateStyle - (c,280104,2),49:0.250000:2,(r,280104,280104),F
[Wed Sep 09 05:08:24 UTC 2026][INFO] [Action] E UpdateStyle - (c,280104,2),49:0.500000:2,(r,280104,280104),F
[Wed Sep 09 05:08:35 UTC 2026][INFO] [Action] E UpdateStyle - (c,281275,2),49:0.250000:2,(r,281275,281275),F
[Wed Sep 09 05:08:38 UTC 2026][INFO] [Action] E ItemChanged - -1,271547
[Wed Sep 09 05:08:46 UTC 2026][INFO] [Action] E ItemChanged - -1,273515
[Wed Sep 09 05:08:57 UTC 2026][INFO] [Action] E UpdateStyle - (c,276547,2),49:0.250000:2,(r,276547,276547),F
[Wed Sep 09 05:09:00 UTC 2026][INFO] [Action] E UpdateStyle - (c,276547,2),49:0.500000:2,(r,276547,276547),F
[Wed Sep 09 05:09:08 UTC 2026][INFO] [Action] E UpdateStyle - (c,279388,2),49:0.250000:2,(r,279388,279388),F
[Wed Sep 09 05:09:09 UTC 2026][INFO] [Action] E UpdateStyle - (c,279388,2),49:0.500000:2,(r,279388,279388),F
[Wed Sep 09 05:09:14 UTC 2026][INFO] [Action] E UpdateStyle - (c,281256,1),49:0.500000:2,(r,281256,281256),F
[Wed Sep 09 05:09:29 UTC 2026][INFO] [Action] E SplitContainer - 282699
[Wed Sep 09 05:09:34 UTC 2026][INFO] [Action] E SplitContainer - 282163
[Wed Sep 09 05:09:39 UTC 2026][INFO] [Action] E AddTextContainer - (c,281939,2),0,0,0
[Wed Sep 09 05:09:42 UTC 2026][INFO] [Action] E SplitContainer - 281911
[Wed Sep 09 05:09:45 UTC 2026][INFO] [Action] E MergeContainer - 281940,1
[Wed Sep 09 05:10:05 UTC 2026][INFO] [Action] E InsertTextContent - (r,282197,282199),[I]
[Wed Sep 09 05:10:11 UTC 2026][INFO] [Action] E InsertTextContent - (r,282207,282208),[s]
[Wed Sep 09 05:10:22 UTC 2026][INFO] [Action] E UpdateStyle - (r,282228,282307),48:1.000000:2,(r,282228,282307),F
[Wed Sep 09 05:10:22 UTC 2026][INFO] [Action] E UpdateStyle - (r,282228,282307),48:2.000000:2,(r,282228,282307),F
[Wed Sep 09 05:10:22 UTC 2026][INFO] [Action] E UpdateStyle - (r,282228,282307),48:3.000000:2,(r,282228,282307),F
[Wed Sep 09 05:10:23 UTC 2026][INFO] [Action] E UpdateStyle - (r,282228,282307),48:4.000000:2,(r,282228,282307),F
[Wed Sep 09 05:10:23 UTC 2026][INFO] [Action] E UpdateStyle - (r,282228,282307),48:5.000000:2,(r,282228,282307),F
[Wed Sep 09 05:10:23 UTC 2026][INFO] [Action] E UpdateStyle - (r,282228,282307),48:6.000000:2,(r,282228,282307),F
[Wed Sep 09 05:10:23 UTC 2026][INFO] [Action] E UpdateStyle - (r,282228,282307),48:7.000000:2,(r,282228,282307),F
[Wed Sep 09 05:10:45 UTC 2026][INFO] [Action] E UpdateStyle - (r,282458,282508),48:1.000000:2,(r,282458,282508),F
[Wed Sep 09 05:10:45 UTC 2026][INFO] [Action] E UpdateStyle - (r,282458,282508),48:2.000000:2,(r,282458,282508),F
[Wed Sep 09 05:10:45 UTC 2026][INFO] [Action] E UpdateStyle - (r,282458,282508),48:3.000000:2,(r,282458,282508),F
[Wed Sep 09 05:10:45 UTC 2026][INFO] [Action] E UpdateStyle - (r,282458,282508),48:4.000000:2,(r,282458,282508),F
[Wed Sep 09 05:10:46 UTC 2026][INFO] [Action] E UpdateStyle - (r,282458,282508),48:5.000000:2,(r,282458,282508),F
[Wed Sep 09 05:10:46 UTC 2026][INFO] [Action] E UpdateStyle - (r,282458,282508),48:6.000000:2,(r,282458,282508),F
[Wed Sep 09 05:10:47 UTC 2026][INFO] [Action] E UpdateStyle - (r,282458,282508),48:7.000000:2,(r,282458,282508),F
[Wed Sep 09 05:10:59 UTC 2026][INFO] [Action] E UpdateStyle - (c,282743,2),49:0.250000:2,(r,282743,282743),F
[Wed Sep 09 05:11:00 UTC 2026][INFO] [Action] E UpdateStyle - (c,282743,2),49:0.500000:2,(r,282743,282743),F
[Wed Sep 09 05:11:00 UTC 2026][INFO] [Action] E UpdateStyle - (c,282743,2),49:0.750000:2,(r,282743,282743),F
[Wed Sep 09 05:11:00 UTC 2026][INFO] [Action] E UpdateStyle - (c,282743,2),49:1.000000:2,(r,282743,282743),F
[Wed Sep 09 05:11:01 UTC 2026][INFO] [Action] E UpdateStyle - (c,282743,2),49:1.250000:2,(r,282743,282743),F
[Wed Sep 09 05:11:01 UTC 2026][INFO] [Action] E UpdateStyle - (c,282743,2),49:1.500000:2,(r,282743,282743),F
[Wed Sep 09 05:11:01 UTC 2026][INFO] [Action] E UpdateStyle - (c,282743,2),49:1.750000:2,(r,282743,282743),F
[Wed Sep 09 05:11:38 UTC 2026][INFO] [Action] E InsertTextContent - (c,283079,2),[SPACE]
[Wed Sep 09 05:11:38 UTC 2026][INFO] [Action] E InsertTextContent - (c,283080,2),[SPACE]
[Wed Sep 09 05:11:39 UTC 2026][INFO] [Action] E InsertTextContent - (c,283081,2),[SPACE]
[Wed Sep 09 05:11:39 UTC 2026][INFO] [Action] E InsertTextContent - (c,283082,2),[SPACE]
[Wed Sep 09 05:11:39 UTC 2026][INFO] [Action] E InsertTextContent - (c,283083,2),[SPACE]
[Wed Sep 09 05:11:39 UTC 2026][INFO] [Action] E InsertTextContent - (c,283084,2),[SPACE]
[Wed Sep 09 05:11:39 UTC 2026][INFO] [Action] E InsertTextContent - (c,283085,2),[SPACE]
[Wed Sep 09 05:11:40 UTC 2026][INFO] [Action] E InsertTextContent - (c,283086,2),[SPACE]
[Wed Sep 09 05:11:47 UTC 2026][INFO] [Action] E UpdateStyle - (c,283122,2),49:0.250000:2,(r,283122,283122),F
[Wed Sep 09 05:11:48 UTC 2026][INFO] [Action] E UpdateStyle - (c,283122,2),49:0.500000:2,(r,283122,283122),F
[Wed Sep 09 05:11:54 UTC 2026][INFO] [Action] E UpdateStyle - (c,284597,2),49:0.250000:2,(r,284597,284597),F
[Wed Sep 09 05:11:55 UTC 2026][INFO] [Action] E UpdateStyle - (c,284597,2),49:0.500000:2,(r,284597,284597),F
[Wed Sep 09 05:12:01 UTC 2026][INFO] [Action] E UpdateStyle - (c,285516,2),49:0.250000:2,(r,285516,285516),F
[Wed Sep 09 05:12:05 UTC 2026][INFO] [Action] E UpdateStyle - (c,285516,2),49:0.500000:2,(r,285516,285516),F
[Wed Sep 09 05:12:21 UTC 2026][INFO] [Action] E UpdateStyle - (c,285513,2),47:1.000000:2,(r,285513,285513),F
[Wed Sep 09 05:12:23 UTC 2026][INFO] [Action] E UpdateStyle - (c,285513,2),47:0.750000:2,(r,285513,285513),F
[Wed Sep 09 05:12:23 UTC 2026][INFO] [Action] E UpdateStyle - (c,285513,2),47:0.500000:2,(r,285513,285513),F
[Wed Sep 09 05:12:24 UTC 2026][INFO] [Action] E UpdateStyle - (c,285513,2),47:0.250000:2,(r,285513,285513),F
[Wed Sep 09 05:12:24 UTC 2026][INFO] [Action] E UpdateStyle - (c,285513,2),47:0.000000:2,(r,285513,285513),F
[Wed Sep 09 05:12:29 UTC 2026][INFO] [Action] E MergeContainer - 285460,1
[Wed Sep 09 05:12:32 UTC 2026][INFO] [Action] E SplitContainer - 285460
[Wed Sep 09 05:12:36 UTC 2026][INFO] [Action] E UpdateStyle - (c,285459,2),49:0.250000:2,(r,285459,285459),F
[Wed Sep 09 05:12:43 UTC 2026][INFO] [Action] E UpdateStyle - (c,285516,2),49:0.250000:2,(r,285516,285516),F
[Wed Sep 09 05:13:14 UTC 2026][INFO] [Action] E SplitContainer - 285517
[Wed Sep 09 05:13:34 UTC 2026][INFO] [Action] E AddTextContainer - (c,286263,2),0,0,0
[Wed Sep 09 05:13:34 UTC 2026][INFO] [Action] E AddTextContainer - (c,286264,1),1,0,0
[Wed Sep 09 05:13:34 UTC 2026][INFO] [Action] E AddTextContainer - (c,286265,1),1,0,0
[Wed Sep 09 05:13:35 UTC 2026][INFO] [Action] E AddTextContainer - (c,286266,1),1,0,0
[Wed Sep 09 05:13:35 UTC 2026][INFO] [Action] E AddTextContainer - (c,286267,1),1,0,0
[Wed Sep 09 05:13:35 UTC 2026][INFO] [Action] E AddTextContainer - (c,286268,1),1,0,0
[Wed Sep 09 05:13:35 UTC 2026][INFO] [Action] E AddTextContainer - (c,286269,1),1,0,0
[Wed Sep 09 05:13:36 UTC 2026][INFO] [Action] E AddTextContainer - (c,286270,1),1,0,0
[Wed Sep 09 05:13:36 UTC 2026][INFO] [Action] E AddTextContainer - (c,286271,1),1,0,0
[Wed Sep 09 05:13:36 UTC 2026][INFO] [Action] E AddTextContainer - (c,286272,1),1,0,0
[Wed Sep 09 05:13:36 UTC 2026][INFO] [Action] E AddTextContainer - (c,286273,1),1,0,0
[Wed Sep 09 05:13:37 UTC 2026][INFO] [Action] E AddTextContainer - (c,286274,1),1,0,0
[Wed Sep 09 05:13:41 UTC 2026][INFO] [Action] E UpdateStyle - (c,286275,1),49:0.250000:2,(r,286276,286276),F
[Wed Sep 09 05:13:41 UTC 2026][INFO] [Action] E UpdateStyle - (c,286275,1),49:0.250000:2,(r,286276,286276),F
[Wed Sep 09 05:13:41 UTC 2026][INFO] [Action] E UpdateStyle - (c,286275,1),49:0.250000:2,(r,286276,286276),F
[Wed Sep 09 05:13:59 UTC 2026][INFO] [Action] E DeleteContent - (r,287320,287320),F
[Wed Sep 09 05:14:00 UTC 2026][INFO] [Action] E DeleteContent - (r,287320,287320),F
[Wed Sep 09 05:14:04 UTC 2026][INFO] [Action] U DeleteContent
[Wed Sep 09 05:14:05 UTC 2026][INFO] [Action] U DeleteContent
[Wed Sep 09 05:14:15 UTC 2026][INFO] [Action] E UpdateStyle - (r,287255,287370),42:2.250000:2,(r,287255,287370),F
[Wed Sep 09 05:14:15 UTC 2026][INFO] [Action] E UpdateStyle - (r,287255,287370),42:2.000000:2,(r,287255,287370),F
[Wed Sep 09 05:14:16 UTC 2026][INFO] [Action] E UpdateStyle - (r,287255,287370),42:1.750000:2,(r,287255,287370),F
[Wed Sep 09 05:14:16 UTC 2026][INFO] [Action] E UpdateStyle - (r,287255,287370),42:1.500000:2,(r,287255,287370),F
[Wed Sep 09 05:14:16 UTC 2026][INFO] [Action] E UpdateStyle - (r,287255,287370),42:1.250000:2,(r,287255,287370),F
[Wed Sep 09 05:14:17 UTC 2026][INFO] [Action] E UpdateStyle - (r,287255,287370),42:1.000000:2,(r,287255,287370),F
[Wed Sep 09 05:14:22 UTC 2026][INFO] [Action] E AddTextContainer - (c,287255,1),1,0,0
[Wed Sep 09 05:14:24 UTC 2026][INFO] [Action] E AddTextContainer - (c,287371,2),0,0,0
[Wed Sep 09 05:14:35 UTC 2026][INFO] [Action] E SplitContainer - 287737
[Wed Sep 09 05:14:39 UTC 2026][INFO] [Action] E UpdateStyle - (c,287736,2),49:0.250000:2,(r,287736,287736),F
[Wed Sep 09 05:14:48 UTC 2026][INFO] [Action] E SplitContainer - 287606
[Wed Sep 09 05:14:51 UTC 2026][INFO] [Action] E UpdateStyle - (c,287605,2),49:0.250000:2,(r,287605,287605),F
[Wed Sep 09 05:15:05 UTC 2026][INFO] [Action] E SplitContainer - 287696
[Wed Sep 09 05:15:09 UTC 2026][INFO] [Action] E UpdateStyle - (c,287695,2),49:0.000000:2,(r,287695,287695),F
[Wed Sep 09 05:15:15 UTC 2026][INFO] [Action] E UpdateStyle - (c,287696,1),48:1.000000:2,(r,287696,287696),F
[Wed Sep 09 05:15:15 UTC 2026][INFO] [Action] E UpdateStyle - (c,287696,1),48:2.000000:2,(r,287696,287696),F
[Wed Sep 09 05:15:16 UTC 2026][INFO] [Action] E UpdateStyle - (c,287696,1),48:3.000000:2,(r,287696,287696),F
[Wed Sep 09 05:15:16 UTC 2026][INFO] [Action] E UpdateStyle - (c,287696,1),48:4.000000:2,(r,287696,287696),F
[Wed Sep 09 05:15:16 UTC 2026][INFO] [Action] E UpdateStyle - (c,287696,1),48:5.000000:2,(r,287696,287696),F
[Wed Sep 09 05:15:16 UTC 2026][INFO] [Action] E UpdateStyle - (c,287696,1),48:6.000000:2,(r,287696,287696),F
[Wed Sep 09 05:15:16 UTC 2026][INFO] [Action] E UpdateStyle - (c,287696,1),48:7.000000:2,(r,287696,287696),F
[Wed Sep 09 05:15:17 UTC 2026][INFO] [Action] E UpdateStyle - (c,287696,1),48:8.000000:2,(r,287696,287696),F
[Wed Sep 09 05:15:17 UTC 2026][INFO] [Action] E UpdateStyle - (c,287696,1),48:9.000000:2,(r,287696,287696),F
[Wed Sep 09 05:15:26 UTC 2026][INFO] [Action] E UpdateStyle - (c,288011,2),49:0.250000:2,(r,288011,288011),F
[Wed Sep 09 05:15:26 UTC 2026][INFO] [Action] E UpdateStyle - (c,288011,2),49:0.500000:2,(r,288011,288011),F
[Wed Sep 09 05:15:35 UTC 2026][INFO] [Action] EE UpdateImageAction - (r,288448,288448),[56:100.000000],4,1,0.000000,0.000000,0.000000,0.000000,0.000000,0.000000,0
[Wed Sep 09 05:15:51 UTC 2026][INFO] [Action] E UpdateStyle - (c,290718,2),49:0.250000:2,(r,290718,290718),F
[Wed Sep 09 05:15:52 UTC 2026][INFO] [Action] E UpdateStyle - (c,290718,2),49:0.500000:2,(r,290718,290718),F
[Wed Sep 09 05:15:56 UTC 2026][INFO] [Action] E UpdateStyle - (c,290698,2),49:0.250000:2,(r,290698,290698),F
[Wed Sep 09 05:15:56 UTC 2026][INFO] [Action] E UpdateStyle - (c,290698,2),49:0.500000:2,(r,290698,290698),F
[Wed Sep 09 05:15:56 UTC 2026][INFO] [Action] E UpdateStyle - (c,290698,2),49:0.750000:2,(r,290698,290698),F
[Wed Sep 09 05:15:56 UTC 2026][INFO] [Action] E UpdateStyle - (c,290698,2),49:1.000000:2,(r,290698,290698),F
[Wed Sep 09 05:15:56 UTC 2026][INFO] [Action] E UpdateStyle - (c,290698,2),49:1.250000:2,(r,290698,290698),F
[Wed Sep 09 05:16:16 UTC 2026][INFO] [Action] E MergeContainer - 291168,0
[Wed Sep 09 05:16:19 UTC 2026][INFO] [Action] E InsertTextContent - (c,291168,2),[SPACE]
[Wed Sep 09 05:16:23 UTC 2026][INFO] [Action] E AddTextContainer - (c,291234,2),0,0,0
[Wed Sep 09 05:16:28 UTC 2026][INFO] [Action] E AddTextContainer - (c,291237,1),1,0,0
[Wed Sep 09 05:16:39 UTC 2026][INFO] [Action] E UpdateStyle - (r,291115,291234),16:10.000000:2,(r,291115,291234),F
[Wed Sep 09 05:16:44 UTC 2026][INFO] [Action] E InsertTextContent - (c,291237,1),[\]
[Wed Sep 09 05:16:45 UTC 2026][INFO] [Action] E DeleteContent - (c,291237,2),B
[Wed Sep 09 05:16:46 UTC 2026][INFO] [Action] E MergeContainer - 291237,0
[Wed Sep 09 05:16:51 UTC 2026][INFO] [Action] E UpdateStyle - (c,291237,1),47:0.250000:2,(r,291237,291237),F
[Wed Sep 09 05:16:52 UTC 2026][INFO] [Action] E UpdateStyle - (c,291237,1),47:0.500000:2,(r,291237,291237),F
[Wed Sep 09 05:16:57 UTC 2026][INFO] [Action] E MergeContainer - 291234,0
[Wed Sep 09 05:16:59 UTC 2026][INFO] [Action] E UpdateStyle - (c,291234,2),49:0.250000:2,(r,291234,291234),F
[Wed Sep 09 05:17:00 UTC 2026][INFO] [Action] E UpdateStyle - (c,291234,2),49:0.500000:2,(r,291234,291234),F
[Wed Sep 09 05:17:10 UTC 2026][INFO] [Action] E UpdateStyle - (r,291236,291408),16:10.000000:2,(r,291236,291408),F
[Wed Sep 09 05:17:23 UTC 2026][INFO] [Action] EE UpdateImageAction - (r,291409,291409),[56:50.000000],2,1,0.000000,0.000000,0.000000,0.000000,0.000000,0.000000,0
[Wed Sep 09 05:17:24 UTC 2026][INFO] [Action] EE UpdateImageAction - (r,291409,291409),[56:75.000000],3,1,0.000000,0.000000,0.000000,0.000000,0.000000,0.000000,0
[Wed Sep 09 05:17:28 UTC 2026][INFO] [Action] EE UpdateImageAction - (r,291235,291235),[56:50.000000],2,1,0.000000,0.000000,0.000000,0.000000,0.000000,0.000000,0
[Wed Sep 09 05:17:28 UTC 2026][INFO] [Action] EE UpdateImageAction - (r,291235,291235),[56:75.000000],3,1,0.000000,0.000000,0.000000,0.000000,0.000000,0.000000,0
[Wed Sep 09 05:17:44 UTC 2026][INFO] [Action] E SplitContainer - 291290
[Wed Sep 09 05:17:52 UTC 2026][INFO] [Action] E UpdateStyle - (c,291289,2),49:0.500000:2,(r,291289,291289),F
[Wed Sep 09 05:17:53 UTC 2026][INFO] [Action] E UpdateStyle - (c,291289,2),49:0.250000:2,(r,291289,291289),F
[Wed Sep 09 05:17:53 UTC 2026][INFO] [Action] E UpdateStyle - (c,291289,2),49:0.000000:2,(r,291289,291289),F
[Wed Sep 09 05:18:00 UTC 2026][INFO] [Action] E UpdateStyle - (c,291296,1),47:0.250000:2,(r,291296,291296),F
[Wed Sep 09 05:18:00 UTC 2026][INFO] [Action] E UpdateStyle - (c,291296,1),47:0.000000:2,(r,291296,291296),F
[Wed Sep 09 05:18:11 UTC 2026][INFO] [Action] E UpdateStyle - (c,291236,1),47:0.750000:2,(r,291236,291236),F
[Wed Sep 09 05:18:16 UTC 2026][INFO] [Action] E UpdateStyle - (c,291408,2),47:0.250000:2,(r,291408,291408),F
[Wed Sep 09 05:18:31 UTC 2026][INFO] [Action] E UpdateStyle - (r,291115,291117),34:59:3,(r,291115,291117),F
[Wed Sep 09 05:18:38 UTC 2026][INFO] [Action] E SplitContainer - 291169
[Wed Sep 09 05:18:41 UTC 2026][INFO] [Action] E DeleteContent - (r,291169,291169),F
[Wed Sep 09 05:18:47 UTC 2026][INFO] [Action] E UpdateStyle - (c,291169,1),49:0.250000:2,(r,291169,291169),F
[Wed Sep 09 05:18:51 UTC 2026][INFO] [Action] E UpdateStyle - (c,291169,1),49:0.500000:2,(r,291169,291169),F
[Wed Sep 09 05:18:54 UTC 2026][INFO] [Action] E UpdateStyle - (c,291168,2),49:0.250000:2,(r,291168,291168),F
[Wed Sep 09 05:18:54 UTC 2026][INFO] [Action] E UpdateStyle - (c,291168,2),49:0.000000:2,(r,291168,291168),F
[Wed Sep 09 05:19:05 UTC 2026][INFO] [Action] E UpdateStyle - (c,291235,1),47:1.000000:2,(r,291235,291235),F
[Wed Sep 09 05:19:05 UTC 2026][INFO] [Action] E UpdateStyle - (c,291235,1),47:1.250000:2,(r,291235,291235),F
[Wed Sep 09 05:19:06 UTC 2026][INFO] [Action] E UpdateStyle - (c,291235,1),47:1.500000:2,(r,291235,291235),F
[Wed Sep 09 05:19:06 UTC 2026][INFO] [Action] E UpdateStyle - (c,291235,1),47:1.750000:2,(r,291235,291235),F
[Wed Sep 09 05:19:07 UTC 2026][INFO] [Action] E UpdateStyle - (c,291235,1),47:2.000000:2,(r,291235,291235),F
[Wed Sep 09 05:19:15 UTC 2026][INFO] [Action] E UpdateStyle - (c,291288,2),47:1.750000:2,(r,291288,291288),F
[Wed Sep 09 05:19:16 UTC 2026][INFO] [Action] E UpdateStyle - (c,291288,2),47:2.000000:2,(r,291288,291288),F
[Wed Sep 09 05:19:21 UTC 2026][INFO] [Action] E UpdateStyle - (c,291352,2),47:0.000000:2,(r,291352,291352),F
[Wed Sep 09 05:19:34 UTC 2026][INFO] [Action] E UpdateStyle - (c,291646,2),49:0.250000:2,(r,291646,291646),F
[Wed Sep 09 05:19:47 UTC 2026][INFO] [Action] E SplitContainer - 291993
[Wed Sep 09 05:19:51 UTC 2026][INFO] [Action] E SplitContainer - 291746
[Wed Sep 09 05:19:52 UTC 2026][INFO] [Action] E AddTextContainer - (c,291746,1),1,0,0
[Wed Sep 09 05:19:57 UTC 2026][INFO] [Action] E AddTextContainer - (c,291633,2),0,0,0
[Wed Sep 09 05:20:01 UTC 2026][INFO] [Action] E UpdateStyle - (c,292216,2),49:0.250000:2,(r,292216,292216),F
[Wed Sep 09 05:20:02 UTC 2026][INFO] [Action] E UpdateStyle - (c,292216,2),49:0.500000:2,(r,292216,292216),F
[Wed Sep 09 05:20:02 UTC 2026][INFO] [Action] E UpdateStyle - (c,292216,2),49:0.750000:2,(r,292216,292216),F
[Wed Sep 09 05:20:02 UTC 2026][INFO] [Action] E UpdateStyle - (c,292216,2),49:1.000000:2,(r,292216,292216),F
[Wed Sep 09 05:20:08 UTC 2026][INFO] [Action] E UpdateStyle - (c,292236,2),49:0.250000:2,(r,292236,292236),F
[Wed Sep 09 05:20:08 UTC 2026][INFO] [Action] E UpdateStyle - (c,292236,2),49:0.500000:2,(r,292236,292236),F
[Wed Sep 09 05:20:18 UTC 2026][INFO] [Action] E UpdateStyle - (c,292749,2),47:0.250000:2,(r,292749,292749),F
[Wed Sep 09 05:20:18 UTC 2026][INFO] [Action] E UpdateStyle - (c,292749,2),47:0.500000:2,(r,292749,292749),F
[Wed Sep 09 05:20:24 UTC 2026][INFO] [Action] E UpdateStyle - (c,292686,2),49:1.250000:2,(r,292686,292686),F
[Wed Sep 09 05:20:25 UTC 2026][INFO] [Action] E UpdateStyle - (c,292686,2),49:1.500000:2,(r,292686,292686),F
[Wed Sep 09 05:20:35 UTC 2026][INFO] [Action] E SplitContainer - 293079
[Wed Sep 09 05:20:43 UTC 2026][INFO] [Action] E UpdateStyle - (c,293255,2),49:0.250000:2,(r,293255,293255),F
[Wed Sep 09 05:20:43 UTC 2026][INFO] [Action] E UpdateStyle - (c,293255,2),49:0.500000:2,(r,293255,293255),F
[Wed Sep 09 05:20:43 UTC 2026][INFO] [Action] E UpdateStyle - (c,293255,2),49:0.750000:2,(r,293255,293255),F
[Wed Sep 09 05:20:43 UTC 2026][INFO] [Action] E UpdateStyle - (c,293255,2),49:1.000000:2,(r,293255,293255),F
[Wed Sep 09 05:20:43 UTC 2026][INFO] [Action] E UpdateStyle - (c,293255,2),49:1.250000:2,(r,293255,293255),F
[Wed Sep 09 05:20:44 UTC 2026][INFO] [Action] E UpdateStyle - (c,293255,2),49:1.500000:2,(r,293255,293255),F
[Wed Sep 09 05:20:44 UTC 2026][INFO] [Action] E UpdateStyle - (c,293255,2),49:1.750000:2,(r,293255,293255),F
[Wed Sep 09 05:20:44 UTC 2026][INFO] [Action] E UpdateStyle - (c,293255,2),49:2.000000:2,(r,293255,293255),F
[Wed Sep 09 05:20:44 UTC 2026][INFO] [Action] E UpdateStyle - (c,293255,2),49:2.250000:2,(r,293255,293255),F
[Wed Sep 09 05:20:44 UTC 2026][INFO] [Action] E UpdateStyle - (c,293255,2),49:2.500000:2,(r,293255,293255),F
[Wed Sep 09 05:20:44 UTC 2026][INFO] [Action] E UpdateStyle - (c,293255,2),49:2.750000:2,(r,293255,293255),F
[Wed Sep 09 05:20:45 UTC 2026][INFO] [Action] E UpdateStyle - (c,293255,2),49:3.000000:2,(r,293255,293255),F
[Wed Sep 09 05:20:45 UTC 2026][INFO] [Action] E UpdateStyle - (c,293255,2),49:3.250000:2,(r,293255,293255),F
[Wed Sep 09 05:20:45 UTC 2026][INFO] [Action] E UpdateStyle - (c,293255,2),49:3.500000:2,(r,293255,293255),F
[Wed Sep 09 05:20:45 UTC 2026][INFO] [Action] E UpdateStyle - (c,293255,2),49:3.750000:2,(r,293255,293255),F
[Wed Sep 09 05:20:45 UTC 2026][INFO] [Action] E UpdateStyle - (c,293255,2),49:4.000000:2,(r,293255,293255),F
[Wed Sep 09 05:20:46 UTC 2026][INFO] [Action] E UpdateStyle - (c,293255,2),49:4.250000:2,(r,293255,293255),F
[Wed Sep 09 05:20:46 UTC 2026][INFO] [Action] E UpdateStyle - (c,293255,2),49:4.500000:2,(r,293255,293255),F
[Wed Sep 09 05:20:46 UTC 2026][INFO] [Action] E UpdateStyle - (c,293255,2),49:4.750000:2,(r,293255,293255),F
[Wed Sep 09 05:20:46 UTC 2026][INFO] [Action] E UpdateStyle - (c,293255,2),49:5.000000:2,(r,293255,293255),F
[Wed Sep 09 05:20:47 UTC 2026][INFO] [Action] E UpdateStyle - (c,293255,2),49:5.250000:2,(r,293255,293255),F
[Wed Sep 09 05:20:47 UTC 2026][INFO] [Action] E UpdateStyle - (c,293255,2),49:5.500000:2,(r,293255,293255),F
[Wed Sep 09 05:20:47 UTC 2026][INFO] [Action] E UpdateStyle - (c,293255,2),49:5.750000:2,(r,293255,293255),F
[Wed Sep 09 05:20:47 UTC 2026][INFO] [Action] E UpdateStyle - (c,293255,2),49:6.000000:2,(r,293255,293255),F
[Wed Sep 09 05:20:55 UTC 2026][INFO] [Action] E UpdateStyle - (c,293621,2),49:0.250000:2,(r,293621,293621),F
[Wed Sep 09 05:20:56 UTC 2026][INFO] [Action] E UpdateStyle - (c,293621,2),49:0.500000:2,(r,293621,293621),F
[Wed Sep 09 05:21:18 UTC 2026][INFO] [Action] E UpdateStyle - (c,296517,1),47:0.250000:2,(r,296517,296517),F
[Wed Sep 09 05:21:25 UTC 2026][INFO] [Action] EE UpdateImageAction - (r,296516,296516),[56:100.000000],4,1,0.000000,0.000000,0.000000,0.000000,0.000000,0.000000,0
[Wed Sep 09 05:21:50 UTC 2026][INFO] [Action] E SplitContainer - 297154
[Wed Sep 09 05:21:58 UTC 2026][INFO] [Action] E UpdateStyle - (c,298581,2),49:0.250000:2,(r,298581,298581),F
[Wed Sep 09 05:21:59 UTC 2026][INFO] [Action] E UpdateStyle - (c,298581,2),49:0.500000:2,(r,298581,298581),F
[Wed Sep 09 05:22:06 UTC 2026][INFO] [Action] E SplitContainer - 299655
[Wed Sep 09 05:22:10 UTC 2026][INFO] [Action] E UpdateStyle - (c,299637,2),49:0.250000:2,(r,299637,299637),F
[Wed Sep 09 05:22:11 UTC 2026][INFO] [Action] E UpdateStyle - (c,299637,2),49:0.500000:2,(r,299637,299637),F
[Wed Sep 09 05:22:27 UTC 2026][INFO] [Action] E UpdateStyle - (c,306435,2),49:0.250000:2,(r,306435,306435),F
[Wed Sep 09 05:22:34 UTC 2026][INFO] [Action] E UpdateStyle - (c,307304,2),49:0.250000:2,(r,307304,307304),F
[Wed Sep 09 05:22:34 UTC 2026][INFO] [Action] E UpdateStyle - (c,307304,2),49:0.500000:2,(r,307304,307304),F
[Wed Sep 09 05:22:40 UTC 2026][INFO] [Action] E UpdateStyle - (c,307015,2),49:0.250000:2,(r,307015,307015),F
[Wed Sep 09 05:22:40 UTC 2026][INFO] [Action] E UpdateStyle - (c,307015,2),49:0.500000:2,(r,307015,307015),F
[Wed Sep 09 05:22:41 UTC 2026][INFO] [Action] E UpdateStyle - (c,307015,2),49:0.750000:2,(r,307015,307015),F
[Wed Sep 09 05:22:41 UTC 2026][INFO] [Action] E UpdateStyle - (c,307015,2),49:1.000000:2,(r,307015,307015),F
[Wed Sep 09 05:22:44 UTC 2026][INFO] [Action] E AddTextContainer - (c,307015,2),0,0,0
[Wed Sep 09 05:22:48 UTC 2026][INFO] [Action] E SplitContainer - 306364
[Wed Sep 09 05:22:56 UTC 2026][INFO] [Action] E UpdateStyle - (c,306435,2),49:0.500000:2,(r,306435,306435),F
[Wed Sep 09 05:22:59 UTC 2026][INFO] [Action] E UpdateStyle - (c,306475,2),49:0.250000:2,(r,306475,306475),F
[Wed Sep 09 05:23:11 UTC 2026][INFO] [Action] E AddTextContainer - (c,307285,2),0,0,0
[Wed Sep 09 05:23:11 UTC 2026][INFO] [Action] E AddTextContainer - (c,307286,1),1,0,0
[Wed Sep 09 05:23:22 UTC 2026][INFO] [Action] E UpdateStyle - (r,307462,307474),13:361:3,(r,307462,307474),F
[Wed Sep 09 05:23:31 UTC 2026][INFO] [Action] E UpdateStyle - (c,307732,1),47:0.250000:2,(r,307732,307732),F
[Wed Sep 09 05:23:51 UTC 2026][INFO] [Action] E AddTextContainer - (c,308289,2),0,0,0
[Wed Sep 09 05:24:04 UTC 2026][INFO] [Action] E UpdateStyle - (c,308289,2),47:0.500000:2,(r,308289,308289),F
[Wed Sep 09 05:24:04 UTC 2026][INFO] [Action] E UpdateStyle - (c,308289,2),47:0.250000:2,(r,308289,308289),F
[Wed Sep 09 05:24:04 UTC 2026][INFO] [Action] E UpdateStyle - (c,308289,2),47:0.000000:2,(r,308289,308289),F
[Wed Sep 09 05:24:08 UTC 2026][INFO] [Action] E UpdateStyle - (c,308289,2),47:0.250000:2,(r,308289,308289),F
[Wed Sep 09 05:24:08 UTC 2026][INFO] [Action] E UpdateStyle - (c,308289,2),47:0.500000:2,(r,308289,308289),F
[Wed Sep 09 05:24:15 UTC 2026][INFO] [Action] E MergeContainer - 308290,1
[Wed Sep 09 05:24:19 UTC 2026][INFO] [Action] E UpdateStyle - (c,308290,1),47:0.250000:2,(r,308290,308290),F
[Wed Sep 09 05:24:19 UTC 2026][INFO] [Action] E UpdateStyle - (c,308290,1),47:0.500000:2,(r,308290,308290),F
[Wed Sep 09 05:24:20 UTC 2026][INFO] [Action] E UpdateStyle - (c,308290,1),47:0.750000:2,(r,308290,308290),F
[Wed Sep 09 05:24:24 UTC 2026][INFO] [Action] E UpdateStyle - (c,308494,2),49:0.250000:2,(r,308494,308494),F
[Wed Sep 09 05:24:25 UTC 2026][INFO] [Action] E UpdateStyle - (c,308494,2),49:0.500000:2,(r,308494,308494),F
[Wed Sep 09 05:24:25 UTC 2026][INFO] [Action] E UpdateStyle - (c,308494,2),49:0.750000:2,(r,308494,308494),F
[Wed Sep 09 05:24:25 UTC 2026][INFO] [Action] E UpdateStyle - (c,308494,2),49:1.000000:2,(r,308494,308494),F
[Wed Sep 09 05:24:25 UTC 2026][INFO] [Action] E UpdateStyle - (c,308494,2),49:1.250000:2,(r,308494,308494),F
[Wed Sep 09 05:24:31 UTC 2026][INFO] [Action] E AddTextContainer - (c,308777,2),0,0,0
[Wed Sep 09 05:24:31 UTC 2026][INFO] [Action] E AddTextContainer - (c,308778,1),1,0,0
[Wed Sep 09 05:24:34 UTC 2026][INFO] [Action] E UpdateStyle - (c,308799,2),49:0.250000:2,(r,308799,308799),F
[Wed Sep 09 05:24:34 UTC 2026][INFO] [Action] E UpdateStyle - (c,308799,2),49:0.500000:2,(r,308799,308799),F
[Wed Sep 09 05:24:49 UTC 2026][INFO] [Action] EE UpdateImageAction - (r,309213,309213),[56:100.000000],4,1,0.000000,0.000000,0.000000,0.000000,0.000000,0.000000,0
[Wed Sep 09 05:24:59 UTC 2026][INFO] [Action] E UpdateStyle - (c,310556,2),49:0.250000:2,(r,310556,310556),F
[Wed Sep 09 05:25:00 UTC 2026][INFO] [Action] E UpdateStyle - (c,310556,2),49:0.500000:2,(r,310556,310556),F
[Wed Sep 09 05:25:03 UTC 2026][INFO] [Action] E AddTextContainer - (c,310536,2),0,0,0
[Wed Sep 09 05:25:04 UTC 2026][INFO] [Action] E AddTextContainer - (c,310537,1),1,0,0
[Wed Sep 09 05:25:08 UTC 2026][INFO] [Action] EE UpdateImageAction - (r,311031,311031),[56:100.000000],4,1,0.000000,0.000000,0.000000,0.000000,0.000000,0.000000,0
[Wed Sep 09 05:25:12 UTC 2026][INFO] [Action] E ItemChanged - -1,273515
[Wed Sep 09 05:25:17 UTC 2026][INFO] [Action] EE UpdateImageAction - (r,275619,275619),[56:100.000000],4,1,0.000000,0.000000,0.000000,0.000000,0.000000,0.000000,0
[Wed Sep 09 05:25:22 UTC 2026][INFO] [Action] E AddTextContainer - (c,276527,2),0,0,0
[Wed Sep 09 05:25:22 UTC 2026][INFO] [Action] E AddTextContainer - (c,276528,1),1,0,0
[Wed Sep 09 05:25:28 UTC 2026][INFO] [Action] E ItemChanged - -1,276911
[Wed Sep 09 05:25:34 UTC 2026][INFO] [Action] EE UpdateImageAction - (r,279162,279162),[56:100.000000],4,1,0.000000,0.000000,0.000000,0.000000,0.000000,0.000000,0
[Wed Sep 09 05:25:44 UTC 2026][INFO] [Action] E MergeContainer - 279370,0
[Wed Sep 09 05:25:47 UTC 2026][INFO] [Action] E SplitContainer - 279371
[Wed Sep 09 05:25:54 UTC 2026][INFO] [Action] E UpdateStyle - (c,279371,1),48:1.000000:2,(r,279371,279371),F
[Wed Sep 09 05:25:57 UTC 2026][INFO] [Action] E UpdateStyle - (c,279371,1),47:0.250000:2,(r,279371,279371),F
[Wed Sep 09 05:25:59 UTC 2026][INFO] [Action] E UpdateStyle - (c,279371,1),47:0.500000:2,(r,279371,279371),F
[Wed Sep 09 05:26:07 UTC 2026][INFO] [Action] E UpdateStyle - (c,279371,1),48:0.000000:2,(r,279371,279371),F
[Wed Sep 09 05:26:09 UTC 2026][INFO] [Action] E UpdateStyle - (c,279371,1),34:320:3,(r,279371,279371),F
[Wed Sep 09 05:26:14 UTC 2026][INFO] [Action] E UpdateStyle - (r,279371,279390),13:361:3,(r,279371,279390),F
[Wed Sep 09 05:26:19 UTC 2026][INFO] [Action] E UpdateStyle - (c,279370,2),49:0.250000:2,(r,279370,279370),F
[Wed Sep 09 05:26:25 UTC 2026][INFO] [Action] EE UpdateImageAction - (r,279889,279889),[56:100.000000],4,1,0.000000,0.000000,0.000000,0.000000,0.000000,0.000000,0
[Wed Sep 09 05:26:31 UTC 2026][INFO] [Action] E UpdateStyle - (c,279997,2),49:0.750000:2,(r,279997,279997),F
[Wed Sep 09 05:26:32 UTC 2026][INFO] [Action] E UpdateStyle - (c,279997,2),49:0.500000:2,(r,279997,279997),F
[Wed Sep 09 05:26:32 UTC 2026][INFO] [Action] E UpdateStyle - (c,279997,2),49:0.250000:2,(r,279997,279997),F
[Wed Sep 09 05:26:33 UTC 2026][INFO] [Action] E UpdateStyle - (c,279997,2),49:0.000000:2,(r,279997,279997),F
[Wed Sep 09 05:26:48 UTC 2026][INFO] [Action] E UpdateStyle - (c,279888,2),49:1.750000:2,(r,279888,279888),F
[Wed Sep 09 05:26:54 UTC 2026][INFO] [Action] E UpdateStyle - (c,279890,2),47:0.500000:2,(r,279890,279890),F
[Wed Sep 09 05:26:58 UTC 2026][INFO] [Action] E UpdateStyle - (c,280016,2),47:0.750000:2,(r,280016,280016),F
[Wed Sep 09 05:26:59 UTC 2026][INFO] [Action] E UpdateStyle - (c,280016,2),47:1.000000:2,(r,280016,280016),F
[Wed Sep 09 05:26:59 UTC 2026][INFO] [Action] E UpdateStyle - (c,280016,2),47:1.250000:2,(r,280016,280016),F
[Wed Sep 09 05:27:31 UTC 2026][INFO] [Action] E SplitContainer - 280108
[Wed Sep 09 05:27:32 UTC 2026][INFO] [Action] E AddTextContainer - (c,280108,1),1,0,0
[Wed Sep 09 05:27:33 UTC 2026][INFO] [Action] E AddTextContainer - (c,280109,1),1,0,0
[Wed Sep 09 05:27:35 UTC 2026][INFO] [Action] E DeleteContent - (r,280110,280110),F
[Wed Sep 09 05:27:35 UTC 2026][INFO] [Action] E DeleteContent - (r,280110,280110),F
[Wed Sep 09 05:27:36 UTC 2026][INFO] [Action] E DeleteContent - (r,280110,280110),F
[Wed Sep 09 05:27:36 UTC 2026][INFO] [Action] E DeleteContent - (r,280110,280110),F
[Wed Sep 09 05:27:36 UTC 2026][INFO] [Action] E DeleteContent - (r,280110,280110),F
[Wed Sep 09 05:27:36 UTC 2026][INFO] [Action] E DeleteContent - (r,280110,280110),F
[Wed Sep 09 05:27:36 UTC 2026][INFO] [Action] E DeleteContent - (r,280110,280110),F
[Wed Sep 09 05:27:37 UTC 2026][INFO] [Action] E DeleteContent - (r,280110,280110),F
[Wed Sep 09 05:27:37 UTC 2026][INFO] [Action] E DeleteContent - (r,280110,280110),F
[Wed Sep 09 05:27:37 UTC 2026][INFO] [Action] E DeleteContent - (r,280110,280110),F
[Wed Sep 09 05:27:37 UTC 2026][INFO] [Action] E DeleteContent - (r,280110,280110),F
[Wed Sep 09 05:27:37 UTC 2026][INFO] [Action] E DeleteContent - (r,280110,280110),F
[Wed Sep 09 05:27:38 UTC 2026][INFO] [Action] E DeleteContent - (r,280110,280110),F
[Wed Sep 09 05:27:38 UTC 2026][INFO] [Action] E DeleteContent - (r,280110,280110),F
[Wed Sep 09 05:27:38 UTC 2026][INFO] [Action] E DeleteContent - (r,280110,280110),F
[Wed Sep 09 05:27:38 UTC 2026][INFO] [Action] E DeleteContent - (r,280110,280110),F
[Wed Sep 09 05:27:39 UTC 2026][INFO] [Action] E DeleteContent - (r,280110,280110),F
[Wed Sep 09 05:28:06 UTC 2026][INFO] [Action] E UpdateStyle - (c,280110,1),34:320:3,(r,280110,280110),F
[Wed Sep 09 05:28:07 UTC 2026][INFO] [Action] E UpdateStyle - (c,280110,1),34:320:3,(r,280110,280110),F
[Wed Sep 09 05:28:11 UTC 2026][INFO] [Action] E InsertTextContent - (c,280110,1),[SPACE]
[Wed Sep 09 05:28:12 UTC 2026][INFO] [Action] E InsertTextContent - (c,280110,2),[SPACE]
[Wed Sep 09 05:28:12 UTC 2026][INFO] [Action] E InsertTextContent - (c,280111,2),[SPACE]
[Wed Sep 09 05:28:13 UTC 2026][INFO] [Action] E InsertTextContent - (c,280112,2),[SPACE]
[Wed Sep 09 05:28:13 UTC 2026][INFO] [Action] E InsertTextContent - (c,280113,2),[SPACE]
[Wed Sep 09 05:28:13 UTC 2026][INFO] [Action] E InsertTextContent - (c,280114,2),[SPACE]
[Wed Sep 09 05:28:13 UTC 2026][INFO] [Action] E InsertTextContent - (c,280115,2),[SPACE]
[Wed Sep 09 05:28:13 UTC 2026][INFO] [Action] E InsertTextContent - (c,280116,2),[SPACE]
[Wed Sep 09 05:28:13 UTC 2026][INFO] [Action] E InsertTextContent - (c,280117,2),[SPACE]
[Wed Sep 09 05:28:14 UTC 2026][INFO] [Action] E InsertTextContent - (c,280118,2),[SPACE]
[Wed Sep 09 05:28:14 UTC 2026][INFO] [Action] E InsertTextContent - (c,280119,2),[SPACE]
[Wed Sep 09 05:28:14 UTC 2026][INFO] [Action] E InsertTextContent - (c,280120,2),[SPACE]
[Wed Sep 09 05:28:14 UTC 2026][INFO] [Action] E InsertTextContent - (c,280121,2),[SPACE]
[Wed Sep 09 05:28:14 UTC 2026][INFO] [Action] E InsertTextContent - (c,280122,2),[SPACE]
[Wed Sep 09 05:28:15 UTC 2026][INFO] [Action] E InsertTextContent - (c,280123,2),[SPACE]
[Wed Sep 09 05:28:15 UTC 2026][INFO] [Action] E InsertTextContent - (c,280124,2),[SPACE]
[Wed Sep 09 05:28:25 UTC 2026][INFO] [Action] E UpdateStyle - (r,280127,280215),12:382:3,(r,280127,280215),F
[Wed Sep 09 05:28:28 UTC 2026][INFO] [Action] E UpdateStyle - (r,280127,280215),34:320:3,(r,280127,280215),F
[Wed Sep 09 05:28:35 UTC 2026][INFO] [Action] E AddTextContainer - (c,281258,2),0,0,0
[Wed Sep 09 05:28:40 UTC 2026][INFO] [Action] E AddTextContainer - (c,281259,2),0,0,0
[Wed Sep 09 05:28:47 UTC 2026][INFO] [Action] E UpdateStyle - (c,281468,1),47:0.250000:2,(r,281468,281468),F
[Wed Sep 09 05:28:48 UTC 2026][INFO] [Action] E UpdateStyle - (c,281468,1),47:0.000000:2,(r,281468,281468),F
[Wed Sep 09 05:28:56 UTC 2026][INFO] [Action] E UpdateStyle - (c,282232,2),49:0.250000:2,(r,282232,282232),F
[Wed Sep 09 05:29:02 UTC 2026][INFO] [Action] E UpdateStyle - (r,282233,282312),12:382:3,(r,282233,282312),F
[Wed Sep 09 05:29:04 UTC 2026][INFO] [Action] E UpdateStyle - (r,282233,282312),16:10.000000:2,(r,282233,282312),F
[Wed Sep 09 05:29:07 UTC 2026][INFO] [Action] E UpdateStyle - (r,282233,282312),13:361:3,(r,282233,282312),F
[Wed Sep 09 05:29:36 UTC 2026][INFO] [Action] EE UpdateImageAction - (r,299582,299582),[56:100.000000],4,1,0.000000,0.000000,0.000000,0.000000,0.000000,0.000000,0
[Wed Sep 09 05:29:44 UTC 2026][INFO] [Action] EE UpdateImageAction - (r,307735,307735),[56:100.000000],4,1,0.000000,0.000000,0.000000,0.000000,0.000000,0.000000,0
[Wed Sep 09 05:30:03 UTC 2026][INFO] [Action] E UpdateStyle - (c,316241,2),42:2.250000:2,(r,316241,316241),F
[Wed Sep 09 05:30:03 UTC 2026][INFO] [Action] E UpdateStyle - (c,316241,2),42:2.000000:2,(r,316241,316241),F
[Wed Sep 09 05:30:03 UTC 2026][INFO] [Action] E UpdateStyle - (c,316241,2),42:1.750000:2,(r,316241,316241),F
[Wed Sep 09 05:30:03 UTC 2026][INFO] [Action] E UpdateStyle - (c,316241,2),42:1.500000:2,(r,316241,316241),F
[Wed Sep 09 05:30:03 UTC 2026][INFO] [Action] E UpdateStyle - (c,316241,2),42:1.250000:2,(r,316241,316241),F
[Wed Sep 09 05:30:04 UTC 2026][INFO] [Action] E UpdateStyle - (c,316241,2),42:1.000000:2,(r,316241,316241),F
[Wed Sep 09 05:30:11 UTC 2026][INFO] [Action] E UpdateStyle - (c,316220,2),42:2.250000:2,(r,316220,316220),F
[Wed Sep 09 05:30:12 UTC 2026][INFO] [Action] E UpdateStyle - (c,316220,2),42:2.000000:2,(r,316220,316220),F
[Wed Sep 09 05:30:12 UTC 2026][INFO] [Action] E UpdateStyle - (c,316220,2),42:1.750000:2,(r,316220,316220),F
[Wed Sep 09 05:30:12 UTC 2026][INFO] [Action] E UpdateStyle - (c,316220,2),42:1.500000:2,(r,316220,316220),F
[Wed Sep 09 05:30:31 UTC 2026][INFO] [Action] E InsertTextContent - (c,316169,1),[>]
[Wed Sep 09 05:30:31 UTC 2026][INFO] [Action] E InsertTextContent - (c,316169,2),[>]
[Wed Sep 09 05:30:31 UTC 2026][INFO] [Action] E InsertTextContent - (c,316170,2),[>]
[Wed Sep 09 05:30:32 UTC 2026][INFO] [Action] E InsertTextContent - (c,316171,2),[>]
[Wed Sep 09 05:30:34 UTC 2026][INFO] [Action] E DeleteContent - (c,316172,2),B
[Wed Sep 09 05:30:34 UTC 2026][INFO] [Action] E InsertTextContent - (c,316172,1),[SPACE]
[Wed Sep 09 05:30:41 UTC 2026][INFO] [Action] E SplitContainer - 316200
[Wed Sep 09 05:30:46 UTC 2026][INFO] [Action] E UpdateStyle - (c,316199,2),42:2.250000:2,(r,316199,316199),F
[Wed Sep 09 05:30:46 UTC 2026][INFO] [Action] E UpdateStyle - (c,316199,2),42:2.000000:2,(r,316199,316199),F
[Wed Sep 09 05:30:47 UTC 2026][INFO] [Action] E UpdateStyle - (c,316199,2),42:1.750000:2,(r,316199,316199),F
[Wed Sep 09 05:30:47 UTC 2026][INFO] [Action] E UpdateStyle - (c,316199,2),42:1.500000:2,(r,316199,316199),F
[Wed Sep 09 05:30:48 UTC 2026][INFO] [Action] E UpdateStyle - (c,316199,2),42:1.250000:2,(r,316199,316199),F
[Wed Sep 09 05:30:49 UTC 2026][INFO] [Action] E UpdateStyle - (c,316199,2),42:1.000000:2,(r,316199,316199),F
[Wed Sep 09 05:30:54 UTC 2026][INFO] [Action] E UpdateStyle - (c,316200,1),42:2.250000:2,(r,316200,316200),F
[Wed Sep 09 05:30:55 UTC 2026][INFO] [Action] E UpdateStyle - (c,316200,1),42:2.000000:2,(r,316200,316200),F
[Wed Sep 09 05:30:55 UTC 2026][INFO] [Action] E UpdateStyle - (c,316200,1),42:1.750000:2,(r,316200,316200),F
[Wed Sep 09 05:30:55 UTC 2026][INFO] [Action] E UpdateStyle - (c,316200,1),42:1.500000:2,(r,316200,316200),F
[Wed Sep 09 05:30:57 UTC 2026][INFO] [Action] E UpdateStyle - (c,316200,1),42:1.250000:2,(r,316200,316200),F
[Wed Sep 09 05:30:57 UTC 2026][INFO] [Action] E UpdateStyle - (c,316200,1),42:1.000000:2,(r,316200,316200),F
[Wed Sep 09 05:31:07 UTC 2026][INFO] [Action] E MergeContainer - 316199,0
[Wed Sep 09 05:31:12 UTC 2026][INFO] [Action] U MergeContainer
[Wed Sep 09 05:31:24 UTC 2026][INFO] [Action] E Cut - (r,316169,316251)
[Wed Sep 09 05:31:30 UTC 2026][INFO] [Action] E AddTextContainer - (c,316168,2),0,0,0
[Wed Sep 09 05:31:30 UTC 2026][INFO] [Action] E AddTextContainer - (c,316169,1),1,0,0
[Wed Sep 09 05:31:39 UTC 2026][INFO] [Action] E Paste - (c,316170,2),84
[Wed Sep 09 05:31:45 UTC 2026][INFO] [Action] E MergeContainer - 316169,1
[Wed Sep 09 05:32:12 UTC 2026][INFO] [Action] E Copy - (r,316169,316199)
[Wed Sep 09 05:32:14 UTC 2026][INFO] [Action] E Cut - (r,316169,316199)
[Wed Sep 09 05:32:19 UTC 2026][INFO] [Action] E Paste - (c,316169,1),31
[Wed Sep 09 05:32:22 UTC 2026][INFO] [Action] U Paste
[Wed Sep 09 05:32:42 UTC 2026][INFO] [Action] E Paste - (c,316169,1),30
[Wed Sep 09 05:32:46 UTC 2026][INFO] [Action] U Paste
[Wed Sep 09 05:32:52 UTC 2026][INFO] [Action] E SplitContainer - 316177
[Wed Sep 09 05:33:03 UTC 2026][INFO] [Action] E UpdateStyle - (r,316176,316177),16:8.000000:2,(r,316176,316177),F
[Wed Sep 09 05:33:08 UTC 2026][INFO] [Action] U UpdateStyle
[Wed Sep 09 05:33:14 UTC 2026][INFO] [Action] E MergeContainer - 316176,0
[Wed Sep 09 05:33:32 UTC 2026][INFO] [Action] E Cut - (r,316169,316220)
[Wed Sep 09 05:33:35 UTC 2026][INFO] [Action] E AddTextContainer - (c,316169,1),1,0,0
[Wed Sep 09 05:33:36 UTC 2026][INFO] [Action] E AddTextContainer - (c,316170,1),1,0,0
[Wed Sep 09 05:33:54 UTC 2026][INFO] [Action] E Paste - (c,316169,1),83
[Wed Sep 09 05:33:57 UTC 2026][INFO] [Action] U Paste
[Wed Sep 09 05:34:00 UTC 2026][INFO] [Action] E AddTextContainer - (c,316169,1),1,0,0
[Wed Sep 09 05:34:01 UTC 2026][INFO] [Action] E AddTextContainer - (c,316170,1),1,0,0
[Wed Sep 09 05:34:01 UTC 2026][INFO] [Action] E AddTextContainer - (c,316171,1),1,0,0
[Wed Sep 09 05:34:02 UTC 2026][INFO] [Action] E AddTextContainer - (c,316172,1),1,0,0
[Wed Sep 09 05:34:10 UTC 2026][INFO] [Action] E Paste - (c,316170,1),83
[Wed Sep 09 05:34:15 UTC 2026][INFO] [Action] E UpdateStyle - (r,316170,316252),11:Bookerly,serif:4,(r,316170,316252),F
[Wed Sep 09 05:34:17 UTC 2026][INFO] [Action] E UpdateStyle - (r,316170,316252),11:AmazonEmber,sans-serif:4,(r,316170,316252),F
[Wed Sep 09 05:34:20 UTC 2026][INFO] [Action] E UpdateStyle - (r,316170,316252),16:10.000000:2,(r,316170,316252),F
[Wed Sep 09 05:34:27 UTC 2026][INFO] [Action] E UpdateStyle - (r,316170,316252),16:8.000000:2,(r,316170,316252),F
[Wed Sep 09 05:34:31 UTC 2026][INFO] [Action] E DeleteContent - (r,316217,316217),F
[Wed Sep 09 05:34:34 UTC 2026][INFO] [Action] U DeleteContent
[Wed Sep 09 05:34:40 UTC 2026][INFO] [Action] E UpdateStyle - (r,316170,316204),34:59:3,(r,316170,316204),F
[Wed Sep 09 05:34:43 UTC 2026][INFO] [Action] E UpdateStyle - (r,316170,316204),48:9.000000:2,(r,316170,316204),F
[Wed Sep 09 05:34:44 UTC 2026][INFO] [Action] E UpdateStyle - (r,316170,316204),48:8.000000:2,(r,316170,316204),F
[Wed Sep 09 05:34:44 UTC 2026][INFO] [Action] E UpdateStyle - (r,316170,316204),48:7.000000:2,(r,316170,316204),F
[Wed Sep 09 05:34:44 UTC 2026][INFO] [Action] E UpdateStyle - (r,316170,316204),48:6.000000:2,(r,316170,316204),F
[Wed Sep 09 05:34:44 UTC 2026][INFO] [Action] E UpdateStyle - (r,316170,316204),48:5.000000:2,(r,316170,316204),F
[Wed Sep 09 05:34:44 UTC 2026][INFO] [Action] E UpdateStyle - (r,316170,316204),48:4.000000:2,(r,316170,316204),F
[Wed Sep 09 05:34:44 UTC 2026][INFO] [Action] E UpdateStyle - (r,316170,316204),48:3.000000:2,(r,316170,316204),F
[Wed Sep 09 05:34:45 UTC 2026][INFO] [Action] E UpdateStyle - (r,316170,316204),48:2.000000:2,(r,316170,316204),F
[Wed Sep 09 05:34:45 UTC 2026][INFO] [Action] E UpdateStyle - (r,316170,316204),48:1.000000:2,(r,316170,316204),F
[Wed Sep 09 05:34:45 UTC 2026][INFO] [Action] E UpdateStyle - (r,316170,316204),48:0.000000:2,(r,316170,316204),F
[Wed Sep 09 05:34:52 UTC 2026][INFO] [Action] E UpdateStyle - (c,316230,2),50:9.000000:2,(r,316230,316230),F
[Wed Sep 09 05:34:53 UTC 2026][INFO] [Action] E UpdateStyle - (c,316230,2),50:8.000000:2,(r,316230,316230),F
[Wed Sep 09 05:34:53 UTC 2026][INFO] [Action] E UpdateStyle - (c,316230,2),50:7.000000:2,(r,316230,316230),F
[Wed Sep 09 05:34:54 UTC 2026][INFO] [Action] E UpdateStyle - (c,316230,2),50:6.000000:2,(r,316230,316230),F
[Wed Sep 09 05:34:54 UTC 2026][INFO] [Action] E UpdateStyle - (c,316230,2),50:5.000000:2,(r,316230,316230),F
[Wed Sep 09 05:34:54 UTC 2026][INFO] [Action] E UpdateStyle - (c,316230,2),50:4.000000:2,(r,316230,316230),F
[Wed Sep 09 05:34:54 UTC 2026][INFO] [Action] E UpdateStyle - (c,316230,2),50:3.000000:2,(r,316230,316230),F
[Wed Sep 09 05:34:54 UTC 2026][INFO] [Action] E UpdateStyle - (c,316230,2),50:2.000000:2,(r,316230,316230),F
[Wed Sep 09 05:34:55 UTC 2026][INFO] [Action] E UpdateStyle - (c,316230,2),50:1.000000:2,(r,316230,316230),F
[Wed Sep 09 05:34:55 UTC 2026][INFO] [Action] E UpdateStyle - (c,316230,2),50:0.000000:2,(r,316230,316230),F
[Wed Sep 09 05:35:09 UTC 2026][INFO] [Action] E SplitContainer - 316217
[Wed Sep 09 05:35:16 UTC 2026][INFO] [Action] E UpdateStyle - (c,316217,1),48:1.000000:2,(r,316217,316217),F
[Wed Sep 09 05:35:16 UTC 2026][INFO] [Action] E UpdateStyle - (c,316217,1),48:2.000000:2,(r,316217,316217),F
[Wed Sep 09 05:35:16 UTC 2026][INFO] [Action] E UpdateStyle - (c,316217,1),48:3.000000:2,(r,316217,316217),F
[Wed Sep 09 05:35:17 UTC 2026][INFO] [Action] E UpdateStyle - (c,316217,1),48:4.000000:2,(r,316217,316217),F
[Wed Sep 09 05:35:17 UTC 2026][INFO] [Action] E UpdateStyle - (c,316217,1),48:5.000000:2,(r,316217,316217),F
[Wed Sep 09 05:35:17 UTC 2026][INFO] [Action] E UpdateStyle - (c,316217,1),48:6.000000:2,(r,316217,316217),F
[Wed Sep 09 05:35:19 UTC 2026][INFO] [Action] E UpdateStyle - (c,316217,1),48:5.000000:2,(r,316217,316217),F
[Wed Sep 09 05:35:45 UTC 2026][INFO] [Action] E Paste - (r,316217,316251),35
[Wed Sep 09 05:35:48 UTC 2026][INFO] [Action] U Paste
[Wed Sep 09 05:36:00 UTC 2026][INFO] [Action] E UpdateStyle - (r,316170,316217),48:1.000000:2,(r,316170,316217),F
[Wed Sep 09 05:36:00 UTC 2026][INFO] [Action] E UpdateStyle - (r,316170,316217),48:2.000000:2,(r,316170,316217),F
[Wed Sep 09 05:36:00 UTC 2026][INFO] [Action] E UpdateStyle - (r,316170,316217),48:3.000000:2,(r,316170,316217),F
[Wed Sep 09 05:36:01 UTC 2026][INFO] [Action] E UpdateStyle - (r,316170,316217),48:4.000000:2,(r,316170,316217),F
[Wed Sep 09 05:36:01 UTC 2026][INFO] [Action] E UpdateStyle - (r,316170,316217),48:5.000000:2,(r,316170,316217),F
[Wed Sep 09 05:36:01 UTC 2026][INFO] [Action] E UpdateStyle - (r,316170,316217),48:6.000000:2,(r,316170,316217),F
[Wed Sep 09 05:36:01 UTC 2026][INFO] [Action] E UpdateStyle - (r,316170,316217),48:7.000000:2,(r,316170,316217),F
[Wed Sep 09 05:36:01 UTC 2026][INFO] [Action] E UpdateStyle - (r,316170,316217),48:8.000000:2,(r,316170,316217),F
[Wed Sep 09 05:36:01 UTC 2026][INFO] [Action] E UpdateStyle - (r,316170,316217),48:9.000000:2,(r,316170,316217),F
[Wed Sep 09 05:36:02 UTC 2026][INFO] [Action] E UpdateStyle - (r,316170,316217),48:10.000000:2,(r,316170,316217),F
[Wed Sep 09 05:36:02 UTC 2026][INFO] [Action] E UpdateStyle - (r,316170,316217),48:11.000000:2,(r,316170,316217),F
[Wed Sep 09 05:36:02 UTC 2026][INFO] [Action] E UpdateStyle - (r,316170,316217),48:12.000000:2,(r,316170,316217),F
[Wed Sep 09 05:36:02 UTC 2026][INFO] [Action] E UpdateStyle - (r,316170,316217),48:13.000000:2,(r,316170,316217),F
[Wed Sep 09 05:36:02 UTC 2026][INFO] [Action] E UpdateStyle - (r,316170,316217),48:14.000000:2,(r,316170,316217),F
[Wed Sep 09 05:36:03 UTC 2026][INFO] [Action] E UpdateStyle - (r,316170,316217),48:15.000000:2,(r,316170,316217),F
[Wed Sep 09 05:36:03 UTC 2026][INFO] [Action] E UpdateStyle - (r,316170,316217),48:16.000000:2,(r,316170,316217),F
[Wed Sep 09 05:36:03 UTC 2026][INFO] [Action] E UpdateStyle - (r,316170,316217),48:17.000000:2,(r,316170,316217),F
[Wed Sep 09 05:36:57 UTC 2026][INFO] [Action] U UpdateStyle
[Wed Sep 09 05:36:57 UTC 2026][INFO] [Action] U UpdateStyle
[Wed Sep 09 05:36:57 UTC 2026][INFO] [Action] U UpdateStyle
[Wed Sep 09 05:36:57 UTC 2026][INFO] [Action] U UpdateStyle
[Wed Sep 09 05:36:57 UTC 2026][INFO] [Action] U UpdateStyle
[Wed Sep 09 05:36:58 UTC 2026][INFO] [Action] U UpdateStyle
[Wed Sep 09 05:36:58 UTC 2026][INFO] [Action] U UpdateStyle
[Wed Sep 09 05:36:58 UTC 2026][INFO] [Action] U UpdateStyle
[Wed Sep 09 05:36:58 UTC 2026][INFO] [Action] U UpdateStyle
[Wed Sep 09 05:36:58 UTC 2026][INFO] [Action] U UpdateStyle
[Wed Sep 09 05:36:58 UTC 2026][INFO] [Action] U UpdateStyle
[Wed Sep 09 05:36:59 UTC 2026][INFO] [Action] U UpdateStyle
[Wed Sep 09 05:36:59 UTC 2026][INFO] [Action] U UpdateStyle
[Wed Sep 09 05:36:59 UTC 2026][INFO] [Action] U UpdateStyle
[Wed Sep 09 05:36:59 UTC 2026][INFO] [Action] U UpdateStyle
[Wed Sep 09 05:36:59 UTC 2026][INFO] [Action] U UpdateStyle
[Wed Sep 09 05:37:00 UTC 2026][INFO] [Action] U UpdateStyle
[Wed Sep 09 05:37:00 UTC 2026][INFO] [Action] U UpdateStyle
[Wed Sep 09 05:37:00 UTC 2026][INFO] [Action] U UpdateStyle
[Wed Sep 09 05:37:00 UTC 2026][INFO] [Action] U UpdateStyle
[Wed Sep 09 05:37:01 UTC 2026][INFO] [Action] U UpdateStyle
[Wed Sep 09 05:37:01 UTC 2026][INFO] [Action] U UpdateStyle
[Wed Sep 09 05:37:01 UTC 2026][INFO] [Action] U UpdateStyle
[Wed Sep 09 05:37:01 UTC 2026][INFO] [Action] U UpdateStyle
[Wed Sep 09 05:37:01 UTC 2026][INFO] [Action] U SplitContainer
[Wed Sep 09 05:37:14 UTC 2026][INFO] [Action] E UpdateStyle - (c,316239,1),48:1.000000:2,(r,316239,316239),F
[Wed Sep 09 05:37:14 UTC 2026][INFO] [Action] E UpdateStyle - (c,316239,1),48:2.000000:2,(r,316239,316239),F
[Wed Sep 09 05:37:17 UTC 2026][INFO] [Action] E UpdateStyle - (c,316239,1),48:1.000000:2,(r,316239,316239),F
[Wed Sep 09 05:37:17 UTC 2026][INFO] [Action] E UpdateStyle - (c,316239,1),48:0.000000:2,(r,316239,316239),F
[Wed Sep 09 05:37:21 UTC 2026][INFO] [Action] E SplitContainer - 316239
[Wed Sep 09 05:37:24 UTC 2026][INFO] [Action] E UpdateStyle - (c,316239,1),48:1.000000:2,(r,316239,316239),F
[Wed Sep 09 05:37:24 UTC 2026][INFO] [Action] E UpdateStyle - (c,316239,1),48:2.000000:2,(r,316239,316239),F
[Wed Sep 09 05:37:25 UTC 2026][INFO] [Action] E UpdateStyle - (c,316239,1),48:3.000000:2,(r,316239,316239),F
[Wed Sep 09 05:37:25 UTC 2026][INFO] [Action] E UpdateStyle - (c,316239,1),48:4.000000:2,(r,316239,316239),F
[Wed Sep 09 05:37:25 UTC 2026][INFO] [Action] E UpdateStyle - (c,316239,1),48:5.000000:2,(r,316239,316239),F
[Wed Sep 09 05:37:26 UTC 2026][INFO] [Action] E UpdateStyle - (c,316239,1),48:6.000000:2,(r,316239,316239),F
[Wed Sep 09 05:37:27 UTC 2026][INFO] [Action] E UpdateStyle - (c,316239,1),48:5.000000:2,(r,316239,316239),F
[Wed Sep 09 05:37:42 UTC 2026][INFO] [Action] E InsertTextContent - (c,316239,1),[SPACE]
[Wed Sep 09 05:37:48 UTC 2026][INFO] [Action] E UpdateStyle - (r,316239,316239),16:8.000000:2,(r,316239,316239),F
[Wed Sep 09 05:37:55 UTC 2026][INFO] [Action] E InsertTextContent - (c,316172,2),[SPACE]
[Wed Sep 09 05:38:10 UTC 2026][INFO] [Action] E UpdateStyle - (r,316240,316240),16:12.000000:2,(r,316240,316240),F
[Wed Sep 09 05:38:22 UTC 2026][INFO] [Action] E DeleteContent - (c,316255,2),B
[Wed Sep 09 05:38:34 UTC 2026][INFO] [Action] E SplitContainer - 316218
[Wed Sep 09 05:38:38 UTC 2026][INFO] [Action] E UpdateStyle - (c,316218,1),48:1.000000:2,(r,316218,316218),F
[Wed Sep 09 05:38:38 UTC 2026][INFO] [Action] E UpdateStyle - (c,316218,1),48:2.000000:2,(r,316218,316218),F
[Wed Sep 09 05:38:38 UTC 2026][INFO] [Action] E UpdateStyle - (c,316218,1),48:3.000000:2,(r,316218,316218),F
[Wed Sep 09 05:38:39 UTC 2026][INFO] [Action] E UpdateStyle - (c,316218,1),48:4.000000:2,(r,316218,316218),F
[Wed Sep 09 05:38:39 UTC 2026][INFO] [Action] E UpdateStyle - (c,316218,1),48:5.000000:2,(r,316218,316218),F
[Wed Sep 09 05:38:39 UTC 2026][INFO] [Action] E UpdateStyle - (c,316218,1),48:6.000000:2,(r,316218,316218),F
[Wed Sep 09 05:38:43 UTC 2026][INFO] [Action] E MergeContainer - 316239,0
[Wed Sep 09 05:38:53 UTC 2026][INFO] [Action] E InsertTextContent - (c,316239,1),[SPACE]
[Wed Sep 09 05:38:54 UTC 2026][INFO] [Action] E InsertTextContent - (c,316239,2),[SPACE]
[Wed Sep 09 05:38:57 UTC 2026][INFO] [Action] U InsertTextContent
[Wed Sep 09 05:39:23 UTC 2026][INFO] [Action] E UpdateStyle - (c,316708,2),42:1.500000:2,(r,316708,316708),F
[Wed Sep 09 05:39:24 UTC 2026][INFO] [Action] E UpdateStyle - (c,316708,2),42:1.250000:2,(r,316708,316708),F
[Wed Sep 09 05:39:25 UTC 2026][INFO] [Action] E UpdateStyle - (c,316708,2),42:1.000000:2,(r,316708,316708),F
[Wed Sep 09 05:39:34 UTC 2026][INFO] [Action] E DeleteContent - (r,316665,316665),F
[Wed Sep 09 05:39:37 UTC 2026][INFO] [Action] U DeleteContent
[Wed Sep 09 05:39:42 UTC 2026][INFO] [Action] E UpdateStyle - (c,316718,2),42:1.500000:2,(r,316718,316718),F
[Wed Sep 09 05:39:43 UTC 2026][INFO] [Action] E UpdateStyle - (c,316718,2),42:1.250000:2,(r,316718,316718),F
[Wed Sep 09 05:39:43 UTC 2026][INFO] [Action] E UpdateStyle - (c,316718,2),42:1.000000:2,(r,316718,316718),F
[Wed Sep 09 05:39:54 UTC 2026][INFO] [Action] E UpdateStyle - (c,316718,2),49:0.250000:2,(r,316718,316718),F
[Wed Sep 09 05:39:54 UTC 2026][INFO] [Action] E UpdateStyle - (c,316718,2),49:0.500000:2,(r,316718,316718),F
[Wed Sep 09 05:40:01 UTC 2026][INFO] [Action] E UpdateStyle - (c,318239,2),49:0.250000:2,(r,318239,318239),F
[Wed Sep 09 05:40:02 UTC 2026][INFO] [Action] E UpdateStyle - (c,318239,2),49:0.500000:2,(r,318239,318239),F
[Wed Sep 09 05:40:04 UTC 2026][INFO] [Action] E UpdateStyle - (c,318239,2),49:0.750000:2,(r,318239,318239),F
[Wed Sep 09 05:40:04 UTC 2026][INFO] [Action] E UpdateStyle - (c,318239,2),49:1.000000:2,(r,318239,318239),F
[Wed Sep 09 05:40:04 UTC 2026][INFO] [Action] E UpdateStyle - (c,318239,2),49:1.250000:2,(r,318239,318239),F
[Wed Sep 09 05:40:04 UTC 2026][INFO] [Action] E UpdateStyle - (c,318239,2),49:1.500000:2,(r,318239,318239),F
[Wed Sep 09 05:40:04 UTC 2026][INFO] [Action] E UpdateStyle - (c,318239,2),49:1.750000:2,(r,318239,318239),F
[Wed Sep 09 05:40:04 UTC 2026][INFO] [Action] E UpdateStyle - (c,318239,2),49:2.000000:2,(r,318239,318239),F
[Wed Sep 09 05:40:05 UTC 2026][INFO] [Action] E UpdateStyle - (c,318239,2),49:2.250000:2,(r,318239,318239),F
[Wed Sep 09 05:40:29 UTC 2026][INFO] [Action] E UpdateStyle - (c,318880,2),49:1.500000:2,(r,318880,318880),F
[Wed Sep 09 05:40:30 UTC 2026][INFO] [Action] E UpdateStyle - (c,318880,2),49:1.250000:2,(r,318880,318880),F
[Wed Sep 09 05:40:30 UTC 2026][INFO] [Action] E UpdateStyle - (c,318880,2),49:1.000000:2,(r,318880,318880),F
[Wed Sep 09 05:40:30 UTC 2026][INFO] [Action] E UpdateStyle - (c,318880,2),49:0.750000:2,(r,318880,318880),F
[Wed Sep 09 05:40:31 UTC 2026][INFO] [Action] E UpdateStyle - (c,318880,2),49:0.500000:2,(r,318880,318880),F
[Wed Sep 09 05:40:31 UTC 2026][INFO] [Action] E UpdateStyle - (c,318880,2),49:0.250000:2,(r,318880,318880),F
[Wed Sep 09 05:40:32 UTC 2026][INFO] [Action] E UpdateStyle - (c,318880,2),49:0.000000:2,(r,318880,318880),F
[Wed Sep 09 05:40:35 UTC 2026][INFO] [Action] E UpdateStyle - (c,318880,2),49:0.250000:2,(r,318880,318880),F
[Wed Sep 09 05:40:44 UTC 2026][INFO] [Action] E UpdateStyle - (r,318881,318925),16:10.000000:2,(r,318881,318925),F
[Wed Sep 09 05:40:57 UTC 2026][INFO] [Action] E AddTextContainer - (c,320189,1),1,0,0
[Wed Sep 09 05:41:48 UTC 2026][INFO] [Action] E DeleteContent - (r,318927,320188),B
[Wed Sep 09 05:41:55 UTC 2026][INFO] [Action] U DeleteContent
[Wed Sep 09 05:42:08 UTC 2026][INFO] [Action] E SplitContainer - 327360
[Wed Sep 09 05:42:14 UTC 2026][INFO] [Action] E UpdateStyle - (c,327360,1),34:320:3,(r,327360,327360),F
[Wed Sep 09 05:42:17 UTC 2026][INFO] [Action] E UpdateStyle - (c,327359,2),49:0.250000:2,(r,327359,327359),F
[Wed Sep 09 05:42:17 UTC 2026][INFO] [Action] E UpdateStyle - (c,327359,2),49:0.500000:2,(r,327359,327359),F
[Wed Sep 09 05:42:22 UTC 2026][INFO] [Action] E UpdateStyle - (c,327400,2),49:0.250000:2,(r,327400,327400),F
[Wed Sep 09 05:42:22 UTC 2026][INFO] [Action] E UpdateStyle - (c,327400,2),49:0.500000:2,(r,327400,327400),F
[Wed Sep 09 05:42:34 UTC 2026][INFO] [Action] E DeleteContent - (r,327400,327400),F
[Wed Sep 09 05:42:44 UTC 2026][INFO] [Action] E UpdateStyle - (c,327543,2),49:0.250000:2,(r,327543,327543),F
[Wed Sep 09 05:42:52 UTC 2026][INFO] [Action] E UpdateStyle - (c,327453,1),48:1.000000:2,(r,327453,327453),F
[Wed Sep 09 05:42:52 UTC 2026][INFO] [Action] E UpdateStyle - (c,327453,1),48:2.000000:2,(r,327453,327453),F
[Wed Sep 09 05:42:52 UTC 2026][INFO] [Action] E UpdateStyle - (c,327453,1),48:3.000000:2,(r,327453,327453),F
[Wed Sep 09 05:42:52 UTC 2026][INFO] [Action] E UpdateStyle - (c,327453,1),48:4.000000:2,(r,327453,327453),F
[Wed Sep 09 05:42:53 UTC 2026][INFO] [Action] E UpdateStyle - (c,327453,1),48:5.000000:2,(r,327453,327453),F
[Wed Sep 09 05:42:53 UTC 2026][INFO] [Action] E UpdateStyle - (c,327453,1),48:6.000000:2,(r,327453,327453),F
[Wed Sep 09 05:42:53 UTC 2026][INFO] [Action] E UpdateStyle - (c,327453,1),48:7.000000:2,(r,327453,327453),F
[Wed Sep 09 05:42:53 UTC 2026][INFO] [Action] E UpdateStyle - (c,327453,1),48:8.000000:2,(r,327453,327453),F
[Wed Sep 09 05:43:09 UTC 2026][INFO] [Action] E UpdateStyle - (c,327658,2),49:0.000000:2,(r,327658,327658),F
[Wed Sep 09 05:43:27 UTC 2026][INFO] [Action] E UpdateStyle - (r,327787,328383),16:10.000000:2,(r,327787,328383),F
[Wed Sep 09 05:43:33 UTC 2026][INFO] [Action] E UpdateStyle - (r,328384,328450),16:10.000000:2,(r,328384,328450),F
[Wed Sep 09 05:43:41 UTC 2026][INFO] [Action] E UpdateStyle - (r,327787,328450),16:1.000000:2,(r,327787,328450),F
[Wed Sep 09 05:43:42 UTC 2026][INFO] [Action] E UpdateStyle - (r,327787,328450),16:1.000000:2,(r,327787,328450),F
[Wed Sep 09 05:43:50 UTC 2026][INFO] [Action] U UpdateStyle
[Wed Sep 09 05:43:51 UTC 2026][INFO] [Action] U UpdateStyle
[Wed Sep 09 05:43:57 UTC 2026][INFO] [Action] E UpdateStyle - (r,327787,328450),16:1.000000:2,(r,327787,328450),F
[Wed Sep 09 05:43:58 UTC 2026][INFO] [Action] E UpdateStyle - (r,327787,328450),16:1.000000:2,(r,327787,328450),F
[Wed Sep 09 05:44:03 UTC 2026][INFO] [Action] U UpdateStyle
[Wed Sep 09 05:44:03 UTC 2026][INFO] [Action] U UpdateStyle
[Wed Sep 09 05:44:09 UTC 2026][INFO] [Action] E UpdateStyle - (r,327787,328450),16:10.000000:2,(r,327787,328450),F
[Wed Sep 09 05:44:12 UTC 2026][INFO] [Action] E UpdateStyle - (r,327787,328450),16:12.000000:2,(r,327787,328450),F
[Wed Sep 09 05:44:15 UTC 2026][INFO] [Action] E UpdateStyle - (r,327787,328450),16:10.000000:2,(r,327787,328450),F
[Wed Sep 09 05:44:30 UTC 2026][INFO] [Action] E UpdateStyle - (c,327659,1),47:0.750000:2,(r,327659,327659),F
[Wed Sep 09 05:44:31 UTC 2026][INFO] [Action] E UpdateStyle - (c,327659,1),47:0.500000:2,(r,327659,327659),F
[Wed Sep 09 05:44:31 UTC 2026][INFO] [Action] E UpdateStyle - (c,327659,1),47:0.250000:2,(r,327659,327659),F
[Wed Sep 09 05:44:40 UTC 2026][INFO] [Action] E UpdateStyle - (r,327360,327399),16:10.000000:2,(r,327360,327399),F
[Wed Sep 09 05:44:43 UTC 2026][INFO] [Action] E UpdateStyle - (r,327360,327399),13:361:3,(r,327360,327399),F
[Wed Sep 09 05:44:52 UTC 2026][INFO] [Action] E UpdateStyle - (r,327787,328383),16:12.000000:2,(r,327787,328383),F
[Wed Sep 09 05:45:00 UTC 2026][INFO] [Action] E UpdateStyle - (r,328383,328450),16:12.000000:2,(r,328383,328450),F
[Wed Sep 09 05:45:47 UTC 2026][INFO] [Action] E InsertTextContent - (r,327401,327420),[h]
[Wed Sep 09 05:45:48 UTC 2026][INFO] [Action] E InsertTextContent - (c,327401,2),[e]
[Wed Sep 09 05:45:53 UTC 2026][INFO] [Action] E InsertTextContent - (r,327405,327413),[s]
[Wed Sep 09 05:45:55 UTC 2026][INFO] [Action] E InsertTextContent - (c,327405,2),[SPACE]
[Wed Sep 09 05:45:56 UTC 2026][INFO] [Action] E InsertTextContent - (c,327427,2),[SPACE]
[Wed Sep 09 05:45:58 UTC 2026][INFO] [Action] E MergeContainer - 327428,0
[Wed Sep 09 05:46:04 UTC 2026][INFO] [Action] E InsertTextContent - (c,327473,2),[SPACE]
[Wed Sep 09 05:46:05 UTC 2026][INFO] [Action] E MergeContainer - 327474,0
[Wed Sep 09 05:46:11 UTC 2026][INFO] [Action] E InsertTextContent - (r,327473,327474),[SPACE]
[Wed Sep 09 05:46:13 UTC 2026][INFO] [Action] E DeleteContent - (c,327473,2),B
[Wed Sep 09 05:46:14 UTC 2026][INFO] [Action] E InsertTextContent - (c,327473,1),[SPACE]
[Wed Sep 09 05:46:29 UTC 2026][INFO] [Action] E DeleteContent - (c,327518,2),B
[Wed Sep 09 05:46:30 UTC 2026][INFO] [Action] E DeleteContent - (c,327518,1),B
[Wed Sep 09 05:46:31 UTC 2026][INFO] [Action] E DeleteContent - (c,327517,1),B
[Wed Sep 09 05:46:31 UTC 2026][INFO] [Action] E DeleteContent - (c,327516,1),B
[Wed Sep 09 05:46:31 UTC 2026][INFO] [Action] E DeleteContent - (c,327515,1),B
[Wed Sep 09 05:46:31 UTC 2026][INFO] [Action] E DeleteContent - (c,327514,1),B
[Wed Sep 09 05:46:32 UTC 2026][INFO] [Action] E DeleteContent - (c,327513,1),B
[Wed Sep 09 05:46:32 UTC 2026][INFO] [Action] E DeleteContent - (c,327512,1),B
[Wed Sep 09 05:46:32 UTC 2026][INFO] [Action] E DeleteContent - (c,327511,1),B
[Wed Sep 09 05:46:32 UTC 2026][INFO] [Action] E DeleteContent - (c,327510,1),B
[Wed Sep 09 05:46:33 UTC 2026][INFO] [Action] E DeleteContent - (c,327509,1),B
[Wed Sep 09 05:46:33 UTC 2026][INFO] [Action] E DeleteContent - (c,327508,1),B
[Wed Sep 09 05:46:37 UTC 2026][INFO] [Action] E UpdateStyle - (c,327507,2),49:0.250000:2,(r,327507,327507),F
[Wed Sep 09 05:46:45 UTC 2026][INFO] [Action] E UpdateStyle - (c,328414,2),49:1.000000:2,(r,328414,328414),F
[Wed Sep 09 05:46:46 UTC 2026][INFO] [Action] E UpdateStyle - (c,328414,2),49:1.250000:2,(r,328414,328414),F
[Wed Sep 09 05:46:46 UTC 2026][INFO] [Action] E UpdateStyle - (c,328414,2),49:1.500000:2,(r,328414,328414),F
[Wed Sep 09 05:46:46 UTC 2026][INFO] [Action] E UpdateStyle - (c,328414,2),49:1.750000:2,(r,328414,328414),F
[Wed Sep 09 05:46:46 UTC 2026][INFO] [Action] E UpdateStyle - (c,328414,2),49:2.000000:2,(r,328414,328414),F
[Wed Sep 09 05:47:00 UTC 2026][INFO] [Action] E UpdateStyle - (c,328415,1),47:1.250000:2,(r,328415,328415),F
[Wed Sep 09 05:47:01 UTC 2026][INFO] [Action] E UpdateStyle - (c,328415,1),47:1.500000:2,(r,328415,328415),F
[Wed Sep 09 05:47:01 UTC 2026][INFO] [Action] E UpdateStyle - (c,328415,1),47:1.750000:2,(r,328415,328415),F
[Wed Sep 09 05:47:01 UTC 2026][INFO] [Action] E UpdateStyle - (c,328415,1),47:2.000000:2,(r,328415,328415),F
[Wed Sep 09 05:47:01 UTC 2026][INFO] [Action] E UpdateStyle - (c,328415,1),47:2.250000:2,(r,328415,328415),F
[Wed Sep 09 05:47:04 UTC 2026][INFO] [Action] E UpdateStyle - (c,328415,1),49:0.250000:2,(r,328415,328415),F
[Wed Sep 09 05:47:04 UTC 2026][INFO] [Action] E UpdateStyle - (c,328415,1),49:0.500000:2,(r,328415,328415),F
[Wed Sep 09 05:47:12 UTC 2026][INFO] [Action] E AddTextContainer - (c,328415,1),1,0,0
[Wed Sep 09 05:47:18 UTC 2026][INFO] [Action] E ItemChanged - -1,328888
[Wed Sep 09 05:47:26 UTC 2026][INFO] [Action] E AddTextContainer - (c,329883,2),0,0,0
[Wed Sep 09 05:47:27 UTC 2026][INFO] [Action] E AddTextContainer - (c,329884,1),1,0,0
[Wed Sep 09 05:47:27 UTC 2026][INFO] [Action] E AddTextContainer - (c,329885,1),1,0,0
[Wed Sep 09 05:47:28 UTC 2026][INFO] [Action] E AddTextContainer - (c,329886,1),1,0,0
[Wed Sep 09 05:47:31 UTC 2026][INFO] [Action] E UpdateStyle - (c,329887,1),49:0.250000:2,(r,329888,329888),F
[Wed Sep 09 05:47:32 UTC 2026][INFO] [Action] E UpdateStyle - (c,329887,1),49:0.250000:2,(r,329888,329888),F
[Wed Sep 09 05:47:32 UTC 2026][INFO] [Action] E UpdateStyle - (c,329887,1),49:0.250000:2,(r,329888,329888),F
[Wed Sep 09 05:47:33 UTC 2026][INFO] [Action] E UpdateStyle - (c,329887,1),49:0.250000:2,(r,329888,329888),F
[Wed Sep 09 05:47:33 UTC 2026][INFO] [Action] E UpdateStyle - (c,329887,1),49:0.250000:2,(r,329888,329888),F
[Wed Sep 09 05:47:33 UTC 2026][INFO] [Action] E UpdateStyle - (c,329887,1),49:0.250000:2,(r,329888,329888),F
[Wed Sep 09 05:47:37 UTC 2026][INFO] [Action] E UpdateStyle - (c,328903,2),49:0.250000:2,(r,328903,328903),F
[Wed Sep 09 05:47:38 UTC 2026][INFO] [Action] E UpdateStyle - (c,328903,2),49:0.500000:2,(r,328903,328903),F
[Wed Sep 09 05:47:54 UTC 2026][INFO] [Action] E ItemChanged - -1,330512
[Wed Sep 09 05:48:08 UTC 2026][INFO] [Action] E AddTextContainer - (c,331386,2),0,0,0
[Wed Sep 09 05:48:09 UTC 2026][INFO] [Action] E AddTextContainer - (c,331387,1),1,0,0
[Wed Sep 09 05:48:09 UTC 2026][INFO] [Action] E AddTextContainer - (c,331388,1),1,0,0
[Wed Sep 09 05:48:09 UTC 2026][INFO] [Action] E AddTextContainer - (c,331389,1),1,0,0
[Wed Sep 09 05:48:10 UTC 2026][INFO] [Action] E AddTextContainer - (c,331390,1),1,0,0
[Wed Sep 09 05:48:10 UTC 2026][INFO] [Action] E AddTextContainer - (c,331391,1),1,0,0
[Wed Sep 09 05:49:37 UTC 2026][INFO] [Action] EE InsertImageAction - (c,331392,1),ribbackcover.png,3,1,0.000000,0.000000,0.000000,0.000000,0.000000,0.000000,0
[Wed Sep 09 05:49:40 UTC 2026][INFO] [Action] EE UpdateImageAction - (r,331392,331392),[56:100.000000],4,1,0.000000,0.000000,0.000000,0.000000,0.000000,0.000000,0
[Wed Sep 09 05:49:55 UTC 2026][INFO] [Action] E RemoveSectionBreak - 331393,1
[Wed Sep 09 05:49:55 UTC 2026][INFO] [Action] EFail RemoveSectionBreak - 4
[Wed Sep 09 05:49:57 UTC 2026][INFO] [Action] E MergeContainer - 331393,1
[Wed Sep 09 05:49:59 UTC 2026][INFO] [Action] E MergeContainer - 331393,1
[Wed Sep 09 05:50:12 UTC 2026][INFO] [Action] E RemoveSectionBreak - 331393,1
[Wed Sep 09 05:50:12 UTC 2026][INFO] [Action] EFail RemoveSectionBreak - 4
[Wed Sep 09 05:50:13 UTC 2026][INFO] [Action] E MergeContainer - 331393,1
[Wed Sep 09 05:50:42 UTC 2026][INFO] [Action] E UpdateStyle - (c,330523,2),47:0.250000:2,(r,330523,330523),F
[Wed Sep 09 05:50:43 UTC 2026][INFO] [Action] E UpdateStyle - (c,330523,2),47:0.500000:2,(r,330523,330523),F
[Wed Sep 09 05:50:43 UTC 2026][INFO] [Action] E UpdateStyle - (c,330523,2),47:0.750000:2,(r,330523,330523),F
[Wed Sep 09 05:50:44 UTC 2026][INFO] [Action] E UpdateStyle - (c,330523,2),47:1.000000:2,(r,330523,330523),F
[Wed Sep 09 05:50:44 UTC 2026][INFO] [Action] E UpdateStyle - (c,330523,2),47:1.250000:2,(r,330523,330523),F
[Wed Sep 09 05:50:46 UTC 2026][INFO] [Action] E UpdateStyle - (c,330523,2),49:0.250000:2,(r,330523,330523),F
[Wed Sep 09 05:50:50 UTC 2026][INFO] [Action] E UpdateStyle - (c,330993,2),49:0.250000:2,(r,330993,330993),F
[Wed Sep 09 05:50:52 UTC 2026][INFO] [Action] E UpdateStyle - (c,330993,2),47:2.000000:2,(r,330993,330993),F
[Wed Sep 09 05:50:52 UTC 2026][INFO] [Action] E UpdateStyle - (c,330993,2),47:2.250000:2,(r,330993,330993),F
[Wed Sep 09 05:50:53 UTC 2026][INFO] [Action] E UpdateStyle - (c,330993,2),47:2.500000:2,(r,330993,330993),F
[Wed Sep 09 05:50:56 UTC 2026][INFO] [Action] E MergeContainer - 331388,0
[Wed Sep 09 05:50:58 UTC 2026][INFO] [Action] E MergeContainer - 331388,0
[Wed Sep 09 05:50:58 UTC 2026][INFO] [Action] E MergeContainer - 331388,0
[Wed Sep 09 05:51:00 UTC 2026][INFO] [Action] E MergeContainer - 331388,0
[Wed Sep 09 05:51:06 UTC 2026][INFO] [Action] U MergeContainer
[Wed Sep 09 05:51:08 UTC 2026][INFO] [Action] U MergeContainer
[Wed Sep 09 05:51:11 UTC 2026][INFO] [Action] R MergeContainer
[Wed Sep 09 05:51:16 UTC 2026][INFO] [Action] R MergeContainer
[Wed Sep 09 05:51:31 UTC 2026][INFO] [Action] E UpdateStyle - (c,329888,1),47:2.250000:2,(r,329888,329888),F
[Wed Sep 09 05:51:31 UTC 2026][INFO] [Action] E UpdateStyle - (c,329888,1),47:2.500000:2,(r,329888,329888),F
[Wed Sep 09 05:51:31 UTC 2026][INFO] [Action] E UpdateStyle - (c,329888,1),47:2.750000:2,(r,329888,329888),F
[Wed Sep 09 05:51:39 UTC 2026][INFO] [Action] E UpdateStyle - (r,329888,329946),47:3.000000:2,(r,329888,329946),F
[Wed Sep 09 05:51:39 UTC 2026][INFO] [Action] E UpdateStyle - (r,329888,329946),47:3.250000:2,(r,329888,329946),F
[Wed Sep 09 05:51:39 UTC 2026][INFO] [Action] E UpdateStyle - (r,329888,329946),47:3.500000:2,(r,329888,329946),F
[Wed Sep 09 05:51:40 UTC 2026][INFO] [Action] E UpdateStyle - (r,329888,329946),47:3.750000:2,(r,329888,329946),F
[Wed Sep 09 05:51:40 UTC 2026][INFO] [Action] E UpdateStyle - (r,329888,329946),47:4.000000:2,(r,329888,329946),F
[Wed Sep 09 05:51:40 UTC 2026][INFO] [Action] E UpdateStyle - (r,329888,329946),47:4.250000:2,(r,329888,329946),F
[Wed Sep 09 05:51:40 UTC 2026][INFO] [Action] E UpdateStyle - (r,329888,329946),47:4.500000:2,(r,329888,329946),F
[Wed Sep 09 05:51:43 UTC 2026][INFO] [Action] E UpdateStyle - (r,329888,329946),49:0.500000:2,(r,329888,329946),F
[Wed Sep 09 05:51:48 UTC 2026][INFO] [Action] E AddTextContainer - (c,329888,1),1,0,0
[Wed Sep 09 05:51:52 UTC 2026][INFO] [Action] E UpdateStyle - (c,329889,1),47:4.250000:2,(r,329889,329889),F
[Wed Sep 09 05:51:52 UTC 2026][INFO] [Action] E UpdateStyle - (c,329889,1),47:4.000000:2,(r,329889,329889),F
[Wed Sep 09 05:51:53 UTC 2026][INFO] [Action] E UpdateStyle - (c,329889,1),47:3.750000:2,(r,329889,329889),F
[Wed Sep 09 05:51:53 UTC 2026][INFO] [Action] E UpdateStyle - (c,329889,1),47:3.500000:2,(r,329889,329889),F
[Wed Sep 09 05:51:53 UTC 2026][INFO] [Action] E UpdateStyle - (c,329889,1),47:3.250000:2,(r,329889,329889),F
[Wed Sep 09 05:51:53 UTC 2026][INFO] [Action] E UpdateStyle - (c,329889,1),47:3.000000:2,(r,329889,329889),F
[Wed Sep 09 05:51:53 UTC 2026][INFO] [Action] E UpdateStyle - (c,329889,1),47:2.750000:2,(r,329889,329889),F
[Wed Sep 09 05:51:54 UTC 2026][INFO] [Action] E UpdateStyle - (c,329889,1),47:2.500000:2,(r,329889,329889),F
[Wed Sep 09 05:51:58 UTC 2026][INFO] [Action] E ItemChanged - -1,330513
[Wed Sep 09 05:52:03 UTC 2026][INFO] [Action] E ItemChanged - -1,328888
[Wed Sep 09 05:54:41 UTC 2026][INFO] [Action] E SaveBook - Save
[Wed Sep 09 05:54:56 UTC 2026][INFO] [Action] E SaveBook - Save
[Wed Sep 09 05:55:26 UTC 2026][INFO] [Action] E SplitContainer - 328576
[Wed Sep 09 05:55:31 UTC 2026][INFO] [Action] U SplitContainer
[Wed Sep 09 05:55:35 UTC 2026][INFO] [Action] E SplitContainer - 328579
[Wed Sep 09 05:55:45 UTC 2026][INFO] [Action] E DeleteContent - (r,328579,328579),F
[Wed Sep 09 05:56:02 UTC 2026][INFO] [Action] E SplitContainer - 328721
[Wed Sep 09 05:56:05 UTC 2026][INFO] [Action] E UpdateStyle - (c,328721,1),47:0.250000:2,(r,328721,328721),F
[Wed Sep 09 05:56:05 UTC 2026][INFO] [Action] E UpdateStyle - (c,328721,1),47:0.000000:2,(r,328721,328721),F
[Wed Sep 09 05:56:17 UTC 2026][INFO] [Action] E SplitContainer - 328757
[Wed Sep 09 05:56:24 UTC 2026][INFO] [Action] E MergeContainer - 328720,0
[Wed Sep 09 05:56:36 UTC 2026][INFO] [Action] E InsertTextContent - (r,328729,328731),[&]
[Wed Sep 09 05:56:54 UTC 2026][INFO] [Action] E DeleteContent - (c,328754,2),B
[Wed Sep 09 05:56:54 UTC 2026][INFO] [Action] E DeleteContent - (c,328753,2),B
[Wed Sep 09 05:56:54 UTC 2026][INFO] [Action] E DeleteContent - (c,328752,2),B
[Wed Sep 09 05:56:54 UTC 2026][INFO] [Action] E DeleteContent - (c,328751,2),B
[Wed Sep 09 05:57:07 UTC 2026][INFO] [Action] E UpdateStyle - (c,328430,2),49:0.750000:2,(r,328430,328430),F
[Wed Sep 09 05:57:19 UTC 2026][INFO] [Action] E SaveBook - Save
[Wed Sep 09 05:57:50 UTC 2026][INFO] [Action] E InsertTextContent - (c,327750,2),[SPACE]
[Wed Sep 09 05:57:51 UTC 2026][INFO] [Action] E MergeContainer - 327751,0
[Wed Sep 09 05:57:57 UTC 2026][INFO] [Action] E UpdateStyle - (c,327622,2),49:0.250000:2,(r,327622,327622),F
[Wed Sep 09 05:58:05 UTC 2026][INFO] [Action] E UpdateStyle - (c,327399,2),49:0.750000:2,(r,327399,327399),F
[Wed Sep 09 05:58:24 UTC 2026][INFO] [Action] E UpdateStyle - (c,328014,2),49:0.250000:2,(r,328014,328014),F
[Wed Sep 09 05:58:53 UTC 2026][INFO] [Action] E SaveBook - Save
[Wed Sep 09 06:19:11 UTC 2026][INFO] [Action] E SaveBook - Save
[Wed Sep 09 14:06:37 UTC 2026][INFO] [Action] E Copy - (r,312872,312888)
[Wed Sep 09 14:20:11 UTC 2026][INFO] [Action] EE InsertImageAction - (r,312872,312888),formula.jpg,4,1,0.000000,0.000000,0.000000,0.000000,0.000000,0.000000,0
[Wed Sep 09 14:20:22 UTC 2026][INFO] [Action] EE UpdateImageAction - (r,312872,312872),[56:33.000000],1,1,0.000000,0.000000,0.000000,0.000000,0.000000,0.000000,0
[Wed Sep 09 14:20:24 UTC 2026][INFO] [Action] EE UpdateImageAction - (r,312872,312872),[56:50.000000],2,1,0.000000,0.000000,0.000000,0.000000,0.000000,0.000000,0
[Wed Sep 09 14:20:30 UTC 2026][INFO] [Action] EE UpdateImageAction - (r,312872,312872),[56:75.000000],3,1,0.000000,0.000000,0.000000,0.000000,0.000000,0.000000,0
[Wed Sep 09 14:21:00 UTC 2026][INFO] [Action] E UpdateStyle - (c,311814,2),49:0.250000:2,(r,311814,311814),F
[Wed Sep 09 14:21:03 UTC 2026][INFO] [Action] E UpdateStyle - (c,311814,2),49:0.500000:2,(r,311814,311814),F
[Wed Sep 09 14:21:15 UTC 2026][INFO] [Action] E UpdateStyle - (c,311919,1),48:1.000000:2,(r,311919,311919),F
[Wed Sep 09 14:21:15 UTC 2026][INFO] [Action] E UpdateStyle - (c,311919,1),48:2.000000:2,(r,311919,311919),F
[Wed Sep 09 14:21:16 UTC 2026][INFO] [Action] E UpdateStyle - (c,311919,1),48:3.000000:2,(r,311919,311919),F
[Wed Sep 09 14:21:24 UTC 2026][INFO] [Action] E UpdateStyle - (c,311929,2),36:1.000000:2,(r,311929,311929),F
[Wed Sep 09 14:21:30 UTC 2026][INFO] [Action] U UpdateStyle
[Wed Sep 09 14:21:37 UTC 2026][INFO] [Action] E SplitContainer - 311911
[Wed Sep 09 14:21:40 UTC 2026][INFO] [Action] E UpdateStyle - (c,311911,1),36:1.000000:2,(r,311911,311911),F
[Wed Sep 09 14:21:41 UTC 2026][INFO] [Action] E UpdateStyle - (c,311911,1),36:2.000000:2,(r,311911,311911),F
[Wed Sep 09 14:21:41 UTC 2026][INFO] [Action] E UpdateStyle - (c,311911,1),36:3.000000:2,(r,311911,311911),F
[Wed Sep 09 14:21:42 UTC 2026][INFO] [Action] E UpdateStyle - (c,311911,1),36:4.000000:2,(r,311911,311911),F
[Wed Sep 09 14:21:42 UTC 2026][INFO] [Action] E UpdateStyle - (c,311911,1),36:5.000000:2,(r,311911,311911),F
[Wed Sep 09 14:21:42 UTC 2026][INFO] [Action] E UpdateStyle - (c,311911,1),36:6.000000:2,(r,311911,311911),F
[Wed Sep 09 14:21:42 UTC 2026][INFO] [Action] E UpdateStyle - (c,311911,1),36:7.000000:2,(r,311911,311911),F
[Wed Sep 09 14:21:43 UTC 2026][INFO] [Action] E UpdateStyle - (c,311911,1),36:8.000000:2,(r,311911,311911),F
[Wed Sep 09 14:21:49 UTC 2026][INFO] [Action] E UpdateStyle - (c,311911,1),48:4.000000:2,(r,311911,311911),F
[Wed Sep 09 14:21:49 UTC 2026][INFO] [Action] E UpdateStyle - (c,311911,1),48:5.000000:2,(r,311911,311911),F
[Wed Sep 09 14:21:49 UTC 2026][INFO] [Action] E UpdateStyle - (c,311911,1),48:6.000000:2,(r,311911,311911),F
[Wed Sep 09 14:21:50 UTC 2026][INFO] [Action] E UpdateStyle - (c,311911,1),48:7.000000:2,(r,311911,311911),F
[Wed Sep 09 14:21:50 UTC 2026][INFO] [Action] E UpdateStyle - (c,311911,1),48:8.000000:2,(r,311911,311911),F
[Wed Sep 09 14:21:50 UTC 2026][INFO] [Action] E UpdateStyle - (c,311911,1),48:9.000000:2,(r,311911,311911),F
[Wed Sep 09 14:21:51 UTC 2026][INFO] [Action] E UpdateStyle - (c,311911,1),48:10.000000:2,(r,311911,311911),F
[Wed Sep 09 14:21:53 UTC 2026][INFO] [Action] E UpdateStyle - (c,311911,1),49:0.250000:2,(r,311911,311911),F
[Wed Sep 09 14:22:00 UTC 2026][INFO] [Action] E UpdateStyle - (c,312108,2),49:0.250000:2,(r,312108,312108),F
[Wed Sep 09 14:22:01 UTC 2026][INFO] [Action] E UpdateStyle - (c,312108,2),49:0.500000:2,(r,312108,312108),F
[Wed Sep 09 14:22:08 UTC 2026][INFO] [Action] E UpdateStyle - (c,312179,2),49:0.250000:2,(r,312179,312179),F
[Wed Sep 09 14:22:16 UTC 2026][INFO] [Action] E SplitContainer - 312462
[Wed Sep 09 14:22:22 UTC 2026][INFO] [Action] E SplitContainer - 312487
[Wed Sep 09 14:22:25 UTC 2026][INFO] [Action] E UpdateStyle - (c,312487,1),47:0.750000:2,(r,312487,312487),F
[Wed Sep 09 14:22:26 UTC 2026][INFO] [Action] E UpdateStyle - (c,312487,1),47:0.500000:2,(r,312487,312487),F
[Wed Sep 09 14:22:26 UTC 2026][INFO] [Action] E UpdateStyle - (c,312487,1),47:0.250000:2,(r,312487,312487),F
[Wed Sep 09 14:22:29 UTC 2026][INFO] [Action] E UpdateStyle - (c,312487,1),47:0.000000:2,(r,312487,312487),F
[Wed Sep 09 14:22:34 UTC 2026][INFO] [Action] E SplitContainer - 312540
[Wed Sep 09 14:22:38 UTC 2026][INFO] [Action] E UpdateStyle - (c,312535,2),47:0.500000:2,(r,312535,312535),F
[Wed Sep 09 14:22:38 UTC 2026][INFO] [Action] E UpdateStyle - (c,312535,2),47:0.250000:2,(r,312535,312535),F
[Wed Sep 09 14:22:38 UTC 2026][INFO] [Action] E UpdateStyle - (c,312535,2),47:0.000000:2,(r,312535,312535),F
[Wed Sep 09 14:22:55 UTC 2026][INFO] [Action] E UpdateStyle - (c,312737,2),49:0.250000:2,(r,312737,312737),F
[Wed Sep 09 14:22:55 UTC 2026][INFO] [Action] E UpdateStyle - (c,312737,2),49:0.500000:2,(r,312737,312737),F
[Wed Sep 09 14:22:56 UTC 2026][INFO] [Action] E UpdateStyle - (c,312737,2),49:0.750000:2,(r,312737,312737),F
[Wed Sep 09 14:22:56 UTC 2026][INFO] [Action] E UpdateStyle - (c,312737,2),49:1.000000:2,(r,312737,312737),F
[Wed Sep 09 14:23:04 UTC 2026][INFO] [Action] E UpdateStyle - (c,312871,2),49:0.250000:2,(r,312871,312871),F
[Wed Sep 09 14:23:35 UTC 2026][INFO] [Action] E Paste - (c,312873,1),11
[Wed Sep 09 14:23:52 UTC 2026][INFO] [Action] E UpdateStyle - (r,312875,312875),44:370:3,(r,312875,312875),F
[Wed Sep 09 14:23:55 UTC 2026][INFO] [Action] E UpdateStyle - (r,312875,312875),13:361:3,(r,312875,312875),F
[Wed Sep 09 14:23:59 UTC 2026][INFO] [Action] E InsertTextContent - (r,312876,312877),[SPACE]
[Wed Sep 09 14:24:00 UTC 2026][INFO] [Action] E InsertTextContent - (c,312876,2),[i]
[Wed Sep 09 14:24:01 UTC 2026][INFO] [Action] E InsertTextContent - (c,312877,2),[s]
[Wed Sep 09 14:24:02 UTC 2026][INFO] [Action] E InsertTextContent - (c,312878,2),[SPACE]
[Wed Sep 09 14:24:08 UTC 2026][INFO] [Action] E InsertTextContent - (c,312873,1),[I]
[Wed Sep 09 14:24:09 UTC 2026][INFO] [Action] E InsertTextContent - (c,312873,2),[n]
[Wed Sep 09 14:24:09 UTC 2026][INFO] [Action] E InsertTextContent - (c,312874,2),[SPACE]
[Wed Sep 09 14:24:09 UTC 2026][INFO] [Action] E InsertTextContent - (c,312875,2),[w]
[Wed Sep 09 14:24:09 UTC 2026][INFO] [Action] E InsertTextContent - (c,312876,2),[o]
[Wed Sep 09 14:24:10 UTC 2026][INFO] [Action] E InsertTextContent - (c,312877,2),[r]
[Wed Sep 09 14:24:10 UTC 2026][INFO] [Action] E InsertTextContent - (c,312878,2),[d]
[Wed Sep 09 14:24:11 UTC 2026][INFO] [Action] E InsertTextContent - (c,312879,2),[s]
[Wed Sep 09 14:24:12 UTC 2026][INFO] [Action] E InsertTextContent - (c,312880,2),[:]
[Wed Sep 09 14:24:12 UTC 2026][INFO] [Action] E InsertTextContent - (c,312881,2),[SPACE]
[Wed Sep 09 14:24:20 UTC 2026][INFO] [Action] E InsertTextContent - (c,312888,2),[SPACE]
[Wed Sep 09 14:24:20 UTC 2026][INFO] [Action] E InsertTextContent - (c,312889,2),[s]
[Wed Sep 09 14:24:21 UTC 2026][INFO] [Action] E InsertTextContent - (c,312890,2),[i]
[Wed Sep 09 14:24:21 UTC 2026][INFO] [Action] E InsertTextContent - (c,312891,2),[m]
[Wed Sep 09 14:24:21 UTC 2026][INFO] [Action] E InsertTextContent - (c,312892,2),[p]
[Wed Sep 09 14:24:22 UTC 2026][INFO] [Action] E InsertTextContent - (c,312893,2),[l]
[Wed Sep 09 14:24:22 UTC 2026][INFO] [Action] E InsertTextContent - (c,312894,2),[y]
[Wed Sep 09 14:24:31 UTC 2026][INFO] [Action] E SplitContainer - 312921
[Wed Sep 09 14:24:34 UTC 2026][INFO] [Action] E DeleteContent - (r,312921,312921),F
[Wed Sep 09 14:24:59 UTC 2026][INFO] [Action] E Copy - (r,312966,312971)
[Wed Sep 09 14:25:48 UTC 2026][INFO] [Action] E InsertTextContent - (r,312963,312971),[i]
[Wed Sep 09 14:25:48 UTC 2026][INFO] [Action] E InsertTextContent - (c,312963,2),[s]
[Wed Sep 09 14:25:49 UTC 2026][INFO] [Action] E InsertTextContent - (c,312964,2),[SPACE]
[Wed Sep 09 14:25:49 UTC 2026][INFO] [Action] E InsertTextContent - (c,312965,2),[d]
[Wed Sep 09 14:25:49 UTC 2026][INFO] [Action] E InsertTextContent - (c,312966,2),[i]
[Wed Sep 09 14:25:50 UTC 2026][INFO] [Action] E InsertTextContent - (c,312967,2),[s]
[Wed Sep 09 14:25:51 UTC 2026][INFO] [Action] E InsertTextContent - (c,312968,2),[t]
[Wed Sep 09 14:25:52 UTC 2026][INFO] [Action] E InsertTextContent - (c,312969,2),[a]
[Wed Sep 09 14:25:52 UTC 2026][INFO] [Action] E InsertTextContent - (c,312970,2),[n]
[Wed Sep 09 14:25:52 UTC 2026][INFO] [Action] E InsertTextContent - (c,312971,2),[c]
[Wed Sep 09 14:25:52 UTC 2026][INFO] [Action] E InsertTextContent - (c,312972,2),[e]
[Wed Sep 09 14:25:53 UTC 2026][INFO] [Action] E InsertTextContent - (c,312973,2),[SPACE]
[Wed Sep 09 14:25:54 UTC 2026][INFO] [Action] E InsertTextContent - (c,312974,2),[f]
[Wed Sep 09 14:25:54 UTC 2026][INFO] [Action] E InsertTextContent - (c,312975,2),[u]
[Wed Sep 09 14:25:54 UTC 2026][INFO] [Action] E InsertTextContent - (c,312976,2),[n]
[Wed Sep 09 14:25:55 UTC 2026][INFO] [Action] E InsertTextContent - (c,312977,2),[c]
[Wed Sep 09 14:25:55 UTC 2026][INFO] [Action] E InsertTextContent - (c,312978,2),[t]
[Wed Sep 09 14:25:55 UTC 2026][INFO] [Action] E InsertTextContent - (c,312979,2),[i]
[Wed Sep 09 14:25:56 UTC 2026][INFO] [Action] E InsertTextContent - (c,312980,2),[o]
[Wed Sep 09 14:25:56 UTC 2026][INFO] [Action] E InsertTextContent - (c,312981,2),[n]
[Wed Sep 09 14:26:49 UTC 2026][INFO] [Action] E InsertTextContent - (c,312984,1),[(]
[Wed Sep 09 14:26:49 UTC 2026][INFO] [Action] E InsertTextContent - (c,312984,2),[i]
[Wed Sep 09 14:26:49 UTC 2026][INFO] [Action] E InsertTextContent - (c,312985,2),[n]
[Wed Sep 09 14:26:50 UTC 2026][INFO] [Action] E InsertTextContent - (c,312986,2),[t]
[Wed Sep 09 14:26:50 UTC 2026][INFO] [Action] E InsertTextContent - (c,312987,2),[e]
[Wed Sep 09 14:26:50 UTC 2026][INFO] [Action] E InsertTextContent - (c,312988,2),[r]
[Wed Sep 09 14:26:51 UTC 2026][INFO] [Action] E InsertTextContent - (c,312989,2),[v]
[Wed Sep 09 14:26:51 UTC 2026][INFO] [Action] E InsertTextContent - (c,312990,2),[a]
[Wed Sep 09 14:26:51 UTC 2026][INFO] [Action] E InsertTextContent - (c,312991,2),[l]
[Wed Sep 09 14:26:52 UTC 2026][INFO] [Action] E InsertTextContent - (c,312992,2),[)]
[Wed Sep 09 14:26:52 UTC 2026][INFO] [Action] E InsertTextContent - (c,312993,2),[SPACE]
[Wed Sep 09 14:27:03 UTC 2026][INFO] [Action] E SplitContainer - 313078
[Wed Sep 09 14:27:29 UTC 2026][INFO] [Action] E InsertTextContent - (c,313111,2),[SPACE]
[Wed Sep 09 14:27:29 UTC 2026][INFO] [Action] E InsertTextContent - (c,313112,2),[t]
[Wed Sep 09 14:27:30 UTC 2026][INFO] [Action] E InsertTextContent - (c,313113,2),[e]
[Wed Sep 09 14:27:30 UTC 2026][INFO] [Action] E InsertTextContent - (c,313114,2),[n]
[Wed Sep 09 14:27:31 UTC 2026][INFO] [Action] E InsertTextContent - (c,313115,2),[s]
[Wed Sep 09 14:27:31 UTC 2026][INFO] [Action] E InsertTextContent - (c,313116,2),[o]
[Wed Sep 09 14:27:32 UTC 2026][INFO] [Action] E InsertTextContent - (c,313117,2),[r]
[Wed Sep 09 14:27:56 UTC 2026][INFO] [Action] E SplitContainer - 313204
[Wed Sep 09 14:27:59 UTC 2026][INFO] [Action] E UpdateStyle - (c,313204,1),47:0.500000:2,(r,313204,313204),F
[Wed Sep 09 14:28:00 UTC 2026][INFO] [Action] E UpdateStyle - (c,313204,1),47:0.250000:2,(r,313204,313204),F
[Wed Sep 09 14:28:00 UTC 2026][INFO] [Action] E UpdateStyle - (c,313204,1),47:0.000000:2,(r,313204,313204),F
[Wed Sep 09 14:28:06 UTC 2026][INFO] [Action] E SplitContainer - 313236
[Wed Sep 09 14:28:09 UTC 2026][INFO] [Action] E SplitContainer - 313255
[Wed Sep 09 14:28:15 UTC 2026][INFO] [Action] E SplitContainer - 313341
[Wed Sep 09 14:28:16 UTC 2026][INFO] [Action] E AddTextContainer - (c,313341,1),1,0,0
[Wed Sep 09 14:28:18 UTC 2026][INFO] [Action] E SplitContainer - 313266
[Wed Sep 09 14:28:20 UTC 2026][INFO] [Action] E SplitContainer - 313273
[Wed Sep 09 14:28:21 UTC 2026][INFO] [Action] E SplitContainer - 313281
[Wed Sep 09 14:28:26 UTC 2026][INFO] [Action] E SplitContainer - 313307
[Wed Sep 09 14:28:38 UTC 2026][INFO] [Action] E UpdateStyle - (r,313255,313331),48:1.000000:2,(r,313255,313331),F
[Wed Sep 09 14:28:38 UTC 2026][INFO] [Action] E UpdateStyle - (r,313255,313331),48:2.000000:2,(r,313255,313331),F
[Wed Sep 09 14:28:38 UTC 2026][INFO] [Action] E UpdateStyle - (r,313255,313331),48:3.000000:2,(r,313255,313331),F
[Wed Sep 09 14:28:39 UTC 2026][INFO] [Action] E UpdateStyle - (r,313255,313331),48:4.000000:2,(r,313255,313331),F
[Wed Sep 09 14:28:39 UTC 2026][INFO] [Action] E UpdateStyle - (r,313255,313331),48:5.000000:2,(r,313255,313331),F
[Wed Sep 09 14:28:39 UTC 2026][INFO] [Action] E UpdateStyle - (r,313255,313331),48:6.000000:2,(r,313255,313331),F
[Wed Sep 09 14:28:39 UTC 2026][INFO] [Action] E UpdateStyle - (r,313255,313331),48:7.000000:2,(r,313255,313331),F
[Wed Sep 09 14:28:39 UTC 2026][INFO] [Action] E UpdateStyle - (r,313255,313331),48:8.000000:2,(r,313255,313331),F
[Wed Sep 09 14:28:40 UTC 2026][INFO] [Action] E UpdateStyle - (r,313255,313331),48:9.000000:2,(r,313255,313331),F
[Wed Sep 09 14:28:40 UTC 2026][INFO] [Action] E UpdateStyle - (r,313255,313331),48:10.000000:2,(r,313255,313331),F
[Wed Sep 09 14:28:40 UTC 2026][INFO] [Action] E UpdateStyle - (r,313255,313331),48:11.000000:2,(r,313255,313331),F
[Wed Sep 09 14:28:40 UTC 2026][INFO] [Action] E UpdateStyle - (r,313255,313331),48:12.000000:2,(r,313255,313331),F
[Wed Sep 09 14:28:51 UTC 2026][INFO] [Action] E UpdateStyle - (c,313235,2),49:0.250000:2,(r,313235,313235),F
[Wed Sep 09 14:28:55 UTC 2026][INFO] [Action] E UpdateStyle - (c,313254,2),49:0.250000:2,(r,313254,313254),F
[Wed Sep 09 14:29:30 UTC 2026][INFO] [Action] E UpdateStyle - (c,313515,2),49:0.250000:2,(r,313515,313515),F
[Wed Sep 09 14:29:41 UTC 2026][INFO] [Action] E UpdateStyle - (c,313668,2),47:0.500000:2,(r,313668,313668),F
[Wed Sep 09 14:30:01 UTC 2026][INFO] [Action] E SplitContainer - 313810
[Wed Sep 09 14:30:08 UTC 2026][INFO] [Action] E SplitContainer - 313945
[Wed Sep 09 14:30:16 UTC 2026][INFO] [Action] E SplitContainer - 314084
[Wed Sep 09 14:30:29 UTC 2026][INFO] [Action] E SplitContainer - 314364
[Wed Sep 09 14:30:47 UTC 2026][INFO] [Action] E UpdateStyle - (c,314493,2),49:0.250000:2,(r,314493,314493),F
[Wed Sep 09 14:30:47 UTC 2026][INFO] [Action] E UpdateStyle - (c,314493,2),49:0.500000:2,(r,314493,314493),F
[Wed Sep 09 14:30:48 UTC 2026][INFO] [Action] E UpdateStyle - (c,314493,2),49:0.750000:2,(r,314493,314493),F
[Wed Sep 09 14:30:57 UTC 2026][INFO] [Action] E UpdateStyle - (r,314414,314493),13:361:3,(r,314414,314493),F
[Wed Sep 09 14:31:01 UTC 2026][INFO] [Action] E UpdateStyle - (r,314414,314493),11:Bookerly,serif:4,(r,314414,314493),F
[Wed Sep 09 14:31:05 UTC 2026][INFO] [Action] E UpdateStyle - (r,314414,314493),11:AmazonEmber,sans-serif:4,(r,314414,314493),F
[Wed Sep 09 14:31:08 UTC 2026][INFO] [Action] E UpdateStyle - (r,314414,314493),12:382:3,(r,314414,314493),F
[Wed Sep 09 14:31:13 UTC 2026][INFO] [Action] E SplitContainer - 314415
[Wed Sep 09 14:31:16 UTC 2026][INFO] [Action] E AddTextContainer - (c,314493,2),0,0,0
[Wed Sep 09 14:31:19 UTC 2026][INFO] [Action] E DeleteContent - (c,314493,2),B
[Wed Sep 09 14:31:24 UTC 2026][INFO] [Action] E MergeContainer - 314414,0
[Wed Sep 09 14:31:25 UTC 2026][INFO] [Action] E DeleteContent - (c,314414,2),B
[Wed Sep 09 14:31:33 UTC 2026][INFO] [Action] E SplitContainer - 314455
[Wed Sep 09 14:31:40 UTC 2026][INFO] [Action] E UpdateStyle - (c,314455,1),49:0.500000:2,(r,314455,314455),F
[Wed Sep 09 14:31:40 UTC 2026][INFO] [Action] E UpdateStyle - (c,314455,1),49:0.250000:2,(r,314455,314455),F
[Wed Sep 09 14:31:40 UTC 2026][INFO] [Action] E UpdateStyle - (c,314455,1),49:0.000000:2,(r,314455,314455),F
[Wed Sep 09 14:31:44 UTC 2026][INFO] [Action] E UpdateStyle - (c,314454,2),49:0.500000:2,(r,314454,314454),F
[Wed Sep 09 14:31:45 UTC 2026][INFO] [Action] E UpdateStyle - (c,314454,2),49:0.250000:2,(r,314454,314454),F
[Wed Sep 09 14:31:45 UTC 2026][INFO] [Action] E UpdateStyle - (c,314454,2),49:0.000000:2,(r,314454,314454),F
[Wed Sep 09 14:31:51 UTC 2026][INFO] [Action] E UpdateStyle - (c,314492,1),49:0.250000:2,(r,314493,314493),F
[Wed Sep 09 14:31:51 UTC 2026][INFO] [Action] E UpdateStyle - (c,314492,1),49:0.250000:2,(r,314493,314493),F
[Wed Sep 09 14:31:52 UTC 2026][INFO] [Action] E UpdateStyle - (c,314492,1),49:0.250000:2,(r,314493,314493),F
[Wed Sep 09 14:32:00 UTC 2026][INFO] [Action] E UpdateStyle - (r,314414,314460),48:1.000000:2,(r,314414,314460),F
[Wed Sep 09 14:32:01 UTC 2026][INFO] [Action] E UpdateStyle - (r,314414,314460),48:2.000000:2,(r,314414,314460),F
[Wed Sep 09 14:32:01 UTC 2026][INFO] [Action] E UpdateStyle - (r,314414,314460),48:3.000000:2,(r,314414,314460),F
[Wed Sep 09 14:32:01 UTC 2026][INFO] [Action] E UpdateStyle - (r,314414,314460),48:4.000000:2,(r,314414,314460),F
[Wed Sep 09 14:32:01 UTC 2026][INFO] [Action] E UpdateStyle - (r,314414,314460),48:5.000000:2,(r,314414,314460),F
[Wed Sep 09 14:32:01 UTC 2026][INFO] [Action] E UpdateStyle - (r,314414,314460),48:6.000000:2,(r,314414,314460),F
[Wed Sep 09 14:32:02 UTC 2026][INFO] [Action] E UpdateStyle - (r,314414,314460),48:7.000000:2,(r,314414,314460),F
[Wed Sep 09 14:32:02 UTC 2026][INFO] [Action] E UpdateStyle - (r,314414,314460),48:8.000000:2,(r,314414,314460),F
[Wed Sep 09 14:32:02 UTC 2026][INFO] [Action] E UpdateStyle - (r,314414,314460),48:9.000000:2,(r,314414,314460),F
[Wed Sep 09 14:32:02 UTC 2026][INFO] [Action] E UpdateStyle - (r,314414,314460),48:10.000000:2,(r,314414,314460),F
[Wed Sep 09 14:32:02 UTC 2026][INFO] [Action] E UpdateStyle - (r,314414,314460),48:11.000000:2,(r,314414,314460),F
[Wed Sep 09 14:32:09 UTC 2026][INFO] [Action] E UpdateStyle - (c,314363,2),49:0.250000:2,(r,314363,314363),F
[Wed Sep 09 14:32:14 UTC 2026][INFO] [Action] E UpdateStyle - (c,314387,2),49:0.500000:2,(r,314387,314387),F
[Wed Sep 09 14:32:26 UTC 2026][INFO] [Action] E UpdateStyle - (c,314575,2),49:0.250000:2,(r,314575,314575),F
[Wed Sep 09 14:32:27 UTC 2026][INFO] [Action] E UpdateStyle - (c,314575,2),49:0.500000:2,(r,314575,314575),F
[Wed Sep 09 14:32:51 UTC 2026][INFO] [Action] E Copy - (r,314576,314660)
[Wed Sep 09 14:32:56 UTC 2026][INFO] [Action] E Cut - (r,314576,314660)
[Wed Sep 09 14:33:14 UTC 2026][INFO] [Action] E UpdateStyle - (c,315144,2),49:0.250000:2,(r,315144,315144),F
[Wed Sep 09 14:33:16 UTC 2026][INFO] [Action] E UpdateStyle - (c,315144,2),49:0.500000:2,(r,315144,315144),F
[Wed Sep 09 14:33:39 UTC 2026][INFO] [Action] E AddTextContainer - (c,315748,2),0,0,0
[Wed Sep 09 14:33:41 UTC 2026][INFO] [Action] E AddTextContainer - (c,315749,1),1,0,0
[Wed Sep 09 14:33:46 UTC 2026][INFO] [Action] E AddTextContainer - (c,316208,1),1,0,0
[Wed Sep 09 14:33:46 UTC 2026][INFO] [Action] E AddTextContainer - (c,316209,1),1,0,0
[Wed Sep 09 14:33:47 UTC 2026][INFO] [Action] E UpdateStyle - (c,316210,1),49:0.250000:2,(r,316211,316211),F
[Wed Sep 09 14:33:47 UTC 2026][INFO] [Action] E UpdateStyle - (c,316210,1),49:0.250000:2,(r,316211,316211),F
[Wed Sep 09 14:33:47 UTC 2026][INFO] [Action] E UpdateStyle - (c,316210,1),49:0.250000:2,(r,316211,316211),F
[Wed Sep 09 14:33:47 UTC 2026][INFO] [Action] E UpdateStyle - (c,316210,1),49:0.250000:2,(r,316211,316211),F
[Wed Sep 09 14:33:48 UTC 2026][INFO] [Action] E UpdateStyle - (c,316210,1),49:0.250000:2,(r,316211,316211),F
[Wed Sep 09 14:33:48 UTC 2026][INFO] [Action] E UpdateStyle - (c,316210,1),49:0.250000:2,(r,316211,316211),F
[Wed Sep 09 14:33:49 UTC 2026][INFO] [Action] E UpdateStyle - (c,316210,1),49:0.250000:2,(r,316211,316211),F
[Wed Sep 09 14:33:49 UTC 2026][INFO] [Action] E UpdateStyle - (c,316210,1),49:0.250000:2,(r,316211,316211),F
[Wed Sep 09 14:33:49 UTC 2026][INFO] [Action] E UpdateStyle - (c,316210,1),49:0.250000:2,(r,316211,316211),F
[Wed Sep 09 14:33:53 UTC 2026][INFO] [Action] E UpdateStyle - (c,316206,2),49:0.250000:2,(r,316206,316206),F
[Wed Sep 09 14:33:53 UTC 2026][INFO] [Action] E UpdateStyle - (c,316206,2),49:0.500000:2,(r,316206,316206),F
[Wed Sep 09 14:33:53 UTC 2026][INFO] [Action] E UpdateStyle - (c,316206,2),49:0.750000:2,(r,316206,316206),F
[Wed Sep 09 14:33:53 UTC 2026][INFO] [Action] E UpdateStyle - (c,316206,2),49:1.000000:2,(r,316206,316206),F
[Wed Sep 09 14:33:54 UTC 2026][INFO] [Action] E UpdateStyle - (c,316206,2),49:1.250000:2,(r,316206,316206),F
[Wed Sep 09 14:34:00 UTC 2026][INFO] [Action] E MergeContainer - 316212,0
[Wed Sep 09 14:34:10 UTC 2026][INFO] [Action] EE UpdateImageAction - (r,316554,316554),[56:100.000000],4,1,0.000000,0.000000,0.000000,0.000000,0.000000,0.000000,0
[Wed Sep 09 14:34:26 UTC 2026][INFO] [Action] E SplitContainer - 317164
[Wed Sep 09 14:34:34 UTC 2026][INFO] [Action] E SplitContainer - 317296
[Wed Sep 09 14:34:46 UTC 2026][INFO] [Action] E SplitContainer - 317579
[Wed Sep 09 14:34:53 UTC 2026][INFO] [Action] E SplitContainer - 317906
[Wed Sep 09 14:35:02 UTC 2026][INFO] [Action] E SplitContainer - 318130
[Wed Sep 09 14:35:11 UTC 2026][INFO] [Action] E UpdateStyle - (c,318129,2),49:2.000000:2,(r,318129,318129),F
[Wed Sep 09 14:35:12 UTC 2026][INFO] [Action] E UpdateStyle - (c,318129,2),49:1.750000:2,(r,318129,318129),F
[Wed Sep 09 14:35:12 UTC 2026][INFO] [Action] E UpdateStyle - (c,318129,2),49:1.500000:2,(r,318129,318129),F
[Wed Sep 09 14:35:12 UTC 2026][INFO] [Action] E UpdateStyle - (c,318129,2),49:1.250000:2,(r,318129,318129),F
[Wed Sep 09 14:35:13 UTC 2026][INFO] [Action] E UpdateStyle - (c,318129,2),49:1.000000:2,(r,318129,318129),F
[Wed Sep 09 14:35:13 UTC 2026][INFO] [Action] E UpdateStyle - (c,318129,2),49:0.750000:2,(r,318129,318129),F
[Wed Sep 09 14:35:13 UTC 2026][INFO] [Action] E UpdateStyle - (c,318129,2),49:0.500000:2,(r,318129,318129),F
[Wed Sep 09 14:35:14 UTC 2026][INFO] [Action] E UpdateStyle - (c,318129,2),49:0.250000:2,(r,318129,318129),F
[Wed Sep 09 14:35:15 UTC 2026][INFO] [Action] E UpdateStyle - (c,318129,2),49:0.000000:2,(r,318129,318129),F
[Wed Sep 09 14:35:22 UTC 2026][INFO] [Action] E UpdateStyle - (c,318130,1),47:0.500000:2,(r,318130,318130),F
[Wed Sep 09 14:35:22 UTC 2026][INFO] [Action] E UpdateStyle - (c,318130,1),47:0.250000:2,(r,318130,318130),F
[Wed Sep 09 14:35:23 UTC 2026][INFO] [Action] E UpdateStyle - (c,318130,1),47:0.000000:2,(r,318130,318130),F
[Wed Sep 09 14:35:26 UTC 2026][INFO] [Action] E UpdateStyle - (c,318130,1),47:0.250000:2,(r,318130,318130),F
[Wed Sep 09 14:35:32 UTC 2026][INFO] [Action] E InsertTextContent - (r,318130,318130),[C]
[Wed Sep 09 14:35:40 UTC 2026][INFO] [Action] E UpdateStyle - (r,318130,318191),11:Bookerly,serif:4,(r,318130,318191),F
[Wed Sep 09 14:35:43 UTC 2026][INFO] [Action] E UpdateStyle - (r,318130,318191),11:AmazonEmber,sans-serif:4,(r,318130,318191),F
[Wed Sep 09 14:35:47 UTC 2026][INFO] [Action] E UpdateStyle - (r,318130,318191),12:382:3,(r,318130,318191),F
[Wed Sep 09 14:36:05 UTC 2026][INFO] [Action] E InsertTextContent - (c,318740,1),[>]
[Wed Sep 09 14:36:06 UTC 2026][INFO] [Action] E InsertTextContent - (c,318740,2),[>]
[Wed Sep 09 14:36:06 UTC 2026][INFO] [Action] E InsertTextContent - (c,318741,2),[>]
[Wed Sep 09 14:36:07 UTC 2026][INFO] [Action] E InsertTextContent - (c,318742,2),[SPACE]
[Wed Sep 09 14:36:14 UTC 2026][INFO] [Action] E SplitContainer - 318767
[Wed Sep 09 14:36:20 UTC 2026][INFO] [Action] U SplitContainer
[Wed Sep 09 14:36:25 UTC 2026][INFO] [Action] E UpdateStyle - (c,318739,2),49:0.250000:2,(r,318739,318739),F
[Wed Sep 09 14:37:06 UTC 2026][INFO] [Action] E Copy - (r,318883,320144)
[Wed Sep 09 14:38:46 UTC 2026][INFO] [Action] E ItemChanged - -1,273515
[Wed Sep 09 14:38:56 UTC 2026][INFO] [Action] E UpdateStyle - (r,274292,274320),12:382:3,(r,274292,274320),F
[Wed Sep 09 14:39:02 UTC 2026][INFO] [Action] E UpdateStyle - (r,274339,274340),12:382:3,(r,274339,274340),F
[Wed Sep 09 14:39:04 UTC 2026][INFO] [Action] E DeleteContent - (c,274340,2),B
[Wed Sep 09 14:39:10 UTC 2026][INFO] [Action] E UpdateStyle - (r,274338,274339),12:382:3,(r,274338,274339),F
[Wed Sep 09 14:39:12 UTC 2026][INFO] [Action] E UpdateStyle - (r,274338,274339),11:Bookerly,serif:4,(r,274338,274339),F
[Wed Sep 09 14:39:14 UTC 2026][INFO] [Action] E UpdateStyle - (r,274338,274339),11:AmazonEmber,sans-serif:4,(r,274338,274339),F
[Wed Sep 09 14:39:20 UTC 2026][INFO] [Action] E UpdateStyle - (r,274292,274320),11:Bookerly,serif:4,(r,274292,274320),F
[Wed Sep 09 14:39:21 UTC 2026][INFO] [Action] E UpdateStyle - (r,274292,274320),11:AmazonEmber,sans-serif:4,(r,274292,274320),F
[Wed Sep 09 14:39:24 UTC 2026][INFO] [Action] E DeleteContent - (c,274320,2),B
[Wed Sep 09 14:40:02 UTC 2026][INFO] [Action] E UpdateStyle - (r,273815,273949),11:Bookerly,serif:4,(r,273815,273949),F
[Wed Sep 09 14:40:04 UTC 2026][INFO] [Action] E UpdateStyle - (r,273815,273949),11:AmazonEmber,sans-serif:4,(r,273815,273949),F
[Wed Sep 09 14:40:14 UTC 2026][INFO] [Action] E UpdateStyle - (r,273815,273949),16:10.000000:2,(r,273815,273949),F
[Wed Sep 09 14:40:17 UTC 2026][INFO] [Action] E UpdateStyle - (r,273815,273949),16:10.000000:2,(r,273815,273949),F
[Wed Sep 09 14:40:24 UTC 2026][INFO] [Action] E UpdateStyle - (r,273815,273949),13:361:3,(r,273815,273949),F
[Wed Sep 09 14:40:51 UTC 2026][INFO] [Action] E UpdateStyle - (c,273815,1),34:59:3,(r,273815,273815),F
[Wed Sep 09 14:40:55 UTC 2026][INFO] [Action] E UpdateStyle - (c,273815,1),48:7.000000:2,(r,273815,273815),F
[Wed Sep 09 14:40:57 UTC 2026][INFO] [Action] E UpdateStyle - (c,273815,1),48:6.000000:2,(r,273815,273815),F
[Wed Sep 09 14:41:01 UTC 2026][INFO] [Action] E UpdateStyle - (c,273881,1),48:7.000000:2,(r,273881,273881),F
[Wed Sep 09 14:41:02 UTC 2026][INFO] [Action] E UpdateStyle - (c,273881,1),48:6.000000:2,(r,273881,273881),F
[Wed Sep 09 14:41:25 UTC 2026][INFO] [Action] E UpdateStyle - (c,273881,1),48:5.000000:2,(r,273881,273881),F
[Wed Sep 09 14:41:30 UTC 2026][INFO] [Action] E UpdateStyle - (c,273872,2),48:5.000000:2,(r,273872,273872),F
[Wed Sep 09 14:42:17 UTC 2026][INFO] [Action] E Paste - (c,273815,1),3
[Wed Sep 09 14:42:23 UTC 2026][INFO] [Action] E InsertTextContent - (c,273815,2),[SPACE]
[Wed Sep 09 14:42:29 UTC 2026][INFO] [Action] E UpdateStyle - (r,273816,273882),16:10.000000:2,(r,273816,273882),F
[Wed Sep 09 14:42:31 UTC 2026][INFO] [Action] E UpdateStyle - (r,273816,273882),11:Bookerly,serif:4,(r,273816,273882),F
[Wed Sep 09 14:42:32 UTC 2026][INFO] [Action] E UpdateStyle - (r,273816,273882),11:AmazonEmber,sans-serif:4,(r,273816,273882),F
[Wed Sep 09 14:42:35 UTC 2026][INFO] [Action] E UpdateStyle - (r,273816,273882),13:361:3,(r,273816,273882),F
[Wed Sep 09 14:42:44 UTC 2026][INFO] [Action] E UpdateStyle - (c,273815,1),48:1.000000:2,(r,273815,273815),F
[Wed Sep 09 14:42:47 UTC 2026][INFO] [Action] E UpdateStyle - (c,273815,1),48:2.000000:2,(r,273815,273815),F
[Wed Sep 09 14:42:53 UTC 2026][INFO] [Action] E Copy - (r,273815,273816)
[Wed Sep 09 14:42:58 UTC 2026][INFO] [Action] E Paste - (c,273883,1),4
[Wed Sep 09 14:43:03 UTC 2026][INFO] [Action] E UpdateStyle - (r,273885,273953),11:Bookerly,serif:4,(r,273885,273953),F
[Wed Sep 09 14:43:05 UTC 2026][INFO] [Action] E UpdateStyle - (r,273885,273953),11:AmazonEmber,sans-serif:4,(r,273885,273953),F
[Wed Sep 09 14:43:08 UTC 2026][INFO] [Action] E UpdateStyle - (r,273885,273953),16:10.000000:2,(r,273885,273953),F
[Wed Sep 09 14:43:10 UTC 2026][INFO] [Action] E UpdateStyle - (r,273885,273953),13:361:3,(r,273885,273953),F
[Wed Sep 09 14:43:15 UTC 2026][INFO] [Action] E UpdateStyle - (c,273953,2),49:0.250000:2,(r,273953,273953),F
[Wed Sep 09 14:43:18 UTC 2026][INFO] [Action] E UpdateStyle - (c,273953,2),49:0.500000:2,(r,273953,273953),F
[Wed Sep 09 14:43:22 UTC 2026][INFO] [Action] E DeleteContent - (c,273953,2),B
[Wed Sep 09 14:43:23 UTC 2026][INFO] [Action] E DeleteContent - (c,273952,2),B
[Wed Sep 09 14:43:25 UTC 2026][INFO] [Action] E DeleteContent - (c,273882,2),B
[Wed Sep 09 14:43:31 UTC 2026][INFO] [Action] E UpdateStyle - (c,273950,2),49:0.750000:2,(r,273950,273950),F
[Wed Sep 09 14:43:32 UTC 2026][INFO] [Action] E UpdateStyle - (c,273950,2),49:1.000000:2,(r,273950,273950),F
[Wed Sep 09 14:43:36 UTC 2026][INFO] [Action] E UpdateStyle - (c,273881,2),49:0.250000:2,(r,273881,273881),F
[Wed Sep 09 14:43:52 UTC 2026][INFO] [Action] E UpdateStyle - (c,274042,2),49:0.250000:2,(r,274042,274042),F
[Wed Sep 09 14:43:58 UTC 2026][INFO] [Action] E UpdateStyle - (c,274165,2),49:0.250000:2,(r,274165,274165),F
[Wed Sep 09 14:44:10 UTC 2026][INFO] [Action] E InsertTextContent - (c,274292,2),[SPACE]
[Wed Sep 09 14:44:11 UTC 2026][INFO] [Action] E MergeContainer - 274293,0
[Wed Sep 09 14:44:13 UTC 2026][INFO] [Action] E InsertTextContent - (c,274293,2),[SPACE]
[Wed Sep 09 14:44:20 UTC 2026][INFO] [Action] E UpdateStyle - (r,274340,274341),13:361:3,(r,274340,274341),F
[Wed Sep 09 14:44:25 UTC 2026][INFO] [Action] E UpdateStyle - (c,274323,1),47:0.500000:2,(r,274323,274323),F
[Wed Sep 09 14:44:27 UTC 2026][INFO] [Action] E UpdateStyle - (c,274323,1),47:0.250000:2,(r,274323,274323),F
[Wed Sep 09 14:44:31 UTC 2026][INFO] [Action] E InsertTextContent - (c,274339,2),[SPACE]
[Wed Sep 09 14:44:32 UTC 2026][INFO] [Action] E MergeContainer - 274340,0
[Wed Sep 09 14:44:35 UTC 2026][INFO] [Action] E UpdateStyle - (r,274341,274342),13:361:3,(r,274341,274342),F
[Wed Sep 09 14:44:46 UTC 2026][INFO] [Action] E UpdateStyle - (r,274340,274342),11:Bookerly,serif:4,(r,274340,274342),F
[Wed Sep 09 14:44:48 UTC 2026][INFO] [Action] E UpdateStyle - (r,274340,274342),11:AmazonEmber,sans-serif:4,(r,274340,274342),F
[Wed Sep 09 14:44:54 UTC 2026][INFO] [Action] E UpdateStyle - (r,274341,274342),12:382:3,(r,274341,274342),F
[Wed Sep 09 14:45:03 UTC 2026][INFO] [Action] E UpdateStyle - (c,274379,2),49:0.250000:2,(r,274379,274379),F
[Wed Sep 09 14:45:07 UTC 2026][INFO] [Action] E UpdateStyle - (r,274343,274379),13:361:3,(r,274343,274379),F
[Wed Sep 09 14:45:23 UTC 2026][INFO] [Action] E SplitContainer - 274448
[Wed Sep 09 14:46:10 UTC 2026][INFO] [Action] E DeleteContent - (r,274753,274797),B
[Wed Sep 09 14:46:31 UTC 2026][INFO] [Action] EE UpdateImageAction - (r,275576,275576),[56:75.000000],3,1,0.000000,0.000000,0.000000,0.000000,0.000000,0.000000,0
[Wed Sep 09 14:46:42 UTC 2026][INFO] [Action] E UpdateStyle - (c,275575,2),49:0.750000:2,(r,275575,275575),F
[Wed Sep 09 14:46:43 UTC 2026][INFO] [Action] E UpdateStyle - (c,275575,2),49:0.500000:2,(r,275575,275575),F
[Wed Sep 09 14:46:44 UTC 2026][INFO] [Action] E UpdateStyle - (c,275575,2),49:0.250000:2,(r,275575,275575),F
[Wed Sep 09 14:46:48 UTC 2026][INFO] [Action] EE UpdateImageAction - (r,275576,275576),[56:100.000000],4,1,0.000000,0.000000,0.000000,0.000000,0.000000,0.000000,0
[Wed Sep 09 14:46:51 UTC 2026][INFO] [Action] EE UpdateImageAction - (r,275576,275576),[56:75.000000],3,1,0.000000,0.000000,0.000000,0.000000,0.000000,0.000000,0
[Wed Sep 09 14:48:28 UTC 2026][INFO] [Action] E UpdateStyle - (c,274342,2),49:0.000000:2,(r,274342,274342),F
[Wed Sep 09 14:48:33 UTC 2026][INFO] [Action] E UpdateStyle - (c,273950,2),49:0.750000:2,(r,273950,273950),F
[Wed Sep 09 14:48:33 UTC 2026][INFO] [Action] E UpdateStyle - (c,273950,2),49:0.500000:2,(r,273950,273950),F
[Wed Sep 09 14:48:39 UTC 2026][INFO] [Action] E MergeContainer - 274752,0
[Wed Sep 09 14:48:41 UTC 2026][INFO] [Action] E InsertTextContent - (c,274752,2),[SPACE]
[Wed Sep 09 14:48:59 UTC 2026][INFO] [Action] E UpdateStyle - (c,273812,2),49:0.000000:2,(r,273812,273812),F
[Wed Sep 09 14:49:08 UTC 2026][INFO] [Action] E MergeContainer - 273759,1
[Wed Sep 09 14:49:11 UTC 2026][INFO] [Action] E UpdateStyle - (c,273758,2),49:0.250000:2,(r,273758,273758),F
[Wed Sep 09 14:49:33 UTC 2026][INFO] [Action] E UpdateStyle - (c,274378,2),49:0.500000:2,(r,274378,274378),F
[Wed Sep 09 14:49:39 UTC 2026][INFO] [Action] E UpdateStyle - (c,273758,2),49:0.500000:2,(r,273758,273758),F
[Wed Sep 09 14:49:45 UTC 2026][INFO] [Action] E UpdateStyle - (c,273813,2),49:0.250000:2,(r,273813,273813),F
[Wed Sep 09 14:49:53 UTC 2026][INFO] [Action] EE UpdateImageAction - (r,275576,275576),[56:100.000000],4,1,0.000000,0.000000,0.000000,0.000000,0.000000,0.000000,0
[Wed Sep 09 14:50:07 UTC 2026][INFO] [Action] E UpdateStyle - (c,273813,2),49:0.000000:2,(r,273813,273813),F
[Wed Sep 09 14:50:15 UTC 2026][INFO] [Action] E UpdateStyle - (c,275575,2),49:0.500000:2,(r,275575,275575),F
[Wed Sep 09 14:50:30 UTC 2026][INFO] [Action] E UpdateStyle - (c,275676,2),49:1.250000:2,(r,275676,275676),F
[Wed Sep 09 14:50:30 UTC 2026][INFO] [Action] E UpdateStyle - (c,275676,2),49:1.500000:2,(r,275676,275676),F
[Wed Sep 09 14:50:39 UTC 2026][INFO] [Action] E MergeContainer - 276485,1
[Wed Sep 09 14:50:44 UTC 2026][INFO] [Action] E MergeContainer - 276485,1
[Wed Sep 09 14:51:07 UTC 2026][INFO] [Action] E UpdateStyle - (c,276917,2),49:0.500000:2,(r,276917,276917),F
[Wed Sep 09 14:51:08 UTC 2026][INFO] [Action] E UpdateStyle - (c,276917,2),49:0.750000:2,(r,276917,276917),F
[Wed Sep 09 14:51:08 UTC 2026][INFO] [Action] E UpdateStyle - (c,276917,2),49:1.000000:2,(r,276917,276917),F
[Wed Sep 09 14:51:28 UTC 2026][INFO] [Action] E SplitContainer - 278078
[Wed Sep 09 14:51:28 UTC 2026][INFO] [Action] EFail SplitContainer - 4
[Wed Sep 09 14:51:38 UTC 2026][INFO] [Action] E Cut - (r,277935,278123)
[Wed Sep 09 14:51:43 UTC 2026][INFO] [Action] U Cut
[Wed Sep 09 14:52:12 UTC 2026][INFO] [Action] E Cut - (r,277935,278123)
[Wed Sep 09 14:53:19 UTC 2026][INFO] [Action] E AddTextContainer - (c,277933,2),0,0,0
[Wed Sep 09 14:53:24 UTC 2026][INFO] [Action] E Paste - (c,277934,1),197
[Wed Sep 09 14:53:35 UTC 2026][INFO] [Action] E UpdateStyle - (c,277974,2),49:0.500000:2,(r,277974,277974),F
[Wed Sep 09 14:53:35 UTC 2026][INFO] [Action] E UpdateStyle - (c,277974,2),49:0.250000:2,(r,277974,277974),F
[Wed Sep 09 14:53:35 UTC 2026][INFO] [Action] E UpdateStyle - (c,277974,2),49:0.000000:2,(r,277974,277974),F
[Wed Sep 09 14:53:42 UTC 2026][INFO] [Action] E UpdateStyle - (c,278011,2),49:0.500000:2,(r,278011,278011),F
[Wed Sep 09 14:53:42 UTC 2026][INFO] [Action] E UpdateStyle - (c,278011,2),49:0.250000:2,(r,278011,278011),F
[Wed Sep 09 14:53:43 UTC 2026][INFO] [Action] E UpdateStyle - (c,278011,2),49:0.000000:2,(r,278011,278011),F
[Wed Sep 09 14:53:46 UTC 2026][INFO] [Action] E UpdateStyle - (c,278074,2),49:0.500000:2,(r,278074,278074),F
[Wed Sep 09 14:53:46 UTC 2026][INFO] [Action] E UpdateStyle - (c,278074,2),49:0.250000:2,(r,278074,278074),F
[Wed Sep 09 14:53:47 UTC 2026][INFO] [Action] E UpdateStyle - (c,278074,2),49:0.000000:2,(r,278074,278074),F
[Wed Sep 09 14:53:57 UTC 2026][INFO] [Action] E UpdateStyle - (r,277934,278119),11:Bookerly,serif:4,(r,277934,278119),F
[Wed Sep 09 14:54:00 UTC 2026][INFO] [Action] E UpdateStyle - (r,277934,278119),11:AmazonEmber,sans-serif:4,(r,277934,278119),F
[Wed Sep 09 14:54:07 UTC 2026][INFO] [Action] E UpdateStyle - (c,277933,2),49:0.250000:2,(r,277933,277933),F
[Wed Sep 09 14:54:25 UTC 2026][INFO] [Action] E UpdateStyle - (c,278011,2),50:1.000000:2,(r,278011,278011),F
[Wed Sep 09 14:54:29 UTC 2026][INFO] [Action] E UpdateStyle - (c,278011,2),50:0.000000:2,(r,278011,278011),F
[Wed Sep 09 14:54:31 UTC 2026][INFO] [Action] E UpdateStyle - (c,278011,2),49:0.250000:2,(r,278011,278011),F
[Wed Sep 09 14:54:38 UTC 2026][INFO] [Action] E UpdateStyle - (r,277934,278119),12:382:3,(r,277934,278119),F
[Wed Sep 09 14:54:42 UTC 2026][INFO] [Action] E UpdateStyle - (r,277934,278119),48:1.000000:2,(r,277934,278119),F
[Wed Sep 09 14:54:45 UTC 2026][INFO] [Action] E UpdateStyle - (r,277934,278119),48:2.000000:2,(r,277934,278119),F
[Wed Sep 09 14:54:45 UTC 2026][INFO] [Action] E UpdateStyle - (r,277934,278119),48:3.000000:2,(r,277934,278119),F
[Wed Sep 09 14:54:52 UTC 2026][INFO] [Action] E UpdateStyle - (r,277934,278119),16:10.000000:2,(r,277934,278119),F
[Wed Sep 09 14:54:54 UTC 2026][INFO] [Action] E UpdateStyle - (r,277934,278119),13:361:3,(r,277934,278119),F
[Wed Sep 09 14:54:58 UTC 2026][INFO] [Action] E UpdateStyle - (r,277934,278119),48:4.000000:2,(r,277934,278119),F
[Wed Sep 09 14:54:59 UTC 2026][INFO] [Action] E UpdateStyle - (r,277934,278119),48:5.000000:2,(r,277934,278119),F
[Wed Sep 09 14:55:17 UTC 2026][INFO] [Action] E SplitContainer - 278218
[Wed Sep 09 14:55:23 UTC 2026][INFO] [Action] E UpdateStyle - (c,278217,2),49:0.250000:2,(r,278217,278217),F
[Wed Sep 09 14:55:23 UTC 2026][INFO] [Action] E UpdateStyle - (c,278217,2),49:0.500000:2,(r,278217,278217),F
[Wed Sep 09 14:55:23 UTC 2026][INFO] [Action] E UpdateStyle - (c,278217,2),49:0.750000:2,(r,278217,278217),F
[Wed Sep 09 14:56:12 UTC 2026][INFO] [Action] E DeleteContent - (r,278128,278167),B
[Wed Sep 09 14:56:19 UTC 2026][INFO] [Action] E Cut - (r,278120,278127)
[Wed Sep 09 14:56:24 UTC 2026][INFO] [Action] E Paste - (r,278140,278141),8
[Wed Sep 09 14:56:28 UTC 2026][INFO] [Action] E DeleteContent - (r,278148,278148),F
[Wed Sep 09 14:57:03 UTC 2026][INFO] [Action] E DeleteContent - (r,278175,278253),F
[Wed Sep 09 14:57:08 UTC 2026][INFO] [Action] E UpdateStyle - (c,278317,2),49:0.250000:2,(r,278317,278317),F
[Wed Sep 09 14:57:15 UTC 2026][INFO] [Action] E UpdateStyle - (c,278449,2),49:0.250000:2,(r,278449,278449),F
[Wed Sep 09 14:57:24 UTC 2026][INFO] [Action] E UpdateStyle - (r,278503,278513),12:382:3,(r,278503,278513),F
[Wed Sep 09 14:57:38 UTC 2026][INFO] [Action] E UpdateStyle - (r,278498,278540),13:361:3,(r,278498,278540),F
[Wed Sep 09 14:57:51 UTC 2026][INFO] [Action] E SplitContainer - 278664
[Wed Sep 09 14:57:55 UTC 2026][INFO] [Action] E AddTextContainer - (c,278789,2),0,0,0
[Wed Sep 09 14:57:57 UTC 2026][INFO] [Action] E AddTextContainer - (c,278877,2),0,0,0
[Wed Sep 09 14:58:15 UTC 2026][INFO] [Action] E InsertTextContent - (c,278970,1),[']
[Wed Sep 09 14:58:22 UTC 2026][INFO] [Action] E InsertTextContent - (c,278981,2),[']
[Wed Sep 09 14:58:23 UTC 2026][INFO] [Action] E InsertTextContent - (c,278917,2),[']
[Wed Sep 09 14:58:26 UTC 2026][INFO] [Action] E InsertTextContent - (c,278901,1),[']
[Wed Sep 09 14:58:30 UTC 2026][INFO] [Action] E SplitContainer - 278933
[Wed Sep 09 14:58:34 UTC 2026][INFO] [Action] E UpdateStyle - (c,278933,1),49:0.750000:2,(r,278933,278933),F
[Wed Sep 09 14:58:35 UTC 2026][INFO] [Action] E UpdateStyle - (c,278933,1),49:0.500000:2,(r,278933,278933),F
[Wed Sep 09 14:58:36 UTC 2026][INFO] [Action] E UpdateStyle - (c,278933,1),49:0.750000:2,(r,278933,278933),F
[Wed Sep 09 14:58:37 UTC 2026][INFO] [Action] E UpdateStyle - (c,278933,1),49:1.000000:2,(r,278933,278933),F
[Wed Sep 09 14:58:38 UTC 2026][INFO] [Action] E UpdateStyle - (c,278933,1),47:0.000000:2,(r,278933,278933),F
[Wed Sep 09 14:58:43 UTC 2026][INFO] [Action] E UpdateStyle - (c,278932,2),49:0.750000:2,(r,278932,278932),F
[Wed Sep 09 14:58:43 UTC 2026][INFO] [Action] E UpdateStyle - (c,278932,2),49:0.500000:2,(r,278932,278932),F
[Wed Sep 09 14:58:44 UTC 2026][INFO] [Action] E UpdateStyle - (c,278932,2),49:0.250000:2,(r,278932,278932),F
[Wed Sep 09 14:58:45 UTC 2026][INFO] [Action] E UpdateStyle - (c,278932,2),49:0.000000:2,(r,278932,278932),F
[Wed Sep 09 14:59:07 UTC 2026][INFO] [Action] E UpdateStyle - (r,278973,278983),19:4278190335:1,(r,278973,278983),F
[Wed Sep 09 14:59:15 UTC 2026][INFO] [Action] E UpdateStyle - (r,278910,278918),19:4278190335:1,(r,278910,278918),F
[Wed Sep 09 14:59:33 UTC 2026][INFO] [Action] E UpdateStyle - (r,278498,278540),19:4278190335:1,(r,278498,278540),F
[Wed Sep 09 14:59:36 UTC 2026][INFO] [Action] E UpdateStyle - (r,278498,278540),13:350:3,(r,278498,278540),F
[Wed Sep 09 14:59:46 UTC 2026][INFO] [Action] E UpdateStyle - (r,278498,278540),12:382:3,(r,278498,278540),F
[Wed Sep 09 14:59:51 UTC 2026][INFO] [Action] E UpdateStyle - (c,278540,2),49:0.250000:2,(r,278540,278540),F
[Wed Sep 09 14:59:59 UTC 2026][INFO] [Action] E UpdateStyle - (c,278540,2),34:320:3,(r,278540,278540),F
[Wed Sep 09 15:00:04 UTC 2026][INFO] [Action] E UpdateStyle - (c,278497,2),49:0.250000:2,(r,278497,278497),F
[Wed Sep 09 15:00:12 UTC 2026][INFO] [Action] E DeleteContent - (r,278587,278587),B
[Wed Sep 09 15:00:15 UTC 2026][INFO] [Action] E InsertTextContent - (c,278586,2),[SPACE]
[Wed Sep 09 15:00:24 UTC 2026][INFO] [Action] E UpdateStyle - (r,278586,278587),16:8.000000:2,(r,278586,278587),F
[Wed Sep 09 15:00:27 UTC 2026][INFO] [Action] E UpdateStyle - (r,278586,278587),16:10.000000:2,(r,278586,278587),F
[Wed Sep 09 15:01:22 UTC 2026][INFO] [Action] E MergeContainer - 276484,0
[Wed Sep 09 15:01:25 UTC 2026][INFO] [Action] U MergeContainer
[Wed Sep 09 15:01:30 UTC 2026][INFO] [Action] E UpdateStyle - (c,276484,2),49:0.750000:2,(r,276484,276484),F
[Wed Sep 09 15:01:31 UTC 2026][INFO] [Action] E UpdateStyle - (c,276484,2),49:0.500000:2,(r,276484,276484),F
[Wed Sep 09 15:01:31 UTC 2026][INFO] [Action] E UpdateStyle - (c,276484,2),49:0.250000:2,(r,276484,276484),F
[Wed Sep 09 15:01:32 UTC 2026][INFO] [Action] E UpdateStyle - (c,276484,2),49:0.000000:2,(r,276484,276484),F
[Wed Sep 09 15:01:45 UTC 2026][INFO] [Action] E UpdateStyle - (c,274321,2),49:0.000000:2,(r,274321,274321),F
[Wed Sep 09 15:01:53 UTC 2026][INFO] [Action] E UpdateStyle - (c,274341,2),47:0.000000:2,(r,274341,274341),F
[Wed Sep 09 15:02:16 UTC 2026][INFO] [Action] E AddTextContainer - (c,277131,2),0,0,0
[Wed Sep 09 15:02:31 UTC 2026][INFO] [Action] E Cut - (r,278998,278998)
[Wed Sep 09 15:02:39 UTC 2026][INFO] [Action] E Paste - (c,277132,2),0
[Wed Sep 09 15:02:45 UTC 2026][INFO] [Action] E UpdateStyle - (c,277131,2),49:0.250000:2,(r,277131,277131),F
[Wed Sep 09 15:02:55 UTC 2026][INFO] [Action] E UpdateStyle - (c,277133,1),47:0.250000:2,(r,277133,277133),F
[Wed Sep 09 15:02:55 UTC 2026][INFO] [Action] E UpdateStyle - (c,277133,1),47:0.500000:2,(r,277133,277133),F
[Wed Sep 09 15:02:56 UTC 2026][INFO] [Action] E UpdateStyle - (c,277133,1),47:0.750000:2,(r,277133,277133),F
[Wed Sep 09 15:03:29 UTC 2026][INFO] [Action] E DeleteContent - (c,277172,2),B
[Wed Sep 09 15:03:31 UTC 2026][INFO] [Action] E DeleteContent - (c,277173,2),B
[Wed Sep 09 15:03:32 UTC 2026][INFO] [Action] E DeleteContent - (c,277183,2),B
[Wed Sep 09 15:03:34 UTC 2026][INFO] [Action] E DeleteContent - (c,277184,2),B
[Wed Sep 09 15:03:36 UTC 2026][INFO] [Action] E DeleteContent - (c,277220,2),B
[Wed Sep 09 15:03:37 UTC 2026][INFO] [Action] E DeleteContent - (c,277222,2),B
[Wed Sep 09 15:03:39 UTC 2026][INFO] [Action] E DeleteContent - (c,277227,2),B
[Wed Sep 09 15:03:41 UTC 2026][INFO] [Action] E DeleteContent - (c,277230,1),B
[Wed Sep 09 15:03:52 UTC 2026][INFO] [Action] E SplitContainer - 277186
[Wed Sep 09 15:03:56 UTC 2026][INFO] [Action] E UpdateStyle - (c,277186,1),47:0.500000:2,(r,277186,277186),F
[Wed Sep 09 15:03:56 UTC 2026][INFO] [Action] E UpdateStyle - (c,277186,1),47:0.250000:2,(r,277186,277186),F
[Wed Sep 09 15:03:57 UTC 2026][INFO] [Action] E UpdateStyle - (c,277186,1),47:0.000000:2,(r,277186,277186),F
[Wed Sep 09 15:04:07 UTC 2026][INFO] [Action] E SplitContainer - 277231
[Wed Sep 09 15:04:12 UTC 2026][INFO] [Action] E UpdateStyle - (c,277231,1),49:0.000000:2,(r,277231,277231),F
[Wed Sep 09 15:04:14 UTC 2026][INFO] [Action] E UpdateStyle - (c,277231,1),49:0.250000:2,(r,277231,277231),F
[Wed Sep 09 15:04:19 UTC 2026][INFO] [Action] E UpdateStyle - (c,277230,2),49:0.000000:2,(r,277230,277230),F
[Wed Sep 09 15:04:25 UTC 2026][INFO] [Action] E DeleteContent - (c,277266,2),B
[Wed Sep 09 15:04:27 UTC 2026][INFO] [Action] E DeleteContent - (c,277264,2),B
[Wed Sep 09 15:04:46 UTC 2026][INFO] [Action] E DeleteContent - (c,277288,1),B
[Wed Sep 09 15:04:48 UTC 2026][INFO] [Action] E SplitContainer - 277287
[Wed Sep 09 15:04:55 UTC 2026][INFO] [Action] E UpdateStyle - (c,277286,2),49:0.000000:2,(r,277286,277286),F
[Wed Sep 09 15:05:08 UTC 2026][INFO] [Action] E SplitContainer - 277552
[Wed Sep 09 15:05:30 UTC 2026][INFO] [Action] E UpdateStyle - (r,277580,277613),19:4278190335:1,(r,277580,277613),F
[Wed Sep 09 15:05:32 UTC 2026][INFO] [Action] E UpdateStyle - (r,277580,277613),13:361:3,(r,277580,277613),F
[Wed Sep 09 15:05:34 UTC 2026][INFO] [Action] E UpdateStyle - (r,277580,277613),13:350:3,(r,277580,277613),F
[Wed Sep 09 15:05:44 UTC 2026][INFO] [Action] E SplitContainer - 277641
[Wed Sep 09 15:05:48 UTC 2026][INFO] [Action] E SplitContainer - 277692
[Wed Sep 09 15:05:51 UTC 2026][INFO] [Action] E DeleteContent - (r,277692,277692),F
[Wed Sep 09 15:06:03 UTC 2026][INFO] [Action] E UpdateStyle - (c,277805,2),49:0.250000:2,(r,277805,277805),F
[Wed Sep 09 15:06:41 UTC 2026][INFO] [Action] E UpdateStyle - (c,278163,2),49:0.500000:2,(r,278163,278163),F
[Wed Sep 09 15:06:42 UTC 2026][INFO] [Action] E UpdateStyle - (c,278163,2),49:0.250000:2,(r,278163,278163),F
[Wed Sep 09 15:06:54 UTC 2026][INFO] [Action] E UpdateStyle - (c,279711,2),49:1.250000:2,(r,279711,279711),F
[Wed Sep 09 15:07:12 UTC 2026][INFO] [Action] E InsertTextContent - (c,281271,2),[SPACE]
[Wed Sep 09 15:07:35 UTC 2026][INFO] [Action] E UpdateStyle - (r,281618,281625),12:382:3,(r,281618,281625),F
[Wed Sep 09 15:07:51 UTC 2026][INFO] [Action] E UpdateStyle - (c,282572,2),49:2.000000:2,(r,282572,282572),F
[Wed Sep 09 15:07:51 UTC 2026][INFO] [Action] E UpdateStyle - (c,282572,2),49:2.250000:2,(r,282572,282572),F
[Wed Sep 09 15:07:51 UTC 2026][INFO] [Action] E UpdateStyle - (c,282572,2),49:2.500000:2,(r,282572,282572),F
[Wed Sep 09 15:07:51 UTC 2026][INFO] [Action] E UpdateStyle - (c,282572,2),49:2.750000:2,(r,282572,282572),F
[Wed Sep 09 15:08:00 UTC 2026][INFO] [Action] E UpdateStyle - (c,281768,2),49:0.250000:2,(r,281768,281768),F
[Wed Sep 09 15:08:07 UTC 2026][INFO] [Action] E UpdateStyle - (r,281815,281991),11:Bookerly,serif:4,(r,281815,281991),F
[Wed Sep 09 15:08:09 UTC 2026][INFO] [Action] E UpdateStyle - (r,281815,281991),11:AmazonEmber,sans-serif:4,(r,281815,281991),F
[Wed Sep 09 15:08:15 UTC 2026][INFO] [Action] E UpdateStyle - (c,281991,2),49:0.250000:2,(r,281991,281991),F
[Wed Sep 09 15:08:15 UTC 2026][INFO] [Action] E UpdateStyle - (c,281991,2),49:0.500000:2,(r,281991,281991),F
[Wed Sep 09 15:08:20 UTC 2026][INFO] [Action] E UpdateStyle - (c,281814,2),49:0.250000:2,(r,281814,281814),F
[Wed Sep 09 15:08:36 UTC 2026][INFO] [Action] E UpdateStyle - (r,282057,282136),19:4278190335:1,(r,282057,282136),F
[Wed Sep 09 15:08:40 UTC 2026][INFO] [Action] E UpdateStyle - (r,282057,282136),13:350:3,(r,282057,282136),F
[Wed Sep 09 15:08:43 UTC 2026][INFO] [Action] E UpdateStyle - (r,282057,282136),16:12.000000:2,(r,282057,282136),F
[Wed Sep 09 15:08:47 UTC 2026][INFO] [Action] E UpdateStyle - (r,282057,282136),16:10.000000:2,(r,282057,282136),F
[Wed Sep 09 15:09:16 UTC 2026][INFO] [Action] E UpdateStyle - (r,281815,281991),19:4278190335:1,(r,281815,281991),F
[Wed Sep 09 15:09:18 UTC 2026][INFO] [Action] E UpdateStyle - (r,281815,281991),16:10.000000:2,(r,281815,281991),F
[Wed Sep 09 15:09:30 UTC 2026][INFO] [Action] E UpdateStyle - (r,282057,282136),12:350:3,(r,282057,282136),F
[Wed Sep 09 15:09:41 UTC 2026][INFO] [Action] E UpdateStyle - (r,281815,281991),48:1.000000:2,(r,281815,281991),F
[Wed Sep 09 15:09:41 UTC 2026][INFO] [Action] E UpdateStyle - (r,281815,281991),48:2.000000:2,(r,281815,281991),F
[Wed Sep 09 15:09:41 UTC 2026][INFO] [Action] E UpdateStyle - (r,281815,281991),48:3.000000:2,(r,281815,281991),F
[Wed Sep 09 15:09:42 UTC 2026][INFO] [Action] E UpdateStyle - (r,281815,281991),48:4.000000:2,(r,281815,281991),F
[Wed Sep 09 15:09:42 UTC 2026][INFO] [Action] E UpdateStyle - (r,281815,281991),48:5.000000:2,(r,281815,281991),F
[Wed Sep 09 15:09:42 UTC 2026][INFO] [Action] E UpdateStyle - (r,281815,281991),48:6.000000:2,(r,281815,281991),F
[Wed Sep 09 15:09:43 UTC 2026][INFO] [Action] E UpdateStyle - (r,281815,281991),48:7.000000:2,(r,281815,281991),F
[Wed Sep 09 15:09:52 UTC 2026][INFO] [Action] E UpdateStyle - (r,282057,282136),11:Bookerly,serif:4,(r,282057,282136),F
[Wed Sep 09 15:09:53 UTC 2026][INFO] [Action] E UpdateStyle - (r,282057,282136),11:AmazonEmber,sans-serif:4,(r,282057,282136),F
[Wed Sep 09 15:10:02 UTC 2026][INFO] [Action] E UpdateStyle - (c,282181,2),49:0.250000:2,(r,282181,282181),F
[Wed Sep 09 15:10:03 UTC 2026][INFO] [Action] E UpdateStyle - (c,282181,2),49:0.500000:2,(r,282181,282181),F
[Wed Sep 09 15:10:12 UTC 2026][INFO] [Action] E UpdateStyle - (r,282287,282357),16:10.000000:2,(r,282287,282357),F
[Wed Sep 09 15:10:15 UTC 2026][INFO] [Action] E UpdateStyle - (r,282287,282357),19:4278190335:1,(r,282287,282357),F
[Wed Sep 09 15:10:18 UTC 2026][INFO] [Action] E UpdateStyle - (r,282287,282357),11:Bookerly,serif:4,(r,282287,282357),F
[Wed Sep 09 15:10:20 UTC 2026][INFO] [Action] E UpdateStyle - (r,282287,282357),11:AmazonEmber,sans-serif:4,(r,282287,282357),F
[Wed Sep 09 15:10:25 UTC 2026][INFO] [Action] E UpdateStyle - (c,282286,2),49:0.250000:2,(r,282286,282286),F
[Wed Sep 09 15:10:31 UTC 2026][INFO] [Action] E UpdateStyle - (c,282357,2),49:0.250000:2,(r,282357,282357),F
[Wed Sep 09 15:10:37 UTC 2026][INFO] [Action] E UpdateStyle - (c,282426,2),49:0.250000:2,(r,282426,282426),F
[Wed Sep 09 15:10:38 UTC 2026][INFO] [Action] E UpdateStyle - (c,282426,2),49:0.500000:2,(r,282426,282426),F
[Wed Sep 09 15:10:55 UTC 2026][INFO] [Action] E UpdateStyle - (c,282225,2),49:0.250000:2,(r,282225,282225),F
[Wed Sep 09 15:10:59 UTC 2026][INFO] [Action] E UpdateStyle - (c,282225,2),49:0.500000:2,(r,282225,282225),F
[Wed Sep 09 15:11:12 UTC 2026][INFO] [Action] E AddTextContainer - (c,282480,2),0,0,0
[Wed Sep 09 15:11:13 UTC 2026][INFO] [Action] E AddTextContainer - (c,282481,1),1,0,0
[Wed Sep 09 15:11:13 UTC 2026][INFO] [Action] E AddTextContainer - (c,282482,1),1,0,0
[Wed Sep 09 15:11:14 UTC 2026][INFO] [Action] E AddTextContainer - (c,282483,1),1,0,0
[Wed Sep 09 15:11:16 UTC 2026][INFO] [Action] E UpdateStyle - (c,282484,1),49:0.250000:2,(r,282485,282485),F
[Wed Sep 09 15:11:16 UTC 2026][INFO] [Action] E UpdateStyle - (c,282484,1),49:0.250000:2,(r,282485,282485),F
[Wed Sep 09 15:11:16 UTC 2026][INFO] [Action] E UpdateStyle - (c,282484,1),49:0.250000:2,(r,282485,282485),F
[Wed Sep 09 15:11:17 UTC 2026][INFO] [Action] E UpdateStyle - (c,282484,1),49:0.250000:2,(r,282485,282485),F
[Wed Sep 09 15:11:17 UTC 2026][INFO] [Action] E UpdateStyle - (c,282484,1),49:0.250000:2,(r,282485,282485),F
[Wed Sep 09 15:11:27 UTC 2026][INFO] [Action] E UpdateStyle - (c,282576,2),49:2.500000:2,(r,282576,282576),F
[Wed Sep 09 15:11:28 UTC 2026][INFO] [Action] E UpdateStyle - (c,282576,2),49:2.250000:2,(r,282576,282576),F
[Wed Sep 09 15:11:28 UTC 2026][INFO] [Action] E UpdateStyle - (c,282576,2),49:2.000000:2,(r,282576,282576),F
[Wed Sep 09 15:11:28 UTC 2026][INFO] [Action] E UpdateStyle - (c,282576,2),49:1.750000:2,(r,282576,282576),F
[Wed Sep 09 15:11:28 UTC 2026][INFO] [Action] E UpdateStyle - (c,282576,2),49:1.500000:2,(r,282576,282576),F
[Wed Sep 09 15:11:28 UTC 2026][INFO] [Action] E UpdateStyle - (c,282576,2),49:1.250000:2,(r,282576,282576),F
[Wed Sep 09 15:11:29 UTC 2026][INFO] [Action] E UpdateStyle - (c,282576,2),49:1.000000:2,(r,282576,282576),F
[Wed Sep 09 15:11:29 UTC 2026][INFO] [Action] E UpdateStyle - (c,282576,2),49:0.750000:2,(r,282576,282576),F
[Wed Sep 09 15:11:30 UTC 2026][INFO] [Action] E UpdateStyle - (c,282576,2),49:0.500000:2,(r,282576,282576),F
[Wed Sep 09 15:11:51 UTC 2026][INFO] [Action] E UpdateStyle - (c,282912,2),48:1.000000:2,(r,282912,282912),F
[Wed Sep 09 15:11:55 UTC 2026][INFO] [Action] E UpdateStyle - (c,282912,2),48:0.000000:2,(r,282912,282912),F
[Wed Sep 09 15:11:58 UTC 2026][INFO] [Action] E UpdateStyle - (c,282912,2),47:0.250000:2,(r,282912,282912),F
[Wed Sep 09 15:11:58 UTC 2026][INFO] [Action] E UpdateStyle - (c,282912,2),47:0.500000:2,(r,282912,282912),F
[Wed Sep 09 15:12:14 UTC 2026][INFO] [Action] E UpdateStyle - (c,282955,2),47:1.750000:2,(r,282955,282955),F
[Wed Sep 09 15:12:16 UTC 2026][INFO] [Action] E UpdateStyle - (c,282955,2),47:1.500000:2,(r,282955,282955),F
[Wed Sep 09 15:12:16 UTC 2026][INFO] [Action] E UpdateStyle - (c,282955,2),47:1.250000:2,(r,282955,282955),F
[Wed Sep 09 15:12:17 UTC 2026][INFO] [Action] E UpdateStyle - (c,282955,2),47:1.000000:2,(r,282955,282955),F
[Wed Sep 09 15:12:19 UTC 2026][INFO] [Action] E UpdateStyle - (c,282955,2),47:0.750000:2,(r,282955,282955),F
[Wed Sep 09 15:12:24 UTC 2026][INFO] [Action] E UpdateStyle - (c,282528,2),47:0.750000:2,(r,282528,282528),F
[Wed Sep 09 15:12:25 UTC 2026][INFO] [Action] E UpdateStyle - (c,282528,2),47:0.500000:2,(r,282528,282528),F
[Wed Sep 09 15:12:26 UTC 2026][INFO] [Action] E UpdateStyle - (c,282528,2),49:0.000000:2,(r,282528,282528),F
[Wed Sep 09 15:12:58 UTC 2026][INFO] [Action] E Cut - (r,282578,282911)
[Wed Sep 09 15:13:37 UTC 2026][INFO] [Action] E AddTextContainer - (c,282600,2),0,0,0
[Wed Sep 09 15:13:47 UTC 2026][INFO] [Action] E Paste - (c,282601,2),340
[Wed Sep 09 15:13:52 UTC 2026][INFO] [Action] E UpdateStyle - (c,282601,1),47:0.250000:2,(r,282601,282601),F
[Wed Sep 09 15:13:52 UTC 2026][INFO] [Action] E UpdateStyle - (c,282601,1),47:0.500000:2,(r,282601,282601),F
[Wed Sep 09 15:13:58 UTC 2026][INFO] [Action] E SplitContainer - 282837
[Wed Sep 09 15:14:04 UTC 2026][INFO] [Action] E UpdateStyle - (r,282601,282933),16:10.000000:2,(r,282601,282933),F
[Wed Sep 09 15:14:19 UTC 2026][INFO] [Action] E UpdateStyle - (c,282575,2),47:0.750000:2,(r,282575,282575),F
[Wed Sep 09 15:14:20 UTC 2026][INFO] [Action] E UpdateStyle - (c,282575,2),47:0.500000:2,(r,282575,282575),F
[Wed Sep 09 15:14:21 UTC 2026][INFO] [Action] E UpdateStyle - (c,282575,2),47:0.250000:2,(r,282575,282575),F
[Wed Sep 09 15:14:23 UTC 2026][INFO] [Action] E UpdateStyle - (c,282575,2),47:0.000000:2,(r,282575,282575),F
[Wed Sep 09 15:14:31 UTC 2026][INFO] [Action] E UpdateStyle - (c,282650,1),49:0.500000:2,(r,282650,282650),F
[Wed Sep 09 15:14:32 UTC 2026][INFO] [Action] E UpdateStyle - (c,282650,1),49:0.250000:2,(r,282650,282650),F
[Wed Sep 09 15:14:40 UTC 2026][INFO] [Action] E UpdateStyle - (c,282649,2),49:0.500000:2,(r,282649,282649),F
[Wed Sep 09 15:14:41 UTC 2026][INFO] [Action] E UpdateStyle - (c,282649,2),49:0.250000:2,(r,282649,282649),F
[Wed Sep 09 15:14:46 UTC 2026][INFO] [Action] E UpdateStyle - (c,282836,2),49:0.500000:2,(r,282836,282836),F
[Wed Sep 09 15:14:46 UTC 2026][INFO] [Action] E UpdateStyle - (c,282836,2),49:0.250000:2,(r,282836,282836),F
[Wed Sep 09 15:14:53 UTC 2026][INFO] [Action] E UpdateStyle - (r,283372,283390),12:382:3,(r,283372,283390),F
[Wed Sep 09 15:14:58 UTC 2026][INFO] [Action] E UpdateStyle - (c,282933,2),49:0.500000:2,(r,282933,282933),F
[Wed Sep 09 15:14:59 UTC 2026][INFO] [Action] E UpdateStyle - (c,282933,2),49:0.250000:2,(r,282933,282933),F
[Wed Sep 09 15:15:20 UTC 2026][INFO] [Action] E Cut - (r,282600,282600)
[Wed Sep 09 15:15:24 UTC 2026][INFO] [Action] E DeleteContent - (c,282599,2),B
[Wed Sep 09 15:15:24 UTC 2026][INFO] [Action] E DeleteContent - (c,282598,2),B
[Wed Sep 09 15:15:24 UTC 2026][INFO] [Action] E DeleteContent - (c,282597,2),B
[Wed Sep 09 15:15:25 UTC 2026][INFO] [Action] E DeleteContent - (c,282596,2),B
[Wed Sep 09 15:15:25 UTC 2026][INFO] [Action] E DeleteContent - (c,282595,2),B
[Wed Sep 09 15:15:25 UTC 2026][INFO] [Action] E DeleteContent - (c,282594,2),B
[Wed Sep 09 15:15:25 UTC 2026][INFO] [Action] E DeleteContent - (c,282593,2),B
[Wed Sep 09 15:15:25 UTC 2026][INFO] [Action] E DeleteContent - (c,282592,2),B
[Wed Sep 09 15:15:26 UTC 2026][INFO] [Action] E DeleteContent - (c,282591,2),B
[Wed Sep 09 15:15:26 UTC 2026][INFO] [Action] E DeleteContent - (c,282590,2),B
[Wed Sep 09 15:15:26 UTC 2026][INFO] [Action] E DeleteContent - (c,282589,2),B
[Wed Sep 09 15:15:26 UTC 2026][INFO] [Action] E DeleteContent - (c,282588,2),B
[Wed Sep 09 15:15:26 UTC 2026][INFO] [Action] E DeleteContent - (c,282587,2),B
[Wed Sep 09 15:15:27 UTC 2026][INFO] [Action] E DeleteContent - (c,282586,2),B
[Wed Sep 09 15:15:27 UTC 2026][INFO] [Action] E DeleteContent - (c,282585,2),B
[Wed Sep 09 15:15:27 UTC 2026][INFO] [Action] E DeleteContent - (c,282584,2),B
[Wed Sep 09 15:15:27 UTC 2026][INFO] [Action] E DeleteContent - (c,282583,2),B
[Wed Sep 09 15:15:27 UTC 2026][INFO] [Action] E DeleteContent - (c,282582,2),B
[Wed Sep 09 15:15:27 UTC 2026][INFO] [Action] E DeleteContent - (c,282581,2),B
[Wed Sep 09 15:15:28 UTC 2026][INFO] [Action] E DeleteContent - (c,282580,2),B
[Wed Sep 09 15:15:28 UTC 2026][INFO] [Action] E DeleteContent - (c,282579,2),B
[Wed Sep 09 15:15:28 UTC 2026][INFO] [Action] E DeleteContent - (c,282578,2),B
[Wed Sep 09 15:15:29 UTC 2026][INFO] [Action] E DeleteContent - (c,282577,2),B
[Wed Sep 09 15:15:29 UTC 2026][INFO] [Action] E MergeContainer - 282577,1
[Wed Sep 09 15:15:31 UTC 2026][INFO] [Action] E AddTextContainer - (c,282576,2),0,0,0
[Wed Sep 09 15:15:35 UTC 2026][INFO] [Action] E Paste - (c,282577,1),0
[Wed Sep 09 15:15:55 UTC 2026][INFO] [Action] E UpdateStyle - (c,282577,1),34:320:3,(r,282577,282577),F
[Wed Sep 09 15:15:57 UTC 2026][INFO] [Action] E UpdateStyle - (c,282577,1),34:320:3,(r,282577,282577),F
[Wed Sep 09 15:15:57 UTC 2026][INFO] [Action] E UpdateStyle - (c,282577,1),34:320:3,(r,282577,282577),F
[Wed Sep 09 15:15:59 UTC 2026][INFO] [Action] E InsertTextContent - (c,282577,1),[SPACE]
[Wed Sep 09 15:15:59 UTC 2026][INFO] [Action] E InsertTextContent - (c,282577,2),[SPACE]
[Wed Sep 09 15:15:59 UTC 2026][INFO] [Action] E InsertTextContent - (c,282578,2),[SPACE]
[Wed Sep 09 15:15:59 UTC 2026][INFO] [Action] E InsertTextContent - (c,282579,2),[SPACE]
[Wed Sep 09 15:15:59 UTC 2026][INFO] [Action] E InsertTextContent - (c,282580,2),[SPACE]
[Wed Sep 09 15:16:00 UTC 2026][INFO] [Action] E InsertTextContent - (c,282581,2),[SPACE]
[Wed Sep 09 15:16:00 UTC 2026][INFO] [Action] E InsertTextContent - (c,282582,2),[SPACE]
[Wed Sep 09 15:16:00 UTC 2026][INFO] [Action] E InsertTextContent - (c,282583,2),[SPACE]
[Wed Sep 09 15:16:00 UTC 2026][INFO] [Action] E InsertTextContent - (c,282584,2),[SPACE]
[Wed Sep 09 15:16:00 UTC 2026][INFO] [Action] E InsertTextContent - (c,282585,2),[SPACE]
[Wed Sep 09 15:16:01 UTC 2026][INFO] [Action] E InsertTextContent - (c,282586,2),[SPACE]
[Wed Sep 09 15:16:01 UTC 2026][INFO] [Action] E InsertTextContent - (c,282587,2),[SPACE]
[Wed Sep 09 15:16:05 UTC 2026][INFO] [Action] E UpdateStyle - (c,282589,2),49:0.250000:2,(r,282589,282589),F
[Wed Sep 09 15:16:07 UTC 2026][INFO] [Action] E UpdateStyle - (c,282589,2),49:0.250000:2,(r,282589,282589),F
[Wed Sep 09 15:16:09 UTC 2026][INFO] [Action] E UpdateStyle - (c,282589,2),49:0.250000:2,(r,282589,282589),F
[Wed Sep 09 15:16:10 UTC 2026][INFO] [Action] E UpdateStyle - (c,282589,2),49:0.250000:2,(r,282589,282589),F
[Wed Sep 09 15:16:14 UTC 2026][INFO] [Action] E UpdateStyle - (c,282591,1),47:0.750000:2,(r,282591,282591),F
[Wed Sep 09 15:16:22 UTC 2026][INFO] [Action] E UpdateStyle - (c,282576,2),49:0.250000:2,(r,282576,282576),F
[Wed Sep 09 15:16:22 UTC 2026][INFO] [Action] E UpdateStyle - (c,282576,2),49:0.000000:2,(r,282576,282576),F
[Wed Sep 09 15:16:36 UTC 2026][INFO] [Action] E UpdateStyle - (c,283509,2),49:0.250000:2,(r,283509,283509),F
[Wed Sep 09 15:16:53 UTC 2026][INFO] [Action] E InsertTextContent - (r,283517,283523),[o]
[Wed Sep 09 15:16:54 UTC 2026][INFO] [Action] E InsertTextContent - (c,283517,2),[n]
[Wed Sep 09 15:16:55 UTC 2026][INFO] [Action] E InsertTextContent - (c,283518,2),[c]
[Wed Sep 09 15:16:55 UTC 2026][INFO] [Action] E InsertTextContent - (c,283519,2),[e]
[Wed Sep 09 15:16:55 UTC 2026][INFO] [Action] E InsertTextContent - (c,283520,2),[SPACE]
[Wed Sep 09 15:16:56 UTC 2026][INFO] [Action] E InsertTextContent - (c,283521,2),[s]
[Wed Sep 09 15:16:57 UTC 2026][INFO] [Action] E InsertTextContent - (c,283522,2),[t]
[Wed Sep 09 15:16:57 UTC 2026][INFO] [Action] E InsertTextContent - (c,283523,2),[a]
[Wed Sep 09 15:16:58 UTC 2026][INFO] [Action] E InsertTextContent - (c,283524,2),[t]
[Wed Sep 09 15:17:00 UTC 2026][INFO] [Action] E InsertTextContent - (c,283525,2),[e]
[Wed Sep 09 15:17:01 UTC 2026][INFO] [Action] E InsertTextContent - (c,283528,2),[SPACE]
[Wed Sep 09 15:17:03 UTC 2026][INFO] [Action] E MergeContainer - 283529,0
[Wed Sep 09 15:17:10 UTC 2026][INFO] [Action] E SplitContainer - 283530
[Wed Sep 09 15:17:16 UTC 2026][INFO] [Action] E UpdateStyle - (c,283530,1),48:1.000000:2,(r,283530,283530),F
[Wed Sep 09 15:17:17 UTC 2026][INFO] [Action] E UpdateStyle - (c,283530,1),48:2.000000:2,(r,283530,283530),F
[Wed Sep 09 15:17:17 UTC 2026][INFO] [Action] E UpdateStyle - (c,283530,1),48:3.000000:2,(r,283530,283530),F
[Wed Sep 09 15:17:17 UTC 2026][INFO] [Action] E UpdateStyle - (c,283530,1),48:4.000000:2,(r,283530,283530),F
[Wed Sep 09 15:17:17 UTC 2026][INFO] [Action] E UpdateStyle - (c,283530,1),48:5.000000:2,(r,283530,283530),F
[Wed Sep 09 15:17:17 UTC 2026][INFO] [Action] E UpdateStyle - (c,283530,1),48:6.000000:2,(r,283530,283530),F
[Wed Sep 09 15:17:17 UTC 2026][INFO] [Action] E UpdateStyle - (c,283530,1),48:7.000000:2,(r,283530,283530),F
[Wed Sep 09 15:17:18 UTC 2026][INFO] [Action] E UpdateStyle - (c,283530,1),48:8.000000:2,(r,283530,283530),F
[Wed Sep 09 15:17:18 UTC 2026][INFO] [Action] E UpdateStyle - (c,283530,1),48:9.000000:2,(r,283530,283530),F
[Wed Sep 09 15:17:18 UTC 2026][INFO] [Action] E UpdateStyle - (c,283530,1),48:10.000000:2,(r,283530,283530),F
[Wed Sep 09 15:17:22 UTC 2026][INFO] [Action] E UpdateStyle - (c,283590,1),48:1.000000:2,(r,283590,283590),F
[Wed Sep 09 15:17:22 UTC 2026][INFO] [Action] E UpdateStyle - (c,283590,1),48:2.000000:2,(r,283590,283590),F
[Wed Sep 09 15:17:22 UTC 2026][INFO] [Action] E UpdateStyle - (c,283590,1),48:3.000000:2,(r,283590,283590),F
[Wed Sep 09 15:17:23 UTC 2026][INFO] [Action] E UpdateStyle - (c,283590,1),48:4.000000:2,(r,283590,283590),F
[Wed Sep 09 15:17:23 UTC 2026][INFO] [Action] E UpdateStyle - (c,283590,1),48:5.000000:2,(r,283590,283590),F
[Wed Sep 09 15:17:23 UTC 2026][INFO] [Action] E UpdateStyle - (c,283590,1),48:6.000000:2,(r,283590,283590),F
[Wed Sep 09 15:17:23 UTC 2026][INFO] [Action] E UpdateStyle - (c,283590,1),48:7.000000:2,(r,283590,283590),F
[Wed Sep 09 15:17:23 UTC 2026][INFO] [Action] E UpdateStyle - (c,283590,1),48:8.000000:2,(r,283590,283590),F
[Wed Sep 09 15:17:24 UTC 2026][INFO] [Action] E UpdateStyle - (c,283590,1),48:9.000000:2,(r,283590,283590),F
[Wed Sep 09 15:17:24 UTC 2026][INFO] [Action] E UpdateStyle - (c,283590,1),48:10.000000:2,(r,283590,283590),F
[Wed Sep 09 15:17:29 UTC 2026][INFO] [Action] E UpdateStyle - (c,283560,2),49:0.250000:2,(r,283560,283560),F
[Wed Sep 09 15:17:33 UTC 2026][INFO] [Action] E UpdateStyle - (r,283530,283560),11:Bookerly,serif:4,(r,283530,283560),F
[Wed Sep 09 15:17:35 UTC 2026][INFO] [Action] E UpdateStyle - (r,283530,283560),11:AmazonEmber,sans-serif:4,(r,283530,283560),F
[Wed Sep 09 15:17:40 UTC 2026][INFO] [Action] E UpdateStyle - (r,283590,283653),11:Bookerly,serif:4,(r,283590,283653),F
[Wed Sep 09 15:17:42 UTC 2026][INFO] [Action] E UpdateStyle - (r,283590,283653),11:AmazonEmber,sans-serif:4,(r,283590,283653),F
[Wed Sep 09 15:17:47 UTC 2026][INFO] [Action] E UpdateStyle - (c,283653,2),49:0.250000:2,(r,283653,283653),F
[Wed Sep 09 15:17:47 UTC 2026][INFO] [Action] E UpdateStyle - (c,283653,2),49:0.500000:2,(r,283653,283653),F
[Wed Sep 09 15:17:52 UTC 2026][INFO] [Action] E UpdateStyle - (c,283529,2),49:0.250000:2,(r,283529,283529),F
[Wed Sep 09 15:17:55 UTC 2026][INFO] [Action] E UpdateStyle - (c,283560,2),49:0.500000:2,(r,283560,283560),F
[Wed Sep 09 15:17:58 UTC 2026][INFO] [Action] E UpdateStyle - (c,283589,2),49:0.250000:2,(r,283589,283589),F
[Wed Sep 09 15:18:01 UTC 2026][INFO] [Action] E UpdateStyle - (c,283653,2),49:0.750000:2,(r,283653,283653),F
[Wed Sep 09 15:18:18 UTC 2026][INFO] [Action] E UpdateStyle - (c,283468,2),49:0.000000:2,(r,283468,283468),F
[Wed Sep 09 15:18:35 UTC 2026][INFO] [Action] E UpdateStyle - (r,284031,284066),19:4278190335:1,(r,284031,284066),F
[Wed Sep 09 15:18:52 UTC 2026][INFO] [Action] E InsertTextContent - (c,283830,2),[SPACE]
[Wed Sep 09 15:18:53 UTC 2026][INFO] [Action] E MergeContainer - 283831,0
[Wed Sep 09 15:19:07 UTC 2026][INFO] [Action] E UpdateStyle - (r,283483,283484),42:1.500000:2,(r,283483,283484),F
[Wed Sep 09 15:19:09 UTC 2026][INFO] [Action] E UpdateStyle - (r,283483,283484),42:1.250000:2,(r,283483,283484),F
[Wed Sep 09 15:19:09 UTC 2026][INFO] [Action] E UpdateStyle - (r,283483,283484),42:1.000000:2,(r,283483,283484),F
[Wed Sep 09 15:19:16 UTC 2026][INFO] [Action] E UpdateStyle - (c,283468,2),42:1.500000:2,(r,283468,283468),F
[Wed Sep 09 15:19:16 UTC 2026][INFO] [Action] E UpdateStyle - (c,283468,2),42:1.250000:2,(r,283468,283468),F
[Wed Sep 09 15:19:16 UTC 2026][INFO] [Action] E UpdateStyle - (c,283468,2),42:1.000000:2,(r,283468,283468),F
[Wed Sep 09 15:19:21 UTC 2026][INFO] [Action] E DeleteContent - (r,283469,283469),F
[Wed Sep 09 15:19:25 UTC 2026][INFO] [Action] U DeleteContent
[Wed Sep 09 15:19:29 UTC 2026][INFO] [Action] E DeleteContent - (c,283469,1),B
[Wed Sep 09 15:19:30 UTC 2026][INFO] [Action] E InsertTextContent - (c,283468,1),[SPACE]
[Wed Sep 09 15:19:41 UTC 2026][INFO] [Action] E UpdateStyle - (r,283414,283509),42:1.250000:2,(r,283414,283509),F
[Wed Sep 09 15:19:43 UTC 2026][INFO] [Action] E UpdateStyle - (r,283414,283509),42:1.000000:2,(r,283414,283509),F
[Wed Sep 09 15:19:49 UTC 2026][INFO] [Action] E AddTextContainer - (c,283510,1),1,0,0
[Wed Sep 09 15:19:56 UTC 2026][INFO] [Action] E MergeContainer - 283510,1
[Wed Sep 09 15:19:59 UTC 2026][INFO] [Action] E UpdateStyle - (c,283510,2),42:1.250000:2,(r,283510,283510),F
[Wed Sep 09 15:20:00 UTC 2026][INFO] [Action] E UpdateStyle - (c,283510,2),42:1.500000:2,(r,283510,283510),F
[Wed Sep 09 15:20:03 UTC 2026][INFO] [Action] E UpdateStyle - (c,283510,2),42:1.250000:2,(r,283510,283510),F
[Wed Sep 09 15:20:19 UTC 2026][INFO] [Action] E UpdateStyle - (r,283530,283560),19:4278190335:1,(r,283530,283560),F
[Wed Sep 09 15:20:25 UTC 2026][INFO] [Action] E UpdateStyle - (r,283590,283653),19:4278190335:1,(r,283590,283653),F
[Wed Sep 09 15:20:28 UTC 2026][INFO] [Action] E UpdateStyle - (r,283590,283653),16:10.000000:2,(r,283590,283653),F
[Wed Sep 09 15:20:34 UTC 2026][INFO] [Action] E UpdateStyle - (r,283530,283560),16:10.000000:2,(r,283530,283560),F
[Wed Sep 09 15:20:56 UTC 2026][INFO] [Action] E UpdateStyle - (c,283860,2),49:0.250000:2,(r,283860,283860),F
[Wed Sep 09 15:21:05 UTC 2026][INFO] [Action] E UpdateStyle - (c,284031,2),49:0.250000:2,(r,284031,284031),F
[Wed Sep 09 15:21:10 UTC 2026][INFO] [Action] E UpdateStyle - (c,284166,2),49:0.500000:2,(r,284166,284166),F
[Wed Sep 09 15:21:11 UTC 2026][INFO] [Action] E UpdateStyle - (c,284166,2),49:0.750000:2,(r,284166,284166),F
[Wed Sep 09 15:21:11 UTC 2026][INFO] [Action] E UpdateStyle - (c,284166,2),49:1.000000:2,(r,284166,284166),F
[Wed Sep 09 15:21:24 UTC 2026][INFO] [Action] E UpdateStyle - (c,285341,2),49:0.500000:2,(r,285341,285341),F
[Wed Sep 09 15:21:29 UTC 2026][INFO] [Action] E UpdateStyle - (c,284835,2),49:1.000000:2,(r,284835,284835),F
[Wed Sep 09 15:21:37 UTC 2026][INFO] [Action] E AddTextContainer - (c,285515,2),0,0,0
[Wed Sep 09 15:21:45 UTC 2026][INFO] [Action] U AddTextContainer
[Wed Sep 09 15:21:49 UTC 2026][INFO] [Action] E UpdateStyle - (c,285526,1),47:0.250000:2,(r,285526,285526),F
[Wed Sep 09 15:21:50 UTC 2026][INFO] [Action] E UpdateStyle - (c,285526,1),47:0.500000:2,(r,285526,285526),F
[Wed Sep 09 15:21:55 UTC 2026][INFO] [Action] E UpdateStyle - (c,285758,1),47:0.250000:2,(r,285758,285758),F
[Wed Sep 09 15:21:56 UTC 2026][INFO] [Action] E UpdateStyle - (c,285758,1),47:0.500000:2,(r,285758,285758),F
[Wed Sep 09 15:21:57 UTC 2026][INFO] [Action] E UpdateStyle - (c,285758,1),47:0.750000:2,(r,285758,285758),F
[Wed Sep 09 15:22:02 UTC 2026][INFO] [Action] E UpdateStyle - (c,285655,2),47:0.250000:2,(r,285655,285655),F
[Wed Sep 09 15:22:02 UTC 2026][INFO] [Action] E UpdateStyle - (c,285655,2),47:0.500000:2,(r,285655,285655),F
[Wed Sep 09 15:22:09 UTC 2026][INFO] [Action] E UpdateStyle - (c,285932,1),47:0.250000:2,(r,285932,285932),F
[Wed Sep 09 15:22:10 UTC 2026][INFO] [Action] E UpdateStyle - (c,285932,1),47:0.500000:2,(r,285932,285932),F
[Wed Sep 09 15:22:16 UTC 2026][INFO] [Action] E UpdateStyle - (c,285991,2),47:0.250000:2,(r,285991,285991),F
[Wed Sep 09 15:22:16 UTC 2026][INFO] [Action] E UpdateStyle - (c,285991,2),47:0.500000:2,(r,285991,285991),F
[Wed Sep 09 15:22:38 UTC 2026][INFO] [Action] E UpdateStyle - (r,285558,285639),12:382:3,(r,285558,285639),F
[Wed Sep 09 15:22:42 UTC 2026][INFO] [Action] E UpdateStyle - (r,286006,286088),12:382:3,(r,286006,286088),F
[Wed Sep 09 15:22:59 UTC 2026][INFO] [Action] E UpdateStyle - (r,285558,285639),16:10.000000:2,(r,285558,285639),F
[Wed Sep 09 15:23:09 UTC 2026][INFO] [Action] E UpdateStyle - (r,286006,286088),16:10.000000:2,(r,286006,286088),F
[Wed Sep 09 15:23:19 UTC 2026][INFO] [Action] E UpdateStyle - (c,285558,1),48:1.000000:2,(r,285558,285558),F
[Wed Sep 09 15:23:20 UTC 2026][INFO] [Action] E UpdateStyle - (c,285558,1),48:2.000000:2,(r,285558,285558),F
[Wed Sep 09 15:23:20 UTC 2026][INFO] [Action] E UpdateStyle - (c,285558,1),48:3.000000:2,(r,285558,285558),F
[Wed Sep 09 15:23:20 UTC 2026][INFO] [Action] E UpdateStyle - (c,285558,1),48:4.000000:2,(r,285558,285558),F
[Wed Sep 09 15:23:20 UTC 2026][INFO] [Action] E UpdateStyle - (c,285558,1),48:5.000000:2,(r,285558,285558),F
[Wed Sep 09 15:23:21 UTC 2026][INFO] [Action] E UpdateStyle - (c,285558,1),48:6.000000:2,(r,285558,285558),F
[Wed Sep 09 15:23:21 UTC 2026][INFO] [Action] E UpdateStyle - (c,285558,1),48:7.000000:2,(r,285558,285558),F
[Wed Sep 09 15:23:21 UTC 2026][INFO] [Action] E UpdateStyle - (c,285558,1),48:8.000000:2,(r,285558,285558),F
[Wed Sep 09 15:23:21 UTC 2026][INFO] [Action] E UpdateStyle - (c,285558,1),48:9.000000:2,(r,285558,285558),F
[Wed Sep 09 15:23:22 UTC 2026][INFO] [Action] E UpdateStyle - (c,285558,1),48:10.000000:2,(r,285558,285558),F
[Wed Sep 09 15:23:27 UTC 2026][INFO] [Action] E UpdateStyle - (c,286006,1),48:1.000000:2,(r,286006,286006),F
[Wed Sep 09 15:23:28 UTC 2026][INFO] [Action] E UpdateStyle - (c,286006,1),48:2.000000:2,(r,286006,286006),F
[Wed Sep 09 15:23:28 UTC 2026][INFO] [Action] E UpdateStyle - (c,286006,1),48:3.000000:2,(r,286006,286006),F
[Wed Sep 09 15:23:28 UTC 2026][INFO] [Action] E UpdateStyle - (c,286006,1),48:4.000000:2,(r,286006,286006),F
[Wed Sep 09 15:23:29 UTC 2026][INFO] [Action] E UpdateStyle - (c,286006,1),48:5.000000:2,(r,286006,286006),F
[Wed Sep 09 15:23:29 UTC 2026][INFO] [Action] E UpdateStyle - (c,286006,1),48:6.000000:2,(r,286006,286006),F
[Wed Sep 09 15:23:29 UTC 2026][INFO] [Action] E UpdateStyle - (c,286006,1),48:7.000000:2,(r,286006,286006),F
[Wed Sep 09 15:23:29 UTC 2026][INFO] [Action] E UpdateStyle - (c,286006,1),48:8.000000:2,(r,286006,286006),F
[Wed Sep 09 15:23:29 UTC 2026][INFO] [Action] E UpdateStyle - (c,286006,1),48:9.000000:2,(r,286006,286006),F
[Wed Sep 09 15:23:30 UTC 2026][INFO] [Action] E UpdateStyle - (c,286006,1),48:10.000000:2,(r,286006,286006),F
[Wed Sep 09 15:23:32 UTC 2026][INFO] [Action] E UpdateStyle - (c,286006,1),48:11.000000:2,(r,286006,286006),F
[Wed Sep 09 15:23:50 UTC 2026][INFO] [Action] E UpdateStyle - (r,286463,286830),11:Bookerly,serif:4,(r,286463,286830),F
[Wed Sep 09 15:23:53 UTC 2026][INFO] [Action] E UpdateStyle - (r,286463,286830),16:10.000000:2,(r,286463,286830),F
[Wed Sep 09 15:24:01 UTC 2026][INFO] [Action] E UpdateStyle - (r,286463,286830),11:AmazonEmber,sans-serif:4,(r,286463,286830),F
[Wed Sep 09 15:24:14 UTC 2026][INFO] [Action] E UpdateStyle - (c,286462,2),49:0.250000:2,(r,286462,286462),F
[Wed Sep 09 15:24:25 UTC 2026][INFO] [Action] E DeleteContent - (r,286749,286830),B
[Wed Sep 09 15:24:58 UTC 2026][INFO] [Action] E UpdateStyle - (r,287349,287443),48:1.000000:2,(r,287349,287443),F
[Wed Sep 09 15:24:59 UTC 2026][INFO] [Action] E UpdateStyle - (r,287349,287443),48:2.000000:2,(r,287349,287443),F
[Wed Sep 09 15:25:00 UTC 2026][INFO] [Action] E UpdateStyle - (r,287349,287443),48:3.000000:2,(r,287349,287443),F
[Wed Sep 09 15:25:01 UTC 2026][INFO] [Action] E UpdateStyle - (r,287349,287443),48:4.000000:2,(r,287349,287443),F
[Wed Sep 09 15:25:01 UTC 2026][INFO] [Action] E UpdateStyle - (r,287349,287443),48:5.000000:2,(r,287349,287443),F
[Wed Sep 09 15:25:03 UTC 2026][INFO] [Action] E UpdateStyle - (r,287349,287443),11:Bookerly,serif:4,(r,287349,287443),F
[Wed Sep 09 15:25:05 UTC 2026][INFO] [Action] E UpdateStyle - (r,287349,287443),11:AmazonEmber,sans-serif:4,(r,287349,287443),F
[Wed Sep 09 15:25:10 UTC 2026][INFO] [Action] E UpdateStyle - (r,287431,287479),11:Bookerly,serif:4,(r,287431,287479),F
[Wed Sep 09 15:25:11 UTC 2026][INFO] [Action] E UpdateStyle - (r,287431,287479),11:AmazonEmber,sans-serif:4,(r,287431,287479),F
[Wed Sep 09 15:25:18 UTC 2026][INFO] [Action] E UpdateStyle - (c,287439,1),48:6.000000:2,(r,287439,287439),F
[Wed Sep 09 15:25:18 UTC 2026][INFO] [Action] E UpdateStyle - (c,287439,1),48:7.000000:2,(r,287439,287439),F
[Wed Sep 09 15:25:19 UTC 2026][INFO] [Action] E UpdateStyle - (c,287439,1),48:8.000000:2,(r,287439,287439),F
[Wed Sep 09 15:25:19 UTC 2026][INFO] [Action] E UpdateStyle - (c,287439,1),48:9.000000:2,(r,287439,287439),F
[Wed Sep 09 15:25:19 UTC 2026][INFO] [Action] E UpdateStyle - (c,287439,1),48:10.000000:2,(r,287439,287439),F
[Wed Sep 09 15:25:19 UTC 2026][INFO] [Action] E UpdateStyle - (c,287439,1),48:11.000000:2,(r,287439,287439),F
[Wed Sep 09 15:25:20 UTC 2026][INFO] [Action] E UpdateStyle - (c,287439,1),48:12.000000:2,(r,287439,287439),F
[Wed Sep 09 15:25:20 UTC 2026][INFO] [Action] E UpdateStyle - (c,287439,1),48:13.000000:2,(r,287439,287439),F
[Wed Sep 09 15:25:21 UTC 2026][INFO] [Action] E UpdateStyle - (c,287439,1),48:14.000000:2,(r,287439,287439),F
[Wed Sep 09 15:25:27 UTC 2026][INFO] [Action] E UpdateStyle - (c,287479,2),49:0.500000:2,(r,287479,287479),F
[Wed Sep 09 15:25:57 UTC 2026][INFO] [Action] E UpdateStyle - (c,288304,2),42:1.250000:2,(r,288304,288304),F
[Wed Sep 09 15:25:57 UTC 2026][INFO] [Action] E UpdateStyle - (c,288304,2),42:1.000000:2,(r,288304,288304),F
[Wed Sep 09 15:26:05 UTC 2026][INFO] [Action] E DeleteContent - (c,288251,1),B
[Wed Sep 09 15:26:08 UTC 2026][INFO] [Action] E SplitContainer - 288250
[Wed Sep 09 15:26:11 UTC 2026][INFO] [Action] E UpdateStyle - (c,288250,1),42:1.250000:2,(r,288250,288250),F
[Wed Sep 09 15:26:12 UTC 2026][INFO] [Action] E UpdateStyle - (c,288250,1),42:1.000000:2,(r,288250,288250),F
[Wed Sep 09 15:26:15 UTC 2026][INFO] [Action] E UpdateStyle - (c,288250,1),42:1.250000:2,(r,288250,288250),F
[Wed Sep 09 15:26:16 UTC 2026][INFO] [Action] E UpdateStyle - (c,288250,1),42:1.000000:2,(r,288250,288250),F
[Wed Sep 09 15:26:17 UTC 2026][INFO] [Action] E UpdateStyle - (c,288250,1),47:0.250000:2,(r,288250,288250),F
[Wed Sep 09 15:26:18 UTC 2026][INFO] [Action] E UpdateStyle - (c,288250,1),47:0.000000:2,(r,288250,288250),F
[Wed Sep 09 15:26:24 UTC 2026][INFO] [Action] E UpdateStyle - (c,288249,2),42:1.250000:2,(r,288249,288249),F
[Wed Sep 09 15:26:24 UTC 2026][INFO] [Action] E UpdateStyle - (c,288249,2),42:1.000000:2,(r,288249,288249),F
[Wed Sep 09 15:26:26 UTC 2026][INFO] [Action] E UpdateStyle - (c,288249,2),47:0.250000:2,(r,288249,288249),F
[Wed Sep 09 15:26:27 UTC 2026][INFO] [Action] E UpdateStyle - (c,288249,2),47:0.000000:2,(r,288249,288249),F
[Wed Sep 09 15:26:29 UTC 2026][INFO] [Action] E UpdateStyle - (c,288249,2),47:0.250000:2,(r,288249,288249),F
[Wed Sep 09 15:26:40 UTC 2026][INFO] [Action] E UpdateStyle - (c,288306,2),49:0.250000:2,(r,288306,288306),F
[Wed Sep 09 15:26:45 UTC 2026][INFO] [Action] E SplitContainer - 288360
[Wed Sep 09 15:26:49 UTC 2026][INFO] [Action] E UpdateStyle - (c,288360,1),47:0.500000:2,(r,288360,288360),F
[Wed Sep 09 15:26:49 UTC 2026][INFO] [Action] E UpdateStyle - (c,288360,1),47:0.250000:2,(r,288360,288360),F
[Wed Sep 09 15:26:49 UTC 2026][INFO] [Action] E UpdateStyle - (c,288360,1),47:0.000000:2,(r,288360,288360),F
[Wed Sep 09 15:26:58 UTC 2026][INFO] [Action] E SplitContainer - 290096
[Wed Sep 09 15:27:04 UTC 2026][INFO] [Action] E SplitContainer - 290050
[Wed Sep 09 15:27:10 UTC 2026][INFO] [Action] E SplitContainer - 289735
[Wed Sep 09 15:27:23 UTC 2026][INFO] [Action] E UpdateStyle - (c,289456,1),47:0.500000:2,(r,289456,289456),F
[Wed Sep 09 15:27:23 UTC 2026][INFO] [Action] E UpdateStyle - (c,289456,1),47:0.250000:2,(r,289456,289456),F
[Wed Sep 09 15:27:30 UTC 2026][INFO] [Action] E UpdateStyle - (c,289521,1),47:0.500000:2,(r,289521,289521),F
[Wed Sep 09 15:27:31 UTC 2026][INFO] [Action] E UpdateStyle - (c,289521,1),47:0.250000:2,(r,289521,289521),F
[Wed Sep 09 15:27:42 UTC 2026][INFO] [Action] E UpdateStyle - (c,289456,1),48:1.000000:2,(r,289456,289456),F
[Wed Sep 09 15:27:42 UTC 2026][INFO] [Action] E UpdateStyle - (c,289456,1),48:2.000000:2,(r,289456,289456),F
[Wed Sep 09 15:27:42 UTC 2026][INFO] [Action] E UpdateStyle - (c,289456,1),48:3.000000:2,(r,289456,289456),F
[Wed Sep 09 15:27:43 UTC 2026][INFO] [Action] E UpdateStyle - (c,289456,1),48:4.000000:2,(r,289456,289456),F
[Wed Sep 09 15:27:48 UTC 2026][INFO] [Action] E UpdateStyle - (c,289521,1),48:1.000000:2,(r,289521,289521),F
[Wed Sep 09 15:27:48 UTC 2026][INFO] [Action] E UpdateStyle - (c,289521,1),48:2.000000:2,(r,289521,289521),F
[Wed Sep 09 15:27:49 UTC 2026][INFO] [Action] E UpdateStyle - (c,289521,1),48:3.000000:2,(r,289521,289521),F
[Wed Sep 09 15:27:49 UTC 2026][INFO] [Action] E UpdateStyle - (c,289521,1),48:4.000000:2,(r,289521,289521),F
[Wed Sep 09 15:27:59 UTC 2026][INFO] [Action] E SplitContainer - 290296
[Wed Sep 09 15:28:09 UTC 2026][INFO] [Action] E UpdateStyle - (r,290388,290398),42:2.250000:2,(r,290388,290398),F
[Wed Sep 09 15:28:11 UTC 2026][INFO] [Action] E UpdateStyle - (r,290388,290398),47:0.000000:2,(r,290388,290398),F
[Wed Sep 09 15:28:24 UTC 2026][INFO] [Action] E UpdateStyle - (c,290454,1),47:0.250000:2,(r,290454,290454),F
[Wed Sep 09 15:28:25 UTC 2026][INFO] [Action] E UpdateStyle - (c,290454,1),42:1.500000:2,(r,290454,290454),F
[Wed Sep 09 15:28:46 UTC 2026][INFO] [Action] E UpdateStyle - (c,290668,2),49:0.250000:2,(r,290668,290668),F
[Wed Sep 09 15:28:47 UTC 2026][INFO] [Action] E UpdateStyle - (c,290668,2),49:0.500000:2,(r,290668,290668),F
[Wed Sep 09 15:28:48 UTC 2026][INFO] [Action] E UpdateStyle - (c,290668,2),49:0.250000:2,(r,290668,290668),F
[Wed Sep 09 15:29:10 UTC 2026][INFO] [Action] E UpdateStyle - (r,290857,290975),16:12.000000:2,(r,290857,290975),F
[Wed Sep 09 15:29:12 UTC 2026][INFO] [Action] U UpdateStyle
[Wed Sep 09 15:29:17 UTC 2026][INFO] [Action] E UpdateStyle - (c,291030,2),47:1.750000:2,(r,291030,291030),F
[Wed Sep 09 15:29:18 UTC 2026][INFO] [Action] E UpdateStyle - (c,291030,2),47:1.500000:2,(r,291030,291030),F
[Wed Sep 09 15:29:34 UTC 2026][INFO] [Action] E UpdateStyle - (c,291389,2),49:0.500000:2,(r,291389,291389),F
[Wed Sep 09 15:29:48 UTC 2026][INFO] [Action] E UpdateStyle - (r,292384,292391),12:382:3,(r,292384,292391),F
[Wed Sep 09 15:30:06 UTC 2026][INFO] [Action] E SplitContainer - 293728
[Wed Sep 09 15:30:14 UTC 2026][INFO] [Action] E UpdateStyle - (r,293728,293737),12:382:3,(r,293728,293737),F
[Wed Sep 09 15:30:18 UTC 2026][INFO] [Action] E UpdateStyle - (r,293728,293737),47:0.250000:2,(r,293728,293737),F
[Wed Sep 09 15:30:19 UTC 2026][INFO] [Action] E UpdateStyle - (r,293728,293737),47:0.000000:2,(r,293728,293737),F
[Wed Sep 09 15:30:21 UTC 2026][INFO] [Action] E UpdateStyle - (r,293728,293737),47:0.250000:2,(r,293728,293737),F
[Wed Sep 09 15:30:29 UTC 2026][INFO] [Action] E UpdateStyle - (c,293560,2),49:0.250000:2,(r,293560,293560),F
[Wed Sep 09 15:30:32 UTC 2026][INFO] [Action] E UpdateStyle - (c,293449,2),49:0.250000:2,(r,293449,293449),F
[Wed Sep 09 15:30:42 UTC 2026][INFO] [Action] E SplitContainer - 293205
[Wed Sep 09 15:30:51 UTC 2026][INFO] [Action] E UpdateStyle - (r,293004,293343),11:Bookerly,serif:4,(r,293004,293343),F
[Wed Sep 09 15:30:53 UTC 2026][INFO] [Action] E UpdateStyle - (r,293004,293343),11:AmazonEmber,sans-serif:4,(r,293004,293343),F
[Wed Sep 09 15:30:59 UTC 2026][INFO] [Action] E SplitContainer - 293111
[Wed Sep 09 15:31:16 UTC 2026][INFO] [Action] E UpdateStyle - (c,293204,2),49:0.250000:2,(r,293204,293204),F
[Wed Sep 09 15:31:17 UTC 2026][INFO] [Action] E UpdateStyle - (c,293204,2),49:0.500000:2,(r,293204,293204),F
[Wed Sep 09 15:31:53 UTC 2026][INFO] [Action] E UpdateStyle - (c,293110,2),49:0.250000:2,(r,293110,293110),F
[Wed Sep 09 15:31:58 UTC 2026][INFO] [Action] E InsertTextContent - (c,293178,2),[SPACE]
[Wed Sep 09 15:31:59 UTC 2026][INFO] [Action] E MergeContainer - 293179,0
[Wed Sep 09 15:32:05 UTC 2026][INFO] [Action] E UpdateStyle - (c,293110,2),49:0.500000:2,(r,293110,293110),F
[Wed Sep 09 15:32:16 UTC 2026][INFO] [Action] E UpdateStyle - (r,293004,293110),19:4278190335:1,(r,293004,293110),F
[Wed Sep 09 15:32:37 UTC 2026][INFO] [Action] E UpdateStyle - (c,293775,2),49:1.250000:2,(r,293775,293775),F
[Wed Sep 09 15:32:49 UTC 2026][INFO] [Action] E UpdateStyle - (c,295711,1),47:0.250000:2,(r,295711,295711),F
[Wed Sep 09 15:32:50 UTC 2026][INFO] [Action] E UpdateStyle - (c,295711,1),47:0.500000:2,(r,295711,295711),F
[Wed Sep 09 15:32:54 UTC 2026][INFO] [Action] E SplitContainer - 295818
[Wed Sep 09 15:33:01 UTC 2026][INFO] [Action] E AddTextContainer - (c,295921,1),1,0,0
[Wed Sep 09 15:33:04 UTC 2026][INFO] [Action] E SplitContainer - 296072
[Wed Sep 09 15:33:05 UTC 2026][INFO] [Action] E AddTextContainer - (c,296072,1),1,0,0
[Wed Sep 09 15:33:08 UTC 2026][INFO] [Action] U AddTextContainer
[Wed Sep 09 15:33:13 UTC 2026][INFO] [Action] E UpdateStyle - (c,296072,1),47:0.250000:2,(r,296072,296072),F
[Wed Sep 09 15:33:13 UTC 2026][INFO] [Action] E UpdateStyle - (c,296072,1),47:0.500000:2,(r,296072,296072),F
[Wed Sep 09 15:33:18 UTC 2026][INFO] [Action] E MergeContainer - 295921,1
[Wed Sep 09 15:33:23 UTC 2026][INFO] [Action] E UpdateStyle - (c,295922,1),47:0.250000:2,(r,295922,295922),F
[Wed Sep 09 15:33:23 UTC 2026][INFO] [Action] E UpdateStyle - (c,295922,1),47:0.500000:2,(r,295922,295922),F
[Wed Sep 09 15:33:39 UTC 2026][INFO] [Action] E SplitContainer - 295625
[Wed Sep 09 15:33:48 UTC 2026][INFO] [Action] E SplitContainer - 295419
[Wed Sep 09 15:33:53 UTC 2026][INFO] [Action] E SplitContainer - 295256
[Wed Sep 09 15:34:33 UTC 2026][INFO] [Action] E InsertTextContent - (r,296387,296404),[T]
[Wed Sep 09 15:34:42 UTC 2026][INFO] [Action] E DeleteContent - (r,296363,296386),B
[Wed Sep 09 15:34:48 UTC 2026][INFO] [Action] E UpdateStyle - (c,296363,1),47:0.250000:2,(r,296363,296363),F
[Wed Sep 09 15:34:48 UTC 2026][INFO] [Action] E UpdateStyle - (c,296363,1),47:0.500000:2,(r,296363,296363),F
[Wed Sep 09 15:34:49 UTC 2026][INFO] [Action] E UpdateStyle - (c,296363,1),47:0.750000:2,(r,296363,296363),F
[Wed Sep 09 15:35:59 UTC 2026][INFO] [Action] E Cut - (r,296592,297563)
[Wed Sep 09 15:36:09 UTC 2026][INFO] [Action] E AddTextContainer - (c,296258,2),0,0,0
[Wed Sep 09 15:36:09 UTC 2026][INFO] [Action] E AddTextContainer - (c,296259,1),1,0,0
[Wed Sep 09 15:36:15 UTC 2026][INFO] [Action] E Paste - (c,296259,2),978
[Wed Sep 09 15:36:21 UTC 2026][INFO] [Action] E MergeContainer - 297231,0
[Wed Sep 09 15:36:26 UTC 2026][INFO] [Action] U MergeContainer
[Wed Sep 09 15:37:16 UTC 2026][INFO] [Action] E Cut - (r,296745,297001)
[Wed Sep 09 15:37:20 UTC 2026][INFO] [Action] E MergeContainer - 296974,1
[Wed Sep 09 15:37:26 UTC 2026][INFO] [Action] E UpdateStyle - (c,296973,2),49:0.500000:2,(r,296973,296973),F
[Wed Sep 09 15:37:27 UTC 2026][INFO] [Action] E UpdateStyle - (c,296973,2),49:0.750000:2,(r,296973,296973),F
[Wed Sep 09 15:38:00 UTC 2026][INFO] [Action] EE UpdateImageAction - (r,296974,296974),[56:75.000000],3,1,0.000000,0.000000,0.000000,0.000000,0.000000,0.000000,0
[Wed Sep 09 15:38:26 UTC 2026][INFO] [Action] E AddTextContainer - (c,297078,1),1,0,0
[Wed Sep 09 15:38:29 UTC 2026][INFO] [Action] E AddTextContainer - (c,297079,1),1,0,0
[Wed Sep 09 15:38:35 UTC 2026][INFO] [Action] E Paste - (c,297079,2),257
[Wed Sep 09 15:38:53 UTC 2026][INFO] [Action] E Copy - (r,296305,296329)
[Wed Sep 09 15:38:56 UTC 2026][INFO] [Action] E Paste - (c,296259,1),25
[Wed Sep 09 15:38:58 UTC 2026][INFO] [Action] E SplitContainer - 296284
[Wed Sep 09 15:39:06 UTC 2026][INFO] [Action] E UpdateStyle - (r,296259,296283),34:320:3,(r,296259,296283),F
[Wed Sep 09 15:39:11 UTC 2026][INFO] [Action] E UpdateStyle - (r,296259,296283),13:361:3,(r,296259,296283),F
[Wed Sep 09 15:39:15 UTC 2026][INFO] [Action] E UpdateStyle - (c,296283,2),49:0.500000:2,(r,296283,296283),F
[Wed Sep 09 15:39:15 UTC 2026][INFO] [Action] E UpdateStyle - (c,296283,2),49:0.750000:2,(r,296283,296283),F
[Wed Sep 09 15:39:21 UTC 2026][INFO] [Action] E InsertTextContent - (r,296275,296275),[P]
[Wed Sep 09 15:39:26 UTC 2026][INFO] [Action] E InsertTextContent - (r,296263,296263),[H]
[Wed Sep 09 15:39:31 UTC 2026][INFO] [Action] E UpdateStyle - (r,296259,296283),11:Bookerly,serif:4,(r,296259,296283),F
[Wed Sep 09 15:39:32 UTC 2026][INFO] [Action] E UpdateStyle - (r,296259,296283),11:AmazonEmber,sans-serif:4,(r,296259,296283),F
[Wed Sep 09 15:40:23 UTC 2026][INFO] [Action] E SplitContainer - 296953
[Wed Sep 09 15:40:31 UTC 2026][INFO] [Action] E UpdateStyle - (c,296952,2),49:0.500000:2,(r,296952,296952),F
[Wed Sep 09 15:40:31 UTC 2026][INFO] [Action] E UpdateStyle - (c,296952,2),49:0.250000:2,(r,296952,296952),F
[Wed Sep 09 15:40:31 UTC 2026][INFO] [Action] E UpdateStyle - (c,296952,2),49:0.000000:2,(r,296952,296952),F
[Wed Sep 09 15:40:36 UTC 2026][INFO] [Action] E UpdateStyle - (c,296952,2),49:0.250000:2,(r,296952,296952),F
[Wed Sep 09 15:40:41 UTC 2026][INFO] [Action] EE UpdateImageAction - (r,296999,296999),[56:100.000000],4,1,0.000000,0.000000,0.000000,0.000000,0.000000,0.000000,0
[Wed Sep 09 15:40:51 UTC 2026][INFO] [Action] U UpdateImageAction
[Wed Sep 09 15:41:02 UTC 2026][INFO] [Action] E UpdateStyle - (r,296548,296769),11:Bookerly,serif:4,(r,296548,296769),F
[Wed Sep 09 15:41:03 UTC 2026][INFO] [Action] E UpdateStyle - (r,296548,296769),11:AmazonEmber,sans-serif:4,(r,296548,296769),F
[Wed Sep 09 15:41:06 UTC 2026][INFO] [Action] E UpdateStyle - (r,296548,296769),16:10.000000:2,(r,296548,296769),F
[Wed Sep 09 15:41:33 UTC 2026][INFO] [Action] E InsertTextContent - (r,296632,296654),[SPACE]
[Wed Sep 09 15:41:34 UTC 2026][INFO] [Action] E InsertTextContent - (c,296632,2),[T]
[Wed Sep 09 15:41:38 UTC 2026][INFO] [Action] E InsertTextContent - (c,296641,2),[SPACE]
[Wed Sep 09 15:41:39 UTC 2026][INFO] [Action] E InsertTextContent - (c,296642,2),[c]
[Wed Sep 09 15:41:40 UTC 2026][INFO] [Action] E InsertTextContent - (c,296643,2),[a]
[Wed Sep 09 15:41:40 UTC 2026][INFO] [Action] E InsertTextContent - (c,296644,2),[n]
[Wed Sep 09 15:41:44 UTC 2026][INFO] [Action] E DeleteContent - (c,296653,2),B
[Wed Sep 09 15:42:22 UTC 2026][INFO] [Action] E Copy - (r,296330,296354)
[Wed Sep 09 15:42:28 UTC 2026][INFO] [Action] E Paste - (r,296752,296755),25
[Wed Sep 09 15:42:35 UTC 2026][INFO] [Action] E InsertTextContent - (r,296787,296790),[c]
[Wed Sep 09 15:42:36 UTC 2026][INFO] [Action] E InsertTextContent - (c,296787,2),[l]
[Wed Sep 09 15:42:37 UTC 2026][INFO] [Action] E InsertTextContent - (c,296788,2),[a]
[Wed Sep 09 15:42:37 UTC 2026][INFO] [Action] E InsertTextContent - (c,296789,2),[a]
[Wed Sep 09 15:42:38 UTC 2026][INFO] [Action] E InsertTextContent - (c,296790,2),[i]
[Wed Sep 09 15:42:38 UTC 2026][INFO] [Action] E InsertTextContent - (c,296791,2),[m]
[Wed Sep 09 15:42:42 UTC 2026][INFO] [Action] E DeleteContent - (c,296790,2),B
[Wed Sep 09 15:42:46 UTC 2026][INFO] [Action] E InsertTextContent - (c,296793,1),[t]
[Wed Sep 09 15:42:46 UTC 2026][INFO] [Action] E InsertTextContent - (c,296793,2),[h]
[Wed Sep 09 15:42:47 UTC 2026][INFO] [Action] E InsertTextContent - (c,296794,2),[a]
[Wed Sep 09 15:42:47 UTC 2026][INFO] [Action] E InsertTextContent - (c,296795,2),[t]
[Wed Sep 09 15:42:48 UTC 2026][INFO] [Action] E InsertTextContent - (c,296796,2),[SPACE]
[Wed Sep 09 15:42:55 UTC 2026][INFO] [Action] E SplitContainer - 296857
[Wed Sep 09 15:43:04 UTC 2026][INFO] [Action] E UpdateStyle - (c,296856,2),49:0.250000:2,(r,296856,296856),F
[Wed Sep 09 15:43:05 UTC 2026][INFO] [Action] E UpdateStyle - (c,296856,2),49:0.000000:2,(r,296856,296856),F
[Wed Sep 09 15:43:14 UTC 2026][INFO] [Action] E InsertTextContent - (c,296860,1),[j]
[Wed Sep 09 15:43:14 UTC 2026][INFO] [Action] E InsertTextContent - (c,296860,2),[u]
[Wed Sep 09 15:43:15 UTC 2026][INFO] [Action] E InsertTextContent - (c,296861,2),[s]
[Wed Sep 09 15:43:15 UTC 2026][INFO] [Action] E InsertTextContent - (c,296862,2),[t]
[Wed Sep 09 15:43:16 UTC 2026][INFO] [Action] E InsertTextContent - (c,296863,2),[SPACE]
[Wed Sep 09 15:43:45 UTC 2026][INFO] [Action] EE UpdateImageAction - (r,297013,297013),[56:100.000000],4,1,0.000000,0.000000,0.000000,0.000000,0.000000,0.000000,0
[Wed Sep 09 15:44:04 UTC 2026][INFO] [Action] E UpdateStyle - (r,296752,297012),16:10.000000:2,(r,296752,297012),F
[Wed Sep 09 15:44:07 UTC 2026][INFO] [Action] E UpdateStyle - (r,296752,297012),11:Bookerly,serif:4,(r,296752,297012),F
[Wed Sep 09 15:44:08 UTC 2026][INFO] [Action] E UpdateStyle - (r,296752,297012),11:AmazonEmber,sans-serif:4,(r,296752,297012),F
[Wed Sep 09 15:44:16 UTC 2026][INFO] [Action] E MergeContainer - 296856,0
[Wed Sep 09 15:44:20 UTC 2026][INFO] [Action] E MergeContainer - 296966,0
[Wed Sep 09 15:44:23 UTC 2026][INFO] [Action] E InsertTextContent - (c,296966,2),[SPACE]
[Wed Sep 09 15:44:29 UTC 2026][INFO] [Action] E UpdateStyle - (c,297013,2),49:0.250000:2,(r,297013,297013),F
[Wed Sep 09 15:44:32 UTC 2026][INFO] [Action] E UpdateStyle - (c,297013,2),49:0.500000:2,(r,297013,297013),F
[Wed Sep 09 15:44:42 UTC 2026][INFO] [Action] E UpdateStyle - (r,297117,297117),47:0.000000:2,(r,297117,297117),F
[Wed Sep 09 15:44:43 UTC 2026][INFO] [Action] E UpdateStyle - (r,297117,297117),47:0.250000:2,(r,297117,297117),F
[Wed Sep 09 15:44:49 UTC 2026][INFO] [Action] E SplitContainer - 297073
[Wed Sep 09 15:44:52 UTC 2026][INFO] [Action] E UpdateStyle - (c,297073,1),47:0.000000:2,(r,297073,297073),F
[Wed Sep 09 15:45:00 UTC 2026][INFO] [Action] E UpdateStyle - (c,297072,2),42:1.250000:2,(r,297072,297072),F
[Wed Sep 09 15:45:01 UTC 2026][INFO] [Action] E UpdateStyle - (c,297072,2),42:1.000000:2,(r,297072,297072),F
[Wed Sep 09 15:45:03 UTC 2026][INFO] [Action] E UpdateStyle - (c,297072,2),47:0.000000:2,(r,297072,297072),F
[Wed Sep 09 15:45:04 UTC 2026][INFO] [Action] E UpdateStyle - (c,297072,2),47:0.250000:2,(r,297072,297072),F
[Wed Sep 09 15:45:11 UTC 2026][INFO] [Action] E UpdateStyle - (r,297117,297117),42:1.250000:2,(r,297117,297117),F
[Wed Sep 09 15:45:12 UTC 2026][INFO] [Action] E UpdateStyle - (r,297117,297117),42:1.000000:2,(r,297117,297117),F
[Wed Sep 09 15:45:15 UTC 2026][INFO] [Action] E UpdateStyle - (r,297117,297117),42:1.250000:2,(r,297117,297117),F
[Wed Sep 09 15:45:21 UTC 2026][INFO] [Action] E UpdateStyle - (c,297117,2),42:1.000000:2,(r,297117,297117),F
[Wed Sep 09 15:45:22 UTC 2026][INFO] [Action] E UpdateStyle - (c,297117,2),42:1.250000:2,(r,297117,297117),F
[Wed Sep 09 15:45:32 UTC 2026][INFO] [Action] E MergeContainer - 297118,0
[Wed Sep 09 15:45:39 UTC 2026][INFO] [Action] E UpdateStyle - (c,297117,2),49:0.250000:2,(r,297117,297117),F
[Wed Sep 09 15:45:40 UTC 2026][INFO] [Action] E UpdateStyle - (c,297117,2),49:0.500000:2,(r,297117,297117),F
[Wed Sep 09 15:45:40 UTC 2026][INFO] [Action] E UpdateStyle - (c,297117,2),49:0.750000:2,(r,297117,297117),F
[Wed Sep 09 15:46:40 UTC 2026][INFO] [Action] E DeleteContent - (r,297375,297603),B
[Wed Sep 09 15:46:43 UTC 2026][INFO] [Action] E UpdateStyle - (c,297375,1),47:0.250000:2,(r,297375,297375),F
[Wed Sep 09 15:46:44 UTC 2026][INFO] [Action] E UpdateStyle - (c,297375,1),47:0.500000:2,(r,297375,297375),F
[Wed Sep 09 15:47:14 UTC 2026][INFO] [Action] E AddTextContainer - (c,298074,2),0,0,0
[Wed Sep 09 15:47:14 UTC 2026][INFO] [Action] E AddTextContainer - (c,298075,1),1,0,0
[Wed Sep 09 15:47:15 UTC 2026][INFO] [Action] E AddTextContainer - (c,298076,1),1,0,0
[Wed Sep 09 15:47:15 UTC 2026][INFO] [Action] E AddTextContainer - (c,298077,1),1,0,0
[Wed Sep 09 15:47:17 UTC 2026][INFO] [Action] E UpdateStyle - (c,298078,1),49:0.250000:2,(r,298079,298079),F
[Wed Sep 09 15:47:18 UTC 2026][INFO] [Action] E UpdateStyle - (c,298078,1),49:0.250000:2,(r,298079,298079),F
[Wed Sep 09 15:47:18 UTC 2026][INFO] [Action] E UpdateStyle - (c,298078,1),49:0.250000:2,(r,298079,298079),F
[Wed Sep 09 15:47:18 UTC 2026][INFO] [Action] E UpdateStyle - (c,298078,1),49:0.250000:2,(r,298079,298079),F
[Wed Sep 09 15:47:19 UTC 2026][INFO] [Action] E UpdateStyle - (c,298078,1),49:0.250000:2,(r,298079,298079),F
[Wed Sep 09 15:47:19 UTC 2026][INFO] [Action] E UpdateStyle - (c,298078,1),49:0.250000:2,(r,298079,298079),F
[Wed Sep 09 15:47:19 UTC 2026][INFO] [Action] E UpdateStyle - (c,298078,1),49:0.250000:2,(r,298079,298079),F
[Wed Sep 09 15:47:22 UTC 2026][INFO] [Action] E UpdateStyle - (c,298075,1),49:0.250000:2,(r,298076,298076),F
[Wed Sep 09 15:47:25 UTC 2026][INFO] [Action] E UpdateStyle - (c,298074,2),49:0.250000:2,(r,298074,298074),F
[Wed Sep 09 15:47:25 UTC 2026][INFO] [Action] E UpdateStyle - (c,298074,2),49:0.500000:2,(r,298074,298074),F
[Wed Sep 09 15:47:26 UTC 2026][INFO] [Action] E UpdateStyle - (c,298074,2),49:0.750000:2,(r,298074,298074),F
[Wed Sep 09 15:47:26 UTC 2026][INFO] [Action] E UpdateStyle - (c,298074,2),49:1.000000:2,(r,298074,298074),F
[Wed Sep 09 15:47:26 UTC 2026][INFO] [Action] E UpdateStyle - (c,298074,2),49:1.250000:2,(r,298074,298074),F
[Wed Sep 09 15:47:46 UTC 2026][INFO] [Action] E UpdateStyle - (c,298406,2),49:0.250000:2,(r,298406,298406),F
[Wed Sep 09 15:47:46 UTC 2026][INFO] [Action] E UpdateStyle - (c,298406,2),49:0.500000:2,(r,298406,298406),F
[Wed Sep 09 15:47:51 UTC 2026][INFO] [Action] E UpdateStyle - (c,298664,2),49:0.250000:2,(r,298664,298664),F
[Wed Sep 09 15:47:54 UTC 2026][INFO] [Action] E UpdateStyle - (c,298664,2),49:0.500000:2,(r,298664,298664),F
[Wed Sep 09 15:47:58 UTC 2026][INFO] [Action] E SplitContainer - 298897
[Wed Sep 09 15:48:04 UTC 2026][INFO] [Action] E UpdateStyle - (r,298897,298981),12:382:3,(r,298897,298981),F
[Wed Sep 09 15:48:12 UTC 2026][INFO] [Action] E SplitContainer - 298854
[Wed Sep 09 15:48:17 UTC 2026][INFO] [Action] E SplitContainer - 298767
[Wed Sep 09 15:48:23 UTC 2026][INFO] [Action] E UpdateStyle - (r,298767,298853),12:382:3,(r,298767,298853),F
[Wed Sep 09 15:48:32 UTC 2026][INFO] [Action] E UpdateStyle - (c,298853,2),49:0.250000:2,(r,298853,298853),F
[Wed Sep 09 15:48:33 UTC 2026][INFO] [Action] E UpdateStyle - (c,298853,2),49:0.500000:2,(r,298853,298853),F
[Wed Sep 09 15:48:43 UTC 2026][INFO] [Action] E UpdateStyle - (c,298098,2),49:0.500000:2,(r,298098,298098),F
[Wed Sep 09 15:48:44 UTC 2026][INFO] [Action] E UpdateStyle - (c,298098,2),49:0.750000:2,(r,298098,298098),F
[Wed Sep 09 15:48:58 UTC 2026][INFO] [Action] E DeleteContent - (r,299155,299159),F
[Wed Sep 09 15:49:00 UTC 2026][INFO] [Action] E DeleteContent - (r,299155,299166),F
[Wed Sep 09 15:49:07 UTC 2026][INFO] [Action] E UpdateStyle - (c,299101,1),47:0.250000:2,(r,299101,299101),F
[Wed Sep 09 15:49:22 UTC 2026][INFO] [Action] E SplitContainer - 299702
[Wed Sep 09 15:49:33 UTC 2026][INFO] [Action] E UpdateStyle - (c,299701,2),49:0.250000:2,(r,299701,299701),F
[Wed Sep 09 15:49:33 UTC 2026][INFO] [Action] E UpdateStyle - (c,299701,2),49:0.500000:2,(r,299701,299701),F
[Wed Sep 09 15:49:33 UTC 2026][INFO] [Action] E UpdateStyle - (c,299701,2),49:0.750000:2,(r,299701,299701),F
[Wed Sep 09 15:49:46 UTC 2026][INFO] [Action] E UpdateStyle - (c,299993,2),49:0.250000:2,(r,299993,299993),F
[Wed Sep 09 15:49:47 UTC 2026][INFO] [Action] E UpdateStyle - (c,299993,2),49:0.500000:2,(r,299993,299993),F
[Wed Sep 09 15:49:53 UTC 2026][INFO] [Action] E UpdateStyle - (c,299910,2),49:0.250000:2,(r,299910,299910),F
[Wed Sep 09 15:49:53 UTC 2026][INFO] [Action] E UpdateStyle - (c,299910,2),49:0.500000:2,(r,299910,299910),F
[Wed Sep 09 15:50:00 UTC 2026][INFO] [Action] E UpdateStyle - (c,300216,2),49:0.250000:2,(r,300216,300216),F
[Wed Sep 09 15:50:01 UTC 2026][INFO] [Action] E UpdateStyle - (c,300216,2),49:0.500000:2,(r,300216,300216),F
[Wed Sep 09 15:50:09 UTC 2026][INFO] [Action] E UpdateStyle - (c,300572,2),49:0.250000:2,(r,300572,300572),F
[Wed Sep 09 15:50:09 UTC 2026][INFO] [Action] E UpdateStyle - (c,300572,2),49:0.500000:2,(r,300572,300572),F
[Wed Sep 09 15:50:30 UTC 2026][INFO] [Action] E UpdateStyle - (r,300774,300849),11:Bookerly,serif:4,(r,300774,300849),F
[Wed Sep 09 15:50:32 UTC 2026][INFO] [Action] E UpdateStyle - (r,300774,300849),11:AmazonEmber,sans-serif:4,(r,300774,300849),F
[Wed Sep 09 15:50:33 UTC 2026][INFO] [Action] E UpdateStyle - (r,300774,300849),16:10.000000:2,(r,300774,300849),F
[Wed Sep 09 15:50:35 UTC 2026][INFO] [Action] E UpdateStyle - (r,300774,300849),19:4278190335:1,(r,300774,300849),F
[Wed Sep 09 15:51:16 UTC 2026][INFO] [Action] E UpdateStyle - (r,300775,300847),34:320:3,(r,300775,300847),F
[Wed Sep 09 15:51:24 UTC 2026][INFO] [Action] E UpdateStyle - (c,300849,2),49:0.250000:2,(r,300849,300849),F
[Wed Sep 09 15:51:24 UTC 2026][INFO] [Action] E UpdateStyle - (c,300849,2),49:0.500000:2,(r,300849,300849),F
[Wed Sep 09 15:51:29 UTC 2026][INFO] [Action] E UpdateStyle - (c,300773,2),49:0.250000:2,(r,300773,300773),F
[Wed Sep 09 15:51:44 UTC 2026][INFO] [Action] E UpdateStyle - (c,301579,2),49:0.250000:2,(r,301579,301579),F
[Wed Sep 09 15:51:44 UTC 2026][INFO] [Action] E UpdateStyle - (c,301579,2),49:0.500000:2,(r,301579,301579),F
[Wed Sep 09 15:51:45 UTC 2026][INFO] [Action] E UpdateStyle - (c,301579,2),49:0.750000:2,(r,301579,301579),F
[Wed Sep 09 15:51:52 UTC 2026][INFO] [Action] E UpdateStyle - (c,302051,2),49:0.250000:2,(r,302051,302051),F
[Wed Sep 09 15:51:52 UTC 2026][INFO] [Action] E UpdateStyle - (c,302051,2),49:0.500000:2,(r,302051,302051),F
[Wed Sep 09 15:51:53 UTC 2026][INFO] [Action] E UpdateStyle - (c,302051,2),49:0.750000:2,(r,302051,302051),F
[Wed Sep 09 15:52:02 UTC 2026][INFO] [Action] E UpdateStyle - (c,301902,2),49:0.250000:2,(r,301902,301902),F
[Wed Sep 09 15:52:02 UTC 2026][INFO] [Action] E UpdateStyle - (c,301902,2),49:0.500000:2,(r,301902,301902),F
[Wed Sep 09 15:52:10 UTC 2026][INFO] [Action] E UpdateStyle - (c,301132,2),49:0.250000:2,(r,301132,301132),F
[Wed Sep 09 15:52:10 UTC 2026][INFO] [Action] E UpdateStyle - (c,301132,2),49:0.500000:2,(r,301132,301132),F
[Wed Sep 09 15:52:12 UTC 2026][INFO] [Action] E UpdateStyle - (c,301132,2),49:0.250000:2,(r,301132,301132),F
[Wed Sep 09 15:52:20 UTC 2026][INFO] [Action] E SplitContainer - 302287
[Wed Sep 09 15:52:37 UTC 2026][INFO] [Action] E SplitContainer - 300946
[Wed Sep 09 15:52:43 UTC 2026][INFO] [Action] E UpdateStyle - (c,300991,2),49:0.250000:2,(r,300991,300991),F
[Wed Sep 09 15:52:43 UTC 2026][INFO] [Action] E UpdateStyle - (c,300991,2),49:0.500000:2,(r,300991,300991),F
[Wed Sep 09 15:52:43 UTC 2026][INFO] [Action] E UpdateStyle - (c,300991,2),49:0.750000:2,(r,300991,300991),F
[Wed Sep 09 15:52:55 UTC 2026][INFO] [Action] E SplitContainer - 301042
[Wed Sep 09 15:53:05 UTC 2026][INFO] [Action] E SplitContainer - 301068
[Wed Sep 09 15:53:14 UTC 2026][INFO] [Action] E UpdateStyle - (c,301067,2),49:0.000000:2,(r,301067,301067),F
[Wed Sep 09 15:53:25 UTC 2026][INFO] [Action] E UpdateStyle - (c,301435,2),49:0.250000:2,(r,301435,301435),F
[Wed Sep 09 15:53:32 UTC 2026][INFO] [Action] E UpdateStyle - (r,301448,301493),11:Bookerly,serif:4,(r,301448,301493),F
[Wed Sep 09 15:53:34 UTC 2026][INFO] [Action] E UpdateStyle - (r,301448,301493),11:AmazonEmber,sans-serif:4,(r,301448,301493),F
[Wed Sep 09 15:53:36 UTC 2026][INFO] [Action] E UpdateStyle - (r,301448,301493),16:10.000000:2,(r,301448,301493),F
[Wed Sep 09 15:53:41 UTC 2026][INFO] [Action] E UpdateStyle - (r,301448,301493),48:1.000000:2,(r,301448,301493),F
[Wed Sep 09 15:53:42 UTC 2026][INFO] [Action] E UpdateStyle - (r,301448,301493),48:2.000000:2,(r,301448,301493),F
[Wed Sep 09 15:53:42 UTC 2026][INFO] [Action] E UpdateStyle - (r,301448,301493),48:3.000000:2,(r,301448,301493),F
[Wed Sep 09 15:53:42 UTC 2026][INFO] [Action] E UpdateStyle - (r,301448,301493),48:4.000000:2,(r,301448,301493),F
[Wed Sep 09 15:53:42 UTC 2026][INFO] [Action] E UpdateStyle - (r,301448,301493),48:5.000000:2,(r,301448,301493),F
[Wed Sep 09 15:53:43 UTC 2026][INFO] [Action] E UpdateStyle - (r,301448,301493),48:6.000000:2,(r,301448,301493),F
[Wed Sep 09 15:53:43 UTC 2026][INFO] [Action] E UpdateStyle - (r,301448,301493),48:7.000000:2,(r,301448,301493),F
[Wed Sep 09 15:53:43 UTC 2026][INFO] [Action] E UpdateStyle - (r,301448,301493),48:8.000000:2,(r,301448,301493),F
[Wed Sep 09 15:53:43 UTC 2026][INFO] [Action] E UpdateStyle - (r,301448,301493),48:9.000000:2,(r,301448,301493),F
[Wed Sep 09 15:53:43 UTC 2026][INFO] [Action] E UpdateStyle - (r,301448,301493),48:10.000000:2,(r,301448,301493),F
[Wed Sep 09 15:53:47 UTC 2026][INFO] [Action] E UpdateStyle - (r,301448,301493),16:12.000000:2,(r,301448,301493),F
[Wed Sep 09 15:53:52 UTC 2026][INFO] [Action] E UpdateStyle - (c,301493,2),49:0.250000:2,(r,301493,301493),F
[Wed Sep 09 15:53:52 UTC 2026][INFO] [Action] E UpdateStyle - (c,301493,2),49:0.500000:2,(r,301493,301493),F
[Wed Sep 09 15:54:03 UTC 2026][INFO] [Action] E UpdateStyle - (c,301550,2),49:0.250000:2,(r,301550,301550),F
[Wed Sep 09 15:54:03 UTC 2026][INFO] [Action] E UpdateStyle - (c,301550,2),49:0.500000:2,(r,301550,301550),F
[Wed Sep 09 15:54:11 UTC 2026][INFO] [Action] E SplitContainer - 301625
[Wed Sep 09 15:54:18 UTC 2026][INFO] [Action] E UpdateStyle - (c,301579,2),49:0.500000:2,(r,301579,301579),F
[Wed Sep 09 15:54:20 UTC 2026][INFO] [Action] E UpdateStyle - (c,301579,2),49:0.250000:2,(r,301579,301579),F
[Wed Sep 09 15:54:21 UTC 2026][INFO] [Action] E UpdateStyle - (c,301579,2),49:0.000000:2,(r,301579,301579),F
[Wed Sep 09 15:54:28 UTC 2026][INFO] [Action] E SplitContainer - 301758
[Wed Sep 09 15:54:32 UTC 2026][INFO] [Action] E UpdateStyle - (c,301758,1),49:0.250000:2,(r,301758,301758),F
[Wed Sep 09 15:54:34 UTC 2026][INFO] [Action] E UpdateStyle - (c,301758,1),49:0.500000:2,(r,301758,301758),F
[Wed Sep 09 15:54:38 UTC 2026][INFO] [Action] E UpdateStyle - (c,301757,2),49:0.250000:2,(r,301757,301757),F
[Wed Sep 09 15:54:46 UTC 2026][INFO] [Action] E InsertTextContent - (c,301774,2),[SPACE]
[Wed Sep 09 15:54:48 UTC 2026][INFO] [Action] E InsertTextContent - (c,301777,1),[SPACE]
[Wed Sep 09 15:54:50 UTC 2026][INFO] [Action] E InsertTextContent - (c,301851,2),[SPACE]
[Wed Sep 09 15:54:52 UTC 2026][INFO] [Action] E InsertTextContent - (c,301853,2),[SPACE]
[Wed Sep 09 15:55:10 UTC 2026][INFO] [Action] E InsertTextContent - (c,302029,1),[SPACE]
[Wed Sep 09 15:55:12 UTC 2026][INFO] [Action] E SplitContainer - 302030
[Wed Sep 09 15:55:23 UTC 2026][INFO] [Action] E UpdateStyle - (c,302029,2),49:0.500000:2,(r,302029,302029),F
[Wed Sep 09 15:55:23 UTC 2026][INFO] [Action] E UpdateStyle - (c,302029,2),49:0.250000:2,(r,302029,302029),F
[Wed Sep 09 15:55:24 UTC 2026][INFO] [Action] E UpdateStyle - (c,302029,2),49:0.000000:2,(r,302029,302029),F
[Wed Sep 09 15:55:29 UTC 2026][INFO] [Action] E UpdateStyle - (c,302009,2),49:0.250000:2,(r,302009,302009),F
[Wed Sep 09 15:55:30 UTC 2026][INFO] [Action] E UpdateStyle - (c,302009,2),49:0.500000:2,(r,302009,302009),F
[Wed Sep 09 15:55:33 UTC 2026][INFO] [Action] E UpdateStyle - (c,302056,2),49:1.000000:2,(r,302056,302056),F
[Wed Sep 09 15:55:33 UTC 2026][INFO] [Action] E UpdateStyle - (c,302056,2),49:1.250000:2,(r,302056,302056),F
[Wed Sep 09 15:55:34 UTC 2026][INFO] [Action] E UpdateStyle - (c,302056,2),49:1.500000:2,(r,302056,302056),F
[Wed Sep 09 15:55:34 UTC 2026][INFO] [Action] E UpdateStyle - (c,302056,2),49:1.750000:2,(r,302056,302056),F
[Wed Sep 09 15:55:42 UTC 2026][INFO] [Action] E SplitContainer - 302168
[Wed Sep 09 15:55:44 UTC 2026][INFO] [Action] E SplitContainer - 302100
[Wed Sep 09 15:55:50 UTC 2026][INFO] [Action] E SplitContainer - 302389
[Wed Sep 09 15:56:00 UTC 2026][INFO] [Action] E SplitContainer - 302549
[Wed Sep 09 15:56:02 UTC 2026][INFO] [Action] E DeleteContent - (r,302549,302549),F
[Wed Sep 09 15:56:08 UTC 2026][INFO] [Action] E InsertTextContent - (r,302549,302549),[T]
[Wed Sep 09 15:56:14 UTC 2026][INFO] [Action] E UpdateStyle - (c,302500,2),49:0.250000:2,(r,302500,302500),F
[Wed Sep 09 15:56:14 UTC 2026][INFO] [Action] E UpdateStyle - (c,302500,2),49:0.500000:2,(r,302500,302500),F
[Wed Sep 09 15:56:24 UTC 2026][INFO] [Action] E UpdateStyle - (c,302950,2),49:0.250000:2,(r,302950,302950),F
[Wed Sep 09 15:56:24 UTC 2026][INFO] [Action] E UpdateStyle - (c,302950,2),49:0.500000:2,(r,302950,302950),F
[Wed Sep 09 15:56:31 UTC 2026][INFO] [Action] E UpdateStyle - (c,303136,2),49:0.250000:2,(r,303136,303136),F
[Wed Sep 09 15:56:31 UTC 2026][INFO] [Action] E UpdateStyle - (c,303136,2),49:0.500000:2,(r,303136,303136),F
[Wed Sep 09 15:56:36 UTC 2026][INFO] [Action] E UpdateStyle - (c,303213,2),49:0.250000:2,(r,303213,303213),F
[Wed Sep 09 15:56:44 UTC 2026][INFO] [Action] E AddTextContainer - (c,303213,2),0,0,0
[Wed Sep 09 15:56:48 UTC 2026][INFO] [Action] E UpdateStyle - (c,303213,2),49:0.500000:2,(r,303213,303213),F
[Wed Sep 09 15:56:48 UTC 2026][INFO] [Action] E UpdateStyle - (c,303213,2),49:0.750000:2,(r,303213,303213),F
[Wed Sep 09 15:56:49 UTC 2026][INFO] [Action] E UpdateStyle - (c,303213,2),49:1.000000:2,(r,303213,303213),F
[Wed Sep 09 15:56:49 UTC 2026][INFO] [Action] E UpdateStyle - (c,303213,2),49:1.250000:2,(r,303213,303213),F
[Wed Sep 09 15:56:56 UTC 2026][INFO] [Action] E SplitContainer - 303258
[Wed Sep 09 15:57:02 UTC 2026][INFO] [Action] E SplitContainer - 303313
[Wed Sep 09 15:57:12 UTC 2026][INFO] [Action] E UpdateStyle - (c,303312,2),49:0.000000:2,(r,303312,303312),F
[Wed Sep 09 15:57:17 UTC 2026][INFO] [Action] E AddTextContainer - (c,303420,2),0,0,0
[Wed Sep 09 15:57:21 UTC 2026][INFO] [Action] U AddTextContainer
[Wed Sep 09 15:57:25 UTC 2026][INFO] [Action] E UpdateStyle - (c,303421,2),47:0.250000:2,(r,303421,303421),F
[Wed Sep 09 15:57:25 UTC 2026][INFO] [Action] E UpdateStyle - (c,303421,2),47:0.500000:2,(r,303421,303421),F
[Wed Sep 09 15:57:35 UTC 2026][INFO] [Action] E UpdateStyle - (r,303448,303534),12:382:3,(r,303448,303534),F
[Wed Sep 09 15:57:46 UTC 2026][INFO] [Action] E UpdateStyle - (r,303448,303534),48:1.000000:2,(r,303448,303534),F
[Wed Sep 09 15:57:46 UTC 2026][INFO] [Action] E UpdateStyle - (r,303448,303534),48:2.000000:2,(r,303448,303534),F
[Wed Sep 09 15:57:47 UTC 2026][INFO] [Action] E UpdateStyle - (r,303448,303534),48:3.000000:2,(r,303448,303534),F
[Wed Sep 09 15:57:47 UTC 2026][INFO] [Action] E UpdateStyle - (r,303448,303534),48:4.000000:2,(r,303448,303534),F
[Wed Sep 09 15:57:49 UTC 2026][INFO] [Action] E UpdateStyle - (r,303448,303534),48:5.000000:2,(r,303448,303534),F
[Wed Sep 09 15:57:51 UTC 2026][INFO] [Action] E UpdateStyle - (r,303448,303534),48:6.000000:2,(r,303448,303534),F
[Wed Sep 09 15:57:51 UTC 2026][INFO] [Action] E UpdateStyle - (r,303448,303534),48:7.000000:2,(r,303448,303534),F
[Wed Sep 09 15:57:51 UTC 2026][INFO] [Action] E UpdateStyle - (r,303448,303534),48:8.000000:2,(r,303448,303534),F
[Wed Sep 09 15:57:51 UTC 2026][INFO] [Action] E UpdateStyle - (r,303448,303534),48:9.000000:2,(r,303448,303534),F
[Wed Sep 09 15:57:52 UTC 2026][INFO] [Action] E UpdateStyle - (r,303448,303534),48:10.000000:2,(r,303448,303534),F
[Wed Sep 09 15:57:53 UTC 2026][INFO] [Action] E UpdateStyle - (r,303448,303534),48:11.000000:2,(r,303448,303534),F
[Wed Sep 09 15:57:53 UTC 2026][INFO] [Action] E UpdateStyle - (r,303448,303534),48:12.000000:2,(r,303448,303534),F
[Wed Sep 09 15:57:59 UTC 2026][INFO] [Action] E UpdateStyle - (c,303534,2),49:0.250000:2,(r,303534,303534),F
[Wed Sep 09 15:58:00 UTC 2026][INFO] [Action] E UpdateStyle - (c,303534,2),49:0.500000:2,(r,303534,303534),F
[Wed Sep 09 15:58:01 UTC 2026][INFO] [Action] E UpdateStyle - (c,303534,2),49:0.750000:2,(r,303534,303534),F
[Wed Sep 09 15:58:13 UTC 2026][INFO] [Action] E UpdateStyle - (c,303810,2),49:0.250000:2,(r,303810,303810),F
[Wed Sep 09 15:58:13 UTC 2026][INFO] [Action] E UpdateStyle - (c,303810,2),49:0.500000:2,(r,303810,303810),F
[Wed Sep 09 15:58:14 UTC 2026][INFO] [Action] E UpdateStyle - (c,303810,2),49:0.750000:2,(r,303810,303810),F
[Wed Sep 09 15:58:19 UTC 2026][INFO] [Action] E UpdateStyle - (c,303803,2),49:0.250000:2,(r,303803,303803),F
[Wed Sep 09 15:58:20 UTC 2026][INFO] [Action] E UpdateStyle - (c,303803,2),49:0.500000:2,(r,303803,303803),F
[Wed Sep 09 15:58:20 UTC 2026][INFO] [Action] E UpdateStyle - (c,303803,2),49:0.750000:2,(r,303803,303803),F
[Wed Sep 09 15:58:26 UTC 2026][INFO] [Action] E UpdateStyle - (c,303626,2),49:0.250000:2,(r,303626,303626),F
[Wed Sep 09 15:58:27 UTC 2026][INFO] [Action] E UpdateStyle - (c,303626,2),49:0.500000:2,(r,303626,303626),F
[Wed Sep 09 15:58:27 UTC 2026][INFO] [Action] E UpdateStyle - (c,303626,2),49:0.750000:2,(r,303626,303626),F
[Wed Sep 09 15:58:33 UTC 2026][INFO] [Action] E UpdateStyle - (c,304101,2),49:0.250000:2,(r,304101,304101),F
[Wed Sep 09 15:58:33 UTC 2026][INFO] [Action] E UpdateStyle - (c,304101,2),49:0.500000:2,(r,304101,304101),F
[Wed Sep 09 15:58:34 UTC 2026][INFO] [Action] E UpdateStyle - (c,304101,2),49:0.750000:2,(r,304101,304101),F
[Wed Sep 09 15:58:42 UTC 2026][INFO] [Action] E UpdateStyle - (c,304216,1),47:0.250000:2,(r,304216,304216),F
[Wed Sep 09 15:58:44 UTC 2026][INFO] [Action] E UpdateStyle - (c,304216,1),47:0.000000:2,(r,304216,304216),F
[Wed Sep 09 15:58:47 UTC 2026][INFO] [Action] E SplitContainer - 304216
[Wed Sep 09 15:58:50 UTC 2026][INFO] [Action] E UpdateStyle - (c,304216,1),47:0.250000:2,(r,304216,304216),F
[Wed Sep 09 15:58:55 UTC 2026][INFO] [Action] E AddTextContainer - (c,304343,2),0,0,0
[Wed Sep 09 15:59:00 UTC 2026][INFO] [Action] E UpdateStyle - (c,304343,2),49:0.250000:2,(r,304343,304343),F
[Wed Sep 09 15:59:01 UTC 2026][INFO] [Action] E UpdateStyle - (c,304343,2),49:0.500000:2,(r,304343,304343),F
[Wed Sep 09 15:59:01 UTC 2026][INFO] [Action] E UpdateStyle - (c,304343,2),49:0.750000:2,(r,304343,304343),F
[Wed Sep 09 15:59:16 UTC 2026][INFO] [Action] E SplitContainer - 304399
[Wed Sep 09 15:59:19 UTC 2026][INFO] [Action] E AddTextContainer - (c,304435,2),0,0,0
[Wed Sep 09 15:59:25 UTC 2026][INFO] [Action] U AddTextContainer
[Wed Sep 09 15:59:29 UTC 2026][INFO] [Action] E UpdateStyle - (c,304437,2),49:0.250000:2,(r,304437,304437),F
[Wed Sep 09 15:59:29 UTC 2026][INFO] [Action] E UpdateStyle - (c,304437,2),49:0.500000:2,(r,304437,304437),F
[Wed Sep 09 15:59:36 UTC 2026][INFO] [Action] E UpdateStyle - (c,304435,2),49:0.250000:2,(r,304435,304435),F
[Wed Sep 09 15:59:36 UTC 2026][INFO] [Action] E UpdateStyle - (c,304435,2),49:0.500000:2,(r,304435,304435),F
[Wed Sep 09 15:59:49 UTC 2026][INFO] [Action] E UpdateStyle - (c,304852,2),49:0.250000:2,(r,304852,304852),F
[Wed Sep 09 15:59:59 UTC 2026][INFO] [Action] E SplitContainer - 304726
[Wed Sep 09 16:00:04 UTC 2026][INFO] [Action] E DeleteContent - (r,304726,304726),F
[Wed Sep 09 16:00:06 UTC 2026][INFO] [Action] E InsertTextContent - (c,304726,1),[C]
[Wed Sep 09 16:00:07 UTC 2026][INFO] [Action] E DeleteContent - (r,304727,304727),F
[Wed Sep 09 16:00:12 UTC 2026][INFO] [Action] E UpdateStyle - (c,304725,2),49:0.000000:2,(r,304725,304725),F
[Wed Sep 09 16:00:18 UTC 2026][INFO] [Action] E UpdateStyle - (r,304726,304851),11:Bookerly,serif:4,(r,304726,304851),F
[Wed Sep 09 16:00:20 UTC 2026][INFO] [Action] E UpdateStyle - (r,304726,304851),11:AmazonEmber,sans-serif:4,(r,304726,304851),F
[Wed Sep 09 16:00:24 UTC 2026][INFO] [Action] E UpdateStyle - (r,304726,304851),48:1.000000:2,(r,304726,304851),F
[Wed Sep 09 16:00:25 UTC 2026][INFO] [Action] E UpdateStyle - (r,304726,304851),48:2.000000:2,(r,304726,304851),F
[Wed Sep 09 16:00:25 UTC 2026][INFO] [Action] E UpdateStyle - (r,304726,304851),48:3.000000:2,(r,304726,304851),F
[Wed Sep 09 16:00:25 UTC 2026][INFO] [Action] E UpdateStyle - (r,304726,304851),48:4.000000:2,(r,304726,304851),F
[Wed Sep 09 16:00:25 UTC 2026][INFO] [Action] E UpdateStyle - (r,304726,304851),48:5.000000:2,(r,304726,304851),F
[Wed Sep 09 16:00:25 UTC 2026][INFO] [Action] E UpdateStyle - (r,304726,304851),48:6.000000:2,(r,304726,304851),F
[Wed Sep 09 16:00:26 UTC 2026][INFO] [Action] E UpdateStyle - (r,304726,304851),48:7.000000:2,(r,304726,304851),F
[Wed Sep 09 16:00:28 UTC 2026][INFO] [Action] E UpdateStyle - (r,304726,304851),12:382:3,(r,304726,304851),F
[Wed Sep 09 16:00:32 UTC 2026][INFO] [Action] E UpdateStyle - (c,304851,2),49:0.500000:2,(r,304851,304851),F
[Wed Sep 09 16:00:32 UTC 2026][INFO] [Action] E UpdateStyle - (c,304851,2),49:0.750000:2,(r,304851,304851),F
[Wed Sep 09 16:00:43 UTC 2026][INFO] [Action] E UpdateStyle - (c,305136,2),49:0.250000:2,(r,305136,305136),F
[Wed Sep 09 16:00:43 UTC 2026][INFO] [Action] E UpdateStyle - (c,305136,2),49:0.500000:2,(r,305136,305136),F
[Wed Sep 09 16:00:55 UTC 2026][INFO] [Action] E SplitContainer - 305507
[Wed Sep 09 16:01:02 UTC 2026][INFO] [Action] E UpdateStyle - (c,305757,2),47:0.250000:2,(r,305757,305757),F
[Wed Sep 09 16:01:06 UTC 2026][INFO] [Action] E UpdateStyle - (c,305757,2),47:0.000000:2,(r,305757,305757),F
[Wed Sep 09 16:01:08 UTC 2026][INFO] [Action] E UpdateStyle - (c,305757,2),47:0.250000:2,(r,305757,305757),F
[Wed Sep 09 16:01:22 UTC 2026][INFO] [Action] E SplitContainer - 306606
[Wed Sep 09 16:01:25 UTC 2026][INFO] [Action] E DeleteContent - (c,306605,2),B
[Wed Sep 09 16:01:26 UTC 2026][INFO] [Action] E DeleteContent - (c,306604,2),B
[Wed Sep 09 16:01:27 UTC 2026][INFO] [Action] E InsertTextContent - (c,306603,2),[.]
[Wed Sep 09 16:01:34 UTC 2026][INFO] [Action] E UpdateStyle - (c,306620,1),47:0.250000:2,(r,306620,306620),F
[Wed Sep 09 16:01:35 UTC 2026][INFO] [Action] E UpdateStyle - (c,306620,1),47:0.500000:2,(r,306620,306620),F
[Wed Sep 09 16:01:40 UTC 2026][INFO] [Action] E UpdateStyle - (c,306763,2),49:0.250000:2,(r,306763,306763),F
[Wed Sep 09 16:01:40 UTC 2026][INFO] [Action] E UpdateStyle - (c,306763,2),49:0.500000:2,(r,306763,306763),F
[Wed Sep 09 16:01:51 UTC 2026][INFO] [Action] E UpdateStyle - (c,306965,2),49:0.250000:2,(r,306965,306965),F
[Wed Sep 09 16:01:56 UTC 2026][INFO] [Action] E UpdateStyle - (c,307085,2),49:0.250000:2,(r,307085,307085),F
[Wed Sep 09 16:02:06 UTC 2026][INFO] [Action] E SplitContainer - 307167
[Wed Sep 09 16:02:12 UTC 2026][INFO] [Action] E UpdateStyle - (r,307160,307174),12:382:3,(r,307160,307174),F
[Wed Sep 09 16:02:19 UTC 2026][INFO] [Action] E UpdateStyle - (r,307159,307166),12:382:3,(r,307159,307166),F
[Wed Sep 09 16:02:20 UTC 2026][INFO] [Action] E UpdateStyle - (r,307159,307166),12:350:3,(r,307159,307166),F
[Wed Sep 09 16:02:48 UTC 2026][INFO] [Action] E SplitContainer - 307700
[Wed Sep 09 16:02:52 UTC 2026][INFO] [Action] E AddTextContainer - (c,307898,2),0,0,0
[Wed Sep 09 16:02:55 UTC 2026][INFO] [Action] E UpdateStyle - (c,307899,1),49:0.250000:2,(r,307900,307900),F
[Wed Sep 09 16:02:55 UTC 2026][INFO] [Action] E UpdateStyle - (c,307899,1),49:0.250000:2,(r,307900,307900),F
[Wed Sep 09 16:02:56 UTC 2026][INFO] [Action] E UpdateStyle - (c,307899,1),49:0.250000:2,(r,307900,307900),F
[Wed Sep 09 16:03:03 UTC 2026][INFO] [Action] E UpdateStyle - (c,307233,2),49:1.500000:2,(r,307233,307233),F
[Wed Sep 09 16:03:16 UTC 2026][INFO] [Action] E SplitContainer - 308274
[Wed Sep 09 16:03:21 UTC 2026][INFO] [Action] E UpdateStyle - (c,308125,2),49:0.250000:2,(r,308125,308125),F
[Wed Sep 09 16:03:25 UTC 2026][INFO] [Action] E UpdateStyle - (c,308273,2),49:0.250000:2,(r,308273,308273),F
[Wed Sep 09 16:03:27 UTC 2026][INFO] [Action] E SplitContainer - 308224
[Wed Sep 09 16:03:37 UTC 2026][INFO] [Action] E UpdateStyle - (c,308223,2),49:0.000000:2,(r,308223,308223),F
[Wed Sep 09 16:03:50 UTC 2026][INFO] [Action] E UpdateStyle - (c,308056,2),49:0.500000:2,(r,308056,308056),F
[Wed Sep 09 16:03:51 UTC 2026][INFO] [Action] E UpdateStyle - (c,308056,2),49:0.750000:2,(r,308056,308056),F
[Wed Sep 09 16:03:53 UTC 2026][INFO] [Action] E UpdateStyle - (c,308056,2),49:0.500000:2,(r,308056,308056),F
[Wed Sep 09 16:03:54 UTC 2026][INFO] [Action] E UpdateStyle - (c,308056,2),49:0.250000:2,(r,308056,308056),F
[Wed Sep 09 16:03:59 UTC 2026][INFO] [Action] E UpdateStyle - (c,308056,2),49:0.500000:2,(r,308056,308056),F
[Wed Sep 09 16:04:01 UTC 2026][INFO] [Action] E UpdateStyle - (c,308056,2),49:0.250000:2,(r,308056,308056),F
[Wed Sep 09 16:04:08 UTC 2026][INFO] [Action] E UpdateStyle - (c,308056,2),49:0.500000:2,(r,308056,308056),F
[Wed Sep 09 16:04:09 UTC 2026][INFO] [Action] E UpdateStyle - (c,308056,2),49:0.250000:2,(r,308056,308056),F
[Wed Sep 09 16:04:14 UTC 2026][INFO] [Action] E SplitContainer - 308057
[Wed Sep 09 16:04:17 UTC 2026][INFO] [Action] E UpdateStyle - (c,308057,1),47:0.500000:2,(r,308057,308057),F
[Wed Sep 09 16:04:18 UTC 2026][INFO] [Action] E UpdateStyle - (c,308057,1),47:0.250000:2,(r,308057,308057),F
[Wed Sep 09 16:04:18 UTC 2026][INFO] [Action] E UpdateStyle - (c,308057,1),47:0.000000:2,(r,308057,308057),F
[Wed Sep 09 16:04:35 UTC 2026][INFO] [Action] E AddTextContainer - (c,308223,2),0,0,0
[Wed Sep 09 16:04:39 UTC 2026][INFO] [Action] U AddTextContainer
[Wed Sep 09 16:04:44 UTC 2026][INFO] [Action] E UpdateStyle - (c,308224,1),47:0.250000:2,(r,308224,308224),F
[Wed Sep 09 16:04:45 UTC 2026][INFO] [Action] E UpdateStyle - (c,308224,1),47:0.500000:2,(r,308224,308224),F
[Wed Sep 09 16:04:52 UTC 2026][INFO] [Action] E UpdateStyle - (r,308126,308223),11:Bookerly,serif:4,(r,308126,308223),F
[Wed Sep 09 16:04:54 UTC 2026][INFO] [Action] E UpdateStyle - (r,308126,308223),11:AmazonEmber,sans-serif:4,(r,308126,308223),F
[Wed Sep 09 16:04:59 UTC 2026][INFO] [Action] E UpdateStyle - (r,308126,308223),12:382:3,(r,308126,308223),F
[Wed Sep 09 16:05:10 UTC 2026][INFO] [Action] E UpdateStyle - (r,308126,308223),16:10.000000:2,(r,308126,308223),F
[Wed Sep 09 16:05:12 UTC 2026][INFO] [Action] E UpdateStyle - (r,308126,308223),48:1.000000:2,(r,308126,308223),F
[Wed Sep 09 16:05:12 UTC 2026][INFO] [Action] E UpdateStyle - (r,308126,308223),48:2.000000:2,(r,308126,308223),F
[Wed Sep 09 16:05:13 UTC 2026][INFO] [Action] E UpdateStyle - (r,308126,308223),48:3.000000:2,(r,308126,308223),F
[Wed Sep 09 16:05:13 UTC 2026][INFO] [Action] E UpdateStyle - (r,308126,308223),48:4.000000:2,(r,308126,308223),F
[Wed Sep 09 16:05:14 UTC 2026][INFO] [Action] E UpdateStyle - (r,308126,308223),48:5.000000:2,(r,308126,308223),F
[Wed Sep 09 16:05:14 UTC 2026][INFO] [Action] E UpdateStyle - (r,308126,308223),48:6.000000:2,(r,308126,308223),F
[Wed Sep 09 16:05:29 UTC 2026][INFO] [Action] E SplitContainer - 308176
[Wed Sep 09 16:05:38 UTC 2026][INFO] [Action] E UpdateStyle - (r,308129,308189),48:7.000000:2,(r,308129,308189),F
[Wed Sep 09 16:05:38 UTC 2026][INFO] [Action] E UpdateStyle - (r,308129,308189),48:8.000000:2,(r,308129,308189),F
[Wed Sep 09 16:05:39 UTC 2026][INFO] [Action] E UpdateStyle - (r,308129,308189),48:9.000000:2,(r,308129,308189),F
[Wed Sep 09 16:05:39 UTC 2026][INFO] [Action] E UpdateStyle - (r,308129,308189),48:10.000000:2,(r,308129,308189),F
[Wed Sep 09 16:05:39 UTC 2026][INFO] [Action] E UpdateStyle - (r,308129,308189),48:11.000000:2,(r,308129,308189),F
[Wed Sep 09 16:05:39 UTC 2026][INFO] [Action] E UpdateStyle - (r,308129,308189),48:12.000000:2,(r,308129,308189),F
[Wed Sep 09 16:05:39 UTC 2026][INFO] [Action] E UpdateStyle - (r,308129,308189),48:13.000000:2,(r,308129,308189),F
[Wed Sep 09 16:05:45 UTC 2026][INFO] [Action] E UpdateStyle - (c,308441,2),49:0.250000:2,(r,308441,308441),F
[Wed Sep 09 16:05:49 UTC 2026][INFO] [Action] E UpdateStyle - (c,308514,2),49:0.250000:2,(r,308514,308514),F
[Wed Sep 09 16:06:00 UTC 2026][INFO] [Action] E InsertTextContent - (c,308634,1),[>]
[Wed Sep 09 16:06:00 UTC 2026][INFO] [Action] E InsertTextContent - (c,308634,2),[>]
[Wed Sep 09 16:06:01 UTC 2026][INFO] [Action] E InsertTextContent - (c,308635,2),[>]
[Wed Sep 09 16:06:09 UTC 2026][INFO] [Action] E UpdateStyle - (r,308634,308650),12:382:3,(r,308634,308650),F
[Wed Sep 09 16:06:16 UTC 2026][INFO] [Action] E SplitContainer - 308634
[Wed Sep 09 16:06:37 UTC 2026][INFO] [Action] E SplitContainer - 309271
[Wed Sep 09 16:06:42 UTC 2026][INFO] [Action] E SplitContainer - 309088
[Wed Sep 09 16:06:51 UTC 2026][INFO] [Action] E UpdateStyle - (c,308868,1),47:0.250000:2,(r,308868,308868),F
[Wed Sep 09 16:06:52 UTC 2026][INFO] [Action] E UpdateStyle - (c,308868,1),47:0.500000:2,(r,308868,308868),F
[Wed Sep 09 16:06:57 UTC 2026][INFO] [Action] E UpdateStyle - (c,308981,1),47:0.250000:2,(r,308981,308981),F
[Wed Sep 09 16:06:58 UTC 2026][INFO] [Action] E UpdateStyle - (c,308981,1),47:0.500000:2,(r,308981,308981),F
[Wed Sep 09 16:07:04 UTC 2026][INFO] [Action] E UpdateStyle - (c,309088,1),47:0.250000:2,(r,309088,309088),F
[Wed Sep 09 16:07:04 UTC 2026][INFO] [Action] E UpdateStyle - (c,309088,1),47:0.500000:2,(r,309088,309088),F
[Wed Sep 09 16:07:09 UTC 2026][INFO] [Action] E UpdateStyle - (c,309271,1),47:0.250000:2,(r,309271,309271),F
[Wed Sep 09 16:07:10 UTC 2026][INFO] [Action] E UpdateStyle - (c,309271,1),47:0.500000:2,(r,309271,309271),F
[Wed Sep 09 16:07:16 UTC 2026][INFO] [Action] E InsertTextContent - (c,309376,2),[SPACE]
[Wed Sep 09 16:07:17 UTC 2026][INFO] [Action] E MergeContainer - 309377,0
[Wed Sep 09 16:07:22 UTC 2026][INFO] [Action] E UpdateStyle - (c,309468,1),49:0.250000:2,(r,309468,309468),F
[Wed Sep 09 16:07:23 UTC 2026][INFO] [Action] E UpdateStyle - (c,309468,1),49:0.500000:2,(r,309468,309468),F
[Wed Sep 09 16:07:31 UTC 2026][INFO] [Action] E SplitContainer - 309468
[Wed Sep 09 16:07:41 UTC 2026][INFO] [Action] E AddTextContainer - (c,309982,2),0,0,0
[Wed Sep 09 16:07:54 UTC 2026][INFO] [Action] E SplitContainer - 309674
[Wed Sep 09 16:07:59 UTC 2026][INFO] [Action] E SplitContainer - 309758
[Wed Sep 09 16:08:19 UTC 2026][INFO] [Action] E UpdateStyle - (r,309628,309673),12:382:3,(r,309628,309673),F
[Wed Sep 09 16:08:22 UTC 2026][INFO] [Action] E UpdateStyle - (r,309628,309673),48:1.000000:2,(r,309628,309673),F
[Wed Sep 09 16:08:23 UTC 2026][INFO] [Action] E UpdateStyle - (r,309628,309673),48:2.000000:2,(r,309628,309673),F
[Wed Sep 09 16:08:23 UTC 2026][INFO] [Action] E UpdateStyle - (r,309628,309673),48:3.000000:2,(r,309628,309673),F
[Wed Sep 09 16:08:23 UTC 2026][INFO] [Action] E UpdateStyle - (r,309628,309673),48:4.000000:2,(r,309628,309673),F
[Wed Sep 09 16:08:23 UTC 2026][INFO] [Action] E UpdateStyle - (r,309628,309673),48:5.000000:2,(r,309628,309673),F
[Wed Sep 09 16:08:24 UTC 2026][INFO] [Action] E UpdateStyle - (r,309628,309673),48:6.000000:2,(r,309628,309673),F
[Wed Sep 09 16:08:31 UTC 2026][INFO] [Action] E UpdateStyle - (c,309673,2),49:0.250000:2,(r,309673,309673),F
[Wed Sep 09 16:08:31 UTC 2026][INFO] [Action] E UpdateStyle - (c,309673,2),49:0.500000:2,(r,309673,309673),F
[Wed Sep 09 16:08:36 UTC 2026][INFO] [Action] E UpdateStyle - (c,309757,2),49:0.250000:2,(r,309757,309757),F
[Wed Sep 09 16:08:36 UTC 2026][INFO] [Action] E UpdateStyle - (c,309757,2),49:0.500000:2,(r,309757,309757),F
[Wed Sep 09 16:08:47 UTC 2026][INFO] [Action] E UpdateStyle - (c,309627,2),49:0.250000:2,(r,309627,309627),F
[Wed Sep 09 16:08:53 UTC 2026][INFO] [Action] E MergeContainer - 309983,1
[Wed Sep 09 16:08:57 UTC 2026][INFO] [Action] E UpdateStyle - (c,309986,1),47:0.250000:2,(r,309986,309986),F
[Wed Sep 09 16:08:58 UTC 2026][INFO] [Action] E UpdateStyle - (c,309986,1),47:0.500000:2,(r,309986,309986),F
[Wed Sep 09 16:09:19 UTC 2026][INFO] [Action] E UpdateStyle - (c,309542,2),49:0.750000:2,(r,309542,309542),F
[Wed Sep 09 16:09:23 UTC 2026][INFO] [Action] E AddTextContainer - (c,310045,2),0,0,0
[Wed Sep 09 16:09:24 UTC 2026][INFO] [Action] E AddTextContainer - (c,310046,1),1,0,0
[Wed Sep 09 16:09:24 UTC 2026][INFO] [Action] E AddTextContainer - (c,310047,1),1,0,0
[Wed Sep 09 16:09:25 UTC 2026][INFO] [Action] E AddTextContainer - (c,310048,1),1,0,0
[Wed Sep 09 16:09:31 UTC 2026][INFO] [Action] E UpdateStyle - (c,310045,2),49:0.250000:2,(r,310045,310045),F
[Wed Sep 09 16:09:31 UTC 2026][INFO] [Action] E UpdateStyle - (c,310045,2),49:0.500000:2,(r,310045,310045),F
[Wed Sep 09 16:09:32 UTC 2026][INFO] [Action] E UpdateStyle - (c,310045,2),49:0.750000:2,(r,310045,310045),F
[Wed Sep 09 16:09:37 UTC 2026][INFO] [Action] E UpdateStyle - (c,310209,2),49:0.250000:2,(r,310209,310209),F
[Wed Sep 09 16:09:41 UTC 2026][INFO] [Action] E UpdateStyle - (c,310350,2),49:0.250000:2,(r,310350,310350),F
[Wed Sep 09 16:09:45 UTC 2026][INFO] [Action] E SplitContainer - 310482
[Wed Sep 09 16:09:49 UTC 2026][INFO] [Action] E InsertTextContent - (c,310482,1),[>]
[Wed Sep 09 16:09:49 UTC 2026][INFO] [Action] E InsertTextContent - (c,310482,2),[>]
[Wed Sep 09 16:09:49 UTC 2026][INFO] [Action] E InsertTextContent - (c,310483,2),[>]
[Wed Sep 09 16:09:50 UTC 2026][INFO] [Action] E InsertTextContent - (c,310484,2),[SPACE]
[Wed Sep 09 16:09:58 UTC 2026][INFO] [Action] E UpdateStyle - (r,310482,310488),12:382:3,(r,310482,310488),F
[Wed Sep 09 16:10:13 UTC 2026][INFO] [Action] E UpdateStyle - (c,310071,2),49:0.250000:2,(r,310071,310071),F
[Wed Sep 09 16:10:29 UTC 2026][INFO] [Action] E UpdateStyle - (c,310959,2),49:0.250000:2,(r,310959,310959),F
[Wed Sep 09 16:10:47 UTC 2026][INFO] [Action] E UpdateStyle - (c,311129,2),47:0.250000:2,(r,311129,311129),F
[Wed Sep 09 16:10:49 UTC 2026][INFO] [Action] E UpdateStyle - (c,311129,2),47:0.000000:2,(r,311129,311129),F
[Wed Sep 09 16:10:53 UTC 2026][INFO] [Action] E UpdateStyle - (c,311129,2),49:0.250000:2,(r,311129,311129),F
[Wed Sep 09 16:10:53 UTC 2026][INFO] [Action] E UpdateStyle - (c,311129,2),49:0.500000:2,(r,311129,311129),F
[Wed Sep 09 16:11:05 UTC 2026][INFO] [Action] E AddTextContainer - (c,311130,1),1,0,0
[Wed Sep 09 16:11:18 UTC 2026][INFO] [Action] E UpdateStyle - (c,310766,2),49:0.250000:2,(r,310766,310766),F
[Wed Sep 09 16:11:18 UTC 2026][INFO] [Action] E UpdateStyle - (c,310766,2),49:0.500000:2,(r,310766,310766),F
[Wed Sep 09 16:11:28 UTC 2026][INFO] [Action] E SplitContainer - 310682
[Wed Sep 09 16:11:32 UTC 2026][INFO] [Action] E UpdateStyle - (c,310682,1),47:0.500000:2,(r,310682,310682),F
[Wed Sep 09 16:11:32 UTC 2026][INFO] [Action] E UpdateStyle - (c,310682,1),47:0.250000:2,(r,310682,310682),F
[Wed Sep 09 16:11:33 UTC 2026][INFO] [Action] E UpdateStyle - (c,310682,1),47:0.000000:2,(r,310682,310682),F
[Wed Sep 09 16:11:39 UTC 2026][INFO] [Action] E UpdateStyle - (c,310681,2),49:0.250000:2,(r,310681,310681),F
[Wed Sep 09 16:11:40 UTC 2026][INFO] [Action] E UpdateStyle - (c,310681,2),49:0.000000:2,(r,310681,310681),F
[Wed Sep 09 16:11:52 UTC 2026][INFO] [Action] E UpdateStyle - (c,310799,2),49:0.250000:2,(r,310799,310799),F
[Wed Sep 09 16:11:53 UTC 2026][INFO] [Action] E UpdateStyle - (c,310799,2),49:0.500000:2,(r,310799,310799),F
[Wed Sep 09 16:12:02 UTC 2026][INFO] [Action] E UpdateStyle - (c,310766,2),49:0.250000:2,(r,310766,310766),F
[Wed Sep 09 16:12:08 UTC 2026][INFO] [Action] E UpdateStyle - (c,310799,2),49:0.750000:2,(r,310799,310799),F
[Wed Sep 09 16:12:09 UTC 2026][INFO] [Action] E UpdateStyle - (c,310799,2),49:1.000000:2,(r,310799,310799),F
[Wed Sep 09 16:12:34 UTC 2026][INFO] [Action] E InsertTextContent - (r,310885,310886),[T]
[Wed Sep 09 16:12:35 UTC 2026][INFO] [Action] E InsertTextContent - (c,310885,2),[h]
[Wed Sep 09 16:12:35 UTC 2026][INFO] [Action] E InsertTextContent - (c,310886,2),[e]
[Wed Sep 09 16:12:36 UTC 2026][INFO] [Action] E InsertTextContent - (c,310887,2),[y]
[Wed Sep 09 16:12:41 UTC 2026][INFO] [Action] E Copy - (r,310885,310889)
[Wed Sep 09 16:12:44 UTC 2026][INFO] [Action] E Paste - (r,310962,310963),5
[Wed Sep 09 16:12:49 UTC 2026][INFO] [Action] E InsertTextContent - (r,310970,310970),[v]
[Wed Sep 09 16:12:50 UTC 2026][INFO] [Action] E InsertTextContent - (c,310970,2),[e]
[Wed Sep 09 16:12:52 UTC 2026][INFO] [Action] E DeleteContent - (r,310966,310966),F
[Wed Sep 09 16:13:11 UTC 2026][INFO] [Action] E SplitContainer - 311179
[Wed Sep 09 16:13:16 UTC 2026][INFO] [Action] E UpdateStyle - (c,311179,1),49:0.250000:2,(r,311179,311179),F
[Wed Sep 09 16:13:17 UTC 2026][INFO] [Action] E UpdateStyle - (c,311179,1),49:0.500000:2,(r,311179,311179),F
[Wed Sep 09 16:13:20 UTC 2026][INFO] [Action] E UpdateStyle - (c,311179,1),49:0.250000:2,(r,311179,311179),F
[Wed Sep 09 16:13:23 UTC 2026][INFO] [Action] E UpdateStyle - (c,311178,2),49:0.250000:2,(r,311178,311178),F
[Wed Sep 09 16:13:32 UTC 2026][INFO] [Action] E UpdateStyle - (c,311506,2),49:0.250000:2,(r,311506,311506),F
[Wed Sep 09 16:13:44 UTC 2026][INFO] [Action] E UpdateStyle - (r,311980,312057),48:1.000000:2,(r,311980,312057),F
[Wed Sep 09 16:13:45 UTC 2026][INFO] [Action] E UpdateStyle - (r,311980,312057),48:2.000000:2,(r,311980,312057),F
[Wed Sep 09 16:13:45 UTC 2026][INFO] [Action] E UpdateStyle - (r,311980,312057),48:3.000000:2,(r,311980,312057),F
[Wed Sep 09 16:13:48 UTC 2026][INFO] [Action] E UpdateStyle - (r,311980,312057),48:4.000000:2,(r,311980,312057),F
[Wed Sep 09 16:13:54 UTC 2026][INFO] [Action] E UpdateStyle - (c,311983,2),47:0.750000:2,(r,311983,311983),F
[Wed Sep 09 16:13:55 UTC 2026][INFO] [Action] E UpdateStyle - (c,311983,2),47:0.500000:2,(r,311983,311983),F
[Wed Sep 09 16:14:04 UTC 2026][INFO] [Action] E SplitContainer - 311752
[Wed Sep 09 16:14:08 UTC 2026][INFO] [Action] E UpdateStyle - (c,311752,1),47:0.500000:2,(r,311752,311752),F
[Wed Sep 09 16:14:21 UTC 2026][INFO] [Action] E UpdateStyle - (c,311453,1),47:0.500000:2,(r,311453,311453),F
[Wed Sep 09 16:14:22 UTC 2026][INFO] [Action] E UpdateStyle - (c,311453,1),47:0.750000:2,(r,311453,311453),F
[Wed Sep 09 16:14:35 UTC 2026][INFO] [Action] E AddTextContainer - (c,312057,2),0,0,0
[Wed Sep 09 16:14:42 UTC 2026][INFO] [Action] E UpdateStyle - (c,312265,1),47:0.500000:2,(r,312265,312265),F
[Wed Sep 09 16:14:43 UTC 2026][INFO] [Action] E UpdateStyle - (c,312265,1),47:0.250000:2,(r,312265,312265),F
[Wed Sep 09 16:14:44 UTC 2026][INFO] [Action] E UpdateStyle - (c,312265,1),47:0.000000:2,(r,312265,312265),F
[Wed Sep 09 16:14:53 UTC 2026][INFO] [Action] E UpdateStyle - (c,312392,2),47:0.250000:2,(r,312392,312392),F
[Wed Sep 09 16:14:55 UTC 2026][INFO] [Action] E UpdateStyle - (c,312392,2),47:0.500000:2,(r,312392,312392),F
[Wed Sep 09 16:15:03 UTC 2026][INFO] [Action] E UpdateStyle - (c,312547,2),47:0.250000:2,(r,312547,312547),F
[Wed Sep 09 16:15:15 UTC 2026][INFO] [Action] E UpdateStyle - (r,312774,312825),16:10.000000:2,(r,312774,312825),F
[Wed Sep 09 16:15:23 UTC 2026][INFO] [Action] E UpdateStyle - (r,312826,312859),16:10.000000:2,(r,312826,312859),F
[Wed Sep 09 16:15:28 UTC 2026][INFO] [Action] E UpdateStyle - (c,312773,2),49:0.000000:2,(r,312773,312773),F
[Wed Sep 09 16:15:37 UTC 2026][INFO] [Action] E UpdateStyle - (r,312774,312859),36:1.000000:2,(r,312774,312859),F
[Wed Sep 09 16:15:37 UTC 2026][INFO] [Action] E UpdateStyle - (r,312774,312859),36:2.000000:2,(r,312774,312859),F
[Wed Sep 09 16:15:37 UTC 2026][INFO] [Action] E UpdateStyle - (r,312774,312859),36:3.000000:2,(r,312774,312859),F
[Wed Sep 09 16:15:38 UTC 2026][INFO] [Action] E UpdateStyle - (r,312774,312859),36:4.000000:2,(r,312774,312859),F
[Wed Sep 09 16:15:38 UTC 2026][INFO] [Action] E UpdateStyle - (r,312774,312859),36:5.000000:2,(r,312774,312859),F
[Wed Sep 09 16:15:38 UTC 2026][INFO] [Action] E UpdateStyle - (r,312774,312859),36:6.000000:2,(r,312774,312859),F
[Wed Sep 09 16:15:38 UTC 2026][INFO] [Action] E UpdateStyle - (r,312774,312859),36:7.000000:2,(r,312774,312859),F
[Wed Sep 09 16:15:38 UTC 2026][INFO] [Action] E UpdateStyle - (r,312774,312859),36:8.000000:2,(r,312774,312859),F
[Wed Sep 09 16:15:40 UTC 2026][INFO] [Action] E UpdateStyle - (r,312774,312859),48:13.000000:2,(r,312774,312859),F
[Wed Sep 09 16:15:41 UTC 2026][INFO] [Action] E UpdateStyle - (r,312774,312859),48:14.000000:2,(r,312774,312859),F
[Wed Sep 09 16:15:41 UTC 2026][INFO] [Action] E UpdateStyle - (r,312774,312859),48:15.000000:2,(r,312774,312859),F
[Wed Sep 09 16:15:41 UTC 2026][INFO] [Action] E UpdateStyle - (r,312774,312859),48:16.000000:2,(r,312774,312859),F
[Wed Sep 09 16:15:41 UTC 2026][INFO] [Action] E UpdateStyle - (r,312774,312859),48:17.000000:2,(r,312774,312859),F
[Wed Sep 09 16:15:42 UTC 2026][INFO] [Action] E UpdateStyle - (r,312774,312859),48:18.000000:2,(r,312774,312859),F
[Wed Sep 09 16:15:42 UTC 2026][INFO] [Action] E UpdateStyle - (r,312774,312859),48:19.000000:2,(r,312774,312859),F
[Wed Sep 09 16:15:42 UTC 2026][INFO] [Action] E UpdateStyle - (r,312774,312859),48:20.000000:2,(r,312774,312859),F
[Wed Sep 09 16:15:42 UTC 2026][INFO] [Action] E UpdateStyle - (r,312774,312859),48:21.000000:2,(r,312774,312859),F
[Wed Sep 09 16:15:42 UTC 2026][INFO] [Action] E UpdateStyle - (r,312774,312859),48:22.000000:2,(r,312774,312859),F
[Wed Sep 09 16:15:43 UTC 2026][INFO] [Action] E UpdateStyle - (r,312774,312859),48:23.000000:2,(r,312774,312859),F
[Wed Sep 09 16:15:43 UTC 2026][INFO] [Action] E UpdateStyle - (r,312774,312859),48:24.000000:2,(r,312774,312859),F
[Wed Sep 09 16:15:56 UTC 2026][INFO] [Action] E UpdateStyle - (r,312774,312859),19:4278190335:1,(r,312774,312859),F
[Wed Sep 09 16:16:13 UTC 2026][INFO] [Action] E MergeContainer - 312825,0
[Wed Sep 09 16:16:17 UTC 2026][INFO] [Action] E SplitContainer - 312830
[Wed Sep 09 16:17:00 UTC 2026][INFO] [Action] E MergeContainer - 312860,0
[Wed Sep 09 16:17:12 UTC 2026][INFO] [Action] E UpdateStyle - (c,312859,2),49:0.250000:2,(r,312859,312859),F
[Wed Sep 09 16:17:12 UTC 2026][INFO] [Action] E UpdateStyle - (c,312859,2),49:0.500000:2,(r,312859,312859),F
[Wed Sep 09 16:17:12 UTC 2026][INFO] [Action] E UpdateStyle - (c,312859,2),49:0.750000:2,(r,312859,312859),F
[Wed Sep 09 16:17:12 UTC 2026][INFO] [Action] E UpdateStyle - (c,312859,2),49:1.000000:2,(r,312859,312859),F
[Wed Sep 09 16:17:47 UTC 2026][INFO] [Action] E UpdateStyle - (c,313931,2),49:0.250000:2,(r,313931,313931),F
[Wed Sep 09 16:17:47 UTC 2026][INFO] [Action] E UpdateStyle - (c,313931,2),49:0.500000:2,(r,313931,313931),F
[Wed Sep 09 16:17:48 UTC 2026][INFO] [Action] E UpdateStyle - (c,313931,2),49:0.750000:2,(r,313931,313931),F
[Wed Sep 09 16:17:48 UTC 2026][INFO] [Action] E UpdateStyle - (c,313931,2),49:1.000000:2,(r,313931,313931),F
[Wed Sep 09 16:17:49 UTC 2026][INFO] [Action] E UpdateStyle - (c,313931,2),49:1.250000:2,(r,313931,313931),F
[Wed Sep 09 16:18:02 UTC 2026][INFO] [Action] E MergeContainer - 314010,0
[Wed Sep 09 16:18:06 UTC 2026][INFO] [Action] E UpdateStyle - (c,314010,1),47:0.250000:2,(r,314010,314010),F
[Wed Sep 09 16:18:06 UTC 2026][INFO] [Action] E UpdateStyle - (c,314010,1),47:0.500000:2,(r,314010,314010),F
[Wed Sep 09 16:18:06 UTC 2026][INFO] [Action] E UpdateStyle - (c,314010,1),47:0.750000:2,(r,314010,314010),F
[Wed Sep 09 16:18:06 UTC 2026][INFO] [Action] E UpdateStyle - (c,314010,1),47:1.000000:2,(r,314010,314010),F
[Wed Sep 09 16:18:18 UTC 2026][INFO] [Action] E UpdateStyle - (r,313932,313978),48:10.000000:2,(r,313932,313978),F
[Wed Sep 09 16:18:19 UTC 2026][INFO] [Action] E UpdateStyle - (r,313932,313978),48:9.000000:2,(r,313932,313978),F
[Wed Sep 09 16:18:19 UTC 2026][INFO] [Action] E UpdateStyle - (r,313932,313978),48:8.000000:2,(r,313932,313978),F
[Wed Sep 09 16:18:19 UTC 2026][INFO] [Action] E UpdateStyle - (r,313932,313978),48:7.000000:2,(r,313932,313978),F
[Wed Sep 09 16:18:19 UTC 2026][INFO] [Action] E UpdateStyle - (r,313932,313978),48:6.000000:2,(r,313932,313978),F
[Wed Sep 09 16:18:20 UTC 2026][INFO] [Action] E UpdateStyle - (r,313932,313978),48:5.000000:2,(r,313932,313978),F
[Wed Sep 09 16:18:20 UTC 2026][INFO] [Action] E UpdateStyle - (r,313932,313978),48:4.000000:2,(r,313932,313978),F
[Wed Sep 09 16:18:20 UTC 2026][INFO] [Action] E UpdateStyle - (r,313932,313978),48:3.000000:2,(r,313932,313978),F
[Wed Sep 09 16:18:20 UTC 2026][INFO] [Action] E UpdateStyle - (r,313932,313978),48:2.000000:2,(r,313932,313978),F
[Wed Sep 09 16:18:20 UTC 2026][INFO] [Action] E UpdateStyle - (r,313932,313978),48:1.000000:2,(r,313932,313978),F
[Wed Sep 09 16:18:20 UTC 2026][INFO] [Action] E UpdateStyle - (r,313932,313978),48:0.000000:2,(r,313932,313978),F
[Wed Sep 09 16:18:40 UTC 2026][INFO] [Action] E UpdateStyle - (r,313932,314009),19:4278190335:1,(r,313932,314009),F
[Wed Sep 09 16:18:46 UTC 2026][INFO] [Action] E UpdateStyle - (r,313932,314009),13:350:3,(r,313932,314009),F
[Wed Sep 09 16:19:06 UTC 2026][INFO] [Action] E UpdateStyle - (r,314010,314015),47:0.750000:2,(r,314010,314015),F
[Wed Sep 09 16:19:17 UTC 2026][INFO] [Action] E UpdateStyle - (r,314032,314060),12:382:3,(r,314032,314060),F
[Wed Sep 09 16:19:22 UTC 2026][INFO] [Action] E UpdateStyle - (r,314032,314060),48:1.000000:2,(r,314032,314060),F
[Wed Sep 09 16:19:23 UTC 2026][INFO] [Action] E UpdateStyle - (r,314032,314060),48:2.000000:2,(r,314032,314060),F
[Wed Sep 09 16:19:23 UTC 2026][INFO] [Action] E UpdateStyle - (r,314032,314060),48:3.000000:2,(r,314032,314060),F
[Wed Sep 09 16:19:23 UTC 2026][INFO] [Action] E UpdateStyle - (r,314032,314060),48:4.000000:2,(r,314032,314060),F
[Wed Sep 09 16:19:23 UTC 2026][INFO] [Action] E UpdateStyle - (r,314032,314060),48:5.000000:2,(r,314032,314060),F
[Wed Sep 09 16:19:23 UTC 2026][INFO] [Action] E UpdateStyle - (r,314032,314060),48:6.000000:2,(r,314032,314060),F
[Wed Sep 09 16:19:24 UTC 2026][INFO] [Action] E UpdateStyle - (r,314032,314060),48:7.000000:2,(r,314032,314060),F
[Wed Sep 09 16:19:24 UTC 2026][INFO] [Action] E UpdateStyle - (r,314032,314060),48:8.000000:2,(r,314032,314060),F
[Wed Sep 09 16:19:24 UTC 2026][INFO] [Action] E UpdateStyle - (r,314032,314060),48:9.000000:2,(r,314032,314060),F
[Wed Sep 09 16:19:25 UTC 2026][INFO] [Action] E UpdateStyle - (r,314032,314060),48:10.000000:2,(r,314032,314060),F
[Wed Sep 09 16:19:32 UTC 2026][INFO] [Action] E UpdateStyle - (c,314047,2),34:320:3,(r,314047,314047),F
[Wed Sep 09 16:19:38 UTC 2026][INFO] [Action] E UpdateStyle - (c,314032,1),48:9.000000:2,(r,314032,314032),F
[Wed Sep 09 16:19:38 UTC 2026][INFO] [Action] E UpdateStyle - (c,314032,1),48:8.000000:2,(r,314032,314032),F
[Wed Sep 09 16:19:38 UTC 2026][INFO] [Action] E UpdateStyle - (c,314032,1),48:7.000000:2,(r,314032,314032),F
[Wed Sep 09 16:19:39 UTC 2026][INFO] [Action] E UpdateStyle - (c,314032,1),48:6.000000:2,(r,314032,314032),F
[Wed Sep 09 16:19:39 UTC 2026][INFO] [Action] E UpdateStyle - (c,314032,1),48:5.000000:2,(r,314032,314032),F
[Wed Sep 09 16:19:39 UTC 2026][INFO] [Action] E UpdateStyle - (c,314032,1),48:4.000000:2,(r,314032,314032),F
[Wed Sep 09 16:19:39 UTC 2026][INFO] [Action] E UpdateStyle - (c,314032,1),48:3.000000:2,(r,314032,314032),F
[Wed Sep 09 16:19:39 UTC 2026][INFO] [Action] E UpdateStyle - (c,314032,1),48:2.000000:2,(r,314032,314032),F
[Wed Sep 09 16:19:40 UTC 2026][INFO] [Action] E UpdateStyle - (c,314032,1),48:1.000000:2,(r,314032,314032),F
[Wed Sep 09 16:19:40 UTC 2026][INFO] [Action] E UpdateStyle - (c,314032,1),48:0.000000:2,(r,314032,314032),F
[Wed Sep 09 16:19:51 UTC 2026][INFO] [Action] E UpdateStyle - (c,314060,2),49:0.250000:2,(r,314060,314060),F
[Wed Sep 09 16:19:59 UTC 2026][INFO] [Action] E UpdateStyle - (c,314092,2),49:0.750000:2,(r,314092,314092),F
[Wed Sep 09 16:20:07 UTC 2026][INFO] [Action] E SplitContainer - 314199
[Wed Sep 09 16:20:10 UTC 2026][INFO] [Action] E UpdateStyle - (c,314199,1),47:0.500000:2,(r,314199,314199),F
[Wed Sep 09 16:20:10 UTC 2026][INFO] [Action] E UpdateStyle - (c,314199,1),47:0.250000:2,(r,314199,314199),F
[Wed Sep 09 16:20:11 UTC 2026][INFO] [Action] E UpdateStyle - (c,314199,1),47:0.000000:2,(r,314199,314199),F
[Wed Sep 09 16:20:15 UTC 2026][INFO] [Action] E SplitContainer - 314290
[Wed Sep 09 16:20:20 UTC 2026][INFO] [Action] E SplitContainer - 314420
[Wed Sep 09 16:20:22 UTC 2026][INFO] [Action] E UpdateStyle - (c,314420,1),47:0.500000:2,(r,314420,314420),F
[Wed Sep 09 16:20:22 UTC 2026][INFO] [Action] E UpdateStyle - (c,314420,1),47:0.250000:2,(r,314420,314420),F
[Wed Sep 09 16:20:23 UTC 2026][INFO] [Action] E UpdateStyle - (c,314420,1),47:0.000000:2,(r,314420,314420),F
[Wed Sep 09 16:20:30 UTC 2026][INFO] [Action] E SplitContainer - 314451
[Wed Sep 09 16:20:46 UTC 2026][INFO] [Action] E SplitContainer - 314481
[Wed Sep 09 16:20:48 UTC 2026][INFO] [Action] E SplitContainer - 314494
[Wed Sep 09 16:20:50 UTC 2026][INFO] [Action] E InsertTextContent - (c,314506,2),[SPACE]
[Wed Sep 09 16:20:51 UTC 2026][INFO] [Action] E MergeContainer - 314507,0
[Wed Sep 09 16:21:00 UTC 2026][INFO] [Action] E SplitContainer - 314512
[Wed Sep 09 16:21:03 UTC 2026][INFO] [Action] E SplitContainer - 314531
[Wed Sep 09 16:21:09 UTC 2026][INFO] [Action] E DeleteContent - (c,314495,1),B
[Wed Sep 09 16:21:19 UTC 2026][INFO] [Action] E UpdateStyle - (r,314451,314529),48:1.000000:2,(r,314451,314529),F
[Wed Sep 09 16:21:19 UTC 2026][INFO] [Action] E UpdateStyle - (r,314451,314529),48:2.000000:2,(r,314451,314529),F
[Wed Sep 09 16:21:19 UTC 2026][INFO] [Action] E UpdateStyle - (r,314451,314529),48:3.000000:2,(r,314451,314529),F
[Wed Sep 09 16:21:19 UTC 2026][INFO] [Action] E UpdateStyle - (r,314451,314529),48:4.000000:2,(r,314451,314529),F
[Wed Sep 09 16:21:19 UTC 2026][INFO] [Action] E UpdateStyle - (r,314451,314529),48:5.000000:2,(r,314451,314529),F
[Wed Sep 09 16:21:20 UTC 2026][INFO] [Action] E UpdateStyle - (r,314451,314529),48:6.000000:2,(r,314451,314529),F
[Wed Sep 09 16:21:20 UTC 2026][INFO] [Action] E UpdateStyle - (r,314451,314529),48:7.000000:2,(r,314451,314529),F
[Wed Sep 09 16:21:20 UTC 2026][INFO] [Action] E UpdateStyle - (r,314451,314529),48:8.000000:2,(r,314451,314529),F
[Wed Sep 09 16:21:20 UTC 2026][INFO] [Action] E UpdateStyle - (r,314451,314529),48:9.000000:2,(r,314451,314529),F
[Wed Sep 09 16:21:20 UTC 2026][INFO] [Action] E UpdateStyle - (r,314451,314529),48:10.000000:2,(r,314451,314529),F
[Wed Sep 09 16:21:23 UTC 2026][INFO] [Action] E UpdateStyle - (r,314451,314529),12:382:3,(r,314451,314529),F
[Wed Sep 09 16:21:30 UTC 2026][INFO] [Action] E UpdateStyle - (c,314529,2),49:0.250000:2,(r,314529,314529),F
[Wed Sep 09 16:21:33 UTC 2026][INFO] [Action] E UpdateStyle - (c,314450,2),49:0.250000:2,(r,314450,314450),F
[Wed Sep 09 16:22:06 UTC 2026][INFO] [Action] E UpdateStyle - (c,314598,2),49:0.250000:2,(r,314598,314598),F
[Wed Sep 09 16:22:15 UTC 2026][INFO] [Action] E UpdateStyle - (c,314750,2),49:0.250000:2,(r,314750,314750),F
[Wed Sep 09 16:22:33 UTC 2026][INFO] [Action] E UpdateStyle - (r,314599,314602),48:1.000000:2,(r,314599,314602),F
[Wed Sep 09 16:22:35 UTC 2026][INFO] [Action] E UpdateStyle - (r,314599,314602),48:0.000000:2,(r,314599,314602),F
[Wed Sep 09 16:22:36 UTC 2026][INFO] [Action] E UpdateStyle - (r,314599,314602),47:0.250000:2,(r,314599,314602),F
[Wed Sep 09 16:22:37 UTC 2026][INFO] [Action] E UpdateStyle - (r,314599,314602),47:0.500000:2,(r,314599,314602),F
[Wed Sep 09 16:22:41 UTC 2026][INFO] [Action] E UpdateStyle - (c,314750,2),49:0.500000:2,(r,314750,314750),F
[Wed Sep 09 16:22:41 UTC 2026][INFO] [Action] E UpdateStyle - (c,314750,2),49:0.750000:2,(r,314750,314750),F
[Wed Sep 09 16:22:53 UTC 2026][INFO] [Action] E AddTextContainer - (c,314750,2),0,0,0
[Wed Sep 09 16:22:57 UTC 2026][INFO] [Action] E UpdateStyle - (c,314750,2),49:1.000000:2,(r,314750,314750),F
[Wed Sep 09 16:22:58 UTC 2026][INFO] [Action] E UpdateStyle - (c,314750,2),49:1.250000:2,(r,314750,314750),F
[Wed Sep 09 16:23:01 UTC 2026][INFO] [Action] E MergeContainer - 314751,0
[Wed Sep 09 16:23:08 UTC 2026][INFO] [Action] E SplitContainer - 314818
[Wed Sep 09 16:23:14 UTC 2026][INFO] [Action] E UpdateStyle - (c,314878,2),49:0.250000:2,(r,314878,314878),F
[Wed Sep 09 16:23:14 UTC 2026][INFO] [Action] E UpdateStyle - (c,314878,2),49:0.500000:2,(r,314878,314878),F
[Wed Sep 09 16:23:20 UTC 2026][INFO] [Action] E SplitContainer - 314912
[Wed Sep 09 16:23:27 UTC 2026][INFO] [Action] E UpdateStyle - (c,314796,2),49:0.250000:2,(r,314796,314796),F
[Wed Sep 09 16:23:47 UTC 2026][INFO] [Action] E SaveBook - Save
[Wed Sep 09 16:23:54 UTC 2026][INFO] [Action] E MergeContainer - 315267,1
[Wed Sep 09 16:23:54 UTC 2026][INFO] [Action] E MergeContainer - 315266,1
[Wed Sep 09 16:23:54 UTC 2026][INFO] [Action] E DeleteContent - (c,315265,2),B
[Wed Sep 09 16:23:59 UTC 2026][INFO] [Action] E InsertTextContent - (c,315264,2),[.]
[Wed Sep 09 16:24:01 UTC 2026][INFO] [Action] E MergeContainer - 315265,0
[Wed Sep 09 16:24:03 UTC 2026][INFO] [Action] U MergeContainer
[Wed Sep 09 16:24:09 UTC 2026][INFO] [Action] E UpdateStyle - (c,315266,1),47:3.000000:2,(r,315266,315266),F
[Wed Sep 09 16:24:10 UTC 2026][INFO] [Action] E UpdateStyle - (c,315266,1),47:2.750000:2,(r,315266,315266),F
[Wed Sep 09 16:24:10 UTC 2026][INFO] [Action] E UpdateStyle - (c,315266,1),47:2.500000:2,(r,315266,315266),F
[Wed Sep 09 16:24:11 UTC 2026][INFO] [Action] E UpdateStyle - (c,315266,1),47:2.250000:2,(r,315266,315266),F
[Wed Sep 09 16:24:11 UTC 2026][INFO] [Action] E UpdateStyle - (c,315266,1),47:2.000000:2,(r,315266,315266),F
[Wed Sep 09 16:24:11 UTC 2026][INFO] [Action] E UpdateStyle - (c,315266,1),47:1.750000:2,(r,315266,315266),F
[Wed Sep 09 16:24:11 UTC 2026][INFO] [Action] E UpdateStyle - (c,315266,1),47:1.500000:2,(r,315266,315266),F
[Wed Sep 09 16:24:11 UTC 2026][INFO] [Action] E UpdateStyle - (c,315266,1),47:1.250000:2,(r,315266,315266),F
[Wed Sep 09 16:24:12 UTC 2026][INFO] [Action] E UpdateStyle - (c,315266,1),47:1.000000:2,(r,315266,315266),F
[Wed Sep 09 16:24:13 UTC 2026][INFO] [Action] E UpdateStyle - (c,315266,1),47:0.750000:2,(r,315266,315266),F
[Wed Sep 09 16:24:24 UTC 2026][INFO] [Action] E UpdateStyle - (c,315461,2),49:0.250000:2,(r,315461,315461),F
[Wed Sep 09 16:24:30 UTC 2026][INFO] [Action] E UpdateStyle - (c,315563,2),49:0.250000:2,(r,315563,315563),F
[Wed Sep 09 16:24:49 UTC 2026][INFO] [Action] E MergeContainer - 315635,1
[Wed Sep 09 16:24:54 UTC 2026][INFO] [Action] E UpdateStyle - (r,315635,315720),12:382:3,(r,315635,315720),F
[Wed Sep 09 16:25:01 UTC 2026][INFO] [Action] E MergeContainer - 315682,0
[Wed Sep 09 16:25:15 UTC 2026][INFO] [Action] E Cut - (r,315639,315720)
[Wed Sep 09 16:25:31 UTC 2026][INFO] [Action] E UpdateStyle - (r,315635,315638),13:350:3,(r,315635,315638),F
[Wed Sep 09 16:25:39 UTC 2026][INFO] [Action] E Paste - (c,315638,2),81
[Wed Sep 09 16:25:44 UTC 2026][INFO] [Action] U Paste
[Wed Sep 09 16:25:47 UTC 2026][INFO] [Action] E AddTextContainer - (c,315638,2),0,0,0
[Wed Sep 09 16:26:28 UTC 2026][INFO] [Action] E Paste - (c,315639,2),81
[Wed Sep 09 16:26:34 UTC 2026][INFO] [Action] U Paste
[Wed Sep 09 16:26:39 UTC 2026][INFO] [Action] E InsertTextContent - (c,315638,2),[f]
[Wed Sep 09 16:26:39 UTC 2026][INFO] [Action] E InsertTextContent - (c,315639,2),[f]
[Wed Sep 09 16:26:48 UTC 2026][INFO] [Action] E UpdateStyle - (r,315639,315640),13:361:3,(r,315639,315640),F
[Wed Sep 09 16:26:49 UTC 2026][INFO] [Action] E UpdateStyle - (r,315639,315640),13:350:3,(r,315639,315640),F
[Wed Sep 09 16:26:51 UTC 2026][INFO] [Action] E InsertTextContent - (c,315640,2),[f]
[Wed Sep 09 16:26:53 UTC 2026][INFO] [Action] E InsertTextContent - (c,315641,2),[v]
[Wed Sep 09 16:26:59 UTC 2026][INFO] [Action] E InsertTextContent - (c,315633,2),[v]
[Wed Sep 09 16:27:05 UTC 2026][INFO] [Action] E Paste - (c,315634,1),81
[Wed Sep 09 16:27:09 UTC 2026][INFO] [Action] E SplitContainer - 315634
[Wed Sep 09 16:27:14 UTC 2026][INFO] [Action] E InsertTextContent - (c,315633,2),[?]
[Wed Sep 09 16:27:21 UTC 2026][INFO] [Action] E DeleteContent - (r,315717,315717),B
[Wed Sep 09 16:27:22 UTC 2026][INFO] [Action] E DeleteContent - (c,315716,2),B
[Wed Sep 09 16:27:24 UTC 2026][INFO] [Action] E DeleteContent - (c,315723,2),B
[Wed Sep 09 16:27:24 UTC 2026][INFO] [Action] E DeleteContent - (c,315722,2),B
[Wed Sep 09 16:27:24 UTC 2026][INFO] [Action] E DeleteContent - (c,315721,2),B
[Wed Sep 09 16:27:24 UTC 2026][INFO] [Action] E DeleteContent - (c,315720,2),B
[Wed Sep 09 16:27:29 UTC 2026][INFO] [Action] E Cut - (r,315716,315719)
[Wed Sep 09 16:27:32 UTC 2026][INFO] [Action] E Paste - (c,315635,1),4
[Wed Sep 09 16:27:35 UTC 2026][INFO] [Action] U Paste
[Wed Sep 09 16:27:38 UTC 2026][INFO] [Action] E InsertTextContent - (c,315635,1),[>]
[Wed Sep 09 16:27:39 UTC 2026][INFO] [Action] E InsertTextContent - (c,315635,2),[>]
[Wed Sep 09 16:27:39 UTC 2026][INFO] [Action] E InsertTextContent - (c,315636,2),[>]
[Wed Sep 09 16:27:41 UTC 2026][INFO] [Action] E InsertTextContent - (c,315637,2),[SPACE]
[Wed Sep 09 16:27:48 UTC 2026][INFO] [Action] E UpdateStyle - (r,315635,315719),12:382:3,(r,315635,315719),F
[Wed Sep 09 16:28:05 UTC 2026][INFO] [Action] E SaveBook - Save
[Wed Sep 09 16:28:28 UTC 2026][INFO] [Action] E UpdateStyle - (c,315266,2),47:1.000000:2,(r,315266,315266),F
[Wed Sep 09 16:28:34 UTC 2026][INFO] [Action] E MergeContainer - 315721,0
[Wed Sep 09 16:28:34 UTC 2026][INFO] [Action] E MergeContainer - 315721,0
[Wed Sep 09 16:28:36 UTC 2026][INFO] [Action] E MergeContainer - 315721,0
[Wed Sep 09 16:28:36 UTC 2026][INFO] [Action] E MergeContainer - 315721,0
[Wed Sep 09 16:28:38 UTC 2026][INFO] [Action] E MergeContainer - 315721,1
[Wed Sep 09 16:28:40 UTC 2026][INFO] [Action] E MergeContainer - 315720,0
[Wed Sep 09 16:28:45 UTC 2026][INFO] [Action] E UpdateStyle - (c,315720,1),47:0.250000:2,(r,315720,315720),F
[Wed Sep 09 16:28:46 UTC 2026][INFO] [Action] E UpdateStyle - (c,315720,1),47:0.500000:2,(r,315720,315720),F
[Wed Sep 09 16:29:20 UTC 2026][INFO] [Action] E UpdateStyle - (c,1996,2),49:0.250000:2,(r,1996,1996),F
[Wed Sep 09 16:29:26 UTC 2026][INFO] [Action] E ItemChanged - -1,250254
[Wed Sep 09 16:29:27 UTC 2026][INFO] [Action] E ItemChanged - -1,250254
[Wed Sep 09 16:29:43 UTC 2026][INFO] [Action] E InsertGenericPageAction - 18,18
[Wed Sep 09 16:29:46 UTC 2026][INFO] [Action] U InsertGenericPageAction
[Wed Sep 09 16:29:54 UTC 2026][INFO] [Action] E ItemChanged - -1,318336
[Wed Sep 09 16:30:27 UTC 2026][INFO] [Action] E InsertTextContent - (c,316022,2),[SPACE]
[Wed Sep 09 16:30:28 UTC 2026][INFO] [Action] E MergeContainer - 316023,0
[Wed Sep 09 16:30:34 UTC 2026][INFO] [Action] E UpdateStyle - (c,316062,2),49:0.250000:2,(r,316062,316062),F
[Wed Sep 09 16:30:35 UTC 2026][INFO] [Action] E UpdateStyle - (c,316062,2),49:0.500000:2,(r,316062,316062),F
[Wed Sep 09 16:30:46 UTC 2026][INFO] [Action] E SplitContainer - 315842
[Wed Sep 09 16:30:50 UTC 2026][INFO] [Action] E UpdateStyle - (c,315842,1),47:0.500000:2,(r,315842,315842),F
[Wed Sep 09 16:30:51 UTC 2026][INFO] [Action] E UpdateStyle - (c,315842,1),47:0.250000:2,(r,315842,315842),F
[Wed Sep 09 16:30:51 UTC 2026][INFO] [Action] E UpdateStyle - (c,315842,1),47:0.000000:2,(r,315842,315842),F
[Wed Sep 09 16:30:55 UTC 2026][INFO] [Action] E UpdateStyle - (c,315841,2),49:0.250000:2,(r,315841,315841),F
[Wed Sep 09 16:30:56 UTC 2026][INFO] [Action] E UpdateStyle - (c,315841,2),49:0.000000:2,(r,315841,315841),F
[Wed Sep 09 16:31:02 UTC 2026][INFO] [Action] E SaveBook - Save
[Wed Sep 09 16:54:08 UTC 2026][INFO] [Action] E DeleteContent - (c,316954,2),B
[Wed Sep 09 16:54:08 UTC 2026][INFO] [Action] E InsertTextContent - (c,316953,2),[.]
[Wed Sep 09 16:54:44 UTC 2026][INFO] [Action] E UpdateStyle - (r,310490,310547),16:10.000000:2,(r,310490,310547),F
[Wed Sep 09 16:54:48 UTC 2026][INFO] [Action] E UpdateStyle - (r,310490,310547),13:361:3,(r,310490,310547),F
[Wed Sep 09 16:54:56 UTC 2026][INFO] [Action] E UpdateStyle - (r,310490,310547),16:12.000000:2,(r,310490,310547),F
[Wed Sep 09 16:55:20 UTC 2026][INFO] [Action] E MergeContainer - 311135,1
[Wed Sep 09 16:55:25 UTC 2026][INFO] [Action] E UpdateStyle - (c,311139,1),47:0.250000:2,(r,311139,311139),F
[Wed Sep 09 16:55:26 UTC 2026][INFO] [Action] E UpdateStyle - (c,311139,1),47:0.500000:2,(r,311139,311139),F
[Wed Sep 09 16:55:32 UTC 2026][INFO] [Action] E UpdateStyle - (c,311479,2),47:0.500000:2,(r,311479,311479),F
[Wed Sep 09 16:55:36 UTC 2026][INFO] [Action] E MergeContainer - 312057,1
[Wed Sep 09 16:55:48 UTC 2026][INFO] [Action] E SplitContainer - 311062
[Wed Sep 09 16:55:59 UTC 2026][INFO] [Action] E SplitContainer - 311016
[Wed Sep 09 16:56:21 UTC 2026][INFO] [Action] E UpdateStyle - (r,315718,315771),11:Bookerly,serif:4,(r,315718,315771),F
[Wed Sep 09 16:56:23 UTC 2026][INFO] [Action] E UpdateStyle - (r,315718,315771),11:AmazonEmber,sans-serif:4,(r,315718,315771),F
[Wed Sep 09 16:56:28 UTC 2026][INFO] [Action] E ItemChanged - -1,310490
[Wed Sep 09 16:56:31 UTC 2026][INFO] [Action] E ItemChanged - -1,308652
[Wed Sep 09 16:56:34 UTC 2026][INFO] [Action] E ItemChanged - -1,307176
[Wed Sep 09 16:56:36 UTC 2026][INFO] [Action] E ItemChanged - -1,298983
[Wed Sep 09 16:56:47 UTC 2026][INFO] [Action] E DeleteContent - (r,299076,299076),F
[Wed Sep 09 16:56:52 UTC 2026][INFO] [Action] E SplitContainer - 299046
[Wed Sep 09 16:56:55 UTC 2026][INFO] [Action] U SplitContainer
[Wed Sep 09 16:57:01 UTC 2026][INFO] [Action] E UpdateStyle - (r,299047,299092),16:8.000000:2,(r,299047,299092),F
[Wed Sep 09 16:57:07 UTC 2026][INFO] [Action] E SplitContainer - 299047
[Wed Sep 09 16:57:17 UTC 2026][INFO] [Action] E UpdateStyle - (c,299046,2),49:1.250000:2,(r,299046,299046),F
[Wed Sep 09 16:57:18 UTC 2026][INFO] [Action] E UpdateStyle - (c,299046,2),49:1.000000:2,(r,299046,299046),F
[Wed Sep 09 16:57:19 UTC 2026][INFO] [Action] E UpdateStyle - (c,299046,2),49:0.750000:2,(r,299046,299046),F
[Wed Sep 09 16:57:19 UTC 2026][INFO] [Action] E UpdateStyle - (c,299046,2),49:0.500000:2,(r,299046,299046),F
[Wed Sep 09 16:57:19 UTC 2026][INFO] [Action] E UpdateStyle - (c,299046,2),49:0.250000:2,(r,299046,299046),F
[Wed Sep 09 16:57:19 UTC 2026][INFO] [Action] E UpdateStyle - (c,299046,2),49:0.000000:2,(r,299046,299046),F
[Wed Sep 09 16:57:28 UTC 2026][INFO] [Action] E UpdateStyle - (r,299047,299092),16:8.000000:2,(r,299047,299092),F
[Wed Sep 09 16:57:33 UTC 2026][INFO] [Action] E UpdateStyle - (c,299092,2),49:0.250000:2,(r,299092,299092),F
[Wed Sep 09 16:57:34 UTC 2026][INFO] [Action] E UpdateStyle - (c,299092,2),49:0.500000:2,(r,299092,299092),F
[Wed Sep 09 16:57:39 UTC 2026][INFO] [Action] U UpdateStyle
[Wed Sep 09 16:57:40 UTC 2026][INFO] [Action] U UpdateStyle
[Wed Sep 09 16:57:59 UTC 2026][INFO] [Action] E UpdateStyle - (c,299016,1),47:0.250000:2,(r,299016,299016),F
[Wed Sep 09 16:58:07 UTC 2026][INFO] [Action] E AddTextContainer - (c,299092,2),0,0,0
[Wed Sep 09 16:58:21 UTC 2026][INFO] [Action] E UpdateStyle - (r,298983,299046),16:12.000000:2,(r,298983,299046),F
[Wed Sep 09 16:58:27 UTC 2026][INFO] [Action] E AddTextContainer - (c,299046,2),0,0,0
[Wed Sep 09 16:58:37 UTC 2026][INFO] [Action] E UpdateStyle - (r,299048,299093),16:8.000000:2,(r,299048,299093),F
[Wed Sep 09 16:58:45 UTC 2026][INFO] [Action] E UpdateStyle - (r,298983,299046),16:12.000000:2,(r,298983,299046),F
[Wed Sep 09 16:58:48 UTC 2026][INFO] [Action] E MergeContainer - 299047,0
[Wed Sep 09 16:58:55 UTC 2026][INFO] [Action] E UpdateStyle - (c,299047,1),34:59:3,(r,299047,299047),F
[Wed Sep 09 16:58:59 UTC 2026][INFO] [Action] U UpdateStyle
[Wed Sep 09 17:00:13 UTC 2026][INFO] [Action] E DeleteContent - (r,299047,299092),F
[Wed Sep 09 17:00:39 UTC 2026][INFO] [Action] E UpdateStyle - (c,293775,2),49:0.250000:2,(r,293775,293775),F
[Wed Sep 09 17:00:40 UTC 2026][INFO] [Action] E UpdateStyle - (c,293775,2),49:0.500000:2,(r,293775,293775),F
[Wed Sep 09 17:00:41 UTC 2026][INFO] [Action] E UpdateStyle - (c,293775,2),49:0.750000:2,(r,293775,293775),F
[Wed Sep 09 17:00:51 UTC 2026][INFO] [Action] E UpdateStyle - (c,296258,2),49:0.750000:2,(r,296258,296258),F
[Wed Sep 09 17:00:52 UTC 2026][INFO] [Action] E UpdateStyle - (c,296258,2),49:1.000000:2,(r,296258,296258),F
[Wed Sep 09 17:00:52 UTC 2026][INFO] [Action] E UpdateStyle - (c,296258,2),49:1.250000:2,(r,296258,296258),F
[Wed Sep 09 17:01:03 UTC 2026][INFO] [Action] E UpdateStyle - (r,296548,297013),16:12.000000:2,(r,296548,297013),F
[Wed Sep 09 17:01:05 UTC 2026][INFO] [Action] E UpdateStyle - (r,296548,297013),11:Bookerly,serif:4,(r,296548,297013),F
[Wed Sep 09 17:01:15 UTC 2026][INFO] [Action] E SplitContainer - 295116
[Wed Sep 09 17:01:23 UTC 2026][INFO] [Action] E UpdateStyle - (c,293775,2),49:1.000000:2,(r,293775,293775),F
[Wed Sep 09 17:01:42 UTC 2026][INFO] [Action] E Copy - (r,293776,295115)
[Wed Sep 09 17:09:44 UTC 2026][INFO] [Action] E AddTextContainer - (c,294092,2),0,0,0
[Wed Sep 09 17:12:06 UTC 2026][INFO] [Action] EE InsertImageAction - (c,294093,2),cabinethole.png,4,1,0.000000,0.000000,0.000000,0.000000,0.000000,0.000000,0
[Wed Sep 09 17:12:35 UTC 2026][INFO] [Action] E MergeContainer - 298077,0
[Wed Sep 09 17:12:36 UTC 2026][INFO] [Action] E MergeContainer - 298077,0
[Wed Sep 09 17:12:36 UTC 2026][INFO] [Action] E MergeContainer - 298077,0
[Wed Sep 09 17:12:37 UTC 2026][INFO] [Action] E MergeContainer - 298077,0
[Wed Sep 09 17:12:39 UTC 2026][INFO] [Action] E DeleteContent - (r,298077,298077),F
[Wed Sep 09 17:12:42 UTC 2026][INFO] [Action] U DeleteContent
[Wed Sep 09 17:12:57 UTC 2026][INFO] [Action] E UpdateStyle - (c,297015,2),49:0.750000:2,(r,297015,297015),F
[Wed Sep 09 17:13:05 UTC 2026][INFO] [Action] E UpdateStyle - (c,296260,2),49:1.500000:2,(r,296260,296260),F
[Wed Sep 09 17:13:09 UTC 2026][INFO] [Action] E AddTextContainer - (c,296260,2),0,0,0
[Wed Sep 09 17:13:10 UTC 2026][INFO] [Action] E AddTextContainer - (c,296261,1),1,0,0
[Wed Sep 09 17:13:11 UTC 2026][INFO] [Action] E AddTextContainer - (c,296262,1),1,0,0
[Wed Sep 09 17:13:12 UTC 2026][INFO] [Action] E AddTextContainer - (c,296263,1),1,0,0
[Wed Sep 09 17:13:20 UTC 2026][INFO] [Action] E UpdateStyle - (c,296260,2),49:1.750000:2,(r,296260,296260),F
[Wed Sep 09 17:13:20 UTC 2026][INFO] [Action] E UpdateStyle - (c,296260,2),49:2.000000:2,(r,296260,296260),F
[Wed Sep 09 17:13:20 UTC 2026][INFO] [Action] E UpdateStyle - (c,296260,2),49:2.250000:2,(r,296260,296260),F
[Wed Sep 09 17:13:20 UTC 2026][INFO] [Action] E UpdateStyle - (c,296260,2),49:2.500000:2,(r,296260,296260),F
[Wed Sep 09 17:13:20 UTC 2026][INFO] [Action] E UpdateStyle - (c,296260,2),49:2.750000:2,(r,296260,296260),F
[Wed Sep 09 17:13:21 UTC 2026][INFO] [Action] E UpdateStyle - (c,296260,2),49:3.000000:2,(r,296260,296260),F
[Wed Sep 09 17:13:21 UTC 2026][INFO] [Action] E UpdateStyle - (c,296260,2),49:3.250000:2,(r,296260,296260),F
[Wed Sep 09 17:13:23 UTC 2026][INFO] [Action] E MergeContainer - 296264,0
[Wed Sep 09 17:13:27 UTC 2026][INFO] [Action] U MergeContainer
[Wed Sep 09 17:13:34 UTC 2026][INFO] [Action] E AddTextContainer - (c,297019,2),0,0,0
[Wed Sep 09 17:13:35 UTC 2026][INFO] [Action] E MergeContainer - 297020,0
[Wed Sep 09 17:13:43 UTC 2026][INFO] [Action] E MergeContainer - 296264,0
[Wed Sep 09 17:13:47 UTC 2026][INFO] [Action] E MergeContainer - 297018,0
[Wed Sep 09 17:13:47 UTC 2026][INFO] [Action] E MergeContainer - 297018,0
[Wed Sep 09 17:13:56 UTC 2026][INFO] [Action] EE UpdateImageAction - (r,297019,297019),[56:75.000000],3,1,0.000000,0.000000,0.000000,0.000000,0.000000,0.000000,0
[Wed Sep 09 17:14:07 UTC 2026][INFO] [Action] E UpdateStyle - (r,296553,296756),11:AmazonEmber,sans-serif:4,(r,296553,296756),F
[Wed Sep 09 17:14:09 UTC 2026][INFO] [Action] E UpdateStyle - (r,296553,296756),16:10.000000:2,(r,296553,296756),F
[Wed Sep 09 17:14:15 UTC 2026][INFO] [Action] E UpdateStyle - (r,296553,296756),12:382:3,(r,296553,296756),F
[Wed Sep 09 17:14:19 UTC 2026][INFO] [Action] EE UpdateImageAction - (r,297019,297019),[56:100.000000],4,1,0.000000,0.000000,0.000000,0.000000,0.000000,0.000000,0
[Wed Sep 09 17:14:42 UTC 2026][INFO] [Action] E UpdateStyle - (r,296289,296552),16:10.000000:2,(r,296289,296552),F
[Wed Sep 09 17:15:02 UTC 2026][INFO] [Action] E UpdateStyle - (r,296553,296756),12:350:3,(r,296553,296756),F
[Wed Sep 09 17:15:09 UTC 2026][INFO] [Action] E UpdateStyle - (r,296757,297018),16:10.000000:2,(r,296757,297018),F
[Wed Sep 09 17:15:27 UTC 2026][INFO] [Action] E UpdateStyle - (r,296553,296756),11:Bookerly,serif:4,(r,296553,296756),F
[Wed Sep 09 17:15:39 UTC 2026][INFO] [Action] E SplitContainer - 297210
[Wed Sep 09 17:15:43 UTC 2026][INFO] [Action] E UpdateStyle - (c,297210,1),47:0.250000:2,(r,297210,297210),F
[Wed Sep 09 17:15:45 UTC 2026][INFO] [Action] E UpdateStyle - (c,297210,1),47:0.500000:2,(r,297210,297210),F
[Wed Sep 09 17:15:49 UTC 2026][INFO] [Action] E SplitContainer - 297450
[Wed Sep 09 17:15:54 UTC 2026][INFO] [Action] E SplitContainer - 297534
[Wed Sep 09 17:15:58 UTC 2026][INFO] [Action] E SplitContainer - 297852
[Wed Sep 09 17:16:03 UTC 2026][INFO] [Action] E UpdateStyle - (c,297969,1),47:0.750000:2,(r,297969,297969),F
[Wed Sep 09 17:16:03 UTC 2026][INFO] [Action] E UpdateStyle - (c,297969,1),47:0.500000:2,(r,297969,297969),F
[Wed Sep 09 17:16:37 UTC 2026][INFO] [Action] E UpdateStyle - (c,292428,2),49:1.250000:2,(r,292428,292428),F
[Wed Sep 09 17:16:44 UTC 2026][INFO] [Action] E UpdateStyle - (c,292547,2),49:0.250000:2,(r,292547,292547),F
[Wed Sep 09 17:16:53 UTC 2026][INFO] [Action] E UpdateStyle - (c,292125,2),49:0.250000:2,(r,292125,292125),F
[Wed Sep 09 17:16:57 UTC 2026][INFO] [Action] E UpdateStyle - (c,292268,2),49:0.250000:2,(r,292268,292268),F
[Wed Sep 09 17:17:09 UTC 2026][INFO] [Action] E UpdateStyle - (c,290856,2),49:1.000000:2,(r,290856,290856),F
[Wed Sep 09 17:17:09 UTC 2026][INFO] [Action] E UpdateStyle - (c,290856,2),49:0.750000:2,(r,290856,290856),F
[Wed Sep 09 17:17:10 UTC 2026][INFO] [Action] E UpdateStyle - (c,290856,2),49:0.500000:2,(r,290856,290856),F
[Wed Sep 09 17:17:18 UTC 2026][INFO] [Action] E UpdateStyle - (r,290815,290856),16:10.000000:2,(r,290815,290856),F
[Wed Sep 09 17:17:40 UTC 2026][INFO] [Action] EE UpdateImageAction - (r,290976,290976),[56:100.000000],4,1,0.000000,0.000000,0.000000,0.000000,0.000000,0.000000,0
[Wed Sep 09 17:17:44 UTC 2026][INFO] [Action] U UpdateImageAction
[Wed Sep 09 17:17:58 UTC 2026][INFO] [Action] E Cut - (r,290977,291149)
[Wed Sep 09 17:18:01 UTC 2026][INFO] [Action] EE UpdateImageAction - (r,290976,290976),[56:100.000000],4,1,0.000000,0.000000,0.000000,0.000000,0.000000,0.000000,0
[Wed Sep 09 17:18:04 UTC 2026][INFO] [Action] EE UpdateImageAction - (r,290977,290977),[56:100.000000],4,1,0.000000,0.000000,0.000000,0.000000,0.000000,0.000000,0
[Wed Sep 09 17:18:15 UTC 2026][INFO] [Action] E Paste - (c,291203,2),174
[Wed Sep 09 17:18:29 UTC 2026][INFO] [Action] E Cut - (r,290857,290975)
[Wed Sep 09 17:18:39 UTC 2026][INFO] [Action] EE UpdateImageAction - (r,290857,290857),[56:75.000000],3,1,0.000000,0.000000,0.000000,0.000000,0.000000,0.000000,0
[Wed Sep 09 17:18:42 UTC 2026][INFO] [Action] U UpdateImageAction
[Wed Sep 09 17:18:43 UTC 2026][INFO] [Action] U Cut
[Wed Sep 09 17:18:44 UTC 2026][INFO] [Action] U Paste
[Wed Sep 09 17:18:45 UTC 2026][INFO] [Action] U UpdateImageAction
[Wed Sep 09 17:18:46 UTC 2026][INFO] [Action] U UpdateImageAction
[Wed Sep 09 17:18:52 UTC 2026][INFO] [Action] U Cut
[Wed Sep 09 17:19:03 UTC 2026][INFO] [Action] E UpdateStyle - (c,290856,2),49:0.750000:2,(r,290856,290856),F
[Wed Sep 09 17:19:12 UTC 2026][INFO] [Action] E UpdateStyle - (c,290995,1),47:1.250000:2,(r,290995,290995),F
[Wed Sep 09 17:19:13 UTC 2026][INFO] [Action] E UpdateStyle - (c,290995,1),47:1.000000:2,(r,290995,290995),F
[Wed Sep 09 17:19:17 UTC 2026][INFO] [Action] E UpdateStyle - (c,291149,2),49:0.750000:2,(r,291149,291149),F
[Wed Sep 09 17:19:29 UTC 2026][INFO] [Action] E UpdateStyle - (c,290571,2),49:0.250000:2,(r,290571,290571),F
[Wed Sep 09 17:19:34 UTC 2026][INFO] [Action] E UpdateStyle - (c,290668,2),49:0.500000:2,(r,290668,290668),F
[Wed Sep 09 17:19:44 UTC 2026][INFO] [Action] E UpdateStyle - (r,288160,288190),16:12.000000:2,(r,288160,288190),F
[Wed Sep 09 17:19:47 UTC 2026][INFO] [Action] E UpdateStyle - (r,288160,288190),49:1.000000:2,(r,288160,288190),F
[Wed Sep 09 17:19:55 UTC 2026][INFO] [Action] E UpdateStyle - (c,288249,2),47:0.500000:2,(r,288249,288249),F
[Wed Sep 09 17:20:02 UTC 2026][INFO] [Action] E SplitContainer - 288783
[Wed Sep 09 17:20:11 UTC 2026][INFO] [Action] E UpdateStyle - (c,290445,1),47:0.000000:2,(r,290445,290445),F
[Wed Sep 09 17:20:18 UTC 2026][INFO] [Action] E SplitContainer - 290811
[Wed Sep 09 17:20:20 UTC 2026][INFO] [Action] E InsertTextContent - (c,290811,1),[>]
[Wed Sep 09 17:20:20 UTC 2026][INFO] [Action] E InsertTextContent - (c,290811,2),[>]
[Wed Sep 09 17:20:21 UTC 2026][INFO] [Action] E InsertTextContent - (c,290812,2),[>]
[Wed Sep 09 17:20:21 UTC 2026][INFO] [Action] E InsertTextContent - (c,290813,2),[SPACE]
[Wed Sep 09 17:20:25 UTC 2026][INFO] [Action] E UpdateStyle - (r,290811,290817),12:382:3,(r,290811,290817),F
[Wed Sep 09 17:20:49 UTC 2026][INFO] [Action] E Copy - (r,288191,288191)
[Wed Sep 09 17:21:08 UTC 2026][INFO] [Action] E Copy - (r,288191,288191)
[Wed Sep 09 17:21:08 UTC 2026][INFO] [Action] E Copy - (r,288191,288191)
[Wed Sep 09 17:21:22 UTC 2026][INFO] [Action] E Cut - (r,288191,288191)
[Wed Sep 09 17:21:31 UTC 2026][INFO] [Action] U Cut
[Wed Sep 09 17:22:29 UTC 2026][INFO] [Action] E SaveBook - Save
[Wed Sep 09 17:23:05 UTC 2026][INFO] [Action] E Copy - (r,288191,288191)
[Wed Sep 09 17:23:06 UTC 2026][INFO] [Action] E Copy - (r,288191,288191)
[Wed Sep 09 17:23:06 UTC 2026][INFO] [Action] E Copy - (r,288191,288191)
[Wed Sep 09 17:26:57 UTC 2026][INFO] [Action] EE ReplaceImageAction - (r,288191,288191),coordinates.png,4
[Wed Sep 09 18:16:18 UTC 2026][INFO] [Action] E Copy - (r,288307,290805)
[Wed Sep 09 18:20:20 UTC 2026][INFO] [Action] E Copy - (r,288191,288191)
[Wed Sep 09 18:41:17 UTC 2026][INFO] [Action] EE ReplaceImageAction - (r,288191,288191),newDoor.png,4
[Wed Sep 09 18:41:57 UTC 2026][INFO] [Action] E Cut - (r,288307,288649)
[Wed Sep 09 18:42:02 UTC 2026][INFO] [Action] E AddTextContainer - (c,288190,2),0,0,0
[Wed Sep 09 18:42:03 UTC 2026][INFO] [Action] E Paste - (c,288191,1),344
[Wed Sep 09 18:42:08 UTC 2026][INFO] [Action] E AddTextContainer - (c,288533,2),0,0,0
[Wed Sep 09 18:42:12 UTC 2026][INFO] [Action] E InsertTextContent - (r,288191,288200),[A]
[Wed Sep 09 18:42:13 UTC 2026][INFO] [Action] E InsertTextContent - (c,288191,2),[SPACE]
[Wed Sep 09 18:42:14 UTC 2026][INFO] [Action] E InsertTextContent - (c,288192,2),[d]
[Wed Sep 09 18:42:14 UTC 2026][INFO] [Action] E InsertTextContent - (c,288193,2),[o]
[Wed Sep 09 18:42:14 UTC 2026][INFO] [Action] E InsertTextContent - (c,288194,2),[o]
[Wed Sep 09 18:42:14 UTC 2026][INFO] [Action] E InsertTextContent - (c,288195,2),[r]
[Wed Sep 09 18:42:15 UTC 2026][INFO] [Action] E InsertTextContent - (c,288196,2),[SPACE]
[Wed Sep 09 18:42:15 UTC 2026][INFO] [Action] E InsertTextContent - (c,288197,2),[i]
[Wed Sep 09 18:42:15 UTC 2026][INFO] [Action] E InsertTextContent - (c,288198,2),[s]
[Wed Sep 09 18:42:26 UTC 2026][INFO] [Action] E SplitContainer - 288295
[Wed Sep 09 18:42:34 UTC 2026][INFO] [Action] E SplitContainer - 288400
[Wed Sep 09 18:42:37 UTC 2026][INFO] [Action] E SplitContainer - 288408
[Wed Sep 09 18:42:41 UTC 2026][INFO] [Action] E SplitContainer - 288490
[Wed Sep 09 18:43:17 UTC 2026][INFO] [Action] E Cut - (r,288408,288532)
[Wed Sep 09 18:43:22 UTC 2026][INFO] [Action] E AddTextContainer - (c,288657,2),0,0,0
[Wed Sep 09 18:43:24 UTC 2026][INFO] [Action] E Paste - (c,288658,1),126
[Wed Sep 09 18:43:34 UTC 2026][INFO] [Action] E Cut - (r,288525,288657)
[Wed Sep 09 18:43:36 UTC 2026][INFO] [Action] E Paste - (c,288407,2),137
[Wed Sep 09 18:43:40 UTC 2026][INFO] [Action] E SplitContainer - 288408
[Wed Sep 09 18:43:43 UTC 2026][INFO] [Action] E InsertTextContent - (c,288420,1),[b]
[Wed Sep 09 18:43:43 UTC 2026][INFO] [Action] E InsertTextContent - (c,288420,2),[e]
[Wed Sep 09 18:43:43 UTC 2026][INFO] [Action] E InsertTextContent - (c,288421,2),[l]
[Wed Sep 09 18:43:44 UTC 2026][INFO] [Action] E InsertTextContent - (c,288422,2),[o]
[Wed Sep 09 18:43:44 UTC 2026][INFO] [Action] E InsertTextContent - (c,288423,2),[w]
[Wed Sep 09 18:43:44 UTC 2026][INFO] [Action] E InsertTextContent - (c,288424,2),[SPACE]
[Wed Sep 09 18:44:00 UTC 2026][INFO] [Action] E UpdateStyle - (c,288663,2),49:0.500000:2,(r,288663,288663),F
[Wed Sep 09 18:44:08 UTC 2026][INFO] [Action] E UpdateStyle - (c,288407,2),49:0.250000:2,(r,288407,288407),F
[Wed Sep 09 18:44:18 UTC 2026][INFO] [Action] E UpdateStyle - (c,288745,2),49:0.250000:2,(r,288745,288745),F
[Wed Sep 09 18:44:27 UTC 2026][INFO] [Action] E SplitContainer - 288878
[Wed Sep 09 18:44:30 UTC 2026][INFO] [Action] E SplitContainer - 288896
[Wed Sep 09 18:44:40 UTC 2026][INFO] [Action] E UpdateStyle - (c,288896,2),47:0.500000:2,(r,288896,288896),F
[Wed Sep 09 18:44:46 UTC 2026][INFO] [Action] E UpdateStyle - (c,288891,1),47:0.500000:2,(r,288891,288891),F
[Wed Sep 09 18:44:47 UTC 2026][INFO] [Action] E UpdateStyle - (c,288891,1),47:0.250000:2,(r,288891,288891),F
[Wed Sep 09 18:44:51 UTC 2026][INFO] [Action] E UpdateStyle - (c,288902,2),47:0.250000:2,(r,288902,288902),F
[Wed Sep 09 18:44:57 UTC 2026][INFO] [Action] E SplitContainer - 289069
[Wed Sep 09 18:45:03 UTC 2026][INFO] [Action] E SplitContainer - 289248
[Wed Sep 09 18:45:16 UTC 2026][INFO] [Action] E SplitContainer - 289962
[Wed Sep 09 18:45:22 UTC 2026][INFO] [Action] E MergeContainer - 290446,0
[Wed Sep 09 18:45:25 UTC 2026][INFO] [Action] U MergeContainer
[Wed Sep 09 18:45:34 UTC 2026][INFO] [Action] E UpdateStyle - (r,290455,290455),42:1.500000:2,(r,290455,290455),F
[Wed Sep 09 18:45:34 UTC 2026][INFO] [Action] E UpdateStyle - (r,290455,290455),42:1.250000:2,(r,290455,290455),F
[Wed Sep 09 18:45:34 UTC 2026][INFO] [Action] E UpdateStyle - (r,290455,290455),42:1.000000:2,(r,290455,290455),F
[Wed Sep 09 18:45:36 UTC 2026][INFO] [Action] E UpdateStyle - (r,290455,290455),49:0.250000:2,(r,290455,290455),F
[Wed Sep 09 18:45:36 UTC 2026][INFO] [Action] E UpdateStyle - (r,290455,290455),49:0.000000:2,(r,290455,290455),F
[Wed Sep 09 18:45:40 UTC 2026][INFO] [Action] E UpdateStyle - (r,290443,290446),49:1.000000:2,(r,290443,290446),F
[Wed Sep 09 18:45:41 UTC 2026][INFO] [Action] E UpdateStyle - (r,290443,290446),49:0.750000:2,(r,290443,290446),F
[Wed Sep 09 18:45:41 UTC 2026][INFO] [Action] E UpdateStyle - (r,290443,290446),49:0.500000:2,(r,290443,290446),F
[Wed Sep 09 18:45:41 UTC 2026][INFO] [Action] E UpdateStyle - (r,290443,290446),49:0.250000:2,(r,290443,290446),F
[Wed Sep 09 18:45:41 UTC 2026][INFO] [Action] E UpdateStyle - (r,290443,290446),49:0.000000:2,(r,290443,290446),F
[Wed Sep 09 18:45:50 UTC 2026][INFO] [Action] E UpdateStyle - (c,290425,2),42:2.250000:2,(r,290425,290425),F
[Wed Sep 09 18:45:51 UTC 2026][INFO] [Action] E UpdateStyle - (c,290425,2),42:2.000000:2,(r,290425,290425),F
[Wed Sep 09 18:45:51 UTC 2026][INFO] [Action] E UpdateStyle - (c,290425,2),42:1.750000:2,(r,290425,290425),F
[Wed Sep 09 18:45:51 UTC 2026][INFO] [Action] E UpdateStyle - (c,290425,2),42:1.500000:2,(r,290425,290425),F
[Wed Sep 09 18:46:03 UTC 2026][INFO] [Action] E UpdateStyle - (c,290389,2),47:0.500000:2,(r,290389,290389),F
[Wed Sep 09 18:46:03 UTC 2026][INFO] [Action] E UpdateStyle - (c,290389,2),47:0.250000:2,(r,290389,290389),F
[Wed Sep 09 18:46:04 UTC 2026][INFO] [Action] E UpdateStyle - (c,290389,2),47:0.000000:2,(r,290389,290389),F
[Wed Sep 09 18:46:06 UTC 2026][INFO] [Action] E UpdateStyle - (c,290389,2),47:0.250000:2,(r,290389,290389),F
[Wed Sep 09 18:46:15 UTC 2026][INFO] [Action] E UpdateStyle - (c,290084,2),47:0.500000:2,(r,290084,290084),F
[Wed Sep 09 18:46:16 UTC 2026][INFO] [Action] E UpdateStyle - (c,290084,2),47:0.250000:2,(r,290084,290084),F
[Wed Sep 09 18:46:22 UTC 2026][INFO] [Action] E UpdateStyle - (c,289899,2),47:0.500000:2,(r,289899,289899),F
[Wed Sep 09 18:46:22 UTC 2026][INFO] [Action] E UpdateStyle - (c,289899,2),47:0.250000:2,(r,289899,289899),F
[Wed Sep 09 18:46:33 UTC 2026][INFO] [Action] E UpdateStyle - (c,290577,2),49:0.000000:2,(r,290577,290577),F
[Wed Sep 09 18:46:55 UTC 2026][INFO] [Action] E UpdateStyle - (c,291040,2),47:0.750000:2,(r,291040,291040),F
[Wed Sep 09 18:46:56 UTC 2026][INFO] [Action] E UpdateStyle - (c,291040,2),47:0.500000:2,(r,291040,291040),F
[Wed Sep 09 18:47:02 UTC 2026][INFO] [Action] E UpdateStyle - (c,290866,2),49:0.750000:2,(r,290866,290866),F
[Wed Sep 09 18:53:47 UTC 2026][INFO] [Action] E SaveBook - Save
[Wed Sep 09 18:53:49 UTC 2026][INFO] [Action] E SaveBook - Save
[Wed Sep 09 18:54:14 UTC 2026][INFO] [Action] E UpdateStyle - (r,48,82),11:Bookerly,serif:4,(r,48,82),F
[Wed Sep 09 18:54:15 UTC 2026][INFO] [Action] E UpdateStyle - (r,48,82),11:AmazonEmber,sans-serif:4,(r,48,82),F
[Wed Sep 09 18:54:19 UTC 2026][INFO] [Action] E UpdateStyle - (r,48,82),16:16.000000:2,(r,48,82),F
[Wed Sep 09 18:54:26 UTC 2026][INFO] [Action] E UpdateStyle - (c,137,2),47:1.000000:2,(r,137,137),F
[Wed Sep 09 18:54:26 UTC 2026][INFO] [Action] E UpdateStyle - (c,137,2),47:1.250000:2,(r,137,137),F
[Wed Sep 09 18:54:27 UTC 2026][INFO] [Action] E UpdateStyle - (c,137,2),47:1.500000:2,(r,137,137),F
[Wed Sep 09 18:54:27 UTC 2026][INFO] [Action] E UpdateStyle - (c,137,2),47:1.750000:2,(r,137,137),F
[Wed Sep 09 18:54:27 UTC 2026][INFO] [Action] E UpdateStyle - (c,137,2),47:2.000000:2,(r,137,137),F
[Wed Sep 09 18:54:28 UTC 2026][INFO] [Action] E UpdateStyle - (c,137,2),47:2.250000:2,(r,137,137),F
[Wed Sep 09 18:54:30 UTC 2026][INFO] [Action] E MergeContainer - 222,1
[Wed Sep 09 18:54:40 UTC 2026][INFO] [Action] E SplitContainer - 528
[Wed Sep 09 18:54:47 UTC 2026][INFO] [Action] E MergeContainer - 222,1
[Wed Sep 09 18:54:53 UTC 2026][INFO] [Action] E UpdateStyle - (c,526,2),49:0.000000:2,(r,526,526),F
[Wed Sep 09 18:55:00 UTC 2026][INFO] [Action] E UpdateStyle - (c,535,2),47:5.500000:2,(r,535,535),F
[Wed Sep 09 18:55:01 UTC 2026][INFO] [Action] E UpdateStyle - (c,535,2),47:5.250000:2,(r,535,535),F
[Wed Sep 09 18:55:01 UTC 2026][INFO] [Action] E UpdateStyle - (c,535,2),47:5.000000:2,(r,535,535),F
[Wed Sep 09 18:55:01 UTC 2026][INFO] [Action] E UpdateStyle - (c,535,2),47:4.750000:2,(r,535,535),F
[Wed Sep 09 18:55:01 UTC 2026][INFO] [Action] E UpdateStyle - (c,535,2),47:4.500000:2,(r,535,535),F
[Wed Sep 09 18:55:02 UTC 2026][INFO] [Action] E UpdateStyle - (c,535,2),47:4.250000:2,(r,535,535),F
[Wed Sep 09 18:55:02 UTC 2026][INFO] [Action] E UpdateStyle - (c,535,2),47:4.000000:2,(r,535,535),F
[Wed Sep 09 18:55:02 UTC 2026][INFO] [Action] E UpdateStyle - (c,535,2),47:3.750000:2,(r,535,535),F
[Wed Sep 09 18:55:02 UTC 2026][INFO] [Action] E UpdateStyle - (c,535,2),47:3.500000:2,(r,535,535),F
[Wed Sep 09 18:55:02 UTC 2026][INFO] [Action] E UpdateStyle - (c,535,2),47:3.250000:2,(r,535,535),F
[Wed Sep 09 18:55:03 UTC 2026][INFO] [Action] E UpdateStyle - (c,535,2),47:3.000000:2,(r,535,535),F
[Wed Sep 09 18:55:03 UTC 2026][INFO] [Action] E UpdateStyle - (c,535,2),47:2.750000:2,(r,535,535),F
[Wed Sep 09 18:55:04 UTC 2026][INFO] [Action] E UpdateStyle - (c,535,2),47:2.500000:2,(r,535,535),F
[Wed Sep 09 18:55:04 UTC 2026][INFO] [Action] E UpdateStyle - (c,535,2),47:2.250000:2,(r,535,535),F
[Wed Sep 09 18:55:04 UTC 2026][INFO] [Action] E UpdateStyle - (c,535,2),47:2.000000:2,(r,535,535),F
[Wed Sep 09 18:55:05 UTC 2026][INFO] [Action] E UpdateStyle - (c,535,2),47:1.750000:2,(r,535,535),F
[Wed Sep 09 18:55:05 UTC 2026][INFO] [Action] E UpdateStyle - (c,535,2),47:1.500000:2,(r,535,535),F
[Wed Sep 09 18:55:05 UTC 2026][INFO] [Action] E UpdateStyle - (c,535,2),47:1.250000:2,(r,535,535),F
[Wed Sep 09 18:55:06 UTC 2026][INFO] [Action] E UpdateStyle - (c,535,2),47:1.000000:2,(r,535,535),F
[Wed Sep 09 18:55:06 UTC 2026][INFO] [Action] E UpdateStyle - (c,535,2),47:0.750000:2,(r,535,535),F
[Wed Sep 09 18:55:06 UTC 2026][INFO] [Action] E UpdateStyle - (c,535,2),47:0.500000:2,(r,535,535),F
[Wed Sep 09 18:55:06 UTC 2026][INFO] [Action] E UpdateStyle - (c,535,2),47:0.250000:2,(r,535,535),F
[Wed Sep 09 18:55:07 UTC 2026][INFO] [Action] E UpdateStyle - (c,535,2),47:0.000000:2,(r,535,535),F
[Wed Sep 09 18:55:10 UTC 2026][INFO] [Action] E UpdateStyle - (c,535,2),49:0.000000:2,(r,535,535),F
[Wed Sep 09 18:55:22 UTC 2026][INFO] [Action] E UpdateStyle - (r,1,45),11:Bookerly,serif:4,(r,1,45),F
[Wed Sep 09 18:55:24 UTC 2026][INFO] [Action] E UpdateStyle - (r,1,45),11:AmazonEmber,sans-serif:4,(r,1,45),F
[Wed Sep 09 18:55:29 UTC 2026][INFO] [Action] E UpdateStyle - (r,38,45),12:350:3,(r,38,45),F
[Wed Sep 09 18:55:31 UTC 2026][INFO] [Action] E UpdateStyle - (r,38,45),13:350:3,(r,38,45),F
[Wed Sep 09 18:55:38 UTC 2026][INFO] [Action] E UpdateStyle - (r,48,82),13:361:3,(r,48,82),F
[Wed Sep 09 18:55:43 UTC 2026][INFO] [Action] E UpdateStyle - (r,1,37),13:350:3,(r,1,37),F
[Wed Sep 09 18:55:47 UTC 2026][INFO] [Action] U UpdateStyle
[Wed Sep 09 18:55:52 UTC 2026][INFO] [Action] E UpdateStyle - (r,38,45),13:361:3,(r,38,45),F
[Wed Sep 09 18:56:01 UTC 2026][INFO] [Action] E UpdateStyle - (r,83,217),11:Bookerly,serif:4,(r,83,217),F
[Wed Sep 09 18:56:02 UTC 2026][INFO] [Action] E UpdateStyle - (r,83,217),11:AmazonEmber,sans-serif:4,(r,83,217),F
[Wed Sep 09 18:56:18 UTC 2026][INFO] [Action] E UpdateStyle - (r,224,570),11:Bookerly,serif:4,(r,224,570),F
[Wed Sep 09 18:56:19 UTC 2026][INFO] [Action] E UpdateStyle - (r,224,570),11:AmazonEmber,sans-serif:4,(r,224,570),F
[Wed Sep 09 18:56:28 UTC 2026][INFO] [Action] E UpdateStyle - (r,480,489),13:350:3,(r,480,489),F
[Wed Sep 09 18:56:41 UTC 2026][INFO] [Action] E UpdateStyle - (r,502,570),13:350:3,(r,502,570),F
[Wed Sep 09 18:56:55 UTC 2026][INFO] [Action] E UpdateStyle - (r,590,2053),11:Bookerly,serif:4,(r,590,2053),F
[Wed Sep 09 18:56:57 UTC 2026][INFO] [Action] E UpdateStyle - (r,590,2053),11:AmazonEmber,sans-serif:4,(r,590,2053),F
[Wed Sep 09 18:57:10 UTC 2026][INFO] [Action] E UpdateStyle - (r,590,2053),48:1.000000:2,(r,590,2053),F
[Wed Sep 09 18:57:11 UTC 2026][INFO] [Action] E UpdateStyle - (r,590,2053),48:2.000000:2,(r,590,2053),F
[Wed Sep 09 18:57:11 UTC 2026][INFO] [Action] E UpdateStyle - (r,590,2053),48:3.000000:2,(r,590,2053),F
[Wed Sep 09 18:57:11 UTC 2026][INFO] [Action] E UpdateStyle - (r,590,2053),48:4.000000:2,(r,590,2053),F
[Wed Sep 09 18:57:11 UTC 2026][INFO] [Action] E UpdateStyle - (r,590,2053),48:5.000000:2,(r,590,2053),F
[Wed Sep 09 18:57:12 UTC 2026][INFO] [Action] E UpdateStyle - (r,590,2053),48:6.000000:2,(r,590,2053),F
[Wed Sep 09 18:57:12 UTC 2026][INFO] [Action] E UpdateStyle - (r,590,2053),48:7.000000:2,(r,590,2053),F
[Wed Sep 09 18:57:26 UTC 2026][INFO] [Action] E UpdateStyle - (r,2042,2053),16:10.000000:2,(r,2042,2053),F
[Wed Sep 09 18:57:41 UTC 2026][INFO] [Action] E UpdateStyle - (r,2042,2053),16:5.000000:2,(r,2042,2053),F
[Wed Sep 09 18:57:44 UTC 2026][INFO] [Action] E UpdateStyle - (r,2042,2053),16:5.000000:2,(r,2042,2053),F
[Wed Sep 09 18:57:51 UTC 2026][INFO] [Action] E UpdateStyle - (r,2042,2053),16:8.000000:2,(r,2042,2053),F
[Wed Sep 09 18:58:07 UTC 2026][INFO] [Action] E ItemChanged - -1,572
[Wed Sep 09 18:58:15 UTC 2026][INFO] [Action] E UpdateStyle - (c,597,2),49:0.250000:2,(r,597,597),F
[Wed Sep 09 18:58:22 UTC 2026][INFO] [Action] E UpdateStyle - (c,1187,2),49:0.250000:2,(r,1187,1187),F
[Wed Sep 09 18:58:28 UTC 2026][INFO] [Action] E UpdateStyle - (c,1195,2),49:0.500000:2,(r,1195,1195),F
[Wed Sep 09 18:58:35 UTC 2026][INFO] [Action] E UpdateStyle - (c,1941,1),48:6.000000:2,(r,1941,1941),F
[Wed Sep 09 18:58:35 UTC 2026][INFO] [Action] E UpdateStyle - (c,1941,1),48:5.000000:2,(r,1941,1941),F
[Wed Sep 09 18:58:35 UTC 2026][INFO] [Action] E UpdateStyle - (c,1941,1),48:4.000000:2,(r,1941,1941),F
[Wed Sep 09 18:58:35 UTC 2026][INFO] [Action] E UpdateStyle - (c,1941,1),48:3.000000:2,(r,1941,1941),F
[Wed Sep 09 18:58:36 UTC 2026][INFO] [Action] E UpdateStyle - (c,1941,1),48:2.000000:2,(r,1941,1941),F
[Wed Sep 09 18:58:36 UTC 2026][INFO] [Action] E UpdateStyle - (c,1941,1),48:1.000000:2,(r,1941,1941),F
[Wed Sep 09 18:58:37 UTC 2026][INFO] [Action] E UpdateStyle - (c,1941,1),48:0.000000:2,(r,1941,1941),F
[Wed Sep 09 18:58:46 UTC 2026][INFO] [Action] E UpdateStyle - (c,1941,1),36:7.000000:2,(r,1941,1941),F
[Wed Sep 09 18:58:47 UTC 2026][INFO] [Action] E UpdateStyle - (c,1941,1),36:6.000000:2,(r,1941,1941),F
[Wed Sep 09 18:58:48 UTC 2026][INFO] [Action] E UpdateStyle - (c,1941,1),36:7.000000:2,(r,1941,1941),F
[Wed Sep 09 18:58:59 UTC 2026][INFO] [Action] E MergeContainer - 589,1
[Wed Sep 09 18:59:04 UTC 2026][INFO] [Action] E UpdateStyle - (c,588,2),49:1.000000:2,(r,588,588),F
[Wed Sep 09 18:59:23 UTC 2026][INFO] [Action] E ItemChanged - -1,2054
[Wed Sep 09 18:59:35 UTC 2026][INFO] [Action] E UpdateStyle - (c,2061,2),47:0.000000:2,(r,2061,2061),F
[Wed Sep 09 18:59:38 UTC 2026][INFO] [Action] E UpdateStyle - (c,2061,2),49:0.750000:2,(r,2061,2061),F
[Wed Sep 09 18:59:39 UTC 2026][INFO] [Action] E UpdateStyle - (c,2061,2),49:0.500000:2,(r,2061,2061),F
[Wed Sep 09 18:59:39 UTC 2026][INFO] [Action] E UpdateStyle - (c,2061,2),49:0.250000:2,(r,2061,2061),F
[Wed Sep 09 18:59:41 UTC 2026][INFO] [Action] E UpdateStyle - (c,2061,2),49:0.000000:2,(r,2061,2061),F
[Wed Sep 09 18:59:55 UTC 2026][INFO] [Action] E AddTextContainer - (c,3216,2),0,0,0
[Wed Sep 09 19:00:05 UTC 2026][INFO] [Action] E UpdateStyle - (c,2196,2),49:0.250000:2,(r,2196,2196),F
[Wed Sep 09 19:00:08 UTC 2026][INFO] [Action] E UpdateStyle - (c,2294,2),49:0.250000:2,(r,2294,2294),F
[Wed Sep 09 19:00:13 UTC 2026][INFO] [Action] E SplitContainer - 2416
[Wed Sep 09 19:00:15 UTC 2026][INFO] [Action] E SplitContainer - 2322
[Wed Sep 09 19:00:19 UTC 2026][INFO] [Action] E UpdateStyle - (c,2415,2),49:0.250000:2,(r,2415,2415),F
[Wed Sep 09 19:00:23 UTC 2026][INFO] [Action] E SplitContainer - 2548
[Wed Sep 09 19:00:31 UTC 2026][INFO] [Action] E UpdateStyle - (c,2662,2),49:0.250000:2,(r,2662,2662),F
[Wed Sep 09 19:00:38 UTC 2026][INFO] [Action] E UpdateStyle - (c,2768,2),49:0.250000:2,(r,2768,2768),F
[Wed Sep 09 19:00:42 UTC 2026][INFO] [Action] U UpdateStyle
[Wed Sep 09 19:00:44 UTC 2026][INFO] [Action] E SplitContainer - 2769
[Wed Sep 09 19:00:48 UTC 2026][INFO] [Action] E UpdateStyle - (c,2769,1),47:0.250000:2,(r,2769,2769),F
[Wed Sep 09 19:00:51 UTC 2026][INFO] [Action] E UpdateStyle - (c,2808,2),49:0.250000:2,(r,2808,2808),F
[Wed Sep 09 19:00:56 UTC 2026][INFO] [Action] E SplitContainer - 2921
[Wed Sep 09 19:01:00 UTC 2026][INFO] [Action] U SplitContainer
[Wed Sep 09 19:01:07 UTC 2026][INFO] [Action] E MergeContainer - 3217,0
[Wed Sep 09 19:01:12 UTC 2026][INFO] [Action] E UpdateStyle - (c,3216,2),49:0.250000:2,(r,3216,3216),F
[Wed Sep 09 19:01:12 UTC 2026][INFO] [Action] E UpdateStyle - (c,3216,2),49:0.500000:2,(r,3216,3216),F
[Wed Sep 09 19:01:12 UTC 2026][INFO] [Action] E UpdateStyle - (c,3216,2),49:0.750000:2,(r,3216,3216),F
[Wed Sep 09 19:01:12 UTC 2026][INFO] [Action] E UpdateStyle - (c,3216,2),49:1.000000:2,(r,3216,3216),F
[Wed Sep 09 19:01:22 UTC 2026][INFO] [Action] E UpdateStyle - (c,3390,2),49:0.250000:2,(r,3390,3390),F
[Wed Sep 09 19:01:23 UTC 2026][INFO] [Action] E UpdateStyle - (c,3390,2),49:0.500000:2,(r,3390,3390),F
[Wed Sep 09 19:01:26 UTC 2026][INFO] [Action] E UpdateStyle - (c,3417,2),49:0.250000:2,(r,3417,3417),F
[Wed Sep 09 19:01:26 UTC 2026][INFO] [Action] E UpdateStyle - (c,3417,2),49:0.500000:2,(r,3417,3417),F
[Wed Sep 09 19:01:34 UTC 2026][INFO] [Action] E SplitContainer - 3562
[Wed Sep 09 19:01:40 UTC 2026][INFO] [Action] E UpdateStyle - (c,3637,2),49:0.250000:2,(r,3637,3637),F
[Wed Sep 09 19:01:40 UTC 2026][INFO] [Action] E UpdateStyle - (c,3637,2),49:0.500000:2,(r,3637,3637),F
[Wed Sep 09 19:01:48 UTC 2026][INFO] [Action] E UpdateStyle - (c,4226,1),47:1.000000:2,(r,4226,4226),F
[Wed Sep 09 19:01:49 UTC 2026][INFO] [Action] E UpdateStyle - (c,4226,1),47:0.750000:2,(r,4226,4226),F
[Wed Sep 09 19:02:07 UTC 2026][INFO] [Action] E UpdateStyle - (r,5482,5524),16:10.000000:2,(r,5482,5524),F
[Wed Sep 09 19:02:13 UTC 2026][INFO] [Action] E UpdateStyle - (r,5583,5629),16:10.000000:2,(r,5583,5629),F
[Wed Sep 09 19:02:19 UTC 2026][INFO] [Action] E UpdateStyle - (r,5904,5926),16:10.000000:2,(r,5904,5926),F
[Wed Sep 09 19:02:25 UTC 2026][INFO] [Action] E UpdateStyle - (c,5926,2),49:0.250000:2,(r,5926,5926),F
[Wed Sep 09 19:02:26 UTC 2026][INFO] [Action] E UpdateStyle - (c,5926,2),49:0.500000:2,(r,5926,5926),F
[Wed Sep 09 19:02:26 UTC 2026][INFO] [Action] E UpdateStyle - (c,5926,2),49:0.750000:2,(r,5926,5926),F
[Wed Sep 09 19:02:26 UTC 2026][INFO] [Action] E UpdateStyle - (c,5926,2),49:1.000000:2,(r,5926,5926),F
[Wed Sep 09 19:02:27 UTC 2026][INFO] [Action] E UpdateStyle - (c,5926,2),49:1.250000:2,(r,5926,5926),F
[Wed Sep 09 19:02:27 UTC 2026][INFO] [Action] E UpdateStyle - (c,5926,2),49:1.500000:2,(r,5926,5926),F
[Wed Sep 09 19:02:27 UTC 2026][INFO] [Action] E UpdateStyle - (c,5926,2),49:1.750000:2,(r,5926,5926),F
[Wed Sep 09 19:02:27 UTC 2026][INFO] [Action] E UpdateStyle - (c,5926,2),49:2.000000:2,(r,5926,5926),F
[Wed Sep 09 19:02:27 UTC 2026][INFO] [Action] E UpdateStyle - (c,5926,2),49:2.250000:2,(r,5926,5926),F
[Wed Sep 09 19:02:28 UTC 2026][INFO] [Action] E UpdateStyle - (c,5926,2),49:2.500000:2,(r,5926,5926),F
[Wed Sep 09 19:02:28 UTC 2026][INFO] [Action] E UpdateStyle - (c,5926,2),49:2.750000:2,(r,5926,5926),F
[Wed Sep 09 19:02:28 UTC 2026][INFO] [Action] E UpdateStyle - (c,5926,2),49:3.000000:2,(r,5926,5926),F
[Wed Sep 09 19:02:43 UTC 2026][INFO] [Action] E UpdateStyle - (r,5953,6011),48:5.000000:2,(r,5953,6011),F
[Wed Sep 09 19:02:58 UTC 2026][INFO] [Action] E UpdateStyle - (c,5940,1),48:4.000000:2,(r,5940,5940),F
[Wed Sep 09 19:03:00 UTC 2026][INFO] [Action] E UpdateStyle - (c,5940,1),48:3.000000:2,(r,5940,5940),F
[Wed Sep 09 19:03:04 UTC 2026][INFO] [Action] E UpdateStyle - (c,5940,1),36:6.000000:2,(r,5940,5940),F
[Wed Sep 09 19:03:06 UTC 2026][INFO] [Action] E UpdateStyle - (c,5940,1),36:7.000000:2,(r,5940,5940),F
[Wed Sep 09 19:03:20 UTC 2026][INFO] [Action] E UpdateStyle - (r,5953,6095),34:59:3,(r,5953,6095),F
[Wed Sep 09 19:03:21 UTC 2026][INFO] [Action] E UpdateStyle - (r,5953,6095),34:59:3,(r,5953,6095),F
[Wed Sep 09 19:03:26 UTC 2026][INFO] [Action] E UpdateStyle - (r,5953,6095),36:1.000000:2,(r,5953,6095),F
[Wed Sep 09 19:03:26 UTC 2026][INFO] [Action] E UpdateStyle - (r,5953,6095),36:0.000000:2,(r,5953,6095),F
[Wed Sep 09 19:03:36 UTC 2026][INFO] [Action] E UpdateStyle - (r,5940,6153),36:1.000000:2,(r,5940,6153),F
[Wed Sep 09 19:03:36 UTC 2026][INFO] [Action] E UpdateStyle - (r,5940,6153),36:2.000000:2,(r,5940,6153),F
[Wed Sep 09 19:03:37 UTC 2026][INFO] [Action] E UpdateStyle - (r,5940,6153),36:1.000000:2,(r,5940,6153),F
[Wed Sep 09 19:03:38 UTC 2026][INFO] [Action] E UpdateStyle - (r,5940,6153),36:0.000000:2,(r,5940,6153),F
[Wed Sep 09 19:03:39 UTC 2026][INFO] [Action] E UpdateStyle - (r,5940,6153),48:1.000000:2,(r,5940,6153),F
[Wed Sep 09 19:03:40 UTC 2026][INFO] [Action] E UpdateStyle - (r,5940,6153),48:0.000000:2,(r,5940,6153),F
[Wed Sep 09 19:03:45 UTC 2026][INFO] [Action] E UpdateStyle - (r,5940,6153),36:1.000000:2,(r,5940,6153),F
[Wed Sep 09 19:03:45 UTC 2026][INFO] [Action] E UpdateStyle - (r,5940,6153),36:2.000000:2,(r,5940,6153),F
[Wed Sep 09 19:03:45 UTC 2026][INFO] [Action] E UpdateStyle - (r,5940,6153),36:3.000000:2,(r,5940,6153),F
[Wed Sep 09 19:03:45 UTC 2026][INFO] [Action] E UpdateStyle - (r,5940,6153),36:4.000000:2,(r,5940,6153),F
[Wed Sep 09 19:03:46 UTC 2026][INFO] [Action] E UpdateStyle - (r,5940,6153),36:5.000000:2,(r,5940,6153),F
[Wed Sep 09 19:03:46 UTC 2026][INFO] [Action] E UpdateStyle - (r,5940,6153),36:6.000000:2,(r,5940,6153),F
[Wed Sep 09 19:03:46 UTC 2026][INFO] [Action] E UpdateStyle - (r,5940,6153),36:7.000000:2,(r,5940,6153),F
[Wed Sep 09 19:03:46 UTC 2026][INFO] [Action] E UpdateStyle - (r,5940,6153),36:8.000000:2,(r,5940,6153),F
[Wed Sep 09 19:04:02 UTC 2026][INFO] [Action] E UpdateStyle - (c,6080,1),42:1.000000:2,(r,6080,6080),F
[Wed Sep 09 19:04:23 UTC 2026][INFO] [Action] E UpdateStyle - (c,6096,2),42:1.000000:2,(r,6096,6096),F
[Wed Sep 09 19:04:27 UTC 2026][INFO] [Action] E UpdateStyle - (c,6096,2),49:0.000000:2,(r,6096,6096),F
[Wed Sep 09 19:04:29 UTC 2026][INFO] [Action] E UpdateStyle - (c,6096,2),49:0.250000:2,(r,6096,6096),F
[Wed Sep 09 19:04:29 UTC 2026][INFO] [Action] E UpdateStyle - (c,6096,2),49:0.500000:2,(r,6096,6096),F
[Wed Sep 09 19:04:30 UTC 2026][INFO] [Action] E UpdateStyle - (c,6096,2),49:0.250000:2,(r,6096,6096),F
[Wed Sep 09 19:04:36 UTC 2026][INFO] [Action] E MergeContainer - 5994,0
[Wed Sep 09 19:04:37 UTC 2026][INFO] [Action] E InsertTextContent - (c,5994,2),[SPACE]
[Wed Sep 09 19:04:46 UTC 2026][INFO] [Action] E UpdateStyle - (c,6095,2),42:1.000000:2,(r,6095,6095),F
[Wed Sep 09 19:04:52 UTC 2026][INFO] [Action] E UpdateStyle - (c,6050,2),49:0.250000:2,(r,6050,6050),F
[Wed Sep 09 19:04:53 UTC 2026][INFO] [Action] E UpdateStyle - (c,6050,2),49:0.000000:2,(r,6050,6050),F
[Wed Sep 09 19:05:03 UTC 2026][INFO] [Action] E UpdateStyle - (c,6120,2),42:1.000000:2,(r,6120,6120),F
[Wed Sep 09 19:05:07 UTC 2026][INFO] [Action] E UpdateStyle - (c,6154,2),42:1.000000:2,(r,6154,6154),F
[Wed Sep 09 19:05:10 UTC 2026][INFO] [Action] E UpdateStyle - (c,6154,2),49:0.250000:2,(r,6154,6154),F
[Wed Sep 09 19:05:12 UTC 2026][INFO] [Action] E UpdateStyle - (c,6154,2),49:0.500000:2,(r,6154,6154),F
[Wed Sep 09 19:05:12 UTC 2026][INFO] [Action] E UpdateStyle - (c,6154,2),49:0.750000:2,(r,6154,6154),F
[Wed Sep 09 19:05:16 UTC 2026][INFO] [Action] E UpdateStyle - (c,5939,2),49:0.250000:2,(r,5939,5939),F
[Wed Sep 09 19:05:17 UTC 2026][INFO] [Action] E UpdateStyle - (c,5939,2),49:0.500000:2,(r,5939,5939),F
[Wed Sep 09 19:05:23 UTC 2026][INFO] [Action] E UpdateStyle - (r,5940,6154),16:10.000000:2,(r,5940,6154),F
[Wed Sep 09 19:05:45 UTC 2026][INFO] [Action] E SplitContainer - 7024
[Wed Sep 09 19:06:02 UTC 2026][INFO] [Action] E SplitContainer - 9190
[Wed Sep 09 19:06:08 UTC 2026][INFO] [Action] E UpdateStyle - (c,9189,2),49:0.250000:2,(r,9189,9189),F
[Wed Sep 09 19:06:08 UTC 2026][INFO] [Action] E UpdateStyle - (c,9189,2),49:0.500000:2,(r,9189,9189),F
[Wed Sep 09 19:06:08 UTC 2026][INFO] [Action] E UpdateStyle - (c,9189,2),49:0.750000:2,(r,9189,9189),F
[Wed Sep 09 19:06:08 UTC 2026][INFO] [Action] E UpdateStyle - (c,9189,2),49:1.000000:2,(r,9189,9189),F
[Wed Sep 09 19:06:27 UTC 2026][INFO] [Action] E SplitContainer - 11324
[Wed Sep 09 19:06:42 UTC 2026][INFO] [Action] E SplitContainer - 10742
[Wed Sep 09 19:06:50 UTC 2026][INFO] [Action] E UpdateStyle - (c,11323,2),49:0.250000:2,(r,11323,11323),F
[Wed Sep 09 19:06:50 UTC 2026][INFO] [Action] E UpdateStyle - (c,11323,2),49:0.500000:2,(r,11323,11323),F
[Wed Sep 09 19:06:50 UTC 2026][INFO] [Action] E UpdateStyle - (c,11323,2),49:0.750000:2,(r,11323,11323),F
[Wed Sep 09 19:06:50 UTC 2026][INFO] [Action] E UpdateStyle - (c,11323,2),49:1.000000:2,(r,11323,11323),F
[Wed Sep 09 19:07:01 UTC 2026][INFO] [Action] E SplitContainer - 12224
[Wed Sep 09 19:07:06 UTC 2026][INFO] [Action] E UpdateStyle - (c,12223,2),49:0.250000:2,(r,12223,12223),F
[Wed Sep 09 19:07:07 UTC 2026][INFO] [Action] E UpdateStyle - (c,12223,2),49:0.500000:2,(r,12223,12223),F
[Wed Sep 09 19:07:18 UTC 2026][INFO] [Action] E UpdateStyle - (c,12606,2),49:0.250000:2,(r,12606,12606),F
[Wed Sep 09 19:07:19 UTC 2026][INFO] [Action] E UpdateStyle - (c,12606,2),49:0.500000:2,(r,12606,12606),F
[Wed Sep 09 19:07:24 UTC 2026][INFO] [Action] E SplitContainer - 12419
[Wed Sep 09 19:07:28 UTC 2026][INFO] [Action] E SplitContainer - 12792
[Wed Sep 09 19:07:32 UTC 2026][INFO] [Action] E UpdateStyle - (c,12792,1),47:0.250000:2,(r,12792,12792),F
[Wed Sep 09 19:07:33 UTC 2026][INFO] [Action] E UpdateStyle - (c,12792,1),47:0.500000:2,(r,12792,12792),F
[Wed Sep 09 19:07:40 UTC 2026][INFO] [Action] E UpdateStyle - (c,13119,2),49:0.250000:2,(r,13119,13119),F
[Wed Sep 09 19:07:41 UTC 2026][INFO] [Action] E UpdateStyle - (c,13119,2),49:0.500000:2,(r,13119,13119),F
[Wed Sep 09 19:07:50 UTC 2026][INFO] [Action] E SplitContainer - 13345
[Wed Sep 09 19:07:57 UTC 2026][INFO] [Action] E UpdateStyle - (c,13344,2),49:0.250000:2,(r,13344,13344),F
[Wed Sep 09 19:07:58 UTC 2026][INFO] [Action] E UpdateStyle - (c,13344,2),49:0.500000:2,(r,13344,13344),F
[Wed Sep 09 19:07:58 UTC 2026][INFO] [Action] E UpdateStyle - (c,13344,2),49:0.750000:2,(r,13344,13344),F
[Wed Sep 09 19:07:58 UTC 2026][INFO] [Action] E UpdateStyle - (c,13344,2),49:1.000000:2,(r,13344,13344),F
[Wed Sep 09 19:08:03 UTC 2026][INFO] [Action] E SplitContainer - 13431
[Wed Sep 09 19:08:09 UTC 2026][INFO] [Action] E AddTextContainer - (c,13728,2),0,0,0
[Wed Sep 09 19:08:12 UTC 2026][INFO] [Action] U AddTextContainer
[Wed Sep 09 19:08:16 UTC 2026][INFO] [Action] E UpdateStyle - (c,13681,1),47:0.250000:2,(r,13681,13681),F
[Wed Sep 09 19:08:16 UTC 2026][INFO] [Action] E UpdateStyle - (c,13681,1),47:0.500000:2,(r,13681,13681),F
[Wed Sep 09 19:08:29 UTC 2026][INFO] [Action] E UpdateStyle - (c,14180,2),47:0.250000:2,(r,14180,14180),F
[Wed Sep 09 19:08:33 UTC 2026][INFO] [Action] U UpdateStyle
[Wed Sep 09 19:08:36 UTC 2026][INFO] [Action] E UpdateStyle - (c,14180,2),49:0.250000:2,(r,14180,14180),F
[Wed Sep 09 19:08:46 UTC 2026][INFO] [Action] E SplitContainer - 13757
[Wed Sep 09 19:08:48 UTC 2026][INFO] [Action] E AddTextContainer - (c,13757,1),1,0,0
[Wed Sep 09 19:08:52 UTC 2026][INFO] [Action] E SplitContainer - 13933
[Wed Sep 09 19:08:52 UTC 2026][INFO] [Action] E AddTextContainer - (c,13933,1),1,0,0
[Wed Sep 09 19:09:00 UTC 2026][INFO] [Action] E UpdateStyle - (c,14182,2),49:0.500000:2,(r,14182,14182),F
[Wed Sep 09 19:09:00 UTC 2026][INFO] [Action] E UpdateStyle - (c,14182,2),49:0.750000:2,(r,14182,14182),F
[Wed Sep 09 19:09:00 UTC 2026][INFO] [Action] E UpdateStyle - (c,14182,2),49:1.000000:2,(r,14182,14182),F
[Wed Sep 09 19:09:06 UTC 2026][INFO] [Action] E UpdateStyle - (c,14391,2),49:0.250000:2,(r,14391,14391),F
[Wed Sep 09 19:09:07 UTC 2026][INFO] [Action] E UpdateStyle - (c,14391,2),49:0.500000:2,(r,14391,14391),F
[Wed Sep 09 19:09:37 UTC 2026][INFO] [Action] E AddTextContainer - (c,15083,2),0,0,0
[Wed Sep 09 19:09:42 UTC 2026][INFO] [Action] E UpdateStyle - (c,15083,2),49:0.250000:2,(r,15083,15083),F
[Wed Sep 09 19:09:42 UTC 2026][INFO] [Action] E UpdateStyle - (c,15083,2),49:0.500000:2,(r,15083,15083),F
[Wed Sep 09 19:09:54 UTC 2026][INFO] [Action] E AddTextContainer - (c,16271,2),0,0,0
[Wed Sep 09 19:09:57 UTC 2026][INFO] [Action] E UpdateStyle - (c,16271,2),49:0.250000:2,(r,16271,16271),F
[Wed Sep 09 19:09:57 UTC 2026][INFO] [Action] E UpdateStyle - (c,16271,2),49:0.500000:2,(r,16271,16271),F
[Wed Sep 09 19:10:04 UTC 2026][INFO] [Action] E UpdateStyle - (r,17218,17241),16:10.000000:2,(r,17218,17241),F
[Wed Sep 09 19:10:07 UTC 2026][INFO] [Action] E UpdateStyle - (r,17218,17241),13:350:3,(r,17218,17241),F
[Wed Sep 09 19:10:13 UTC 2026][INFO] [Action] E UpdateStyle - (r,17162,17206),13:350:3,(r,17162,17206),F
[Wed Sep 09 19:10:15 UTC 2026][INFO] [Action] E UpdateStyle - (r,17162,17206),16:10.000000:2,(r,17162,17206),F
[Wed Sep 09 19:10:22 UTC 2026][INFO] [Action] E MergeContainer - 17218,1
[Wed Sep 09 19:10:23 UTC 2026][INFO] [Action] E SplitContainer - 17218
[Wed Sep 09 19:10:30 UTC 2026][INFO] [Action] E UpdateStyle - (c,17218,1),48:1.000000:2,(r,17218,17218),F
[Wed Sep 09 19:10:30 UTC 2026][INFO] [Action] E UpdateStyle - (c,17218,1),48:2.000000:2,(r,17218,17218),F
[Wed Sep 09 19:10:30 UTC 2026][INFO] [Action] E UpdateStyle - (c,17218,1),48:3.000000:2,(r,17218,17218),F
[Wed Sep 09 19:10:32 UTC 2026][INFO] [Action] E UpdateStyle - (c,17218,1),36:1.000000:2,(r,17218,17218),F
[Wed Sep 09 19:10:32 UTC 2026][INFO] [Action] E UpdateStyle - (c,17218,1),36:2.000000:2,(r,17218,17218),F
[Wed Sep 09 19:10:32 UTC 2026][INFO] [Action] E UpdateStyle - (c,17218,1),36:3.000000:2,(r,17218,17218),F
[Wed Sep 09 19:10:32 UTC 2026][INFO] [Action] E UpdateStyle - (c,17218,1),36:4.000000:2,(r,17218,17218),F
[Wed Sep 09 19:10:33 UTC 2026][INFO] [Action] E UpdateStyle - (c,17218,1),36:5.000000:2,(r,17218,17218),F
[Wed Sep 09 19:10:33 UTC 2026][INFO] [Action] E UpdateStyle - (c,17218,1),36:6.000000:2,(r,17218,17218),F
[Wed Sep 09 19:10:33 UTC 2026][INFO] [Action] E UpdateStyle - (c,17218,1),36:7.000000:2,(r,17218,17218),F
[Wed Sep 09 19:10:34 UTC 2026][INFO] [Action] E UpdateStyle - (c,17218,1),36:8.000000:2,(r,17218,17218),F
[Wed Sep 09 19:10:36 UTC 2026][INFO] [Action] E UpdateStyle - (c,17218,1),48:4.000000:2,(r,17218,17218),F
[Wed Sep 09 19:10:36 UTC 2026][INFO] [Action] E UpdateStyle - (c,17218,1),48:5.000000:2,(r,17218,17218),F
[Wed Sep 09 19:10:36 UTC 2026][INFO] [Action] E UpdateStyle - (c,17218,1),48:6.000000:2,(r,17218,17218),F
[Wed Sep 09 19:10:37 UTC 2026][INFO] [Action] E UpdateStyle - (c,17218,1),48:7.000000:2,(r,17218,17218),F
[Wed Sep 09 19:10:37 UTC 2026][INFO] [Action] E UpdateStyle - (c,17218,1),48:8.000000:2,(r,17218,17218),F
[Wed Sep 09 19:10:37 UTC 2026][INFO] [Action] E UpdateStyle - (c,17218,1),48:9.000000:2,(r,17218,17218),F
[Wed Sep 09 19:10:37 UTC 2026][INFO] [Action] E UpdateStyle - (c,17218,1),48:10.000000:2,(r,17218,17218),F
[Wed Sep 09 19:10:37 UTC 2026][INFO] [Action] E UpdateStyle - (c,17218,1),48:11.000000:2,(r,17218,17218),F
[Wed Sep 09 19:10:38 UTC 2026][INFO] [Action] E UpdateStyle - (c,17218,1),48:12.000000:2,(r,17218,17218),F
[Wed Sep 09 19:10:38 UTC 2026][INFO] [Action] E UpdateStyle - (c,17218,1),48:13.000000:2,(r,17218,17218),F
[Wed Sep 09 19:10:38 UTC 2026][INFO] [Action] E UpdateStyle - (c,17218,1),48:14.000000:2,(r,17218,17218),F
[Wed Sep 09 19:10:38 UTC 2026][INFO] [Action] E UpdateStyle - (c,17218,1),48:15.000000:2,(r,17218,17218),F
[Wed Sep 09 19:10:38 UTC 2026][INFO] [Action] E UpdateStyle - (c,17218,1),48:16.000000:2,(r,17218,17218),F
[Wed Sep 09 19:10:39 UTC 2026][INFO] [Action] E UpdateStyle - (c,17218,1),48:17.000000:2,(r,17218,17218),F
[Wed Sep 09 19:10:45 UTC 2026][INFO] [Action] E UpdateStyle - (r,17162,17206),34:59:3,(r,17162,17206),F
[Wed Sep 09 19:10:46 UTC 2026][INFO] [Action] E UpdateStyle - (r,17162,17206),34:59:3,(r,17162,17206),F
[Wed Sep 09 19:10:48 UTC 2026][INFO] [Action] E UpdateStyle - (r,17162,17206),36:1.000000:2,(r,17162,17206),F
[Wed Sep 09 19:10:49 UTC 2026][INFO] [Action] E UpdateStyle - (r,17162,17206),36:0.000000:2,(r,17162,17206),F
[Wed Sep 09 19:10:50 UTC 2026][INFO] [Action] E UpdateStyle - (r,17162,17206),48:1.000000:2,(r,17162,17206),F
[Wed Sep 09 19:10:51 UTC 2026][INFO] [Action] E UpdateStyle - (r,17162,17206),48:0.000000:2,(r,17162,17206),F
[Wed Sep 09 19:10:52 UTC 2026][INFO] [Action] E UpdateStyle - (r,17162,17206),48:1.000000:2,(r,17162,17206),F
[Wed Sep 09 19:10:53 UTC 2026][INFO] [Action] E UpdateStyle - (r,17162,17206),48:2.000000:2,(r,17162,17206),F
[Wed Sep 09 19:10:53 UTC 2026][INFO] [Action] E UpdateStyle - (r,17162,17206),48:3.000000:2,(r,17162,17206),F
[Wed Sep 09 19:10:53 UTC 2026][INFO] [Action] E UpdateStyle - (r,17162,17206),48:4.000000:2,(r,17162,17206),F
[Wed Sep 09 19:10:54 UTC 2026][INFO] [Action] E UpdateStyle - (r,17162,17206),48:5.000000:2,(r,17162,17206),F
[Wed Sep 09 19:10:54 UTC 2026][INFO] [Action] E UpdateStyle - (r,17162,17206),48:6.000000:2,(r,17162,17206),F
[Wed Sep 09 19:10:54 UTC 2026][INFO] [Action] E UpdateStyle - (r,17162,17206),48:7.000000:2,(r,17162,17206),F
[Wed Sep 09 19:10:55 UTC 2026][INFO] [Action] E UpdateStyle - (r,17162,17206),48:8.000000:2,(r,17162,17206),F
[Wed Sep 09 19:10:55 UTC 2026][INFO] [Action] E UpdateStyle - (r,17162,17206),48:9.000000:2,(r,17162,17206),F
[Wed Sep 09 19:10:55 UTC 2026][INFO] [Action] E UpdateStyle - (r,17162,17206),48:10.000000:2,(r,17162,17206),F
[Wed Sep 09 19:10:55 UTC 2026][INFO] [Action] E UpdateStyle - (r,17162,17206),48:11.000000:2,(r,17162,17206),F
[Wed Sep 09 19:10:55 UTC 2026][INFO] [Action] E UpdateStyle - (r,17162,17206),48:12.000000:2,(r,17162,17206),F
[Wed Sep 09 19:10:56 UTC 2026][INFO] [Action] E UpdateStyle - (r,17162,17206),48:13.000000:2,(r,17162,17206),F
[Wed Sep 09 19:10:56 UTC 2026][INFO] [Action] E UpdateStyle - (r,17162,17206),48:14.000000:2,(r,17162,17206),F
[Wed Sep 09 19:10:56 UTC 2026][INFO] [Action] E UpdateStyle - (r,17162,17206),48:15.000000:2,(r,17162,17206),F
[Wed Sep 09 19:10:57 UTC 2026][INFO] [Action] E UpdateStyle - (r,17162,17206),48:16.000000:2,(r,17162,17206),F
[Wed Sep 09 19:10:57 UTC 2026][INFO] [Action] E UpdateStyle - (r,17162,17206),48:17.000000:2,(r,17162,17206),F
[Wed Sep 09 19:10:57 UTC 2026][INFO] [Action] E UpdateStyle - (r,17162,17206),48:18.000000:2,(r,17162,17206),F
[Wed Sep 09 19:10:57 UTC 2026][INFO] [Action] E UpdateStyle - (r,17162,17206),48:19.000000:2,(r,17162,17206),F
[Wed Sep 09 19:10:58 UTC 2026][INFO] [Action] E UpdateStyle - (r,17162,17206),48:20.000000:2,(r,17162,17206),F
[Wed Sep 09 19:10:58 UTC 2026][INFO] [Action] E UpdateStyle - (r,17162,17206),48:21.000000:2,(r,17162,17206),F
[Wed Sep 09 19:10:58 UTC 2026][INFO] [Action] E UpdateStyle - (r,17162,17206),48:22.000000:2,(r,17162,17206),F
[Wed Sep 09 19:10:59 UTC 2026][INFO] [Action] E UpdateStyle - (r,17162,17206),48:23.000000:2,(r,17162,17206),F
[Wed Sep 09 19:10:59 UTC 2026][INFO] [Action] E UpdateStyle - (r,17162,17206),48:24.000000:2,(r,17162,17206),F
[Wed Sep 09 19:10:59 UTC 2026][INFO] [Action] E UpdateStyle - (r,17162,17206),48:25.000000:2,(r,17162,17206),F
[Wed Sep 09 19:10:59 UTC 2026][INFO] [Action] E UpdateStyle - (r,17162,17206),48:26.000000:2,(r,17162,17206),F
[Wed Sep 09 19:11:00 UTC 2026][INFO] [Action] E UpdateStyle - (r,17162,17206),48:27.000000:2,(r,17162,17206),F
[Wed Sep 09 19:11:00 UTC 2026][INFO] [Action] E UpdateStyle - (r,17162,17206),48:28.000000:2,(r,17162,17206),F
[Wed Sep 09 19:11:00 UTC 2026][INFO] [Action] E UpdateStyle - (r,17162,17206),48:29.000000:2,(r,17162,17206),F
[Wed Sep 09 19:11:00 UTC 2026][INFO] [Action] E UpdateStyle - (r,17162,17206),48:30.000000:2,(r,17162,17206),F
[Wed Sep 09 19:11:01 UTC 2026][INFO] [Action] E UpdateStyle - (r,17162,17206),48:29.000000:2,(r,17162,17206),F
[Wed Sep 09 19:11:02 UTC 2026][INFO] [Action] E UpdateStyle - (r,17162,17206),48:28.000000:2,(r,17162,17206),F
[Wed Sep 09 19:11:03 UTC 2026][INFO] [Action] E UpdateStyle - (r,17162,17206),48:27.000000:2,(r,17162,17206),F
[Wed Sep 09 19:11:03 UTC 2026][INFO] [Action] E UpdateStyle - (r,17162,17206),48:26.000000:2,(r,17162,17206),F
[Wed Sep 09 19:11:04 UTC 2026][INFO] [Action] E UpdateStyle - (r,17162,17206),48:25.000000:2,(r,17162,17206),F
[Wed Sep 09 19:11:10 UTC 2026][INFO] [Action] E UpdateStyle - (r,17218,17241),16:10.000000:2,(r,17218,17241),F
[Wed Sep 09 19:11:21 UTC 2026][INFO] [Action] E UpdateStyle - (c,16947,2),49:0.250000:2,(r,16947,16947),F
[Wed Sep 09 19:11:21 UTC 2026][INFO] [Action] E UpdateStyle - (c,16947,2),49:0.500000:2,(r,16947,16947),F
[Wed Sep 09 19:11:27 UTC 2026][INFO] [Action] E UpdateStyle - (c,16814,2),49:0.250000:2,(r,16814,16814),F
[Wed Sep 09 19:11:27 UTC 2026][INFO] [Action] E UpdateStyle - (c,16814,2),49:0.500000:2,(r,16814,16814),F
[Wed Sep 09 19:11:33 UTC 2026][INFO] [Action] E UpdateStyle - (c,16676,2),49:0.250000:2,(r,16676,16676),F
[Wed Sep 09 19:11:33 UTC 2026][INFO] [Action] E UpdateStyle - (c,16676,2),49:0.500000:2,(r,16676,16676),F
[Wed Sep 09 19:11:40 UTC 2026][INFO] [Action] E UpdateStyle - (c,16450,2),49:0.250000:2,(r,16450,16450),F
[Wed Sep 09 19:11:40 UTC 2026][INFO] [Action] E UpdateStyle - (c,16450,2),49:0.500000:2,(r,16450,16450),F
[Wed Sep 09 19:11:49 UTC 2026][INFO] [Action] E SplitContainer - 17103
[Wed Sep 09 19:11:54 UTC 2026][INFO] [Action] E UpdateStyle - (c,17119,2),49:0.250000:2,(r,17119,17119),F
[Wed Sep 09 19:11:54 UTC 2026][INFO] [Action] E UpdateStyle - (c,17119,2),49:0.500000:2,(r,17119,17119),F
[Wed Sep 09 19:12:00 UTC 2026][INFO] [Action] E UpdateStyle - (c,17263,2),49:0.750000:2,(r,17263,17263),F
[Wed Sep 09 19:12:01 UTC 2026][INFO] [Action] E UpdateStyle - (c,17263,2),49:1.000000:2,(r,17263,17263),F
[Wed Sep 09 19:12:12 UTC 2026][INFO] [Action] E UpdateStyle - (r,20276,20316),16:10.000000:2,(r,20276,20316),F
[Wed Sep 09 19:12:17 UTC 2026][INFO] [Action] E UpdateStyle - (r,20445,20506),16:10.000000:2,(r,20445,20506),F
[Wed Sep 09 19:12:25 UTC 2026][INFO] [Action] E UpdateStyle - (r,20706,20746),16:10.000000:2,(r,20706,20746),F
[Wed Sep 09 19:12:26 UTC 2026][INFO] [Action] E UpdateStyle - (r,20706,20746),12:350:3,(r,20706,20746),F
[Wed Sep 09 19:12:34 UTC 2026][INFO] [Action] U UpdateStyle
[Wed Sep 09 19:12:43 UTC 2026][INFO] [Action] E UpdateStyle - (r,21225,21225),49:0.500000:2,(r,21225,21225),F
[Wed Sep 09 19:12:53 UTC 2026][INFO] [Action] E UpdateStyle - (c,21991,2),49:0.500000:2,(r,21991,21991),F
[Wed Sep 09 19:12:57 UTC 2026][INFO] [Action] E UpdateStyle - (c,22024,2),49:0.500000:2,(r,22024,22024),F
[Wed Sep 09 19:12:57 UTC 2026][INFO] [Action] E UpdateStyle - (c,22024,2),49:0.750000:2,(r,22024,22024),F
[Wed Sep 09 19:13:02 UTC 2026][INFO] [Action] E UpdateStyle - (c,22059,2),49:0.500000:2,(r,22059,22059),F
[Wed Sep 09 19:13:05 UTC 2026][INFO] [Action] E UpdateStyle - (c,22074,2),49:0.750000:2,(r,22074,22074),F
[Wed Sep 09 19:13:05 UTC 2026][INFO] [Action] E UpdateStyle - (c,22074,2),49:1.000000:2,(r,22074,22074),F
[Wed Sep 09 19:13:18 UTC 2026][INFO] [Action] E UpdateStyle - (c,22583,2),42:1.000000:2,(r,22583,22583),F
[Wed Sep 09 19:13:20 UTC 2026][INFO] [Action] E UpdateStyle - (c,22583,2),47:0.250000:2,(r,22583,22583),F
[Wed Sep 09 19:13:20 UTC 2026][INFO] [Action] E UpdateStyle - (c,22583,2),47:0.000000:2,(r,22583,22583),F
[Wed Sep 09 19:13:24 UTC 2026][INFO] [Action] E UpdateStyle - (c,22581,2),49:1.250000:2,(r,22581,22581),F
[Wed Sep 09 19:13:24 UTC 2026][INFO] [Action] E UpdateStyle - (c,22581,2),49:1.000000:2,(r,22581,22581),F
[Wed Sep 09 19:13:25 UTC 2026][INFO] [Action] E UpdateStyle - (c,22581,2),49:0.750000:2,(r,22581,22581),F
[Wed Sep 09 19:13:25 UTC 2026][INFO] [Action] E UpdateStyle - (c,22581,2),49:0.500000:2,(r,22581,22581),F
[Wed Sep 09 19:13:26 UTC 2026][INFO] [Action] E UpdateStyle - (c,22581,2),49:0.250000:2,(r,22581,22581),F
[Wed Sep 09 19:13:34 UTC 2026][INFO] [Action] E UpdateStyle - (r,23421,23450),16:10.000000:2,(r,23421,23450),F
[Wed Sep 09 19:13:44 UTC 2026][INFO] [Action] E UpdateStyle - (r,25605,25738),16:10.000000:2,(r,25605,25738),F
[Wed Sep 09 19:13:49 UTC 2026][INFO] [Action] E UpdateStyle - (r,25774,25825),16:10.000000:2,(r,25774,25825),F
[Wed Sep 09 19:14:05 UTC 2026][INFO] [Action] E SplitContainer - 25802
[Wed Sep 09 19:14:18 UTC 2026][INFO] [Action] E UpdateStyle - (r,25774,25825),16:8.000000:2,(r,25774,25825),F
[Wed Sep 09 19:14:25 UTC 2026][INFO] [Action] E UpdateStyle - (c,25738,2),49:0.250000:2,(r,25738,25738),F
[Wed Sep 09 19:14:29 UTC 2026][INFO] [Action] E UpdateStyle - (c,25825,2),49:0.250000:2,(r,25825,25825),F
[Wed Sep 09 19:14:32 UTC 2026][INFO] [Action] E MergeContainer - 25801,0
[Wed Sep 09 19:14:40 UTC 2026][INFO] [Action] E SplitContainer - 25851
[Wed Sep 09 19:14:44 UTC 2026][INFO] [Action] E UpdateStyle - (c,25851,1),47:0.500000:2,(r,25851,25851),F
[Wed Sep 09 19:14:45 UTC 2026][INFO] [Action] E UpdateStyle - (c,25851,1),47:0.250000:2,(r,25851,25851),F
[Wed Sep 09 19:14:46 UTC 2026][INFO] [Action] E UpdateStyle - (c,25851,1),47:0.000000:2,(r,25851,25851),F
[Wed Sep 09 19:15:01 UTC 2026][INFO] [Action] E SplitContainer - 25967
[Wed Sep 09 19:15:16 UTC 2026][INFO] [Action] E UpdateStyle - (r,28383,28394),11:Bookerly,serif:4,(r,28383,28394),F
[Wed Sep 09 19:15:18 UTC 2026][INFO] [Action] E UpdateStyle - (r,28383,28394),11:AmazonEmber,sans-serif:4,(r,28383,28394),F
[Wed Sep 09 19:15:51 UTC 2026][INFO] [Action] E AddTextContainer - (c,33408,2),0,0,0
[Wed Sep 09 19:15:57 UTC 2026][INFO] [Action] E UpdateStyle - (c,33408,2),49:0.250000:2,(r,33408,33408),F
[Wed Sep 09 19:16:11 UTC 2026][INFO] [Action] E UpdateStyle - (c,32882,2),49:0.250000:2,(r,32882,32882),F
[Wed Sep 09 19:16:22 UTC 2026][INFO] [Action] E UpdateStyle - (c,33050,2),49:0.250000:2,(r,33050,33050),F
[Wed Sep 09 19:16:53 UTC 2026][INFO] [Action] E SplitContainer - 37732
[Wed Sep 09 19:17:00 UTC 2026][INFO] [Action] E UpdateStyle - (c,37731,2),49:0.250000:2,(r,37731,37731),F
[Wed Sep 09 19:17:01 UTC 2026][INFO] [Action] E UpdateStyle - (c,37731,2),49:0.500000:2,(r,37731,37731),F
[Wed Sep 09 19:17:14 UTC 2026][INFO] [Action] E UpdateStyle - (c,37929,2),49:0.250000:2,(r,37929,37929),F
[Wed Sep 09 19:17:15 UTC 2026][INFO] [Action] E UpdateStyle - (c,37929,2),49:0.500000:2,(r,37929,37929),F
[Wed Sep 09 19:17:21 UTC 2026][INFO] [Action] E UpdateStyle - (c,38053,2),49:0.250000:2,(r,38053,38053),F
[Wed Sep 09 19:17:21 UTC 2026][INFO] [Action] E UpdateStyle - (c,38053,2),49:0.500000:2,(r,38053,38053),F
[Wed Sep 09 19:17:30 UTC 2026][INFO] [Action] E UpdateStyle - (c,38356,2),47:0.250000:2,(r,38356,38356),F
[Wed Sep 09 19:17:30 UTC 2026][INFO] [Action] E UpdateStyle - (c,38356,2),47:0.500000:2,(r,38356,38356),F
[Wed Sep 09 19:17:37 UTC 2026][INFO] [Action] E SplitContainer - 38485
[Wed Sep 09 19:17:40 UTC 2026][INFO] [Action] E SplitContainer - 38514
[Wed Sep 09 19:17:50 UTC 2026][INFO] [Action] E UpdateStyle - (r,38485,38513),11:Bookerly,serif:4,(r,38485,38513),F
[Wed Sep 09 19:17:52 UTC 2026][INFO] [Action] E UpdateStyle - (r,38485,38513),11:AmazonEmber,sans-serif:4,(r,38485,38513),F
[Wed Sep 09 19:17:55 UTC 2026][INFO] [Action] E UpdateStyle - (r,38485,38513),34:320:3,(r,38485,38513),F
[Wed Sep 09 19:18:01 UTC 2026][INFO] [Action] E DeleteContent - (c,38515,1),B
[Wed Sep 09 19:18:11 UTC 2026][INFO] [Action] E AddTextContainer - (c,38959,2),0,0,0
[Wed Sep 09 19:18:14 UTC 2026][INFO] [Action] E SplitContainer - 38647
[Wed Sep 09 19:18:18 UTC 2026][INFO] [Action] E SplitContainer - 38753
[Wed Sep 09 19:18:23 UTC 2026][INFO] [Action] E SplitContainer - 38895
[Wed Sep 09 19:18:37 UTC 2026][INFO] [Action] E UpdateStyle - (c,38959,2),49:0.250000:2,(r,38959,38959),F
[Wed Sep 09 19:18:38 UTC 2026][INFO] [Action] E UpdateStyle - (c,38959,2),49:0.500000:2,(r,38959,38959),F
[Wed Sep 09 19:18:38 UTC 2026][INFO] [Action] E UpdateStyle - (c,38959,2),49:0.750000:2,(r,38959,38959),F
[Wed Sep 09 19:18:41 UTC 2026][INFO] [Action] E MergeContainer - 38960,0
[Wed Sep 09 19:19:00 UTC 2026][INFO] [Action] E UpdateStyle - (c,45921,2),49:0.000000:2,(r,45921,45921),F
[Wed Sep 09 19:19:06 UTC 2026][INFO] [Action] E UpdateStyle - (r,45922,45927),42:2.250000:2,(r,45922,45927),F
[Wed Sep 09 19:19:15 UTC 2026][INFO] [Action] E UpdateStyle - (c,45927,2),49:0.000000:2,(r,45927,45927),F
[Wed Sep 09 19:19:24 UTC 2026][INFO] [Action] E UpdateStyle - (r,47945,47953),16:10.000000:2,(r,47945,47953),F
[Wed Sep 09 19:19:29 UTC 2026][INFO] [Action] E UpdateStyle - (r,48001,48182),16:10.000000:2,(r,48001,48182),F
[Wed Sep 09 19:19:38 UTC 2026][INFO] [Action] E SplitContainer - 48214
[Wed Sep 09 19:19:43 UTC 2026][INFO] [Action] E UpdateStyle - (c,48182,2),49:0.250000:2,(r,48182,48182),F
[Wed Sep 09 19:19:47 UTC 2026][INFO] [Action] E UpdateStyle - (c,48182,2),49:0.500000:2,(r,48182,48182),F
[Wed Sep 09 19:19:49 UTC 2026][INFO] [Action] E UpdateStyle - (c,48182,2),49:0.250000:2,(r,48182,48182),F
[Wed Sep 09 19:19:55 UTC 2026][INFO] [Action] E UpdateStyle - (c,48245,1),49:0.250000:2,(r,48245,48245),F
[Wed Sep 09 19:20:01 UTC 2026][INFO] [Action] E UpdateStyle - (c,48245,1),49:0.500000:2,(r,48245,48245),F
[Wed Sep 09 19:20:03 UTC 2026][INFO] [Action] E UpdateStyle - (c,48245,1),49:0.250000:2,(r,48245,48245),F
[Wed Sep 09 19:20:06 UTC 2026][INFO] [Action] E UpdateStyle - (c,49322,2),49:0.250000:2,(r,49322,49322),F
[Wed Sep 09 19:20:06 UTC 2026][INFO] [Action] E UpdateStyle - (c,49322,2),49:0.500000:2,(r,49322,49322),F
[Wed Sep 09 19:20:27 UTC 2026][INFO] [Action] E UpdateStyle - (c,48182,2),49:0.500000:2,(r,48182,48182),F
[Wed Sep 09 19:20:30 UTC 2026][INFO] [Action] E UpdateStyle - (c,48213,2),49:0.250000:2,(r,48213,48213),F
[Wed Sep 09 19:20:30 UTC 2026][INFO] [Action] E UpdateStyle - (c,48213,2),49:0.500000:2,(r,48213,48213),F
[Wed Sep 09 19:23:36 UTC 2026][INFO] [Action] E SaveBook - Save
[Thu Sep 10 08:29:25 UTC 2026][INFO] [Action] E SaveBook - Save
